# Blender 4.0.0
# www.blender.org
o Microwave035_Body001
v -0.31723600 0.22155400 -0.14584750
v -0.31746700 0.22168600 -0.14585050
v -0.31746600 0.22168300 -0.14407250
v -0.31756600 0.22180100 -0.14569550
v -0.31756600 0.22180100 -0.14423150
v -0.31483600 0.22151300 -0.14388450
v -0.31483600 0.22151100 -0.14601650
v -0.31483600 0.22120900 -0.14656450
v -0.31483600 0.22077500 -0.14686150
v -0.31483600 0.22047400 -0.14694450
v -0.31705400 0.22047500 -0.14695050
v -0.31705500 -0.16308600 -0.14423150
v -0.31705500 -0.16307100 -0.14403350
v -0.31483600 -0.16309600 -0.14423150
v -0.31483600 -0.16299200 -0.14374750
v -0.31712900 -0.16265200 -0.14326750
v -0.31483600 -0.16275700 -0.14336550
v -0.31483600 -0.16216900 -0.14299450
v -0.31483600 0.22114600 -0.14329850
v -0.31483600 0.22059700 -0.14299750
v -0.31716600 0.22109800 -0.14325650
v -0.31713600 0.22153200 -0.14397150
v -0.31722500 0.22077300 -0.14304650
v -0.31723200 0.22043400 -0.14295550
v -0.31746900 0.22044100 -0.14282150
v -0.31756600 0.22051500 -0.14272550
v -0.31756600 0.22027600 -0.14270650
v -0.31729900 0.22157300 -0.14395950
v -0.31722400 0.22137100 -0.14355950
v -0.31746000 0.22160900 -0.14375450
v -0.31746500 0.22135300 -0.14330950
v -0.31733500 0.22114400 -0.14322350
v -0.31746100 0.22083900 -0.14293550
v -0.31757000 0.22177600 -0.14395350
v -0.31756600 0.22172900 -0.14376250
v -0.31756600 0.22163500 -0.14353950
v -0.31756600 0.22151000 -0.14333650
v -0.31756600 0.22135500 -0.14315350
v -0.31757000 0.22117100 -0.14300150
v -0.31756600 0.22096900 -0.14287350
v -0.31756600 0.22074700 -0.14278150
v -0.31712700 -0.16200000 -0.14296950
v -0.31729100 -0.16209900 -0.14293950
v -0.31747200 -0.16197900 -0.14281950
v -0.31756600 -0.16182200 -0.14270650
v -0.31714000 -0.16228100 -0.14303850
v -0.31712300 -0.16299300 -0.14373750
v -0.31725100 -0.16309700 -0.14402950
v -0.31725000 -0.16305400 -0.14383150
v -0.31729500 -0.16251200 -0.14311350
v -0.31723100 -0.16282500 -0.14342450
v -0.31742800 -0.16313600 -0.14380450
v -0.31746200 -0.16230200 -0.14289750
v -0.31733800 -0.16295600 -0.14353550
v -0.31742600 -0.16305600 -0.14360250
v -0.31746500 -0.16274500 -0.14315650
v -0.31750200 -0.16299500 -0.14337950
v -0.31750200 -0.16311300 -0.14357350
v -0.31757000 -0.16210100 -0.14273150
v -0.31756600 -0.16229100 -0.14277950
v -0.31756600 -0.16251400 -0.14287250
v -0.31756600 -0.16271800 -0.14299750
v -0.31756600 -0.16290000 -0.14315350
v -0.31756600 -0.16305600 -0.14333550
v -0.31705500 0.22027600 -0.14695450
v -0.31738400 0.22027600 -0.14704450
v -0.31756600 0.22027600 -0.14722050
v -0.31723100 0.22086100 -0.14683850
v -0.31722500 0.22146400 -0.14618350
v -0.31743700 0.22060500 -0.14705250
v -0.31757000 0.22051000 -0.14720050
v -0.31756600 0.22178300 -0.14593350
v -0.31722700 0.22058900 -0.14694850
v -0.31718300 0.22110800 -0.14666450
v -0.31737900 0.22115500 -0.14672750
v -0.31724400 0.22131900 -0.14644950
v -0.31757100 0.22117000 -0.14692450
v -0.31757000 0.22135100 -0.14677250
v -0.31746600 0.22158700 -0.14623650
v -0.31756500 0.22070300 -0.14716350
v -0.31757800 0.22096700 -0.14704350
v -0.31757400 0.22150400 -0.14658750
v -0.31756600 0.22163500 -0.14638750
v -0.31756600 0.22172600 -0.14616650
v 0.20459200 -0.13201100 -0.17162650
v 0.21015500 -0.12322400 -0.17163850
v 0.21918300 -0.11801000 -0.17163050
v 0.22959700 -0.11759400 -0.17164250
v 0.23901000 -0.12205600 -0.17161350
v 0.24527300 -0.13040000 -0.17162450
v 0.24693800 -0.14066600 -0.17163250
v 0.24364200 -0.15055900 -0.17162550
v 0.23612600 -0.15778300 -0.17161550
v 0.20375300 -0.13542100 -0.17163850
v 0.20393300 -0.14234800 -0.17207650
v 0.20393700 -0.13550200 -0.17207650
v 0.20416500 -0.14239100 -0.17225850
v 0.20417000 -0.13545600 -0.17225850
v 0.20500000 -0.13212000 -0.17225950
v 0.21044500 -0.12351700 -0.17225750
v 0.21311300 -0.12135200 -0.17226050
v 0.21926200 -0.11842600 -0.17225850
v 0.22606200 -0.11758500 -0.17225850
v 0.23284700 -0.11897300 -0.17225850
v 0.23870900 -0.12235800 -0.17225850
v 0.24326900 -0.12748300 -0.17225850
v 0.24594200 -0.13382900 -0.17227150
v 0.24652300 -0.14060500 -0.17225850
v 0.24489500 -0.14725900 -0.17225850
v 0.24122400 -0.15308700 -0.17225750
v 0.23590400 -0.15741400 -0.17226050
v 0.22950900 -0.15984600 -0.17225650
v 0.22266200 -0.16011600 -0.17226050
v 0.21607700 -0.15822100 -0.17225750
v 0.20346100 -0.13892400 -0.17163550
v 0.23296000 -0.11857100 -0.17164250
v 0.24638300 -0.13371600 -0.17160750
v 0.22958400 -0.16024300 -0.17165950
v 0.22260700 -0.16048900 -0.17179150
v 0.21590300 -0.15859800 -0.17162950
v 0.21014000 -0.15461500 -0.17163050
v 0.20596000 -0.14905300 -0.17162650
v 0.20374800 -0.14241800 -0.17164450
v 0.20366200 -0.13892300 -0.17207650
v 0.20387500 -0.13892400 -0.17225750
v 0.20633400 -0.12900100 -0.17226050
v 0.20499200 -0.14572400 -0.17225850
v 0.20782900 -0.12584900 -0.17163050
v 0.21589400 -0.11926500 -0.17163650
v 0.22610500 -0.11716500 -0.17162350
v 0.23613200 -0.12007000 -0.17162250
v 0.24364300 -0.12729800 -0.17163750
v 0.24693700 -0.13715800 -0.17163050
v 0.24526500 -0.14745300 -0.17163950
v 0.23899900 -0.15578800 -0.17164350
v 0.24153200 -0.12448200 -0.17162950
v 0.24638000 -0.14413100 -0.17162350
v 0.24152500 -0.15336400 -0.17164450
v 0.23295300 -0.15927500 -0.17164050
v 0.22610200 -0.16068200 -0.17161950
v 0.21919000 -0.15984100 -0.17162850
v 0.21286200 -0.15683600 -0.17164250
v 0.20782400 -0.15200700 -0.17161250
v 0.20458100 -0.14582300 -0.17162550
v 0.23889800 -0.12221500 -0.17206650
v 0.21596300 -0.15841300 -0.17206350
v 0.21031200 -0.15450000 -0.17208350
v 0.20611300 -0.14892100 -0.17207250
v 0.20476200 -0.13213100 -0.17207550
v 0.20599800 -0.12881400 -0.17177750
v 0.21029500 -0.12336600 -0.17207650
v 0.21289400 -0.12104200 -0.17178850
v 0.21925700 -0.11820200 -0.17208150
v 0.22261800 -0.11735600 -0.17178950
v 0.22955400 -0.11778600 -0.17207350
v 0.23285300 -0.11873600 -0.17207450
v 0.23599800 -0.12022900 -0.17208350
v 0.24346600 -0.12738300 -0.17207450
v 0.24674400 -0.13722800 -0.17207550
v 0.24617600 -0.14412800 -0.17207350
v 0.24506900 -0.14741800 -0.17207450
v 0.24345300 -0.15048700 -0.17207350
v 0.24138300 -0.15323000 -0.17207350
v 0.23890500 -0.15561400 -0.17207650
v 0.23602300 -0.15761300 -0.17207550
v 0.23284600 -0.15910900 -0.17207450
v 0.22954500 -0.16005700 -0.17207450
v 0.22613400 -0.16048300 -0.17207250
v 0.24138900 -0.12463300 -0.17208350
v 0.24508600 -0.13045300 -0.17206350
v 0.24618800 -0.13375500 -0.17207450
v 0.24673800 -0.14070100 -0.17207450
v 0.22264000 -0.16028600 -0.17213650
v 0.21919300 -0.15963600 -0.17207450
v 0.20618000 -0.12892200 -0.17213650
v 0.20800900 -0.12593600 -0.17207450
v 0.21301200 -0.12121300 -0.17213650
v 0.21602800 -0.11941800 -0.17207650
v 0.22264700 -0.11755800 -0.17213350
v 0.22614000 -0.11736700 -0.17207550
v 0.21299400 -0.15668000 -0.17208450
v 0.21044500 -0.15431700 -0.17226050
v 0.20796900 -0.15187800 -0.17206550
v 0.20634500 -0.14888000 -0.17225850
v 0.20475600 -0.14571800 -0.17207450
v 0.20814100 -0.12613400 -0.17225850
v 0.21604800 -0.11965400 -0.17225850
v 0.22262200 -0.11773000 -0.17225850
v 0.22951200 -0.11799600 -0.17225750
v 0.23591500 -0.12044000 -0.17226050
v 0.24119900 -0.12474000 -0.17225850
v 0.24489600 -0.13055000 -0.17225150
v 0.24652700 -0.13717100 -0.17225250
v 0.24597900 -0.14399500 -0.17225850
v 0.24330200 -0.15030900 -0.17225850
v 0.23871200 -0.15548700 -0.17225850
v 0.23283900 -0.15887300 -0.17225850
v 0.22604700 -0.16026000 -0.17225950
v 0.21932500 -0.15944300 -0.17225850
v 0.21307300 -0.15647400 -0.17225850
v 0.20818700 -0.15178200 -0.17225950
v 0.20175100 -0.13510600 -0.16744350
v 0.20621400 -0.12462500 -0.16742850
v 0.21503600 -0.11742900 -0.16745050
v 0.22998900 -0.11560900 -0.16745550
v 0.24712000 -0.12958900 -0.16746250
v 0.24895000 -0.13700600 -0.16747250
v 0.24712400 -0.14824600 -0.16747450
v 0.24304600 -0.15470000 -0.16746350
v 0.24027900 -0.15735500 -0.16747450
v 0.22999700 -0.16225600 -0.16732150
v 0.22619900 -0.16269800 -0.16745750
v 0.21861900 -0.16177700 -0.16747450
v 0.21172700 -0.15851000 -0.16746450
v 0.20619500 -0.15322700 -0.16731950
v 0.20263600 -0.14646700 -0.16715750
v 0.21876600 -0.11653500 -0.16553350
v 0.22617800 -0.11565400 -0.16552950
v 0.23345300 -0.11712300 -0.16553250
v 0.23997200 -0.12087200 -0.16553350
v 0.24490700 -0.12644100 -0.16553250
v 0.24778300 -0.13334500 -0.16551450
v 0.20912200 -0.15575100 -0.16553150
v 0.20205100 -0.14269200 -0.16569550
v 0.20201600 -0.13514000 -0.16574250
v 0.20188200 -0.14273500 -0.16602250
v 0.20180500 -0.13510500 -0.16628750
v 0.20174900 -0.14273400 -0.16659450
v 0.20172400 -0.13511000 -0.16694350
v 0.20172900 -0.14274300 -0.16732350
v 0.20264600 -0.13139200 -0.16730850
v 0.21171700 -0.11934800 -0.16746850
v 0.21861800 -0.11606700 -0.16745450
v 0.22619300 -0.11515000 -0.16745950
v 0.23366700 -0.11667700 -0.16747150
v 0.24028000 -0.12049300 -0.16747050
v 0.24534000 -0.12620000 -0.16746050
v 0.24833400 -0.13322200 -0.16746350
v 0.24895100 -0.14084100 -0.16746350
v 0.24536400 -0.15167200 -0.16713150
v 0.23714600 -0.15955700 -0.16715750
v 0.22237700 -0.16254400 -0.16746650
v 0.20875600 -0.15608800 -0.16745650
v 0.20416200 -0.14997200 -0.16746350
v 0.20223500 -0.13523000 -0.16553150
v 0.20224200 -0.14265200 -0.16553050
v 0.20193700 -0.13896400 -0.16553150
v 0.24846100 -0.14075000 -0.16553250
v 0.21527000 -0.15998500 -0.16553250
v 0.20459000 -0.14971900 -0.16553150
v 0.20169200 -0.13891200 -0.16576250
v 0.20149000 -0.13891300 -0.16631250
v 0.20141600 -0.13893000 -0.16691650
v 0.20143900 -0.13892400 -0.16744450
v 0.21188400 -0.11953800 -0.16576350
v 0.21868200 -0.11630600 -0.16577350
v 0.22240600 -0.11560700 -0.16569550
v 0.22620600 -0.11541500 -0.16574150
v 0.23356900 -0.11691300 -0.16575350
v 0.24012000 -0.12069700 -0.16575450
v 0.24512200 -0.12633600 -0.16575350
v 0.24283300 -0.15455600 -0.16575750
v 0.23697400 -0.15932300 -0.16575450
v 0.23355900 -0.16089000 -0.16570050
v 0.22993500 -0.16193200 -0.16569050
v 0.21516100 -0.16013900 -0.16569150
v 0.20894300 -0.15591300 -0.16575850
v 0.20659900 -0.15294300 -0.16553850
v 0.20438700 -0.14985100 -0.16575750
v 0.20278900 -0.13145700 -0.16600950
v 0.20439400 -0.12797300 -0.16576250
v 0.20643000 -0.12478200 -0.16574550
v 0.20883900 -0.12185500 -0.16603550
v 0.21515600 -0.11767100 -0.16573650
v 0.22236100 -0.11544100 -0.16601050
v 0.22994600 -0.11587300 -0.16574350
v 0.23704300 -0.11842400 -0.16600950
v 0.24295400 -0.12324100 -0.16601950
v 0.24689700 -0.12970000 -0.16576750
v 0.24869300 -0.13701700 -0.16575150
v 0.24809100 -0.14456600 -0.16576150
v 0.24829200 -0.14459700 -0.16631150
v 0.24687600 -0.14817700 -0.16575550
v 0.24708500 -0.14821400 -0.16629850
v 0.24301800 -0.15465500 -0.16629750
v 0.24009200 -0.15717500 -0.16575150
v 0.23364600 -0.16103500 -0.16600950
v 0.22998100 -0.16209700 -0.16599850
v 0.22238400 -0.16228600 -0.16575350
v 0.22236900 -0.16249300 -0.16629650
v 0.21866600 -0.16152100 -0.16574750
v 0.21508800 -0.16029500 -0.16600750
v 0.21185500 -0.15828100 -0.16574950
v 0.20879000 -0.15604900 -0.16629650
v 0.20639300 -0.15307800 -0.16581050
v 0.20422000 -0.14997400 -0.16629750
v 0.20291900 -0.14638400 -0.16574750
v 0.20420700 -0.12788700 -0.16632250
v 0.20625900 -0.12466400 -0.16627350
v 0.21175200 -0.11938400 -0.16629650
v 0.21506100 -0.11748100 -0.16627350
v 0.21861900 -0.11611900 -0.16631150
v 0.22237400 -0.11530300 -0.16659450
v 0.22617300 -0.11520000 -0.16629750
v 0.22997400 -0.11566100 -0.16628750
v 0.23366300 -0.11672400 -0.16630850
v 0.23713800 -0.11832200 -0.16659450
v 0.24025800 -0.12054100 -0.16628850
v 0.24304200 -0.12313800 -0.16662450
v 0.24530200 -0.12624300 -0.16628250
v 0.24707600 -0.12961000 -0.16630550
v 0.24828200 -0.13323100 -0.16628450
v 0.24890400 -0.13702100 -0.16630850
v 0.24889500 -0.14084200 -0.16628250
v 0.24531100 -0.15159800 -0.16629750
v 0.24026500 -0.15730300 -0.16629750
v 0.23711400 -0.15948500 -0.16630850
v 0.22618700 -0.16264700 -0.16629750
v 0.21862600 -0.16172800 -0.16629750
v 0.21504000 -0.16042200 -0.16659450
v 0.21175700 -0.15846800 -0.16628750
v 0.20271200 -0.14644300 -0.16629850
v 0.20267000 -0.13138300 -0.16659450
v 0.20875200 -0.12176300 -0.16660950
v 0.21502600 -0.11740700 -0.16690450
v 0.23001500 -0.11558900 -0.16693250
v 0.24715400 -0.12960100 -0.16693150
v 0.24897700 -0.13701400 -0.16694950
v 0.24897700 -0.14084800 -0.16692150
v 0.24714200 -0.14827400 -0.16693350
v 0.24029900 -0.15737500 -0.16693350
v 0.23365800 -0.16117800 -0.16661050
v 0.22998700 -0.16223700 -0.16659450
v 0.22236300 -0.16257000 -0.16693350
v 0.20872300 -0.15609200 -0.16693350
v 0.20623000 -0.15320500 -0.16642650
v 0.20414400 -0.14999300 -0.16693350
v 0.20413100 -0.12786500 -0.16718350
v 0.20619400 -0.12461500 -0.16690350
v 0.20873700 -0.12174900 -0.16727650
v 0.21170500 -0.11932300 -0.16693350
v 0.21860900 -0.11604400 -0.16693050
v 0.22236700 -0.11528300 -0.16731550
v 0.22620100 -0.11512300 -0.16694150
v 0.23368800 -0.11665500 -0.16694850
v 0.23714000 -0.11829800 -0.16728650
v 0.24029900 -0.12047300 -0.16693250
v 0.24306700 -0.12314200 -0.16729650
v 0.24537100 -0.12619900 -0.16691950
v 0.24836600 -0.13323800 -0.16693250
v 0.24836500 -0.14464200 -0.16713150
v 0.24305800 -0.15472400 -0.16691750
v 0.23369800 -0.16118100 -0.16731950
v 0.22619400 -0.16272400 -0.16693150
v 0.21860800 -0.16180300 -0.16693250
v 0.21502500 -0.16043900 -0.16728550
v 0.21169200 -0.15851900 -0.16693050
v 0.20312400 -0.13158300 -0.16553150
v 0.20296300 -0.13148400 -0.16569050
v 0.20458100 -0.12814000 -0.16553250
v 0.20658100 -0.12496500 -0.16553250
v 0.20907100 -0.12214200 -0.16553250
v 0.21199200 -0.11974900 -0.16553350
v 0.20896000 -0.12197900 -0.16570350
v 0.21524500 -0.11788800 -0.16552950
v 0.22245000 -0.11579400 -0.16553150
v 0.22985200 -0.11608800 -0.16553150
v 0.23684600 -0.11872500 -0.16553250
v 0.23698400 -0.11858300 -0.16569850
v 0.24267000 -0.12348100 -0.16553050
v 0.24281100 -0.12334600 -0.16569150
v 0.24667800 -0.12978000 -0.16553950
v 0.24795100 -0.13333600 -0.16559250
v 0.24846800 -0.13702600 -0.16553950
v 0.24813000 -0.13328100 -0.16584450
v 0.24786500 -0.14446300 -0.16553150
v 0.24869400 -0.14080600 -0.16575150
v 0.24668700 -0.14802000 -0.16553250
v 0.24495500 -0.15133200 -0.16553250
v 0.24270700 -0.15433700 -0.16553250
v 0.24511000 -0.15153100 -0.16575650
v 0.23999800 -0.15694500 -0.16553150
v 0.23691600 -0.15908400 -0.16553250
v 0.23354200 -0.16069200 -0.16553250
v 0.22989400 -0.16175800 -0.16553450
v 0.22611800 -0.16220600 -0.16553250
v 0.22617400 -0.16244200 -0.16575550
v 0.22238800 -0.16204600 -0.16553150
v 0.21876200 -0.16129900 -0.16553050
v 0.21203700 -0.15812700 -0.16553250
v 0.20312100 -0.14626100 -0.16553250
v 0.20375300 0.16721200 -0.17163850
v 0.20141000 0.17071500 -0.16715850
v 0.20621400 0.15641700 -0.16742850
v 0.20783000 0.15764100 -0.17162950
v 0.21171700 0.15114000 -0.16746850
v 0.21290300 0.15282400 -0.17177750
v 0.21918000 0.14980200 -0.17162350
v 0.22619300 0.14694200 -0.16745850
v 0.22610600 0.14895500 -0.17161650
v 0.23296800 0.15036200 -0.17163050
v 0.24028000 0.15228500 -0.16747050
v 0.23901000 0.15384800 -0.17161350
v 0.24534300 0.15799500 -0.16745250
v 0.24363900 0.15908600 -0.17164250
v 0.24833600 0.16502000 -0.16746250
v 0.24632800 0.16551800 -0.17179250
v 0.24693800 0.17245800 -0.17163250
v 0.24712400 0.18004200 -0.16746650
v 0.24526500 0.17924500 -0.17163950
v 0.24304600 0.18649200 -0.16746350
v 0.24152400 0.18516100 -0.17163550
v 0.23612600 0.18957600 -0.17161050
v 0.22999400 0.19402500 -0.16748550
v 0.22958500 0.19203600 -0.17165650
v 0.22237200 0.19433700 -0.16745850
v 0.22261800 0.19228300 -0.17179050
v 0.21589500 0.19038700 -0.17162850
v 0.21014300 0.18641600 -0.17161750
v 0.20416200 0.18176400 -0.16746350
v 0.20458100 0.17761500 -0.17162650
v 0.20462600 0.15985200 -0.16553150
v 0.22985500 0.14788200 -0.16553150
v 0.23993200 0.18879300 -0.16553150
v 0.23687900 0.19088500 -0.16552950
v 0.22982200 0.19353100 -0.16551650
v 0.22239200 0.19383900 -0.16553150
v 0.20458900 0.18151500 -0.16553250
v 0.20204800 0.17448000 -0.16569850
v 0.20200600 0.16691700 -0.16576150
v 0.20188800 0.17453700 -0.16600750
v 0.20180300 0.16690400 -0.16629650
v 0.20174900 0.17452600 -0.16659450
v 0.20172600 0.16689500 -0.16693250
v 0.20172900 0.17453700 -0.16732150
v 0.20175200 0.16690200 -0.16745150
v 0.20264500 0.16318700 -0.16730650
v 0.20413100 0.15965700 -0.16718350
v 0.21503600 0.14922100 -0.16745050
v 0.22998500 0.14740200 -0.16746350
v 0.23712300 0.15010600 -0.16746350
v 0.24712300 0.16138700 -0.16746050
v 0.24833800 0.17640700 -0.16745250
v 0.21861200 0.19356800 -0.16747450
v 0.21172700 0.19030300 -0.16746450
v 0.20621200 0.18500600 -0.16747450
v 0.20266700 0.17825100 -0.16746350
v 0.20223400 0.16698500 -0.16553350
v 0.20315600 0.16328900 -0.16553150
v 0.20224200 0.17448100 -0.16553250
v 0.20169200 0.17070500 -0.16576350
v 0.20148600 0.17071600 -0.16632350
v 0.20193700 0.17075700 -0.16553150
v 0.20296400 0.16328000 -0.16568750
v 0.20642600 0.15658600 -0.16573750
v 0.21188400 0.15133100 -0.16576250
v 0.21865600 0.14811800 -0.16575450
v 0.22619300 0.14719600 -0.16575750
v 0.23356900 0.14870500 -0.16575350
v 0.24011600 0.15249700 -0.16573750
v 0.24282300 0.15514900 -0.16569550
v 0.24513800 0.15814400 -0.16576050
v 0.24807700 0.16507400 -0.16574550
v 0.24864400 0.17260100 -0.16569150
v 0.23356300 0.19267700 -0.16569550
v 0.21515900 0.19193700 -0.16570050
v 0.21185900 0.19007100 -0.16574250
v 0.20892100 0.18769000 -0.16576250
v 0.20440800 0.18168100 -0.16575650
v 0.20279500 0.16324000 -0.16599850
v 0.20438400 0.15978600 -0.16576150
v 0.20420700 0.15967900 -0.16632250
v 0.20878400 0.15358800 -0.16632350
v 0.21505000 0.14927300 -0.16628750
v 0.22238300 0.14722100 -0.16603550
v 0.22997400 0.14745300 -0.16628750
v 0.23711800 0.15015800 -0.16631150
v 0.24294100 0.15501900 -0.16601850
v 0.24707000 0.16139300 -0.16629750
v 0.24882100 0.16882200 -0.16601950
v 0.24881300 0.17264600 -0.16600850
v 0.24828800 0.17638800 -0.16628850
v 0.24511000 0.18332500 -0.16575550
v 0.24530800 0.18340100 -0.16630850
v 0.24283900 0.18634500 -0.16576450
v 0.24300400 0.18646300 -0.16629650
v 0.24020800 0.18903900 -0.16602050
v 0.23701800 0.19108400 -0.16574450
v 0.23363700 0.19282800 -0.16599950
v 0.22619200 0.19435400 -0.16600650
v 0.22238400 0.19407700 -0.16575150
v 0.22238000 0.19429000 -0.16630850
v 0.21510000 0.19209900 -0.16602150
v 0.21175100 0.19025100 -0.16627350
v 0.20642000 0.18485400 -0.16575650
v 0.20420300 0.18173300 -0.16629750
v 0.20292200 0.17819000 -0.16574450
v 0.20267000 0.16317500 -0.16659450
v 0.20625900 0.15645600 -0.16627350
v 0.21174600 0.15118500 -0.16628250
v 0.21862700 0.14791100 -0.16629650
v 0.22236800 0.14709500 -0.16660850
v 0.22618100 0.14699000 -0.16631150
v 0.23366300 0.14851600 -0.16630850
v 0.24025800 0.15233400 -0.16628850
v 0.24304900 0.15493500 -0.16663650
v 0.24529900 0.15801700 -0.16631150
v 0.24828400 0.16502500 -0.16628850
v 0.24895500 0.16881000 -0.16662450
v 0.24708400 0.18001400 -0.16631150
v 0.24028600 0.18915100 -0.16663650
v 0.23710100 0.19128500 -0.16630850
v 0.22996500 0.19398200 -0.16629750
v 0.21862600 0.19352000 -0.16629650
v 0.20878400 0.18784300 -0.16632350
v 0.20624900 0.18497000 -0.16628750
v 0.20271600 0.17822600 -0.16628250
v 0.20619400 0.15640700 -0.16690350
v 0.24895100 0.17262500 -0.16659450
v 0.24537000 0.18345100 -0.16715650
v 0.24306800 0.18650800 -0.16694550
v 0.23714600 0.19135000 -0.16715750
v 0.23365800 0.19297100 -0.16660950
v 0.22618600 0.19449000 -0.16659450
v 0.22235600 0.19436100 -0.16694850
v 0.21861400 0.19359600 -0.16691750
v 0.21503200 0.19221700 -0.16663650
v 0.20619800 0.18503000 -0.16691950
v 0.20415000 0.18179700 -0.16693450
v 0.20873100 0.15353300 -0.16715250
v 0.21171200 0.15111000 -0.16692050
v 0.21503800 0.14919300 -0.16692950
v 0.21862300 0.14782500 -0.16713250
v 0.22236600 0.14707500 -0.16731750
v 0.22620100 0.14691500 -0.16694350
v 0.23001500 0.14738100 -0.16693250
v 0.23366700 0.14843300 -0.16718450
v 0.23714500 0.15008700 -0.16693550
v 0.24029900 0.15226500 -0.16693550
v 0.24305700 0.15492600 -0.16731550
v 0.24537500 0.15799800 -0.16693050
v 0.24715400 0.16139400 -0.16693150
v 0.24836600 0.16503100 -0.16693550
v 0.24896900 0.16879600 -0.16732450
v 0.24897100 0.17264200 -0.16730450
v 0.24835800 0.17643100 -0.16693250
v 0.24714400 0.18005900 -0.16691850
v 0.24029100 0.18916000 -0.16735750
v 0.23370000 0.19297200 -0.16731750
v 0.23000000 0.19405400 -0.16693650
v 0.22619600 0.19451100 -0.16728350
v 0.21502800 0.19222700 -0.16731850
v 0.21169900 0.19031600 -0.16692150
v 0.20873200 0.18789900 -0.16715850
v 0.20264000 0.17825900 -0.16693350
v 0.20661000 0.15673100 -0.16553050
v 0.20907300 0.15393300 -0.16553250
v 0.21199200 0.15154100 -0.16553350
v 0.20893000 0.15373100 -0.16576550
v 0.21528500 0.14965500 -0.16553050
v 0.21514700 0.14946500 -0.16574050
v 0.21880200 0.14832400 -0.16553250
v 0.22242800 0.14759500 -0.16553050
v 0.22240500 0.14739900 -0.16569450
v 0.22613700 0.14743500 -0.16553250
v 0.22995000 0.14766500 -0.16574450
v 0.23344800 0.14891400 -0.16553250
v 0.23688700 0.15053400 -0.16553450
v 0.23996500 0.15267600 -0.16553050
v 0.23701000 0.15032400 -0.16577250
v 0.24264900 0.15523900 -0.16553250
v 0.24490800 0.15823800 -0.16553150
v 0.24667200 0.16157500 -0.16553350
v 0.24690100 0.16150500 -0.16576850
v 0.24786500 0.16517500 -0.16553250
v 0.24846200 0.16888000 -0.16553250
v 0.24864900 0.16882100 -0.16569950
v 0.24845000 0.17259600 -0.16553050
v 0.24786500 0.17625400 -0.16553150
v 0.24807800 0.17635500 -0.16574550
v 0.24668700 0.17981100 -0.16553250
v 0.24689000 0.17995100 -0.16576150
v 0.24495600 0.18312200 -0.16553250
v 0.24267800 0.18617000 -0.16553450
v 0.24008800 0.18891100 -0.16569550
v 0.23350200 0.19251700 -0.16554150
v 0.22612900 0.19401000 -0.16553950
v 0.22997700 0.19376900 -0.16575550
v 0.22618400 0.19418700 -0.16569850
v 0.21875200 0.19308800 -0.16553050
v 0.21867000 0.19331500 -0.16574750
v 0.21526800 0.19177800 -0.16553250
v 0.21204400 0.18991500 -0.16553050
v 0.20911900 0.18754100 -0.16553150
v 0.20660300 0.18471800 -0.16553350
v 0.20314500 0.17809900 -0.16553050
v 0.20374700 0.17421300 -0.17164050
v 0.20393200 0.17413900 -0.17207550
v 0.20393700 0.16729100 -0.17207450
v 0.20416500 0.17418300 -0.17225850
v 0.20416700 0.16725700 -0.17225850
v 0.20814000 0.15792700 -0.17225850
v 0.21604700 0.15144700 -0.17225850
v 0.23590000 0.15221900 -0.17225950
v 0.23871700 0.18723000 -0.17226750
v 0.22266100 0.19190900 -0.17226050
v 0.21932500 0.19123600 -0.17225850
v 0.21307300 0.18826800 -0.17225850
v 0.20819200 0.18352300 -0.17226750
v 0.20346100 0.17071600 -0.17163550
v 0.20365900 0.17071900 -0.17207250
v 0.20387500 0.17071600 -0.17225750
v 0.20499200 0.17751500 -0.17225850
v 0.20459100 0.16380300 -0.17162350
v 0.21015500 0.15501200 -0.17162750
v 0.21590000 0.15105000 -0.17162650
v 0.22261900 0.14914700 -0.17178650
v 0.22959700 0.14938600 -0.17164050
v 0.23613500 0.15186500 -0.17162350
v 0.24153100 0.15626900 -0.17161650
v 0.24527400 0.16219400 -0.17162150
v 0.24693800 0.16895200 -0.17162450
v 0.24638100 0.17592300 -0.17162350
v 0.24363900 0.18235400 -0.17163150
v 0.23897900 0.18753500 -0.17180550
v 0.23295500 0.19106800 -0.17163750
v 0.22610200 0.19247500 -0.17161950
v 0.21918300 0.19163000 -0.17163450
v 0.21286600 0.18862900 -0.17164250
v 0.20788000 0.18377400 -0.17181050
v 0.20596100 0.18084500 -0.17162650
v 0.20476300 0.16391200 -0.17207350
v 0.20600200 0.16060200 -0.17178050
v 0.21029300 0.15515200 -0.17207050
v 0.20611200 0.18071200 -0.17207250
v 0.20800900 0.15772200 -0.17207050
v 0.21601800 0.15121000 -0.17207250
v 0.21925200 0.14999300 -0.17207950
v 0.22613300 0.14915700 -0.17207350
v 0.23285200 0.15052700 -0.17207150
v 0.23889800 0.15400400 -0.17206450
v 0.24347000 0.15918800 -0.17207350
v 0.24673700 0.17249300 -0.17207450
v 0.24506900 0.17921200 -0.17207350
v 0.24139800 0.18501500 -0.17206750
v 0.23601800 0.18941200 -0.17207050
v 0.22954800 0.19184900 -0.17207550
v 0.21599900 0.19022400 -0.17206150
v 0.21030300 0.18629000 -0.17207750
v 0.20618000 0.16071400 -0.17213650
v 0.21301200 0.15300500 -0.17213650
v 0.22264700 0.14935000 -0.17213350
v 0.22955100 0.14957800 -0.17207350
v 0.23601000 0.15202300 -0.17207750
v 0.24141000 0.15643300 -0.17207150
v 0.24507400 0.16223100 -0.17207250
v 0.24613000 0.16556700 -0.17213650
v 0.24674600 0.16901500 -0.17207250
v 0.24617700 0.17591900 -0.17207250
v 0.24345700 0.18225800 -0.17208150
v 0.23881200 0.18737400 -0.17216950
v 0.23284700 0.19090100 -0.17207450
v 0.22613500 0.19227300 -0.17207550
v 0.22263600 0.19208000 -0.17213350
v 0.21922800 0.19143400 -0.17207950
v 0.20499900 0.16391400 -0.17225850
v 0.21044000 0.15531400 -0.17225750
v 0.21926100 0.15021800 -0.17225850
v 0.22262100 0.14952200 -0.17225850
v 0.21301200 0.18849500 -0.17207450
v 0.21042900 0.18609700 -0.17226050
v 0.20804700 0.18360800 -0.17217450
v 0.20635300 0.18068600 -0.17225950
v 0.20475700 0.17751000 -0.17207550
v 0.20633400 0.16079200 -0.17226050
v 0.21310700 0.15314900 -0.17226050
v 0.22605400 0.14937800 -0.17225950
v 0.22951200 0.14978900 -0.17225750
v 0.23285900 0.15076900 -0.17225950
v 0.23871000 0.15415300 -0.17225950
v 0.24119700 0.15653100 -0.17225850
v 0.24330000 0.15929800 -0.17225050
v 0.24488200 0.16241300 -0.17227150
v 0.24597500 0.16561300 -0.17225450
v 0.24651600 0.16895700 -0.17225850
v 0.24652200 0.17239800 -0.17225850
v 0.24597800 0.17579100 -0.17225850
v 0.24489600 0.17905100 -0.17225850
v 0.24330100 0.18210200 -0.17225850
v 0.24123500 0.18485800 -0.17225850
v 0.23592200 0.18919400 -0.17226150
v 0.23284200 0.19066300 -0.17225950
v 0.22950400 0.19163800 -0.17225750
v 0.22605200 0.19205100 -0.17225950
v 0.21607500 0.19001300 -0.17225750
v -0.20170500 0.15388300 -0.16553350
v -0.21879100 0.14743800 -0.16553250
v -0.22246500 0.14794900 -0.16551750
v -0.22613700 0.14895600 -0.16553150
v -0.23255800 0.15268500 -0.16552950
v -0.23752600 0.15829000 -0.16553250
v -0.24044900 0.16518400 -0.16553250
v -0.20174400 0.18754600 -0.16551650
v -0.19463600 0.16694700 -0.16569550
v -0.19459200 0.17451200 -0.16574650
v -0.19447300 0.16693000 -0.16599450
v -0.19438400 0.17451700 -0.16628250
v -0.19433500 0.16690000 -0.16658450
v -0.19430500 0.17453700 -0.16693150
v -0.19431200 0.16690300 -0.16729450
v -0.19433400 0.17453200 -0.16748650
v -0.19524700 0.16319100 -0.16746550
v -0.20131100 0.15353500 -0.16715550
v -0.21118800 0.14783200 -0.16716250
v -0.21877200 0.14694100 -0.16744950
v -0.22624600 0.14846600 -0.16746050
v -0.23286700 0.15228900 -0.16747050
v -0.23792200 0.15799600 -0.16747050
v -0.24091600 0.16501400 -0.16746350
v -0.24153200 0.17263400 -0.16746250
v -0.23795300 0.18344900 -0.16715650
v -0.22971100 0.19132400 -0.16744950
v -0.21877800 0.19449100 -0.16744950
v -0.20761200 0.19221100 -0.16745250
v -0.19879500 0.18500900 -0.16746650
v -0.19481700 0.16698000 -0.16553250
v -0.24104200 0.17256400 -0.16553150
v -0.22941900 0.19091900 -0.16553150
v -0.19716700 0.18149900 -0.16553050
v -0.19482400 0.17444100 -0.16553050
v -0.19406800 0.17071600 -0.16632350
v -0.19399200 0.17071500 -0.16715750
v -0.19671200 0.15965800 -0.16718250
v -0.19879600 0.15641700 -0.16742850
v -0.20429800 0.15114000 -0.16746750
v -0.20761700 0.14922100 -0.16745250
v -0.21495300 0.14709500 -0.16745650
v -0.22970900 0.15010700 -0.16745550
v -0.23970300 0.18004500 -0.16747450
v -0.23563200 0.18648700 -0.16746550
v -0.23286600 0.18914300 -0.16747550
v -0.22625700 0.19296000 -0.16747450
v -0.22258300 0.19404800 -0.16731950
v -0.21495800 0.19433600 -0.16746650
v -0.21119700 0.19357000 -0.16746750
v -0.20134200 0.18788200 -0.16746450
v -0.19674400 0.18176500 -0.16746450
v -0.19524600 0.17824800 -0.16745250
v -0.19451900 0.17075400 -0.16553150
v -0.19427400 0.17070500 -0.16576250
v -0.19550100 0.16327400 -0.16573950
v -0.21125800 0.14811200 -0.16575350
v -0.21877800 0.14720100 -0.16575250
v -0.22249400 0.14779900 -0.16558850
v -0.22612900 0.14869900 -0.16575050
v -0.23269000 0.15248900 -0.16573950
v -0.23772100 0.15814600 -0.16576450
v -0.24067100 0.16509200 -0.16575450
v -0.24122900 0.16882700 -0.16569450
v -0.23543200 0.18633400 -0.16576150
v -0.22961100 0.19108200 -0.16575250
v -0.20769300 0.19196200 -0.16575250
v -0.20150900 0.18767800 -0.16574650
v -0.19699200 0.18168200 -0.16575250
v -0.19530400 0.16320000 -0.16627350
v -0.19696500 0.15978600 -0.16576150
v -0.19899900 0.15659300 -0.16574450
v -0.20136600 0.15358800 -0.16632350
v -0.20445900 0.15133900 -0.16575550
v -0.20773200 0.14946700 -0.16573550
v -0.21498100 0.14733900 -0.16577450
v -0.22252800 0.14755300 -0.16594750
v -0.22957600 0.15032300 -0.16575850
v -0.23545300 0.15508300 -0.16581250
v -0.23957900 0.16144000 -0.16600850
v -0.24140000 0.16879900 -0.16602350
v -0.24067000 0.17637200 -0.16576950
v -0.24089900 0.17639300 -0.16640350
v -0.23946800 0.17992900 -0.16574750
v -0.23966200 0.18001300 -0.16628750
v -0.23558200 0.18647000 -0.16631150
v -0.23270300 0.18894400 -0.16575650
v -0.22617700 0.19272200 -0.16575950
v -0.22624600 0.19291400 -0.16631150
v -0.22252300 0.19390000 -0.16600850
v -0.21494600 0.19407500 -0.16575250
v -0.21496100 0.19429000 -0.16630850
v -0.21123200 0.19331200 -0.16575350
v -0.20765500 0.19217400 -0.16629750
v -0.20438300 0.19019600 -0.16602050
v -0.20136800 0.18784000 -0.16629850
v -0.19900700 0.18487100 -0.16576450
v -0.19678500 0.18173300 -0.16629750
v -0.19550500 0.17820200 -0.16575150
v -0.19678800 0.15967900 -0.16632350
v -0.19884100 0.15645600 -0.16627350
v -0.20432700 0.15118500 -0.16628250
v -0.20763100 0.14927300 -0.16628850
v -0.21121800 0.14790500 -0.16630850
v -0.21496600 0.14714200 -0.16631150
v -0.21878100 0.14699400 -0.16629050
v -0.22258300 0.14740500 -0.16659450
v -0.22624200 0.14852300 -0.16628250
v -0.22969100 0.15015000 -0.16632350
v -0.23282900 0.15233000 -0.16627350
v -0.23560500 0.15493700 -0.16644650
v -0.23787400 0.15801100 -0.16629750
v -0.23970800 0.16139700 -0.16659450
v -0.24087100 0.16502700 -0.16630850
v -0.24153600 0.16881700 -0.16660950
v -0.24148300 0.17260900 -0.16629750
v -0.23788200 0.18341500 -0.16630850
v -0.23282300 0.18911300 -0.16628850
v -0.22967900 0.19127800 -0.16628250
v -0.21878300 0.19444100 -0.16631150
v -0.21121900 0.19351900 -0.16628250
v -0.19882400 0.18496400 -0.16629750
v -0.19529000 0.17821700 -0.16629750
v -0.19522700 0.16316700 -0.16692150
v -0.20761300 0.14919600 -0.16691950
v -0.21493900 0.14707000 -0.16694250
v -0.22973200 0.15009100 -0.16695150
v -0.24155700 0.17264000 -0.16691850
v -0.23972900 0.18005500 -0.16693250
v -0.23288200 0.18916600 -0.16693550
v -0.22258200 0.19402700 -0.16659450
v -0.21119000 0.19359400 -0.16690850
v -0.20429100 0.19029600 -0.16662450
v -0.20131300 0.18789100 -0.16695050
v -0.19673200 0.18179800 -0.16693150
v -0.19877500 0.15640700 -0.16690350
v -0.20429300 0.15111000 -0.16692350
v -0.21877600 0.14691600 -0.16693250
v -0.22256800 0.14738100 -0.16730450
v -0.22626900 0.14844700 -0.16692350
v -0.23288100 0.15226700 -0.16690650
v -0.23564900 0.15493400 -0.16729750
v -0.23795600 0.15799800 -0.16693450
v -0.23972300 0.16137700 -0.16728450
v -0.24094500 0.16502200 -0.16695150
v -0.24155000 0.16878600 -0.16733550
v -0.24093900 0.17641500 -0.16728450
v -0.23564600 0.18651100 -0.16693550
v -0.22972500 0.19134400 -0.16690950
v -0.22625500 0.19299100 -0.16694550
v -0.21876200 0.19451700 -0.16693350
v -0.21493800 0.19436100 -0.16694950
v -0.20759800 0.19223300 -0.16694350
v -0.20431000 0.19032700 -0.16732050
v -0.19877900 0.18503000 -0.16691650
v -0.19522700 0.17827200 -0.16693150
v -0.19573600 0.16330400 -0.16553050
v -0.19720400 0.15985500 -0.16553250
v -0.19921300 0.15669000 -0.16553250
v -0.20461300 0.15152200 -0.16553250
v -0.20149900 0.15374200 -0.16576650
v -0.20782700 0.14967900 -0.16553050
v -0.21129300 0.14835000 -0.16553250
v -0.21500900 0.14758100 -0.16553450
v -0.22950300 0.15056400 -0.16553150
v -0.23527800 0.15525900 -0.16553750
v -0.23926800 0.16162300 -0.16553250
v -0.23942100 0.16150200 -0.16569550
v -0.24103200 0.16883500 -0.16553050
v -0.24044500 0.17629900 -0.16553350
v -0.24127400 0.17264400 -0.16575550
v -0.23924100 0.17986800 -0.16553150
v -0.23750400 0.18316200 -0.16553050
v -0.23528600 0.18613100 -0.16553250
v -0.23771600 0.18327400 -0.16574450
v -0.23255400 0.18876900 -0.16553450
v -0.22603100 0.19251600 -0.16553050
v -0.22243000 0.19355400 -0.16553250
v -0.21876400 0.19399100 -0.16553050
v -0.22251900 0.19373100 -0.16569850
v -0.21876200 0.19423600 -0.16575550
v -0.21504900 0.19384900 -0.16553150
v -0.21136700 0.19310500 -0.16553250
v -0.20787100 0.19178200 -0.16553050
v -0.20461500 0.18992600 -0.16553950
v -0.20447300 0.19004100 -0.16569050
v -0.19917400 0.18471900 -0.16554150
v -0.19570500 0.17805800 -0.16553150
v -0.19604200 0.17071900 -0.17163350
v -0.19717400 0.16380800 -0.17163250
v -0.23896200 0.16551200 -0.17162150
v -0.19854300 0.18083700 -0.17164050
v -0.20273700 0.15501600 -0.17163850
v -0.21176400 0.14980300 -0.17163050
v -0.21868700 0.14895700 -0.17162350
v -0.22218000 0.14938700 -0.17164350
v -0.22555300 0.15036300 -0.17162950
v -0.22871000 0.15185600 -0.17160750
v -0.23157700 0.15384200 -0.17163050
v -0.23411400 0.15627400 -0.17162750
v -0.23621300 0.15907900 -0.17164950
v -0.23784900 0.16218300 -0.17163250
v -0.23951900 0.17245700 -0.17163450
v -0.23622300 0.18235100 -0.17162650
v -0.22870700 0.18957500 -0.17161550
v -0.21868300 0.19247300 -0.17162650
v -0.20848200 0.19038600 -0.17163750
v -0.20041900 0.18380900 -0.17163050
v -0.19632000 0.17420900 -0.17161350
v -0.19633500 0.16721200 -0.17163950
v -0.19651000 0.17416500 -0.17206650
v -0.19652000 0.16729200 -0.17207650
v -0.19675200 0.16724800 -0.17225850
v -0.19674400 0.17417400 -0.17225850
v -0.21191400 0.19123700 -0.17225850
v -0.19624300 0.17071500 -0.17207550
v -0.19645600 0.17071800 -0.17225750
v -0.22205100 0.19164000 -0.17225850
v -0.20041000 0.15764300 -0.17162950
v -0.20848100 0.15105100 -0.17162650
v -0.23951400 0.16895900 -0.17164350
v -0.23158000 0.18758000 -0.17164650
v -0.22216700 0.19203500 -0.17166150
v -0.21177200 0.19163300 -0.17163250
v -0.20276600 0.18638600 -0.17178650
v -0.19715800 0.17760200 -0.17162550
v -0.19853900 0.16058600 -0.17161950
v -0.20545500 0.15278900 -0.17162350
v -0.23896200 0.17592300 -0.17162450
v -0.23784700 0.17924400 -0.17164250
v -0.23410700 0.18515600 -0.17164550
v -0.22553500 0.19106700 -0.17163950
v -0.21518800 0.19233700 -0.17160750
v -0.20543600 0.18862700 -0.17163050
v -0.20856700 0.19020500 -0.17207650
v -0.19734300 0.16392400 -0.17207550
v -0.20287400 0.15516000 -0.17207650
v -0.20556400 0.15295000 -0.17207350
v -0.20860500 0.15121100 -0.17207450
v -0.21182900 0.15000000 -0.17208550
v -0.21519700 0.14914800 -0.17179050
v -0.21872600 0.14916000 -0.17207550
v -0.22213000 0.14957900 -0.17207550
v -0.22543300 0.15052900 -0.17207450
v -0.22859800 0.15201700 -0.17206550
v -0.23147500 0.15401600 -0.17207750
v -0.23397600 0.15642200 -0.17207750
v -0.23606000 0.15919500 -0.17207450
v -0.23765400 0.16225000 -0.17208250
v -0.23876900 0.16555300 -0.17207550
v -0.23932500 0.16901800 -0.17207650
v -0.23931900 0.17249100 -0.17207550
v -0.23875800 0.17591800 -0.17207450
v -0.23765100 0.17920900 -0.17207550
v -0.23603200 0.18228000 -0.17207650
v -0.23396300 0.18501900 -0.17207750
v -0.23149100 0.18740300 -0.17207650
v -0.22214200 0.19183900 -0.17208750
v -0.21177500 0.19142800 -0.17207550
v -0.19736000 0.17756700 -0.17207950
v -0.22544400 0.19090200 -0.17206450
v -0.21521500 0.19213900 -0.17207350
v -0.19871300 0.18072500 -0.17208450
v -0.19871000 0.16067900 -0.17207250
v -0.20059200 0.15772500 -0.17207350
v -0.21522800 0.14935000 -0.17213350
v -0.22860700 0.18940400 -0.17207450
v -0.21872600 0.19227000 -0.17207750
v -0.20055500 0.18365300 -0.17208350
v -0.22539300 0.19068200 -0.17225750
v -0.20559400 0.18849400 -0.17207650
v -0.20291000 0.18624000 -0.17213350
v -0.19892800 0.18067200 -0.17225950
v -0.19758200 0.16391000 -0.17225850
v -0.19891300 0.16079600 -0.17226050
v -0.20072400 0.15792400 -0.17225850
v -0.20302700 0.15531000 -0.17225750
v -0.20569500 0.15314500 -0.17226050
v -0.20862800 0.15144800 -0.17225850
v -0.21184500 0.15021800 -0.17225850
v -0.21520400 0.14952200 -0.17225850
v -0.21863600 0.14937800 -0.17225850
v -0.22209400 0.14978800 -0.17225750
v -0.22542700 0.15076300 -0.17225850
v -0.22852700 0.15224300 -0.17225850
v -0.23134900 0.15419800 -0.17225950
v -0.23382600 0.15658500 -0.17225850
v -0.23589100 0.15932100 -0.17225150
v -0.23746100 0.16240200 -0.17227150
v -0.23855400 0.16560100 -0.17225450
v -0.23909700 0.16895700 -0.17225850
v -0.23910400 0.17239700 -0.17225850
v -0.23856100 0.17578700 -0.17225850
v -0.23747900 0.17904700 -0.17225850
v -0.23588700 0.18209400 -0.17225850
v -0.23380500 0.18487800 -0.17225750
v -0.23129100 0.18728000 -0.17225950
v -0.22848500 0.18920700 -0.17226050
v -0.21863100 0.19205100 -0.17225950
v -0.20866300 0.19001500 -0.17225750
v -0.20565300 0.18826500 -0.17225950
v -0.20299600 0.18608700 -0.17225950
v -0.20075100 0.18353900 -0.17226050
v -0.19757500 0.17751700 -0.17225850
v -0.21525000 0.19191000 -0.17225950
v -0.19481700 -0.13523100 -0.16553150
v -0.19717700 -0.12809900 -0.16553350
v -0.20166200 -0.12213500 -0.16553150
v -0.20779000 -0.11790200 -0.16552950
v -0.22245100 -0.11615200 -0.16551750
v -0.22946300 -0.11874100 -0.16553250
v -0.23523700 -0.12345400 -0.16553150
v -0.22944200 -0.15908800 -0.16551550
v -0.22243300 -0.16176200 -0.16553250
v -0.21139700 -0.16131900 -0.16553150
v -0.19482500 -0.14266000 -0.16553050
v -0.19463200 -0.14269100 -0.16569450
v -0.19438700 -0.13510500 -0.16628750
v -0.19446300 -0.14273400 -0.16602350
v -0.19433000 -0.14273400 -0.16659450
v -0.19430800 -0.13510400 -0.16693250
v -0.19431100 -0.14274300 -0.16732350
v -0.19433300 -0.13511000 -0.16745150
v -0.19671300 -0.12786400 -0.16718550
v -0.20761700 -0.11742900 -0.16745150
v -0.21495300 -0.11530300 -0.16745550
v -0.23970500 -0.12959200 -0.16745450
v -0.24153100 -0.13700700 -0.16747250
v -0.23792700 -0.15164200 -0.16744650
v -0.23286100 -0.15735600 -0.16747450
v -0.22625500 -0.16117000 -0.16746150
v -0.21119700 -0.16177800 -0.16746750
v -0.20430200 -0.15850600 -0.16746350
v -0.19879800 -0.15321900 -0.16747450
v -0.19459800 -0.13514000 -0.16574250
v -0.19570600 -0.13158100 -0.16553250
v -0.24103700 -0.13700400 -0.16553250
v -0.23255800 -0.15697300 -0.16553750
v -0.19718100 -0.14975100 -0.16553350
v -0.19432500 -0.13891900 -0.16570050
v -0.19415300 -0.13893400 -0.16602050
v -0.19401900 -0.13893200 -0.16662450
v -0.19400400 -0.13891100 -0.16729950
v -0.19879600 -0.12462500 -0.16742850
v -0.20429600 -0.11934900 -0.16746350
v -0.21877200 -0.11514900 -0.16744950
v -0.22624600 -0.11667400 -0.16745950
v -0.23286200 -0.12049300 -0.16747050
v -0.23792200 -0.12620300 -0.16746950
v -0.24091500 -0.13322500 -0.16747350
v -0.24153200 -0.14084100 -0.16746250
v -0.23970600 -0.14824700 -0.16747450
v -0.23562700 -0.15470000 -0.16746350
v -0.22971000 -0.15953200 -0.16745050
v -0.22257600 -0.16223300 -0.16748550
v -0.21495800 -0.16254400 -0.16746650
v -0.19674500 -0.14997600 -0.16745550
v -0.19524600 -0.14645600 -0.16745150
v -0.19451900 -0.13896400 -0.16553150
v -0.19554500 -0.13148400 -0.16569050
v -0.19901200 -0.12479000 -0.16573850
v -0.20447800 -0.11953600 -0.16575250
v -0.21132500 -0.11644800 -0.16559250
v -0.21877600 -0.11540800 -0.16575250
v -0.22250100 -0.11600800 -0.16558950
v -0.22614800 -0.11691300 -0.16575050
v -0.23269300 -0.12070200 -0.16573550
v -0.24062100 -0.14454500 -0.16569550
v -0.22619600 -0.16091600 -0.16575250
v -0.20773900 -0.16013900 -0.16569550
v -0.20445400 -0.15829800 -0.16575350
v -0.19698500 -0.14988300 -0.16576050
v -0.19537100 -0.13145700 -0.16600750
v -0.19696500 -0.12797600 -0.16577850
v -0.19678800 -0.12788700 -0.16632350
v -0.20136600 -0.12179600 -0.16632350
v -0.20763300 -0.11748100 -0.16628450
v -0.21495300 -0.11534900 -0.16631750
v -0.22252900 -0.11576100 -0.16594750
v -0.22964800 -0.11843400 -0.16601050
v -0.23559300 -0.12317600 -0.16632250
v -0.23945600 -0.12968000 -0.16574550
v -0.23965800 -0.12961500 -0.16629750
v -0.24067700 -0.13329900 -0.16576050
v -0.24086900 -0.13323200 -0.16631150
v -0.24128100 -0.14083100 -0.16576150
v -0.24078900 -0.14458600 -0.16601050
v -0.23770300 -0.15151100 -0.16575250
v -0.23789300 -0.15159800 -0.16629750
v -0.23543400 -0.15452500 -0.16575050
v -0.23559200 -0.15466000 -0.16628550
v -0.22960500 -0.15929700 -0.16575950
v -0.22623800 -0.16112200 -0.16629750
v -0.21877000 -0.16257100 -0.16603450
v -0.21494600 -0.16228400 -0.16575450
v -0.21496100 -0.16249700 -0.16630850
v -0.20768200 -0.16030600 -0.16601950
v -0.20433100 -0.15846500 -0.16629650
v -0.20142400 -0.15598200 -0.16600950
v -0.19901100 -0.15307200 -0.16575050
v -0.19882800 -0.15318200 -0.16630850
v -0.19678500 -0.14994100 -0.16629750
v -0.19550200 -0.14640900 -0.16575650
v -0.19525200 -0.13138300 -0.16659450
v -0.19884100 -0.12466400 -0.16627350
v -0.20432700 -0.11939300 -0.16628250
v -0.21878100 -0.11520200 -0.16629050
v -0.22258300 -0.11561300 -0.16659450
v -0.22625400 -0.11673100 -0.16629750
v -0.22970900 -0.11831100 -0.16662450
v -0.23282400 -0.12052800 -0.16628750
v -0.23787900 -0.12623800 -0.16627350
v -0.24148400 -0.13701400 -0.16629950
v -0.24148000 -0.14083500 -0.16629550
v -0.23966600 -0.14821400 -0.16629750
v -0.23282600 -0.15732300 -0.16630350
v -0.22968200 -0.15948200 -0.16627650
v -0.22255800 -0.16219100 -0.16630850
v -0.21121200 -0.16172300 -0.16627350
v -0.20133900 -0.15608800 -0.16659450
v -0.19529000 -0.14642400 -0.16629750
v -0.19877500 -0.12461500 -0.16690350
v -0.21120400 -0.11606800 -0.16659450
v -0.23973600 -0.12960200 -0.16693250
v -0.24094700 -0.13323800 -0.16693450
v -0.24155900 -0.13701400 -0.16694950
v -0.24155800 -0.14084800 -0.16692050
v -0.24091900 -0.14461900 -0.16660850
v -0.23794000 -0.15166700 -0.16693150
v -0.23563900 -0.15472400 -0.16691750
v -0.23288600 -0.15737000 -0.16694850
v -0.22973200 -0.15954900 -0.16692150
v -0.21877400 -0.16270300 -0.16663650
v -0.21493800 -0.16256800 -0.16694750
v -0.21118900 -0.16180200 -0.16690550
v -0.20760700 -0.16041900 -0.16662550
v -0.19877600 -0.15323300 -0.16693650
v -0.19522700 -0.13139300 -0.16730850
v -0.20131100 -0.12174200 -0.16715750
v -0.20429300 -0.11931800 -0.16692050
v -0.20761400 -0.11740400 -0.16691750
v -0.21119200 -0.11604900 -0.16728750
v -0.21494600 -0.11527700 -0.16695850
v -0.21877600 -0.11512400 -0.16693150
v -0.22257000 -0.11558900 -0.16730650
v -0.22626400 -0.11665200 -0.16693150
v -0.22972300 -0.11830200 -0.16732050
v -0.23289100 -0.12048200 -0.16693250
v -0.23565000 -0.12312500 -0.16715850
v -0.23795200 -0.12620000 -0.16691850
v -0.24093900 -0.14462200 -0.16728750
v -0.23972400 -0.14827300 -0.16693150
v -0.22625500 -0.16119900 -0.16694450
v -0.22257400 -0.16226300 -0.16694850
v -0.21877700 -0.16271400 -0.16732850
v -0.20761900 -0.16044200 -0.16730250
v -0.20427800 -0.15852300 -0.16694350
v -0.20132700 -0.15610500 -0.16730950
v -0.19673200 -0.15000600 -0.16693350
v -0.19522700 -0.14648000 -0.16693150
v -0.19919600 -0.12492900 -0.16553050
v -0.20453600 -0.11978300 -0.16553150
v -0.20151200 -0.12193800 -0.16576650
v -0.20774400 -0.11766800 -0.16573750
v -0.21133700 -0.11660600 -0.16551750
v -0.21501800 -0.11578700 -0.16553350
v -0.21121800 -0.11622200 -0.16596050
v -0.21497600 -0.11554800 -0.16577350
v -0.21878700 -0.11564800 -0.16553150
v -0.22605400 -0.11713200 -0.16553150
v -0.23253600 -0.12087600 -0.16552950
v -0.22956100 -0.11858400 -0.16569550
v -0.23751400 -0.12646800 -0.16553350
v -0.23544200 -0.12331900 -0.16575950
v -0.23770700 -0.12634300 -0.16575850
v -0.23923800 -0.12978200 -0.16552950
v -0.24042600 -0.13330400 -0.16553150
v -0.24127000 -0.13704600 -0.16574550
v -0.24104300 -0.14075600 -0.16553250
v -0.24044500 -0.14450000 -0.16553450
v -0.23922700 -0.14810700 -0.16553250
v -0.23946600 -0.14815700 -0.16575350
v -0.23748500 -0.15141200 -0.16553250
v -0.23523300 -0.15440100 -0.16553350
v -0.23271000 -0.15713700 -0.16573750
v -0.22606200 -0.16072800 -0.16553950
v -0.21875200 -0.16219600 -0.16553050
v -0.22256100 -0.16197700 -0.16575550
v -0.21876200 -0.16239300 -0.16569450
v -0.21504300 -0.16205900 -0.16553250
v -0.21125600 -0.16152000 -0.16574550
v -0.20786500 -0.15999000 -0.16553250
v -0.20462300 -0.15812600 -0.16553250
v -0.20170200 -0.15575100 -0.16553250
v -0.20153900 -0.15585600 -0.16569550
v -0.19922300 -0.15295800 -0.16553050
v -0.19570500 -0.14626100 -0.16553150
v -0.19633500 -0.13542000 -0.17163850
v -0.20041100 -0.12585000 -0.17162950
v -0.20547800 -0.12104300 -0.17179050
v -0.21176600 -0.11801000 -0.17162850
v -0.21868700 -0.11716300 -0.17161650
v -0.22554700 -0.11856700 -0.17162450
v -0.23158300 -0.12206000 -0.17164250
v -0.23617800 -0.12731200 -0.17179250
v -0.23891000 -0.13372900 -0.17179550
v -0.23951900 -0.14066500 -0.17163350
v -0.23784600 -0.14745300 -0.17164350
v -0.23410800 -0.15336400 -0.17164250
v -0.22870800 -0.15778400 -0.17161050
v -0.22216800 -0.16024200 -0.17166150
v -0.21518800 -0.16054400 -0.17160850
v -0.20848500 -0.15859800 -0.17162950
v -0.20272200 -0.15461700 -0.17162550
v -0.19716300 -0.14582200 -0.17162650
v -0.19632900 -0.14241900 -0.17164250
v -0.19651400 -0.14234800 -0.17207550
v -0.19651800 -0.13549800 -0.17207450
v -0.19674600 -0.14239100 -0.17225850
v -0.19674900 -0.13546500 -0.17225850
v -0.20072200 -0.12613400 -0.17225850
v -0.20862900 -0.11965500 -0.17225850
v -0.23584100 -0.12753000 -0.17226650
v -0.21521900 -0.16012900 -0.17225350
v -0.21182200 -0.15939400 -0.17227150
v -0.20565600 -0.15647800 -0.17225850
v -0.20075200 -0.15175100 -0.17226050
v -0.19604300 -0.13892400 -0.17163550
v -0.19624100 -0.13892700 -0.17207250
v -0.19645600 -0.13892300 -0.17225750
v -0.19757400 -0.14572300 -0.17225850
v -0.19717300 -0.13201100 -0.17162350
v -0.20273700 -0.12321900 -0.17162650
v -0.20846900 -0.11926400 -0.17162650
v -0.21519700 -0.11735600 -0.17178850
v -0.22218000 -0.11759500 -0.17164250
v -0.22870600 -0.12006900 -0.17162950
v -0.23411400 -0.12448100 -0.17162450
v -0.23785500 -0.13039500 -0.17161550
v -0.23951900 -0.13715800 -0.17162550
v -0.23896200 -0.14413100 -0.17162350
v -0.23622400 -0.15055800 -0.17162550
v -0.23158100 -0.15578800 -0.17164150
v -0.22553300 -0.15927500 -0.17164050
v -0.21868300 -0.16068200 -0.17162050
v -0.21177100 -0.15984200 -0.17162550
v -0.20544400 -0.15683600 -0.17164250
v -0.20044800 -0.15197100 -0.17179550
v -0.19854300 -0.14905400 -0.17162650
v -0.19734400 -0.13211900 -0.17207350
v -0.19858400 -0.12880900 -0.17178150
v -0.20287300 -0.12336000 -0.17206850
v -0.19869500 -0.14892100 -0.17207250
v -0.20059100 -0.12593100 -0.17207050
v -0.20859700 -0.11942100 -0.17207450
v -0.21183900 -0.11820100 -0.17208050
v -0.21871700 -0.11736400 -0.17207250
v -0.22545900 -0.11874000 -0.17206850
v -0.23148000 -0.12223000 -0.17208150
v -0.23932000 -0.14069800 -0.17207350
v -0.23765100 -0.14741900 -0.17207350
v -0.23396400 -0.15323000 -0.17207250
v -0.22860600 -0.15761400 -0.17207350
v -0.22214100 -0.16004900 -0.17208350
v -0.21522600 -0.16035400 -0.17206450
v -0.20855800 -0.15841300 -0.17207450
v -0.20289200 -0.15450900 -0.17207150
v -0.19876200 -0.12892200 -0.17213650
v -0.20559300 -0.12121300 -0.17213650
v -0.21522800 -0.11755800 -0.17213350
v -0.22213400 -0.11778700 -0.17207450
v -0.22861900 -0.12024800 -0.17207750
v -0.23399300 -0.12464200 -0.17207050
v -0.23765700 -0.13044000 -0.17207250
v -0.23871100 -0.13377500 -0.17213650
v -0.23932700 -0.13722200 -0.17207350
v -0.23875800 -0.14412700 -0.17207250
v -0.23603200 -0.15049100 -0.17207350
v -0.23149200 -0.15561300 -0.17207250
v -0.22544600 -0.15911000 -0.17206250
v -0.21872000 -0.16048300 -0.17207250
v -0.21180500 -0.15964600 -0.17207450
v -0.20557500 -0.15668200 -0.17208250
v -0.19758000 -0.13212200 -0.17225850
v -0.20302200 -0.12352200 -0.17225750
v -0.21184300 -0.11842600 -0.17225850
v -0.21520300 -0.11773000 -0.17225850
v -0.23598800 -0.12744000 -0.17216450
v -0.20299600 -0.15429700 -0.17225850
v -0.20061300 -0.15185100 -0.17213650
v -0.19893000 -0.14888500 -0.17225850
v -0.19733800 -0.14572100 -0.17207450
v -0.19891500 -0.12900200 -0.17226050
v -0.20568900 -0.12135700 -0.17226050
v -0.21863600 -0.11758600 -0.17225950
v -0.22209200 -0.11799700 -0.17225750
v -0.22542500 -0.11897300 -0.17225950
v -0.22852600 -0.12045300 -0.17225950
v -0.23131800 -0.12238700 -0.17226050
v -0.23379500 -0.12475400 -0.17225950
v -0.23747000 -0.13057400 -0.17225950
v -0.23854600 -0.13382300 -0.17226050
v -0.23909700 -0.13716500 -0.17225850
v -0.23910400 -0.14060600 -0.17225850
v -0.23856000 -0.14399700 -0.17225850
v -0.23747700 -0.14725900 -0.17225850
v -0.23588400 -0.15030800 -0.17225850
v -0.23380300 -0.15309000 -0.17225750
v -0.23129200 -0.15548900 -0.17225850
v -0.22849400 -0.15740800 -0.17226050
v -0.22538400 -0.15889300 -0.17225750
v -0.22205000 -0.15984900 -0.17225850
v -0.21863300 -0.16026100 -0.17225850
v -0.20862400 -0.15821200 -0.17225150
v 0.29814800 -0.19345000 -0.15944250
v 0.19691600 -0.19345000 -0.15944250
v 0.19691600 -0.21874400 -0.15944250
v 0.29814800 -0.21874400 -0.15944250
v 0.31026100 -0.19346400 -0.12682450
v 0.30573600 -0.19345000 -0.12709750
v 0.30568900 -0.19345000 -0.15274650
v 0.19691600 -0.19345000 -0.12709750
v 0.30830900 -0.19345600 -0.15458550
v 0.30449700 -0.19345200 -0.15868450
v 0.29933500 -0.19345000 -0.15934850
v 0.30049300 -0.19345000 -0.15907050
v 0.30159300 -0.19345000 -0.15861550
v 0.30260800 -0.19345000 -0.15799350
v 0.30351300 -0.19345000 -0.15721950
v 0.30428700 -0.19345000 -0.15631450
v 0.30490900 -0.19345000 -0.15529950
v 0.30536500 -0.19345000 -0.15419850
v 0.19488800 -0.19457300 -0.16139550
v 0.19488700 -0.19461000 -0.12684050
v 0.19497400 -0.19422100 -0.12694150
v 0.19531300 -0.19376000 -0.16138050
v 0.19563900 -0.19355700 -0.16138850
v 0.19600800 -0.19346000 -0.16138850
v 0.19501800 -0.19412300 -0.16137850
v 0.19590600 -0.19353100 -0.16163550
v 0.19532000 -0.19462500 -0.16220450
v 0.19594700 -0.19390500 -0.16220250
v 0.19497600 -0.19446300 -0.16169250
v 0.19602300 -0.19363600 -0.16189750
v 0.19507000 -0.19457900 -0.16190950
v 0.19566300 -0.19456400 -0.16240950
v 0.19600300 -0.19459300 -0.16249450
v 0.19543800 -0.19373200 -0.16165050
v 0.19514200 -0.19408600 -0.16171550
v 0.19571000 -0.19366300 -0.16180350
v 0.19529200 -0.19436800 -0.16212750
v 0.19539500 -0.19410300 -0.16206850
v 0.19543400 -0.19388600 -0.16189550
v 0.19572800 -0.19382900 -0.16205650
v 0.19563700 -0.19424800 -0.16231050
v 0.19597000 -0.19425700 -0.16241650
v 0.19488700 -0.21763700 -0.16136850
v 0.19497100 -0.21761400 -0.16171650
v 0.19523300 -0.21755900 -0.16213550
v 0.19603400 -0.21770600 -0.16248850
v 0.19601500 -0.21855500 -0.16190150
v 0.19592100 -0.21872700 -0.16138250
v 0.19603500 -0.21814400 -0.16231550
v 0.19497000 -0.21795900 -0.16136950
v 0.19519900 -0.21830000 -0.16149550
v 0.19547600 -0.21855200 -0.16139150
v 0.19580600 -0.21765100 -0.16245250
v 0.19551900 -0.21773800 -0.16232250
v 0.19575100 -0.21802000 -0.16232650
v 0.19572100 -0.21834400 -0.16207350
v 0.19596500 -0.21835700 -0.16213750
v 0.19524800 -0.21784300 -0.16206950
v 0.19525100 -0.21811100 -0.16188850
v 0.19545600 -0.21816700 -0.16206350
v 0.19504800 -0.21792300 -0.16172050
v 0.19541700 -0.21833800 -0.16182950
v 0.19572200 -0.21852300 -0.16182450
v 0.19552000 -0.21851100 -0.16163650
v 0.19589400 -0.21866400 -0.16162550
v 0.19507400 -0.21815800 -0.12693550
v 0.19532500 -0.21844300 -0.12693850
v 0.19564200 -0.21864000 -0.12692950
v 0.19587600 -0.21865300 -0.12654450
v 0.19663500 -0.21763300 -0.12500650
v 0.19489500 -0.21770900 -0.12686250
v 0.19522000 -0.21747900 -0.12582550
v 0.19538700 -0.21738000 -0.12557850
v 0.19602300 -0.21873200 -0.12686150
v 0.19601300 -0.21857400 -0.12620150
v 0.19617800 -0.21842100 -0.12586050
v 0.19631100 -0.21822900 -0.12557050
v 0.19691800 -0.21694700 -0.12468350
v 0.19712800 -0.21651200 -0.12458850
v 0.19637800 -0.21791100 -0.12523850
v 0.19553300 -0.21851400 -0.12654650
v 0.19559500 -0.21836900 -0.12613650
v 0.19595400 -0.21823900 -0.12568250
v 0.19566400 -0.21807300 -0.12569850
v 0.19626000 -0.21744900 -0.12499750
v 0.19529200 -0.21832700 -0.12655850
v 0.19528400 -0.21808500 -0.12614250
v 0.19589000 -0.21762200 -0.12524150
v 0.19669000 -0.21731300 -0.12482950
v 0.19545700 -0.21781200 -0.12568050
v 0.19510400 -0.21808600 -0.12655150
v 0.19596900 -0.21704300 -0.12502050
v 0.19648200 -0.21677900 -0.12474150
v 0.19496500 -0.21774600 -0.12654850
v 0.19504400 -0.21760500 -0.12620250
v 0.19569200 -0.21718600 -0.12524450
v 0.19691600 -0.21874400 -0.12709750
v 0.30573600 -0.21874400 -0.12709750
v 0.31028100 -0.21872900 -0.12683550
v 0.31014700 -0.21855500 -0.12612650
v 0.31011100 -0.21829200 -0.12566350
v 0.30990600 -0.21792300 -0.12524450
v 0.30938400 -0.21692200 -0.12467750
v 0.30919500 -0.19570200 -0.12458850
v 0.31061600 -0.21717600 -0.12525250
v 0.30915400 -0.21648200 -0.12458450
v 0.31123700 -0.19474500 -0.12612750
v 0.31126000 -0.21753700 -0.12621150
v 0.31140700 -0.21760100 -0.12683550
v 0.31091100 -0.21738500 -0.12558250
v 0.31059100 -0.19495200 -0.12523850
v 0.31030000 -0.19520000 -0.12500150
v 0.31072900 -0.19358100 -0.12692550
v 0.31042400 -0.19354000 -0.12654750
v 0.31012100 -0.19378100 -0.12584950
v 0.30997300 -0.19395800 -0.12557850
v 0.31140400 -0.19449300 -0.12687650
v 0.31117400 -0.19395400 -0.12695450
v 0.31028900 -0.19362700 -0.12618950
v 0.31133200 -0.19444900 -0.12654850
v 0.31115400 -0.19435200 -0.12615650
v 0.31096300 -0.19475100 -0.12565450
v 0.30997200 -0.19524500 -0.12482450
v 0.31085000 -0.19440100 -0.12568050
v 0.30958400 -0.19545800 -0.12467450
v 0.31119300 -0.19410800 -0.12655450
v 0.31097300 -0.19405900 -0.12614650
v 0.31100400 -0.19386700 -0.12656150
v 0.31015600 -0.19486700 -0.12500150
v 0.31076400 -0.19367800 -0.12655550
v 0.31063100 -0.19413100 -0.12568550
v 0.31070100 -0.19382200 -0.12614050
v 0.31029600 -0.19447100 -0.12523850
v 0.31033200 -0.19395000 -0.12568250
v 0.30944400 -0.19504900 -0.12474450
v 0.30986800 -0.19426700 -0.12524650
v 0.30975100 -0.19460200 -0.12498750
v 0.31141600 -0.19457800 -0.14730950
v 0.31140800 -0.21771600 -0.14730050
v 0.30313600 -0.21761900 -0.16084350
v 0.30696900 -0.19457600 -0.15805150
v 0.31011700 -0.21874100 -0.14949750
v 0.30877000 -0.21873700 -0.15371950
v 0.30777500 -0.21871500 -0.15561250
v 0.30062700 -0.21871900 -0.16081150
v 0.29846700 -0.21873200 -0.16129950
v 0.31057700 -0.21860400 -0.14959850
v 0.31094200 -0.21829500 -0.14966750
v 0.29854200 -0.21849500 -0.16182750
v 0.29860200 -0.21813300 -0.16213850
v 0.31114700 -0.21796100 -0.14966950
v 0.29860200 -0.21773200 -0.16230050
v 0.31122800 -0.21762700 -0.14970250
v 0.30975600 -0.21762400 -0.15422450
v 0.30695400 -0.21773800 -0.15805150
v 0.30092000 -0.21773500 -0.16174650
v 0.30521000 -0.21873700 -0.15821250
v 0.29610400 -0.21871200 -0.16153950
v 0.31046200 -0.21871100 -0.14719750
v 0.29626600 -0.21855700 -0.16190750
v 0.31091300 -0.21850500 -0.14736350
v 0.29626100 -0.21829300 -0.16221050
v 0.31124100 -0.21813400 -0.14734650
v 0.29621500 -0.21796200 -0.16241250
v 0.29626000 -0.21761800 -0.16249650
v 0.30975000 -0.21871600 -0.15171250
v 0.30471900 -0.21865000 -0.15897050
v 0.30266000 -0.21873600 -0.15992050
v 0.30642300 -0.21865600 -0.15748950
v 0.30284900 -0.21855400 -0.16032850
v 0.31020800 -0.21850100 -0.15183250
v 0.30917600 -0.21860300 -0.15391550
v 0.30801700 -0.21856100 -0.15591950
v 0.30667200 -0.21844900 -0.15773250
v 0.30074400 -0.21856900 -0.16117350
v 0.30950000 -0.21829500 -0.15409450
v 0.30835500 -0.21822900 -0.15608150
v 0.30492200 -0.21843600 -0.15924650
v 0.30684800 -0.21814200 -0.15792750
v 0.30300900 -0.21829800 -0.16058250
v 0.30085800 -0.21824800 -0.16152450
v 0.31050500 -0.21814200 -0.15195850
v 0.30505900 -0.21814200 -0.15945550
v 0.30308700 -0.21794900 -0.16077650
v 0.31066000 -0.21771900 -0.15202650
v 0.30969500 -0.21795800 -0.15416050
v 0.30849000 -0.21772700 -0.15626250
v 0.30515700 -0.21772600 -0.15959050
v 0.31131700 -0.21797300 -0.12691950
v 0.31097400 -0.21844000 -0.12693350
v 0.31042200 -0.21865500 -0.12655250
v 0.30960800 -0.21724800 -0.12480450
v 0.31066100 -0.21863700 -0.12693350
v 0.31116400 -0.21822600 -0.12683350
v 0.31133200 -0.21774400 -0.12655350
v 0.31107600 -0.21747800 -0.12582550
v 0.31051500 -0.21847700 -0.12615350
v 0.30966700 -0.21763800 -0.12501150
v 0.31075200 -0.21852700 -0.12656850
v 0.31004100 -0.21745400 -0.12500150
v 0.31041400 -0.21820400 -0.12568050
v 0.31040600 -0.21762200 -0.12524150
v 0.31100400 -0.21832600 -0.12655750
v 0.31081800 -0.21833700 -0.12621450
v 0.31087500 -0.21794600 -0.12582050
v 0.31117100 -0.21807700 -0.12646450
v 0.31065300 -0.21785800 -0.12554050
v 0.30981600 -0.21677800 -0.12474250
v 0.31115200 -0.21784200 -0.12615250
v 0.31032800 -0.21704400 -0.12502150
v 0.19610900 -0.19525000 -0.12492250
v 0.19711700 -0.19569100 -0.12458650
v 0.19587500 -0.19353900 -0.12655050
v 0.19642900 -0.19425300 -0.12525650
v 0.19626400 -0.19391300 -0.12563850
v 0.19556600 -0.19358100 -0.12692550
v 0.19518900 -0.19388200 -0.12694550
v 0.19496400 -0.19444900 -0.12655150
v 0.19578100 -0.19371600 -0.12615350
v 0.19553400 -0.19367700 -0.12655250
v 0.19596600 -0.19394900 -0.12568350
v 0.19599600 -0.19446700 -0.12524350
v 0.19697200 -0.19523800 -0.12468250
v 0.19570900 -0.19413200 -0.12565450
v 0.19649900 -0.19504900 -0.12481550
v 0.19529300 -0.19386700 -0.12655750
v 0.19548600 -0.19389900 -0.12614350
v 0.19543100 -0.19426800 -0.12579150
v 0.19624500 -0.19472500 -0.12501150
v 0.19666900 -0.19550000 -0.12468350
v 0.19509000 -0.19412000 -0.12657250
v 0.19521900 -0.19414200 -0.12621150
v 0.19556900 -0.19448700 -0.12552450
v 0.19569800 -0.19495100 -0.12524250
v 0.19505100 -0.19458700 -0.12618950
v 0.19523000 -0.19470800 -0.12581450
v 0.19538900 -0.19481400 -0.12557850
v 0.19668900 -0.19467000 -0.12493050
v 0.19603700 -0.19346200 -0.12684950
v 0.19615600 -0.19363100 -0.12613950
v 0.29609200 -0.19348000 -0.16153850
v 0.29621900 -0.19368300 -0.16198850
v 0.29630700 -0.19414100 -0.16237550
v 0.29622300 -0.19456900 -0.16249750
v 0.31122700 -0.19456300 -0.14969450
v 0.30313000 -0.19456400 -0.16084250
v 0.30095600 -0.19446900 -0.16173550
v 0.29861800 -0.19457600 -0.16231250
v 0.31114700 -0.19423000 -0.14968550
v 0.29860400 -0.19422000 -0.16222150
v 0.31094800 -0.19389900 -0.14966850
v 0.29857200 -0.19389200 -0.16201950
v 0.29852700 -0.19364300 -0.16173750
v 0.31058500 -0.19359100 -0.14959750
v 0.30998600 -0.19345400 -0.15051750
v 0.29847100 -0.19346100 -0.16129650
v 0.30632000 -0.19347900 -0.15732750
v 0.30274500 -0.19349900 -0.16005350
v 0.31133200 -0.19423700 -0.14732750
v 0.31105400 -0.19381200 -0.14741150
v 0.31055800 -0.19350300 -0.14715950
v 0.31065800 -0.19444100 -0.15200350
v 0.30975800 -0.19447900 -0.15419850
v 0.30852300 -0.19447300 -0.15621250
v 0.30690100 -0.19421700 -0.15798750
v 0.30513600 -0.19447000 -0.15960650
v 0.30309600 -0.19425100 -0.16077450
v 0.31050400 -0.19404300 -0.15194750
v 0.30961400 -0.19405800 -0.15412550
v 0.30506900 -0.19406100 -0.15945550
v 0.30302500 -0.19397100 -0.16063450
v 0.30087600 -0.19405200 -0.16158650
v 0.30937300 -0.19375000 -0.15401950
v 0.30831300 -0.19395600 -0.15612050
v 0.30674800 -0.19388300 -0.15784350
v 0.31026600 -0.19375800 -0.15189550
v 0.30655300 -0.19363300 -0.15762250
v 0.30491400 -0.19376200 -0.15925950
v 0.30291900 -0.19374500 -0.16045950
v 0.30072900 -0.19368300 -0.16128450
v 0.30794100 -0.19356400 -0.15582250
v 0.30994800 -0.19354400 -0.15176750
v 0.30905700 -0.19353900 -0.15387950
v 0.30471400 -0.19354800 -0.15898450
v 0.30070000 -0.19347000 -0.16077850
v 0.30573600 -0.21874400 -0.15185450
v 0.29933500 -0.21874400 -0.15934850
v 0.30049300 -0.21874400 -0.15907050
v 0.30159300 -0.21874400 -0.15861550
v 0.30260800 -0.21874400 -0.15799350
v 0.30351300 -0.21874400 -0.15721950
v 0.30428700 -0.21874400 -0.15631450
v 0.30490900 -0.21874400 -0.15529950
v 0.30536500 -0.21874400 -0.15419850
v 0.30564300 -0.21874400 -0.15304150
v 0.30571700 -0.21933600 -0.15183850
v 0.30572600 -0.21922700 -0.12760950
v 0.30559200 -0.21956300 -0.15185350
v 0.30540100 -0.21972300 -0.15189950
v 0.30543400 -0.21969600 -0.12765150
v 0.29874400 -0.21978600 -0.15889850
v 0.30238000 -0.21977800 -0.15757850
v 0.29814900 -0.21928800 -0.15943250
v 0.19737600 -0.21927100 -0.15941950
v 0.29816600 -0.21954400 -0.15931550
v 0.19744200 -0.21963700 -0.15921750
v 0.19746600 -0.21977100 -0.15897750
v 0.29933300 -0.19392000 -0.15933550
v 0.30426000 -0.21939200 -0.15629550
v 0.30562900 -0.21933400 -0.15301450
v 0.30427400 -0.19393000 -0.15631150
v 0.30049700 -0.19395900 -0.15906050
v 0.30563000 -0.19395200 -0.15305550
v 0.30549700 -0.19366000 -0.15299550
v 0.29930300 -0.19362100 -0.15916050
v 0.30520700 -0.19346400 -0.15281250
v 0.30487500 -0.19345600 -0.15403750
v 0.30276700 -0.19345200 -0.15718450
v 0.30572300 -0.19391500 -0.15183350
v 0.29813500 -0.19395800 -0.15943450
v 0.30551300 -0.19358900 -0.15187850
v 0.29810900 -0.19365800 -0.15929350
v 0.29902000 -0.19349600 -0.15901150
v 0.29888500 -0.19345200 -0.15884650
v 0.30440900 -0.19346300 -0.15524350
v 0.30350600 -0.19390200 -0.15719850
v 0.30533500 -0.19385100 -0.15418450
v 0.30490000 -0.19391100 -0.15528050
v 0.30262000 -0.19390800 -0.15796350
v 0.30160500 -0.19390400 -0.15858950
v 0.30339900 -0.19367000 -0.15712150
v 0.30251700 -0.19367400 -0.15787750
v 0.30512400 -0.19357000 -0.15412050
v 0.30043400 -0.19364900 -0.15892450
v 0.30473400 -0.19362600 -0.15523350
v 0.30415000 -0.19364300 -0.15621550
v 0.30326100 -0.19351600 -0.15699150
v 0.30241400 -0.19352400 -0.15773450
v 0.30147000 -0.19359600 -0.15843550
v 0.30397200 -0.19349600 -0.15608550
v 0.30083200 -0.19346800 -0.15846950
v 0.19745100 -0.19346400 -0.12758050
v 0.19738500 -0.19400900 -0.12711450
v 0.19693300 -0.21925700 -0.12757950
v 0.19729200 -0.21929800 -0.12716150
v 0.19710000 -0.21930600 -0.12729450
v 0.19700400 -0.21947700 -0.12765250
v 0.19739100 -0.21977500 -0.12764850
v 0.19716500 -0.21965400 -0.12759150
v 0.19747600 -0.21928100 -0.12710950
v 0.19702900 -0.21943800 -0.12748150
v 0.19725800 -0.21956800 -0.12733450
v 0.19744100 -0.21956000 -0.12723850
v 0.19741500 -0.21972500 -0.12746750
v 0.19692900 -0.19396700 -0.12762350
v 0.19699700 -0.19393500 -0.12743850
v 0.19742200 -0.19361500 -0.12731350
v 0.19717600 -0.19357000 -0.12765050
v 0.19704700 -0.19371600 -0.12756650
v 0.19727100 -0.19356200 -0.12748450
v 0.19721100 -0.19377200 -0.12728150
v 0.19711600 -0.19395700 -0.12727550
v 0.19742300 -0.19381100 -0.12716150
v 0.30526200 -0.19398600 -0.12711550
v 0.30518100 -0.19371800 -0.12720950
v 0.30522400 -0.19346500 -0.12761250
v 0.30570000 -0.19402600 -0.12749450
v 0.30542900 -0.19354700 -0.12761250
v 0.30567800 -0.19384500 -0.12756850
v 0.30558300 -0.19367000 -0.12765650
v 0.30535000 -0.19379600 -0.12721450
v 0.30524600 -0.19356200 -0.12738550
v 0.30553100 -0.19391000 -0.12728150
v 0.30551700 -0.19368300 -0.12744750
v 0.19744100 -0.19396800 -0.15942950
v 0.19722400 -0.19401000 -0.15935050
v 0.19705200 -0.19398200 -0.15919950
v 0.19693100 -0.19394100 -0.15891350
v 0.19743500 -0.19374600 -0.15933850
v 0.19726900 -0.19380900 -0.15931950
v 0.19713400 -0.19375300 -0.15916150
v 0.19702200 -0.19379800 -0.15903350
v 0.19725100 -0.19358600 -0.15908450
v 0.19744800 -0.19357500 -0.15918850
v 0.19712800 -0.19359700 -0.15886650
v 0.19740700 -0.19346800 -0.15892650
v 0.19709600 -0.21927700 -0.15924750
v 0.19694100 -0.21928200 -0.15897550
v 0.19723000 -0.21971100 -0.15890950
v 0.19743900 -0.21948800 -0.15934450
v 0.19702900 -0.21949900 -0.15896050
v 0.19723700 -0.21964800 -0.15907550
v 0.19718900 -0.21949900 -0.15921450
v 0.30515700 -0.21957900 -0.12724550
v 0.30527300 -0.21927600 -0.12712150
v 0.30556300 -0.21958200 -0.12758450
v 0.30558000 -0.21924000 -0.12730550
v 0.30519900 -0.21977500 -0.12757850
v 0.30534400 -0.21967600 -0.12743750
v 0.30534800 -0.21948700 -0.12724050
v 0.30553300 -0.21942900 -0.12733850
v 0.30567100 -0.21940400 -0.12756850
v 0.30506000 -0.21978600 -0.15345450
v 0.30441900 -0.21977600 -0.15523150
v 0.30318300 -0.21976300 -0.15692950
v 0.30530500 -0.21972800 -0.15297350
v 0.29896600 -0.21971700 -0.15907950
v 0.30549100 -0.21957400 -0.15301250
v 0.29931800 -0.21956600 -0.15920250
v 0.29933100 -0.21933700 -0.15932950
v 0.30535900 -0.21927600 -0.15419450
v 0.30256900 -0.21932800 -0.15800050
v 0.30402700 -0.21970900 -0.15615150
v 0.30118600 -0.21978100 -0.15825850
v 0.30036800 -0.21974300 -0.15870550
v 0.30507600 -0.21970200 -0.15409850
v 0.30339200 -0.21961700 -0.15707750
v 0.30524600 -0.21954700 -0.15415450
v 0.30152800 -0.21963600 -0.15841950
v 0.30474200 -0.21961000 -0.15522450
v 0.30251500 -0.21960100 -0.15784750
v 0.30349400 -0.21932000 -0.15722050
v 0.30044400 -0.21958000 -0.15892950
v 0.30488400 -0.21932900 -0.15531350
v 0.30156300 -0.21932600 -0.15861250
v 0.30047900 -0.21928200 -0.15906650
v 0.29834800 -0.21872700 0.17111250
v 0.29623400 -0.21865700 0.17148250
v 0.19592100 -0.21832200 0.17194550
v 0.29628900 -0.21838800 0.17190650
v 0.29621900 -0.21796500 0.17218550
v 0.29626700 -0.21762500 0.17226950
v 0.30830700 -0.21874400 -0.12203850
v 0.30161100 -0.21874400 0.16733050
v 0.19802400 -0.21874400 0.16737750
v 0.19802400 -0.21874400 -0.12203850
v 0.30306400 -0.21874400 0.16700650
v 0.30416400 -0.21874400 0.16655050
v 0.30518000 -0.21874400 0.16592850
v 0.30608500 -0.21874400 0.16515450
v 0.30685800 -0.21874400 0.16424950
v 0.30748000 -0.21874400 0.16323450
v 0.30793600 -0.21874400 0.16213450
v 0.30826100 -0.21874400 0.16068150
v 0.30821400 -0.19345000 0.16097650
v 0.30830700 -0.19345000 0.15978950
v 0.30793600 -0.19345000 0.16213450
v 0.30748000 -0.19345000 0.16323450
v 0.30685800 -0.19345000 0.16424950
v 0.30608500 -0.19345000 0.16515450
v 0.30518000 -0.19345000 0.16592850
v 0.30416400 -0.19345000 0.16655050
v 0.30306400 -0.19345000 0.16700650
v 0.30190600 -0.19345000 0.16728350
v 0.30071900 -0.19345000 0.16737750
v 0.19802400 -0.19345000 -0.12203850
v 0.19802400 -0.19345000 0.16737750
v 0.30830700 -0.19345000 -0.12203850
v 0.19600200 -0.19346000 0.17115750
v 0.30350300 -0.19345600 0.16916550
v 0.31044500 -0.19348000 0.15707050
v 0.31065000 -0.19354900 -0.12219150
v 0.31080600 -0.19362500 0.15709750
v 0.31098100 -0.19376000 -0.12221250
v 0.31118200 -0.19395700 0.15714150
v 0.31132600 -0.19423500 -0.12220550
v 0.31140600 -0.19447100 0.15707150
v 0.31106600 -0.19471000 -0.12332350
v 0.31116500 -0.19396900 -0.12229950
v 0.31016300 -0.19368100 -0.12309250
v 0.31011300 -0.19390000 -0.12347150
v 0.31124400 -0.19458800 -0.12294950
v 0.31090900 -0.19481400 -0.12355750
v 0.30981400 -0.19541500 -0.12439450
v 0.30915400 -0.19571100 -0.12455250
v 0.30966200 -0.19456200 -0.12413150
v 0.31130400 -0.19433800 -0.12259350
v 0.31060300 -0.19501000 -0.12389350
v 0.31086200 -0.19426100 -0.12334350
v 0.31065200 -0.19433400 -0.12359550
v 0.31107700 -0.19414200 -0.12292550
v 0.31091200 -0.19381000 -0.12266650
v 0.31040600 -0.19457100 -0.12389450
v 0.31075100 -0.19366600 -0.12256850
v 0.31081900 -0.19392200 -0.12301650
v 0.31051800 -0.19371700 -0.12298150
v 0.31041400 -0.19398900 -0.12345650
v 0.31003600 -0.19474400 -0.12413850
v 0.30959300 -0.19490900 -0.12432050
v 0.30937500 -0.19528300 -0.12446250
v 0.31034100 -0.19353800 -0.12266950
v 0.30991100 -0.19426900 -0.12389050
v 0.31031400 -0.19514600 -0.12412250
v 0.31140600 -0.19460800 -0.12231550
v 0.31027400 -0.19346400 -0.12229450
v 0.31126600 -0.21752600 -0.12291450
v 0.31141000 -0.21760700 -0.12226750
v 0.30980800 -0.21668200 -0.12440450
v 0.31061600 -0.21717500 -0.12388450
v 0.31090200 -0.21738500 -0.12356250
v 0.31107600 -0.21748200 -0.12330850
v 0.19712500 -0.19567800 -0.12454850
v 0.19711700 -0.21650200 -0.12454950
v 0.19629800 -0.21695100 -0.12430150
v 0.19637300 -0.19526300 -0.12433350
v 0.19599200 -0.21704800 -0.12412850
v 0.19597000 -0.19520900 -0.12411950
v 0.19569300 -0.21718300 -0.12389350
v 0.19566300 -0.19508500 -0.12387250
v 0.19538700 -0.21737900 -0.12355750
v 0.19519800 -0.21741600 -0.12327750
v 0.19533300 -0.19474300 -0.12347850
v 0.19505900 -0.19474900 -0.12300950
v 0.19505200 -0.21760600 -0.12294950
v 0.19488400 -0.19457700 0.17114250
v 0.19599200 -0.19455900 0.17226350
v 0.19564700 -0.19456900 0.17217350
v 0.19517600 -0.21763000 0.17182550
v 0.19497400 -0.21768100 0.17148850
v 0.19600300 -0.19422900 0.17217850
v 0.19588300 -0.19389200 0.17195250
v 0.19547200 -0.19364000 0.17113050
v 0.19588300 -0.19366500 0.17168650
v 0.19599100 -0.19354200 0.17147650
v 0.19517900 -0.19389800 0.17117950
v 0.19569500 -0.19427600 0.17212050
v 0.19574100 -0.19353400 0.17126350
v 0.19535100 -0.19453400 0.17199450
v 0.19549200 -0.19413500 0.17194050
v 0.19548700 -0.19388800 0.17172350
v 0.19549700 -0.19370300 0.17143950
v 0.19515400 -0.19447700 0.17178350
v 0.19517600 -0.19417600 0.17164150
v 0.19517600 -0.19400800 0.17144350
v 0.19497300 -0.19455400 0.17149450
v 0.19496600 -0.19426100 0.17122450
v 0.19588000 -0.21865500 -0.12258750
v 0.19619200 -0.21841700 -0.12328450
v 0.19685200 -0.21711800 -0.12440150
v 0.19565200 -0.21864600 -0.12219950
v 0.19524800 -0.21838300 -0.12218350
v 0.19497300 -0.21796900 -0.12219950
v 0.19489000 -0.21758700 -0.12231150
v 0.19496400 -0.21774000 -0.12258850
v 0.19601900 -0.21857300 -0.12293750
v 0.19631600 -0.21823200 -0.12356350
v 0.19663400 -0.21764800 -0.12412050
v 0.19595500 -0.21823900 -0.12345350
v 0.19638300 -0.21792600 -0.12388850
v 0.19553300 -0.21851500 -0.12258650
v 0.19559800 -0.21837400 -0.12299650
v 0.19555800 -0.21805100 -0.12336450
v 0.19625100 -0.21746500 -0.12412850
v 0.19529200 -0.21832600 -0.12257750
v 0.19527800 -0.21808300 -0.12298850
v 0.19589000 -0.21762200 -0.12389450
v 0.19666600 -0.21669800 -0.12445150
v 0.19510100 -0.21808300 -0.12258250
v 0.19564100 -0.21785900 -0.12359450
v 0.19531800 -0.21769100 -0.12335450
v 0.19603300 -0.21873100 -0.12228750
v 0.19587900 -0.19353900 -0.12258750
v 0.19631500 -0.19429800 -0.12390650
v 0.19632700 -0.19395800 -0.12355950
v 0.19497400 -0.19422300 -0.12219650
v 0.19604100 -0.19346200 -0.12230250
v 0.19607600 -0.19361100 -0.12292250
v 0.19556400 -0.19358200 -0.12221050
v 0.19518300 -0.19388700 -0.12217850
v 0.19488700 -0.19460100 -0.12228250
v 0.19681600 -0.19502900 -0.12438050
v 0.19567400 -0.19375800 -0.12298150
v 0.19596400 -0.19394900 -0.12345350
v 0.19657500 -0.19455300 -0.12411950
v 0.19553500 -0.19367700 -0.12258550
v 0.19529200 -0.19386700 -0.12257550
v 0.19566500 -0.19413100 -0.12345050
v 0.19616500 -0.19483000 -0.12413550
v 0.19527800 -0.19405500 -0.12291850
v 0.19509100 -0.19411900 -0.12256850
v 0.19514100 -0.19435600 -0.12298250
v 0.19544600 -0.19440100 -0.12345550
v 0.19581500 -0.19469200 -0.12390050
v 0.19673500 -0.19545100 -0.12446650
v 0.19496400 -0.19445400 -0.12258950
v 0.19617700 -0.19378200 -0.12328950
v 0.31042200 -0.21865500 -0.12258350
v 0.30991100 -0.21790900 -0.12390250
v 0.30919500 -0.21649100 -0.12454850
v 0.31131800 -0.21797200 -0.12221850
v 0.31026300 -0.21872900 -0.12230950
v 0.31022100 -0.21858200 -0.12292150
v 0.30998300 -0.21822800 -0.12356750
v 0.31064700 -0.21864600 -0.12219250
v 0.31098900 -0.21842900 -0.12218950
v 0.31117100 -0.21821300 -0.12231250
v 0.31034200 -0.21823900 -0.12345450
v 0.31075300 -0.21852700 -0.12256650
v 0.31052000 -0.21847400 -0.12298450
v 0.31081900 -0.21833600 -0.12292250
v 0.31063200 -0.21806400 -0.12344550
v 0.31100500 -0.21832600 -0.12257550
v 0.30937000 -0.21691700 -0.12446150
v 0.31090300 -0.21791400 -0.12330750
v 0.31072700 -0.21770700 -0.12361150
v 0.31003700 -0.21745100 -0.12413750
v 0.31117400 -0.21807200 -0.12267250
v 0.31115500 -0.21783700 -0.12298250
v 0.31040600 -0.21762200 -0.12389450
v 0.31031700 -0.21704200 -0.12412250
v 0.30981000 -0.21714000 -0.12431950
v 0.31133200 -0.21774200 -0.12258550
v 0.30959700 -0.21749800 -0.12422150
v 0.31011800 -0.21841100 -0.12328950
v 0.31122900 -0.19457400 0.15947550
v 0.31067300 -0.21762600 0.16178550
v 0.30975000 -0.19446700 0.16398050
v 0.30697100 -0.21762800 0.16782650
v 0.30314000 -0.21761800 0.17061450
v 0.30092400 -0.19455400 0.17152650
v 0.29622500 -0.19457600 0.17227150
v 0.29860400 -0.19456000 0.17208250
v 0.30312500 -0.19457300 0.17062150
v 0.30697000 -0.19457500 0.16782450
v 0.30852500 -0.19456700 0.16600650
v 0.29860500 -0.19423200 0.17200450
v 0.31113900 -0.19421900 0.15946050
v 0.31093700 -0.19389200 0.15942850
v 0.29858600 -0.19389900 0.17180350
v 0.31065500 -0.19364300 0.15938350
v 0.29851500 -0.19359100 0.17144150
v 0.31020700 -0.19345900 0.15932850
v 0.29844700 -0.19345300 0.17097250
v 0.30768100 -0.19345700 0.16540950
v 0.30969600 -0.19347100 0.16156050
v 0.29626100 -0.19424500 0.17219050
v 0.29628900 -0.19381800 0.17191950
v 0.29613900 -0.19350800 0.17142250
v 0.30091200 -0.19422600 0.17144550
v 0.30513300 -0.19447500 0.16937750
v 0.30690200 -0.19421300 0.16775850
v 0.30844900 -0.19423100 0.16596750
v 0.31065500 -0.19447200 0.16180950
v 0.30961200 -0.19406700 0.16391150
v 0.31050400 -0.19405200 0.16173250
v 0.30082900 -0.19388300 0.17124950
v 0.30307800 -0.19414200 0.17051250
v 0.30827800 -0.19389900 0.16585850
v 0.30503900 -0.19395600 0.16916850
v 0.30676100 -0.19388400 0.16760450
v 0.30076800 -0.19364000 0.17096850
v 0.30293700 -0.19375000 0.17022950
v 0.30804800 -0.19364300 0.16567650
v 0.30937500 -0.19374900 0.16379150
v 0.31020300 -0.19368300 0.16158550
v 0.30654000 -0.19363300 0.16740950
v 0.30897100 -0.19349900 0.16360150
v 0.30062800 -0.19347100 0.17058650
v 0.30279700 -0.19353900 0.16991350
v 0.30474000 -0.19356400 0.16879650
v 0.30624500 -0.19347900 0.16717650
v 0.19488600 -0.21762100 0.17115850
v 0.19532300 -0.21844400 0.17114150
v 0.19600000 -0.21873000 0.17122550
v 0.31141300 -0.21762700 0.15713150
v 0.31133100 -0.21796100 0.15707150
v 0.31105100 -0.21838700 0.15715050
v 0.31053800 -0.21869500 0.15705150
v 0.19589900 -0.21763300 0.17225650
v 0.19546200 -0.21762100 0.17207750
v 0.19599600 -0.21796600 0.17217750
v 0.19502000 -0.21807300 0.17115950
v 0.19598600 -0.21857800 0.17163450
v 0.19565200 -0.21864700 0.17112550
v 0.19570000 -0.21795900 0.17210550
v 0.19537100 -0.21794900 0.17191250
v 0.19514100 -0.21795000 0.17164150
v 0.19509500 -0.21806600 0.17142850
v 0.19557600 -0.21831400 0.17179150
v 0.19539500 -0.21830300 0.17163150
v 0.19524300 -0.21829700 0.17139050
v 0.19568300 -0.21850400 0.17160550
v 0.19562000 -0.21857400 0.17139850
v 0.30171600 -0.21874100 0.17005850
v 0.30632100 -0.21872500 0.16705650
v 0.30829800 -0.21873900 0.16441850
v 0.31022300 -0.21873000 0.15932150
v 0.31074100 -0.21850100 0.15936650
v 0.29857000 -0.21850100 0.17158750
v 0.31105000 -0.21814200 0.15946650
v 0.29858100 -0.21815000 0.17190550
v 0.31121700 -0.21773800 0.15945550
v 0.29863200 -0.21773400 0.17207050
v 0.30516700 -0.21773700 0.16935550
v 0.30851100 -0.21762400 0.16602750
v 0.30065200 -0.21865200 0.17080450
v 0.30463100 -0.21871400 0.16855850
v 0.30906900 -0.21864600 0.16366550
v 0.30971900 -0.21871800 0.16154750
v 0.30652800 -0.21856100 0.16742850
v 0.30787900 -0.21865200 0.16557750
v 0.30082300 -0.21844400 0.17110750
v 0.30277600 -0.21862100 0.17002450
v 0.30478600 -0.21856100 0.16891050
v 0.31011500 -0.21855700 0.16159650
v 0.30503400 -0.21823900 0.16917350
v 0.30938600 -0.21844400 0.16376750
v 0.30085900 -0.21814200 0.17136650
v 0.30299600 -0.21830300 0.17035750
v 0.30676500 -0.21831000 0.16760850
v 0.30822300 -0.21838100 0.16581650
v 0.30960500 -0.21814200 0.16390650
v 0.31039500 -0.21829500 0.16171150
v 0.30691300 -0.21796100 0.16776850
v 0.30846100 -0.21795900 0.16595250
v 0.31059800 -0.21796000 0.16174550
v 0.30095800 -0.21772800 0.17150850
v 0.30309400 -0.21796000 0.17054250
v 0.30974700 -0.21771600 0.16399850
v -0.28520500 0.22837400 -0.16842250
v -0.28532300 0.22810100 -0.16848650
v 0.29263700 0.22881400 -0.16812450
v 0.29261600 0.22833400 -0.16844050
v 0.29266100 0.22858800 -0.16830650
v -0.28560100 -0.17638400 -0.16841050
v -0.28627600 0.22804500 -0.16770250
v -0.28611600 0.22804200 -0.16800150
v -0.28810700 0.23009400 -0.16291150
v -0.28810200 -0.17851000 -0.16292250
v -0.28843200 0.23008600 -0.16361250
v -0.28843300 -0.17841300 -0.16363650
v -0.28833500 0.23016400 -0.16328250
v -0.28730800 0.23110600 -0.16334350
v -0.28743500 0.23115700 -0.16361250
v -0.28732200 0.23116100 -0.16397950
v -0.28781800 0.23099500 -0.16399950
v -0.28755400 0.23110800 -0.16399650
v -0.28840800 0.23020800 -0.16396850
v -0.28824000 0.23059100 -0.16401050
v -0.28804600 0.23081600 -0.16402450
v -0.28741600 0.23008200 -0.16252450
v -0.28782300 0.23004400 -0.16267750
v -0.28761700 0.23040600 -0.16266650
v -0.28729900 0.23040500 -0.16259150
v -0.28788500 0.23032500 -0.16278450
v -0.28763400 0.23067600 -0.16284150
v -0.28817600 0.23035400 -0.16309650
v -0.28798600 0.23064300 -0.16309250
v -0.28772800 0.23085200 -0.16309250
v -0.28819100 0.23056400 -0.16333650
v -0.28794700 0.23083900 -0.16333750
v -0.28763400 0.23101900 -0.16332750
v -0.28784700 0.23099400 -0.16361850
v -0.28834900 0.23041400 -0.16362350
v -0.28814500 0.23074300 -0.16361850
v -0.28729300 0.23071200 -0.16277450
v -0.28736900 0.23097000 -0.16306750
v 0.29471700 0.23099300 -0.16309650
v 0.29522900 0.23008200 -0.16267350
v 0.29575300 0.23007400 -0.16325750
v 0.29483400 0.23112000 -0.16341250
v 0.29585100 0.23008500 -0.16362850
v 0.29584300 0.23009500 -0.16396150
v 0.29498800 0.23112600 -0.16382250
v 0.29524100 0.23100600 -0.16390350
v 0.29554000 0.23076500 -0.16390750
v 0.29575300 0.23041800 -0.16399350
v 0.29474200 0.23117900 -0.16389350
v 0.29505300 0.23102700 -0.16419050
v 0.29481100 0.23008800 -0.16251950
v 0.29482800 0.23039100 -0.16259750
v 0.29477200 0.23072000 -0.16278550
v 0.29518500 0.23045400 -0.16276450
v 0.29505000 0.23068400 -0.16285650
v 0.29528400 0.23075800 -0.16309250
v 0.29551200 0.23018000 -0.16291350
v 0.29500100 0.23091600 -0.16308550
v 0.29550500 0.23051200 -0.16309150
v 0.29521300 0.23094400 -0.16333750
v 0.29549800 0.23071100 -0.16333750
v 0.29568000 0.23037200 -0.16326150
v 0.29576900 0.23040800 -0.16361550
v 0.29526500 0.23099400 -0.16361850
v 0.29556300 0.23074300 -0.16361850
v 0.29545400 0.23075700 -0.16421850
v 0.29369000 0.22804100 -0.16771850
v 0.29505600 -0.17934600 -0.16420750
v 0.29291600 -0.17727800 -0.16783950
v 0.29360100 -0.17666100 -0.16775950
v 0.29584400 -0.17842100 -0.16395750
v 0.29535900 -0.17916300 -0.16420850
v 0.29560100 -0.17888700 -0.16422650
v 0.29255800 -0.17725100 -0.16798850
v 0.29274500 -0.17642000 -0.16848750
v 0.29329200 -0.17711300 -0.16772850
v 0.29344300 -0.17683600 -0.16788050
v 0.29344200 -0.17646700 -0.16809750
v 0.29262300 -0.17739200 -0.16771950
v 0.29272800 -0.17673900 -0.16839950
v 0.29281400 -0.17707300 -0.16814950
v 0.29315600 -0.17681700 -0.16817650
v 0.29320800 -0.17699700 -0.16798650
v 0.29313700 -0.17647800 -0.16833550
v 0.29366200 -0.17638300 -0.16778650
v 0.29263200 -0.17698800 -0.16825850
v 0.29473300 -0.17839700 -0.16251250
v -0.28740900 -0.17871900 -0.16259850
v 0.29472800 -0.17943200 -0.16334750
v 0.29474300 -0.17949700 -0.16362750
v 0.29471800 -0.17930000 -0.16306950
v 0.29469600 -0.17873500 -0.16259450
v -0.28729300 -0.17931800 -0.16309450
v 0.29481600 -0.17948000 -0.16396850
v 0.29524000 -0.17933100 -0.16389950
v 0.29554000 -0.17909000 -0.16390650
v 0.29576300 -0.17873300 -0.16395150
v 0.29584900 -0.17841000 -0.16360850
v 0.29479900 -0.17902400 -0.16277350
v 0.29526500 -0.17931900 -0.16361850
v 0.29498900 -0.17944100 -0.16361650
v 0.29556300 -0.17906700 -0.16361850
v 0.29576900 -0.17873200 -0.16361550
v 0.29505300 -0.17934600 -0.16333350
v 0.29536500 -0.17916300 -0.16333750
v 0.29557900 -0.17887500 -0.16324650
v 0.29576800 -0.17850500 -0.16333450
v 0.29500000 -0.17924500 -0.16308850
v 0.29528700 -0.17907700 -0.16308950
v 0.29564500 -0.17848300 -0.16307550
v 0.29511100 -0.17888400 -0.16279050
v 0.29535300 -0.17873500 -0.16285450
v 0.29539900 -0.17843500 -0.16279450
v 0.29493300 -0.17863400 -0.16259950
v 0.29507200 -0.17840400 -0.16259850
v -0.28772500 -0.17841500 -0.16263250
v -0.28832700 -0.17840000 -0.16323950
v -0.28738800 -0.17948400 -0.16395950
v -0.28782200 -0.17933100 -0.16390150
v -0.28812100 -0.17909000 -0.16390750
v -0.28833700 -0.17875900 -0.16391550
v -0.28763400 -0.17935200 -0.16419150
v -0.28794700 -0.17915300 -0.16422050
v -0.28841200 -0.17849600 -0.16399250
v -0.28739300 -0.17841300 -0.16251950
v -0.28763500 -0.17892100 -0.16278450
v -0.28782000 -0.17875000 -0.16278550
v -0.28796500 -0.17840900 -0.16278050
v -0.28735300 -0.17904300 -0.16278350
v -0.28786600 -0.17908200 -0.16309250
v -0.28758300 -0.17924100 -0.16308550
v -0.28808800 -0.17883400 -0.16309050
v -0.28738200 -0.17944400 -0.16339450
v -0.28779500 -0.17926900 -0.16333750
v -0.28808000 -0.17903500 -0.16333750
v -0.28826500 -0.17870400 -0.16328050
v -0.28747100 -0.17947500 -0.16363850
v -0.28784700 -0.17931900 -0.16361850
v -0.28835100 -0.17873300 -0.16361750
v -0.28814500 -0.17906700 -0.16361850
v -0.28624300 -0.17638200 -0.16778950
v -0.28551200 -0.17730800 -0.16776350
v -0.28574700 -0.17714200 -0.16784050
v -0.28818600 -0.17888500 -0.16422150
v -0.28549500 0.22895600 -0.16783750
v -0.28593700 0.22871700 -0.16776350
v -0.28617500 -0.17666900 -0.16776850
v -0.28596600 -0.17692100 -0.16788250
v -0.28521600 -0.17637500 -0.16850150
v -0.28521400 -0.17738500 -0.16773350
v -0.28512900 -0.17724500 -0.16799950
v -0.28602400 -0.17646600 -0.16809750
v -0.28575700 -0.17687300 -0.16812750
v -0.28571900 -0.17665600 -0.16827550
v -0.28531800 -0.17696300 -0.16826550
v -0.28529700 -0.17667900 -0.16842350
v -0.28543100 -0.17717700 -0.16802150
v 0.29326500 0.22806600 -0.16826150
v 0.29352500 0.22809500 -0.16800350
v 0.29297500 0.22803500 -0.16842350
v 0.29264400 0.22803200 -0.16850350
v 0.29359600 0.22834200 -0.16776450
v 0.29336100 0.22865700 -0.16783050
v 0.29302800 0.22893800 -0.16778750
v 0.29334600 0.22841600 -0.16807350
v 0.29295100 0.22833300 -0.16836850
v 0.29306400 0.22859900 -0.16816750
v 0.29288600 0.22883000 -0.16803050
v 0.29264200 0.22904900 -0.16777150
v -0.28519100 0.22902800 -0.16782150
v -0.28532000 0.22853300 -0.16833450
v -0.28533900 0.22876900 -0.16815050
v -0.28578900 0.22867400 -0.16798550
v -0.28573800 0.22849300 -0.16817550
v -0.28570000 0.22825900 -0.16831150
v -0.28579600 0.22805400 -0.16830650
v -0.28601600 0.22832500 -0.16802650
v -0.28617800 0.22832000 -0.16778450
v 0.19086200 -0.21943200 -0.12802350
v -0.31439900 -0.21938200 -0.12799550
v -0.31438200 -0.21941000 -0.12801150
v -0.31442200 -0.21932600 -0.12797250
v -0.31441000 -0.21935700 -0.12798450
v 0.19089400 -0.21938100 -0.15960550
v 0.19089400 -0.21938200 -0.12799550
v -0.31441000 -0.21935700 -0.12798450
v -0.31438200 -0.21941000 -0.12801250
v 0.19093000 -0.21926900 -0.12795950
v 0.19089300 -0.21938200 -0.12799550
v 0.19088800 -0.21937900 -0.12798450
v 0.19086300 -0.21943100 -0.15957550
v 0.19089400 -0.21938100 -0.15960550
v 0.19091600 -0.21932600 -0.15962850
v 0.19091600 -0.21932600 -0.15962850
v 0.19093000 -0.21926900 -0.15964250
v 0.19093000 -0.21926900 -0.15964250
v 0.19092300 -0.21930000 -0.15963550
v 0.19091600 -0.21932600 -0.15962850
v 0.19090500 -0.21935700 -0.15961650
v 0.19086300 -0.21943100 -0.15957550
v 0.19089400 -0.21938100 -0.15960550
v 0.19089300 -0.21938200 -0.12799550
v 0.19087700 -0.21941000 -0.12801250
v 0.19093000 -0.21926900 -0.12795950
v 0.19092300 -0.21930000 -0.12796650
v -0.31442200 -0.21932600 -0.12797250
v 0.19091600 -0.21932600 -0.12797250
v 0.19090500 -0.21935700 -0.12798450
v -0.31439900 -0.21938200 -0.12799550
v 0.19091600 -0.21932600 -0.15962850
v 0.19088000 -0.21940500 -0.15959250
v 0.19093000 -0.21926900 -0.12795950
v 0.19086200 -0.21943200 -0.12802650
v -0.31443500 -0.21926900 -0.12795950
v -0.31442800 -0.21930000 -0.12796650
v -0.31233600 -0.19161400 0.16864150
v -0.30421600 -0.19156000 0.17215250
v -0.31655200 -0.19159000 0.16283450
v -0.31763800 -0.19145900 0.15848050
v -0.30828800 -0.19156800 0.17113350
v -0.31474500 -0.19159400 0.16599050
v -0.31764100 0.24714800 0.15850850
v -0.31684300 0.24851800 0.15893650
v -0.30720900 0.24753600 0.17142750
v -0.30506500 0.24893200 0.17084150
v -0.30420500 0.24749100 0.17211950
v -0.31120200 0.24917400 0.16733950
v -0.31480700 0.24840600 0.16485950
v -0.31535900 0.24913700 0.16130950
v -0.30961800 0.24864500 0.16952550
v -0.31260500 0.24782200 0.16823250
v -0.31038300 0.24722700 0.17008850
v -0.31545300 0.24735500 0.16499050
v -0.31678100 0.24771000 0.16185250
v 0.30150000 0.24917700 0.16940950
v 0.31030700 0.24861800 0.16005750
v 0.31136700 0.24733500 0.15833550
v 0.29798200 0.24751500 0.17211150
v 0.30937000 0.24915500 0.15927050
v 0.29912400 0.24878600 0.17100150
v 0.30728500 0.24909700 0.16490150
v 0.30368200 0.24860300 0.16939550
v 0.30660800 0.24835100 0.16736350
v 0.30872000 0.24833500 0.16474650
v 0.30513500 0.24733500 0.16933750
v 0.30201000 0.24730100 0.17113450
v 0.31031000 0.24727200 0.16281550
v 0.30776400 0.24718000 0.16699250
v 0.30414100 -0.19161300 0.17003850
v 0.30091800 -0.19158700 0.17148250
v 0.29800000 -0.19159700 0.17214050
v 0.32453200 -0.15526300 0.12075350
v 0.31168500 0.22295200 0.13669350
v 0.31176100 0.22320900 -0.14006150
v 0.32453700 0.21099400 -0.12489950
v 0.32453500 -0.15502600 -0.12526850
v 0.32455000 0.21032900 0.12148450
v 0.31178600 -0.16691900 -0.14063350
v 0.31178100 -0.16744700 0.13575950
v 0.30775500 -0.19156000 -0.15720950
v 0.31026500 -0.19159500 -0.15312350
v -0.30715500 -0.19157100 -0.16172450
v -0.31654300 -0.19156800 -0.15310450
v 0.31137700 0.24714500 -0.14872850
v 0.30942400 0.24915700 -0.14912450
v 0.29767100 0.24879100 -0.16138050
v 0.31067500 0.24839100 -0.14920150
v 0.29806000 0.24741900 -0.16235150
v 0.30084100 0.24916300 -0.15983650
v 0.30585600 0.24915100 -0.15654150
v 0.30795400 0.24848800 -0.15583450
v 0.30180600 0.24842800 -0.16075250
v 0.30940100 0.24874900 -0.15275550
v 0.30585100 0.24847200 -0.15821050
v 0.30209100 0.24730100 -0.16132650
v 0.30513300 0.24732800 -0.15956050
v 0.30782400 0.24718500 -0.15715650
v 0.31025300 0.24732500 -0.15312950
v -0.30445300 0.24707600 -0.16237750
v -0.30547500 0.24913900 -0.16044650
v -0.31581800 0.24914300 -0.14943450
v -0.31706400 0.24823200 -0.14917950
v -0.30377500 0.24819200 -0.16201050
v -0.31764000 0.24711900 -0.14874750
v -0.30839600 0.24749300 -0.16126750
v -0.31172100 0.24913500 -0.15703050
v -0.30782400 0.24866100 -0.16058450
v -0.31552000 0.24870600 -0.15325350
v -0.31356400 0.24856400 -0.15656150
v -0.31106900 0.24837200 -0.15910750
v -0.31685800 0.24751800 -0.15199150
v -0.31538500 0.24725700 -0.15535250
v -0.31244900 0.24727200 -0.15880250
v -0.31771400 -0.16398100 -0.14133050
v -0.31768700 0.21993000 0.13784350
v -0.31772000 -0.16382900 0.13709650
v -0.31760600 0.22174600 -0.14608850
v -0.31767200 0.22187100 -0.14338850
v -0.31483600 -0.16283000 -0.14667550
v -0.31733000 -0.16305400 -0.14622550
v -0.31760500 0.22067000 -0.14276150
v -0.31765900 -0.16343400 -0.14378950
v -0.31767000 -0.16265400 -0.14263550
v -0.31763100 -0.16335200 -0.14618150
v -0.31763000 -0.16244000 -0.14717850
v -0.31725500 -0.16226400 -0.14693250
v -0.31766800 0.22110800 -0.14728750
v -0.31809900 -0.16486400 -0.13851050
v -0.31811300 -0.16227800 -0.13996150
v -0.31837700 -0.16599100 -0.13431550
v -0.31773600 -0.16784100 -0.13583650
v -0.32421700 -0.15280000 -0.12792250
v -0.32453000 -0.15539100 -0.12544950
v -0.32454600 -0.15379800 -0.12638550
v -0.32409100 -0.15735000 -0.12305450
v -0.32426200 0.20869200 -0.12782050
v -0.32397800 0.21330300 -0.12296650
v -0.32445500 0.21178400 -0.12446150
v -0.32455000 0.21013000 -0.12616650
v -0.31851000 0.22154600 -0.13382950
v -0.32422100 0.20854100 0.12375850
v -0.31814900 0.22047500 0.13428950
v -0.32453400 0.21112900 0.12127350
v -0.32454400 0.20956100 0.12223250
v -0.32408000 0.21312200 0.11884950
v -0.32397600 -0.15756800 0.11879250
v -0.32442600 -0.15374600 0.12305050
v -0.32454100 -0.15566000 0.12046850
v -0.31816100 -0.16235000 0.13565350
v -0.31787500 0.22301600 -0.13462150
v -0.31770600 0.22388500 -0.13686950
v -0.31771100 0.21918600 -0.14142150
v -0.31808800 0.22055400 -0.13859550
v -0.31814600 0.21788100 -0.13988750
v -0.31779900 0.22111000 0.13525750
v -0.31774100 0.22367000 0.13041750
v -0.31829400 0.22184900 0.13062050
v -0.31794800 0.21851200 0.13616550
v -0.31772000 -0.16790400 0.13262750
v -0.31807800 -0.16490500 0.13442250
v -0.31829800 -0.16611700 0.13044950
v 0.31136400 -0.19144600 0.15864350
v 0.30778000 -0.19159600 0.16695450
v 0.31025200 -0.19158400 0.16290550
v 0.31137400 -0.19145900 -0.14869850
v 0.29799300 -0.19162800 -0.16235950
v 0.30510400 -0.19160900 -0.15957650
v 0.30201200 -0.19156000 -0.16135950
v -0.31405100 -0.19161400 -0.15715350
v -0.30421600 -0.19156000 -0.16237850
v -0.31763100 -0.19143800 -0.14880350
v -0.31046100 -0.19161800 -0.16023650
v -0.30420700 -0.19241000 0.17172250
v -0.31712300 -0.19240400 0.15880350
v -0.30705100 -0.19240700 0.17107550
v -0.30918100 -0.19240700 0.17019350
v -0.31114600 -0.19240700 0.16898750
v -0.31290000 -0.19240700 0.16749150
v -0.31439700 -0.19240700 0.16573750
v -0.31560200 -0.19240700 0.16377150
v -0.31648500 -0.19240700 0.16164150
v -0.31756600 0.22178400 -0.14393850
v -0.31483600 0.22152600 -0.14593450
v -0.31483600 0.22125300 -0.14652850
v -0.31483600 0.22049500 -0.14696750
v -0.31705400 0.22047500 -0.14694950
v -0.31705600 0.22027600 -0.14692350
v -0.31483600 -0.16311300 -0.14421250
v -0.31705500 -0.16308200 -0.14423150
v -0.31483600 -0.16279800 -0.14339750
v -0.31483600 -0.16215500 -0.14299450
v -0.31483600 0.22051600 -0.14298150
v -0.31483600 0.22152600 -0.14399150
v -0.31483600 0.22130800 -0.14348250
v -0.31483600 0.22093900 -0.14315050
v -0.31757700 0.22144600 -0.14322850
v -0.31756700 -0.16211500 -0.14272550
v -0.31705500 -0.16306700 -0.14403450
v -0.31724900 -0.16310400 -0.14402850
v -0.31725100 -0.16305000 -0.14383250
v -0.31741300 -0.16315400 -0.14380050
v -0.31750200 -0.16299400 -0.14337950
v -0.31738000 -0.16316100 -0.14355450
v -0.31756800 -0.16262000 -0.14292850
v -0.31757100 -0.16306100 -0.14332750
v -0.31758800 0.22028300 -0.14724650
v -0.31757700 0.22128000 -0.14686450
v 0.29795600 -0.19240500 0.17171450
v 0.31086300 -0.19240700 0.15879450
v 0.30078500 -0.19240700 0.17107550
v 0.30291500 -0.19240700 0.17019150
v 0.30488100 -0.19240700 0.16898750
v 0.30663400 -0.19240700 0.16749050
v 0.30813100 -0.19240700 0.16573750
v 0.30933700 -0.19240700 0.16377150
v 0.31021900 -0.19240700 0.16164150
v 0.31085800 -0.19240500 -0.14903850
v 0.29794200 -0.19240100 -0.16193450
v 0.31021900 -0.19240700 -0.15186750
v 0.30933500 -0.19240700 -0.15399650
v 0.30813200 -0.19240700 -0.15596350
v 0.30663400 -0.19240700 -0.15771650
v 0.30488100 -0.19240700 -0.15921350
v 0.30291600 -0.19240700 -0.16041850
v 0.30078500 -0.19240700 -0.16130150
v -0.30420700 -0.19241000 -0.16194850
v -0.31713200 -0.19241000 -0.14902350
v -0.31648500 -0.19240700 -0.15186750
v -0.31560200 -0.19240700 -0.15399750
v -0.31439700 -0.19240700 -0.15596350
v -0.31290000 -0.19240700 -0.15771750
v -0.31114600 -0.19240700 -0.15921350
v -0.30918100 -0.19240700 -0.16041950
v -0.30705100 -0.19240700 -0.16130150
v 0.17342400 -0.14865000 0.08615150
v 0.17943900 -0.12424100 0.09477950
v 0.17910400 0.15170300 0.09787350
v 0.17863200 -0.12042700 0.09943650
v 0.17816900 0.15000300 0.10055550
v 0.17342700 0.16964900 0.10390150
v 0.17341000 0.18040200 0.08668050
v 0.17318300 0.17916600 0.09357350
v 0.17316300 0.17552300 0.09958250
v 0.17884000 0.15830600 0.09656550
v 0.17757300 0.15177300 0.10153450
v 0.17239800 0.18391900 -0.09124650
v 0.17327200 0.18071000 -0.08912850
v 0.17275400 0.17919400 -0.09909450
v 0.17330900 0.16475300 -0.10876050
v 0.17239700 0.17865600 -0.10340350
v 0.17239700 0.16365100 -0.11319050
v 0.17327500 0.17903100 -0.09555550
v 0.17328400 0.17510300 -0.10179150
v 0.17326000 0.17014100 -0.10621550
v 0.17344000 0.15803900 -0.10981850
v 0.17887500 0.16308800 -0.09473450
v 0.17884000 0.15830600 -0.09872150
v 0.17365500 -0.13301800 -0.10803350
v 0.17334900 -0.14044200 -0.10437350
v 0.17887200 -0.13129300 -0.09475350
v 0.17335500 -0.14859800 -0.09051750
v 0.17848700 -0.13773500 -0.08374650
v 0.17239800 -0.12746500 -0.11365050
v 0.17259400 -0.14110400 -0.10684150
v 0.17257600 -0.14866200 -0.09775550
v 0.17342200 -0.12604900 -0.10989250
v 0.17247600 -0.13345500 -0.11119750
v 0.17316500 -0.14528000 -0.09980150
v 0.17233800 -0.14787300 -0.10417950
v 0.17248700 -0.15127500 -0.09066050
v 0.17938800 -0.12145400 -0.09849250
v 0.17936200 -0.13358900 -0.08875050
v 0.17943000 -0.13385500 -0.08473950
v 0.17836900 -0.12608000 -0.10047250
v 0.17856700 -0.12028300 -0.10175350
v 0.17760600 -0.12001800 -0.10365950
v 0.17902900 0.15169800 -0.10043550
v 0.17941500 0.16551700 -0.08629550
v 0.17941800 0.15558600 -0.09734950
v 0.17881800 0.16862300 -0.08289850
v 0.17890700 0.16677400 -0.08889950
v 0.17806000 0.15460600 -0.10238950
v 0.17740200 0.15082900 -0.10402850
v 0.17237600 -0.15243700 0.08843150
v 0.17234100 0.17283600 0.10834550
v 0.17233900 0.18487700 0.09256350
v 0.17238900 -0.14694900 0.10120550
v 0.17239000 -0.13023700 0.11125250
v 0.17281300 -0.15008400 0.08904450
v 0.17314700 -0.14437700 0.09892750
v 0.17249200 -0.14029200 0.10564450
v 0.17283000 -0.13033400 0.10898650
v 0.17327500 -0.14724500 0.09337850
v 0.17343700 -0.13763200 0.10403350
v 0.17393600 -0.12810000 0.10664750
v 0.17321300 -0.19303100 0.13968150
v 0.17233400 -0.19165600 -0.14064750
v 0.17234400 -0.19158100 0.13846650
v 0.30901000 -0.19337600 0.16176050
v 0.16337500 -0.19337800 -0.15340150
v 0.17090000 -0.19340700 -0.14884050
v 0.17347900 -0.19338100 -0.14394650
v 0.16928200 -0.19340700 0.14830250
v 0.16405100 -0.19338500 0.15103950
v -0.31551100 -0.19341600 -0.15067950
v -0.31207300 -0.19329600 0.16695550
v 0.16135400 -0.19299100 0.15064750
v -0.28404000 -0.19262400 0.15029150
v 0.16115700 -0.19158900 0.14973050
v -0.28398000 -0.19149800 0.14971550
v -0.28388700 0.22694600 0.14953950
v -0.28640300 -0.19179600 0.14922850
v -0.28917500 -0.19158700 0.14794550
v -0.28906500 0.22604300 0.14789750
v -0.29144800 -0.19177600 0.14616050
v -0.29214200 0.22639900 0.14523850
v -0.29335100 -0.19152400 0.14375250
v -0.29511300 0.22575300 0.13833050
v -0.29511900 0.22578200 -0.14034150
v -0.29521600 -0.12723900 0.11139350
v -0.29528600 -0.15113900 -0.09226550
v -0.29520600 0.17563800 -0.10630150
v -0.29521400 0.18381900 -0.09181550
v -0.29519600 0.16101300 0.11146650
v -0.29515600 -0.14281900 0.10732350
v -0.29515000 -0.14785000 -0.10420650
v -0.29520100 -0.12996800 -0.11361750
v -0.29527800 -0.15125500 0.08940250
v -0.29542500 -0.14073300 -0.10699750
v -0.29537900 -0.14793000 -0.09960550
v -0.29740900 -0.12346600 -0.10800550
v -0.29701400 -0.12645500 -0.10843750
v -0.29666200 -0.13002400 -0.10834550
v -0.29635000 -0.13359000 -0.10764250
v -0.29631900 -0.13604800 -0.10684250
v -0.29620000 -0.13922000 -0.10517150
v -0.29613700 -0.14134200 -0.10357250
v -0.29609300 -0.14328000 -0.10171950
v -0.29608000 -0.14493700 -0.09960850
v -0.29607900 -0.14632700 -0.09733350
v -0.29610700 -0.14768000 -0.09401950
v -0.29617900 -0.14843900 -0.09052150
v -0.29624900 -0.14857800 -0.08792150
v -0.29720400 -0.12471600 -0.10823950
v -0.29565700 -0.12513300 -0.11150950
v -0.30222800 -0.12081200 0.09613950
v -0.30216400 -0.13029200 0.09160650
v -0.30161900 0.15270500 0.09877750
v -0.30144400 -0.12042600 0.09943550
v -0.30042700 -0.12006300 0.10148350
v -0.29741100 0.15526000 0.10585150
v -0.29615200 0.18019100 0.08867350
v -0.30170100 0.16805600 0.08396650
v -0.29609900 0.17932900 0.09231550
v -0.29607800 0.17783500 0.09571350
v -0.29608300 0.17630500 0.09804650
v -0.29634000 0.16742100 0.10483750
v -0.30118400 0.15789200 0.09831250
v -0.29690100 0.15936600 0.10631450
v -0.29609300 0.17450600 0.10016950
v -0.29615300 0.17161800 0.10260850
v -0.29626400 0.16917400 0.10404950
v -0.29626900 0.16494500 0.10562750
v -0.29671300 0.16148700 0.10623350
v -0.30039900 0.15181500 0.10151750
v -0.29715200 0.15701800 0.10617850
v -0.30214400 0.16583100 -0.08786150
v -0.30118500 0.15789700 -0.10045550
v -0.30038500 0.15177300 -0.10368950
v -0.30161900 0.16867900 -0.08274650
v -0.29608600 0.17902100 -0.09557950
v -0.29596400 0.17573800 -0.10151050
v -0.29630100 0.16809800 -0.10697450
v -0.29690000 -0.12757400 -0.10847350
v -0.29634000 -0.13562900 -0.10699550
v -0.29608300 -0.14451100 -0.10020150
v -0.29607900 -0.14603500 -0.09787550
v -0.29609800 -0.14753800 -0.09446950
v -0.29615800 -0.14839400 -0.09083450
v -0.30119700 -0.13792500 -0.08293750
v -0.29715100 -0.12522600 -0.10833650
v -0.29671300 -0.12969500 -0.10838950
v -0.30118300 -0.12608800 -0.10047550
v -0.29626600 -0.13317800 -0.10777850
v -0.29626400 -0.13738100 -0.10620650
v -0.30169600 -0.13132200 -0.09466050
v -0.29615300 -0.13983000 -0.10475950
v -0.29609100 -0.14271900 -0.10232150
v -0.30225000 -0.13182600 -0.08970650
v -0.30220200 -0.12146800 -0.09848650
v -0.30172400 -0.13499400 -0.08881950
v -0.30202200 -0.13548000 -0.08319350
v -0.30041900 -0.12001700 -0.10366050
v -0.30136700 -0.12028100 -0.10178750
v -0.30168400 0.16308600 -0.09475150
v -0.30221100 0.15214700 -0.09846150
v -0.30103500 0.15005800 -0.10260750
v -0.30221500 0.15945000 -0.09502150
v -0.30162300 0.15265800 -0.10093050
v -0.30223300 0.16560200 0.08317650
v -0.30205000 0.16166900 0.09255150
v -0.30221600 0.15230000 0.09625350
v -0.30101700 0.15001600 0.10048850
v -0.30225800 -0.13251100 0.08592750
v -0.30198200 -0.13567800 0.08032050
v -0.30171900 -0.13498100 0.08674450
v -0.30119700 -0.13791500 0.08082350
v -0.30118100 -0.12608200 0.09831550
v -0.29595800 -0.14466500 0.09851350
v -0.29608700 -0.14723900 0.09340050
v -0.29630200 -0.13630100 0.10482050
v -0.29623600 -0.14865600 0.08614650
v -0.29547900 -0.13614200 0.10728950
v -0.29619200 -0.12695700 0.10779950
v -0.29538200 -0.14511100 0.10138350
v -0.29720400 0.15650900 0.10608350
v -0.29566800 0.15687600 0.10932350
v -0.29573400 0.16579700 0.10746050
v -0.29528600 0.18311800 0.08837150
v -0.29531200 0.17413100 0.10426650
v -0.29529000 0.18001700 0.09757450
v -0.29701400 0.15824700 0.10628150
v -0.29666200 0.16181700 0.10619050
v -0.29645000 0.16531200 0.10554650
v -0.29631000 0.16784000 0.10468250
v -0.29619000 0.17101200 0.10301150
v -0.29613700 0.17313500 0.10141650
v -0.29609500 0.17507300 0.09956550
v -0.29608000 0.17673000 0.09745250
v -0.29607900 0.17811900 0.09517750
v -0.29610700 0.17947300 0.09186450
v -0.29617300 0.18023000 0.08836650
v -0.29625900 0.18037400 0.08576050
v -0.29599300 0.18091300 -0.08948050
v -0.29538800 0.18045800 -0.09776350
v -0.29652200 0.15853000 -0.10933150
v -0.29549300 0.16952700 -0.10868250
v -0.29517000 0.16208200 -0.11401150
v -0.29558600 0.15850500 -0.11173050
v -0.29382100 -0.19158600 -0.14501650
v -0.29213200 0.22598200 -0.14745650
v -0.28634500 0.22640500 -0.15123150
v -0.28398600 0.22688900 -0.15169750
v 0.16122000 0.22695600 -0.15167650
v 0.16086800 0.22978200 -0.14999450
v 0.15145000 0.23149700 0.11430650
v 0.13692500 0.23150200 -0.12986450
v 0.14213200 0.23155700 0.12806250
v -0.28936400 0.23154600 -0.14093150
v -0.25885300 0.23146800 -0.12951950
v -0.25625800 0.22856100 0.12114450
v -0.25838700 0.22764900 0.12002250
v 0.13347500 0.22713700 0.11977250
v -0.25937600 0.23150400 0.12781150
v -0.25825900 0.23063700 0.12439050
v 0.14367500 0.22728600 0.11094750
v 0.13064000 0.21092900 0.09998850
v 0.14274100 0.22828200 0.11627950
v 0.13801000 0.22802000 0.11954250
v 0.12369400 0.21090200 0.10649650
v 0.14405600 0.22768000 -0.11260050
v 0.12234800 0.21093700 -0.10902150
v 0.13435000 0.22736300 -0.12207750
v 0.12560900 0.21073800 -0.10779150
v 0.14040300 0.22827700 -0.12071250
v 0.14365400 0.22793300 -0.11583050
v -0.25372200 0.21112900 -0.10132550
v -0.25188100 0.21066400 -0.10479350
v -0.26626100 0.22801900 -0.11644950
v -0.24708700 0.21084600 -0.10845350
v -0.26425400 0.22827600 -0.11969950
v -0.25699000 0.22732600 -0.12204950
v -0.24366200 0.21061600 -0.10873550
v -0.25309200 0.21042800 0.09816050
v -0.25126500 0.20943100 -0.10129350
v -0.24436500 0.21038000 0.10630550
v -0.24979800 0.20905800 0.09928150
v -0.24959700 0.21069700 0.10474450
v -0.25229100 0.21072000 0.10197950
v -0.25366400 0.21110300 0.09929650
v -0.24480700 0.20911600 0.10365650
v -0.24963300 0.20952800 0.10257650
v -0.24701200 0.20967400 0.10459050
v -0.25165300 0.20963200 0.09989350
v -0.24605200 0.21097600 0.10668650
v 0.12279200 0.20904100 -0.10494350
v -0.24946700 0.20906800 -0.10251150
v -0.25280000 0.21028000 -0.10143150
v -0.24565200 0.20908900 -0.10541850
v -0.25093000 0.20985300 -0.10406950
v -0.24787800 0.20988900 -0.10677150
v -0.24436700 0.20961000 -0.10714550
v 0.12241400 0.20947400 -0.10684150
v 0.13040400 0.21057600 -0.10038750
v 0.12965300 0.21071800 -0.10387850
v 0.13089600 0.21113300 -0.10133450
v 0.12918200 0.20977000 -0.10108750
v 0.12688400 0.20952600 -0.10470150
v 0.12738200 0.20909800 -0.10138450
v 0.12845300 0.20943100 0.09913750
v 0.12851800 0.21064500 0.10318450
v 0.12621000 0.21069700 0.10517850
v 0.12998800 0.21028000 0.09927550
v 0.12242700 0.20906200 0.10302050
v 0.12667400 0.20905000 0.09975350
v 0.12045400 0.21048300 0.10647050
v 0.12667800 0.20941900 0.10235150
v 0.12235400 0.20948000 0.10462950
v -0.26301500 0.22822800 0.11848750
v -0.26557600 0.22821300 0.11591550
v -0.26655600 0.22738700 0.11118550
v -0.26924300 0.23148300 0.12276750
v -0.27428300 0.23149300 0.11346550
v -0.26147900 0.22919600 0.12088950
v -0.26843400 0.22973100 0.11470750
v -0.27102700 0.23061200 0.11057750
v -0.27091100 0.23096100 0.11617250
v -0.26475800 0.23065000 0.12199150
v -0.26673200 0.22991500 0.11809450
v -0.26816800 0.22887000 0.11086050
v -0.27386600 0.23146700 -0.11622950
v -0.26669100 0.22758500 -0.11354650
v -0.26910400 0.23148400 -0.12516050
v -0.27148700 0.23081200 -0.11500650
v -0.26872600 0.22932400 -0.11384150
v -0.26729200 0.22931300 -0.11787150
v -0.26553200 0.22984800 -0.12145550
v -0.26158700 0.22815900 -0.12143350
v -0.26590800 0.23097700 -0.12457250
v -0.25777700 0.23065500 -0.12671950
v -0.26987400 0.23054400 -0.11761450
v -0.26013200 0.23016000 -0.12515850
v -0.25606300 0.22948900 -0.12461250
v -0.25627800 0.22825400 -0.12301150
v 0.13404300 0.22874400 -0.12352250
v 0.14646900 0.23148400 -0.12490450
v 0.15145900 0.23149000 -0.11560450
v 0.13551900 0.23064100 -0.12655150
v 0.14025900 0.22976100 -0.12306650
v 0.14536800 0.22886400 -0.11259850
v 0.14362300 0.23097200 -0.12412950
v 0.14807700 0.23095400 -0.11830450
v 0.14432900 0.22989200 -0.11971350
v 0.14569200 0.22961100 -0.11598850
v 0.14822700 0.23062000 -0.11281350
v 0.14614100 0.23132000 0.12141750
v 0.13730100 0.23139400 0.12701350
v 0.14918400 0.23096700 0.11276350
v 0.14720600 0.23013100 0.11272350
v 0.14518300 0.22873400 0.11027850
v 0.14483500 0.22917100 0.11469750
v 0.14185000 0.22936400 0.11908550
v 0.13908700 0.22976500 0.12142050
v 0.13360400 0.22830100 0.12090150
v 0.14303400 0.23097500 0.12246050
v 0.14438000 0.23031700 0.11896550
v 0.13365300 0.23085500 0.12509450
v 0.13686600 0.23052400 0.12374650
v 0.13327800 0.22948700 0.12245350
v 0.17230600 0.22571800 0.13831750
v 0.16794500 0.22638000 0.14663850
v 0.16432900 0.22685400 0.14875350
v 0.16119800 0.22686900 0.14953750
v 0.17179500 0.22767500 0.13861650
v 0.16101100 0.22972600 0.14789150
v 0.17076600 0.22939000 0.13830750
v 0.16706300 0.23148700 0.13979050
v 0.17127700 0.22689700 0.14189350
v 0.16987100 0.22686800 0.14439050
v 0.16969500 0.22928100 0.14235950
v 0.16663700 0.22860300 0.14663550
v 0.16941500 0.23050100 0.13923850
v 0.16354000 0.22986800 0.14709150
v 0.16721800 0.23041400 0.14385450
v 0.16203400 0.23110000 0.14566050
v 0.16395300 0.23148600 0.14374150
v 0.17102500 0.22910200 -0.14036750
v 0.16683800 0.23152700 -0.14146950
v 0.16220700 0.23153200 -0.14601250
v 0.16917300 0.22675400 -0.14749050
v 0.17136500 0.22632600 -0.14405950
v 0.17224500 0.22652600 -0.14053550
v 0.16459400 0.22676800 -0.15081550
v 0.16708300 0.22645000 -0.14942650
v 0.17079500 0.22811700 -0.14388750
v 0.16404400 0.22907400 -0.14983050
v 0.16705400 0.22905200 -0.14801350
v 0.16878200 0.22959000 -0.14556150
v 0.16935700 0.23052300 -0.14167150
v 0.16448200 0.23007500 -0.14865350
v 0.16622500 0.23115400 -0.14520050
v 0.16174100 0.23115300 -0.14772450
v -0.28634400 0.23149800 -0.14607850
v -0.29424400 0.22856200 -0.14071450
v -0.29417500 0.22676600 -0.14391150
v -0.28926600 0.22627800 -0.14991050
v -0.28793700 0.22858300 -0.14975650
v -0.29155300 0.22841100 -0.14700550
v -0.29267400 0.22956300 -0.14364250
v -0.28972200 0.23038400 -0.14639250
v -0.28468400 0.22987700 -0.14981550
v -0.28443500 0.23113700 -0.14779150
v -0.29135500 0.23102000 -0.14165250
v -0.29461800 0.22770700 0.13843750
v -0.29353700 0.22942400 0.13837450
v -0.29181700 0.23074800 0.13931150
v -0.28373400 0.22940100 0.14814950
v -0.28510800 0.23069000 0.14644450
v -0.29044800 0.22768300 0.14637250
v -0.28700400 0.22696600 0.14877950
v -0.29407700 0.22686300 0.14195750
v -0.28674800 0.22933600 0.14746550
v -0.28961400 0.22978600 0.14526650
v -0.29171100 0.22950500 0.14337550
v -0.29288400 0.22929700 0.14139450
v -0.28458000 0.23152000 0.14430650
v -0.28891200 0.23115000 0.14302450
v -0.28955700 0.23152100 0.13990650
v -0.29513200 -0.19150900 0.13850250
v -0.29570700 -0.19263500 0.13864250
v -0.28646300 -0.19337600 0.15120950
v -0.29688200 -0.19339000 0.13942450
v -0.29458200 -0.19158300 0.14101850
v -0.29473000 -0.19256400 0.14221550
v -0.29339500 -0.19283400 0.14500650
v -0.28770900 -0.19283400 0.14957050
v -0.29504200 -0.19339300 0.14488750
v -0.29140800 -0.19303300 0.14755750
v -0.29517600 -0.19166600 -0.13942850
v -0.28397500 -0.19152600 -0.15187350
v -0.29619000 -0.19306900 -0.14072650
v -0.28406800 -0.19261100 -0.15242550
v -0.29215900 -0.19138100 -0.14752050
v -0.29490600 -0.19158400 -0.14216150
v -0.28738700 -0.19177400 -0.15105450
v -0.29070700 -0.19196800 -0.14911750
v -0.29382800 -0.19263200 -0.14624450
v -0.29192500 -0.19304500 -0.14941850
v -0.29511400 -0.19258900 -0.14323450
v -0.28528400 -0.19340000 -0.15362150
v -0.28778100 -0.19307000 -0.15202850
v -0.29214300 -0.19340600 -0.15046850
v -0.29627600 -0.19338400 -0.14403450
v 0.16120000 -0.19261600 -0.15244650
v -0.31716300 -0.19243700 0.15879150
v -0.30554000 -0.19340500 0.17019950
v -0.31573100 -0.19340700 0.15910650
v -0.30422100 -0.19244700 0.17176350
v -0.30705900 -0.19242000 0.17108950
v -0.30918100 -0.19240700 0.17019350
v -0.31290000 -0.19240700 0.16749150
v -0.31656700 -0.19248700 0.16168250
v -0.31117700 -0.19245200 0.16902950
v -0.31443900 -0.19245200 0.16576750
v -0.31563800 -0.19244100 0.16378950
v -0.30896400 -0.19309000 0.16953950
v -0.31398800 -0.19339500 0.16392050
v 0.31019200 -0.19309100 0.15872450
v 0.29809700 -0.19342400 0.17023350
v 0.29795100 -0.19244700 0.17176550
v 0.31085300 -0.19239900 0.15879850
v 0.30254400 -0.19334900 0.16909350
v 0.30652500 -0.19336500 0.16588250
v 0.30079100 -0.19244700 0.17112250
v 0.30292300 -0.19242300 0.17020850
v 0.30664700 -0.19242300 0.16750350
v 0.30490500 -0.19244100 0.16902050
v 0.30814600 -0.19242000 0.16574350
v 0.30935200 -0.19242000 0.16377550
v 0.31021900 -0.19240700 0.16164150
v 0.29794300 -0.19311300 -0.16122950
v 0.31090900 -0.19244700 -0.14903350
v 0.29794000 -0.19240700 -0.16194450
v 0.30235200 -0.19343400 -0.15925450
v 0.30917600 -0.19341400 -0.15099850
v 0.30705300 -0.19306100 -0.15637050
v 0.30938200 -0.19245200 -0.15402050
v 0.30491200 -0.19245200 -0.15925650
v 0.31026700 -0.19244700 -0.15187350
v 0.30813200 -0.19240700 -0.15596350
v 0.30663400 -0.19240700 -0.15771650
v 0.30291900 -0.19242000 -0.16043450
v 0.30079100 -0.19244700 -0.16134850
v -0.30404600 -0.19311000 -0.16125150
v -0.31710600 -0.19246900 -0.14955850
v -0.30421000 -0.19240400 -0.16194050
v -0.31720400 -0.19240700 -0.14732750
v -0.31649800 -0.19242000 -0.15187650
v -0.31439700 -0.19240700 -0.15596350
v -0.31115700 -0.19242300 -0.15922850
v -0.30707400 -0.19244700 -0.16134250
v -0.31290900 -0.19241700 -0.15772550
v -0.30918500 -0.19242000 -0.16043450
v -0.31563800 -0.19244100 -0.15401550
v -0.31363400 -0.19317900 -0.15570650
v -0.30986200 -0.19337700 -0.15865850
v -0.30596400 -0.19342700 -0.16010750
v 0.17143900 -0.19137900 -0.14410750
v 0.16936700 -0.19158800 -0.14753450
v 0.16458600 -0.19153100 -0.15100150
v 0.16113900 -0.19151900 -0.15188150
v 0.17336700 -0.19306500 -0.14076550
v 0.16716400 -0.19162700 -0.14953350
v 0.16482400 -0.19273000 -0.15161350
v 0.17194700 -0.19258400 -0.14431650
v 0.16774600 -0.19305100 -0.15033550
v 0.16997300 -0.19286300 -0.14805450
v 0.16717700 -0.19176400 0.14739850
v 0.17149600 -0.19176700 0.14196650
v 0.16456600 -0.19139200 0.14883850
v 0.16937500 -0.19158200 0.14537050
v 0.17142800 -0.19303100 0.14424050
v 0.16475800 -0.19258500 0.14934950
v 0.16852800 -0.19290500 0.14743050
v 0.17414600 -0.19342900 0.14114750
v 0.17245100 0.17839000 0.10103750
v 0.17328800 0.16458200 0.10670550
v 0.17264300 0.16994000 0.10645150
v 0.17260800 0.18266800 0.08810350
v 0.17288100 0.15772700 0.10924850
v 0.17405100 0.15759600 0.10663250
v 0.17238700 0.15853700 0.11172450
v 0.17941900 0.16559900 0.08247650
v 0.17919200 0.16246300 0.09190550
v 0.17941600 0.15469600 0.09544050
v 0.17890700 0.16677400 0.08674350
v 0.17881300 0.16866700 0.08057350
v 0.17813400 0.15463000 0.10011350
v 0.17931600 -0.12048700 0.09683750
v 0.17943000 -0.13224900 0.08650950
v 0.17887400 -0.13128800 0.09259250
v 0.17918200 -0.13563000 0.08036550
v 0.17890500 -0.13498900 0.08673750
v 0.17760500 -0.12000600 0.10150850
v 0.17838700 -0.13790700 0.08087350
v 0.17836900 -0.12608300 0.09831550
v 0.12254200 -0.12438000 0.14987950
v -0.21783400 -0.12437600 0.14983650
v -0.21783400 0.17685100 0.14983550
v 0.12253600 0.17685100 0.14983550
v -0.21822500 -0.12819900 0.14574050
v -0.21869200 -0.12790200 0.14731850
v -0.21855400 -0.12487200 0.14976050
v -0.21860200 -0.12601300 0.14944550
v -0.22165700 -0.12478000 0.14635050
v -0.22132700 -0.12517400 0.14464250
v -0.21865800 -0.12753900 0.14402650
v -0.22044000 -0.12521500 0.14331650
v -0.21885600 -0.12656500 0.14303850
v -0.22019700 -0.12508200 0.14901950
v -0.21857400 -0.12719400 0.14853150
v -0.21983500 -0.12675400 0.14831850
v -0.22113500 -0.12527000 0.14785250
v -0.22035600 -0.12711100 0.14708950
v -0.21985300 -0.12762800 0.14538350
v -0.22131600 -0.12601900 0.14595550
v -0.22031700 -0.12665300 0.14417950
v -0.20938100 -0.11404800 0.13528750
v -0.20786300 -0.11550200 0.13514650
v -0.20826600 -0.11445300 0.13485350
v 0.11255100 -0.11495200 0.13489550
v 0.11376600 -0.11443600 0.13512850
v 0.12409100 -0.12520500 0.14264150
v 0.11411000 0.16652000 0.13530250
v 0.11257600 0.16794900 0.13513450
v 0.12325300 0.17847800 0.14263450
v 0.12337200 0.18062600 0.14632250
v 0.12353600 0.18036900 0.14480550
v 0.12329200 0.17963900 0.14351550
v 0.12511900 0.17739700 0.14324450
v 0.12386100 0.17991000 0.14807050
v 0.12541500 0.17752800 0.14855750
v 0.12613600 0.17766700 0.14488350
v 0.12318500 0.17775500 0.14973050
v 0.12311000 0.17924600 0.14896750
v 0.12439400 0.17796400 0.14924450
v 0.12534100 0.17828700 0.14824150
v 0.12506500 0.17957300 0.14696950
v 0.12623700 0.17790800 0.14667050
v 0.12526000 0.17950600 0.14541450
v 0.12477000 0.17896300 0.14367350
v -0.20796100 0.16747200 0.13492250
v -0.22003600 0.17780200 0.14301450
v -0.21864700 0.17960100 0.14342250
v -0.22165700 0.17731000 0.14571550
v -0.22133500 0.17768400 0.14743950
v -0.21881200 0.18047200 0.14692150
v -0.22031300 0.17914600 0.14422850
v -0.21894400 0.18049000 0.14518250
v -0.22099400 0.17757600 0.14397750
v -0.22041100 0.17969900 0.14600650
v -0.22126900 0.17862500 0.14568950
v -0.22017700 0.17937400 0.14777550
v -0.21847000 0.17976500 0.14849950
v -0.22066600 0.17759000 0.14852850
v -0.21859800 0.17839300 0.14947550
v -0.21978500 0.17797800 0.14919150
v -0.21854700 0.17733600 0.14976550
v 0.11296200 0.16691400 0.13484850
v -0.20918700 0.16664500 0.13517350
v 0.12345800 -0.12673300 0.14315050
v 0.12538400 -0.12587400 0.14388150
v 0.12314300 -0.12785600 0.14446350
v 0.12633500 -0.12513400 0.14572950
v 0.12316200 -0.12810500 0.14684450
v 0.12604500 -0.12524000 0.14739950
v 0.12350900 -0.12729300 0.14836950
v 0.12538800 -0.12509300 0.14851150
v 0.12330200 -0.12592100 0.14949550
v 0.12431200 -0.12728400 0.14426850
v 0.12544500 -0.12678000 0.14536650
v 0.12535600 -0.12656900 0.14753150
v 0.12457300 -0.12767200 0.14624250
v 0.12418900 -0.12549900 0.14939650
v 0.12550900 -0.12470600 0.14362950
v 0.19802700 -0.19441100 0.16716450
v 0.19802400 -0.19441100 0.16712450
v 0.19802400 -0.21928500 0.16712450
v 0.19802700 -0.21928500 0.16716450
v 0.19803700 -0.21928500 0.16720250
v 0.19803700 -0.19441100 0.16720250
v 0.19805200 -0.21928500 0.16723950
v 0.19805200 -0.19441100 0.16723950
v 0.19807300 -0.21928500 0.16727350
v 0.19807300 -0.19441100 0.16727350
v 0.19809800 -0.21928500 0.16730350
v 0.19809800 -0.19441100 0.16730350
v 0.19812800 -0.21928500 0.16732850
v 0.19812800 -0.19441100 0.16732850
v 0.19816200 -0.21928500 0.16734950
v 0.19816200 -0.19441100 0.16734950
v 0.19819900 -0.21928500 0.16736550
v 0.19819900 -0.19441100 0.16736550
v 0.19823700 -0.21928500 0.16737450
v 0.19823700 -0.19441100 0.16737450
v 0.19827700 -0.21928500 0.16737750
v 0.19827700 -0.19441100 0.16737750
v 0.30071900 -0.21928500 0.16737750
v 0.30071900 -0.19441100 0.16737750
v 0.19827700 -0.19437100 0.16737450
v 0.30071900 -0.19437100 0.16737450
v 0.30071900 -0.19433300 0.16736450
v 0.19827700 -0.19433300 0.16736550
v 0.30071900 -0.19429600 0.16734950
v 0.19827700 -0.19429600 0.16734950
v 0.30071900 -0.19426200 0.16732850
v 0.19827700 -0.19426200 0.16732850
v 0.30071900 -0.19423200 0.16730350
v 0.19827700 -0.19423200 0.16730350
v 0.30071900 -0.19420700 0.16727350
v 0.19827700 -0.19420700 0.16727350
v 0.30071900 -0.19418600 0.16723950
v 0.19827700 -0.19418600 0.16723950
v 0.30071900 -0.19417100 0.16720250
v 0.19827700 -0.19417100 0.16720250
v 0.30071900 -0.19416100 0.16716450
v 0.19827700 -0.19416100 0.16716450
v 0.30071900 -0.19415800 0.16712450
v 0.19827700 -0.19415800 0.16712450
v 0.19827700 -0.19415800 -0.12178550
v 0.30805500 -0.19415800 -0.12178550
v 0.30805500 -0.19415800 0.15978950
v 0.30186700 -0.19415800 0.16703450
v 0.30298600 -0.19415800 0.16676550
v 0.30404900 -0.19415800 0.16632450
v 0.30503100 -0.19415800 0.16572350
v 0.30590600 -0.19415800 0.16497650
v 0.30665400 -0.19415800 0.16410050
v 0.30725500 -0.19415800 0.16311950
v 0.30769600 -0.19415800 0.16205550
v 0.30796400 -0.19415800 0.16093650
v 0.19802700 -0.19437100 -0.12178550
v 0.19802400 -0.19441100 -0.12178550
v 0.19802700 -0.19437100 0.16712450
v 0.19803700 -0.19433300 0.16712450
v 0.19803700 -0.19433300 -0.12178550
v 0.19805200 -0.19429600 0.16712450
v 0.19805200 -0.19429600 -0.12178550
v 0.19807300 -0.19426200 0.16712450
v 0.19807300 -0.19426200 -0.12178550
v 0.19809800 -0.19423200 0.16712450
v 0.19809800 -0.19423200 -0.12178550
v 0.19812800 -0.19420700 0.16712450
v 0.19812800 -0.19420700 -0.12178550
v 0.19816200 -0.19418600 0.16712450
v 0.19816200 -0.19418600 -0.12178550
v 0.19819900 -0.19417100 0.16712450
v 0.19819900 -0.19417100 -0.12178550
v 0.19823700 -0.19416100 0.16712450
v 0.19823700 -0.19416100 -0.12178550
v 0.19827100 -0.19437200 -0.12203550
v 0.19826500 -0.19437400 -0.12203550
v 0.19825900 -0.19437600 -0.12203550
v 0.19825400 -0.19437900 -0.12203550
v 0.19824900 -0.19438300 -0.12203550
v 0.19824500 -0.19438800 -0.12203550
v 0.19824200 -0.19439300 -0.12203550
v 0.19824000 -0.19439900 -0.12203550
v 0.19823800 -0.19440500 -0.12203550
v 0.19826500 -0.19433400 -0.12202650
v 0.19820000 -0.19439900 -0.12202650
v 0.19825900 -0.19429800 -0.12201150
v 0.19816400 -0.19439300 -0.12201150
v 0.19825400 -0.19426400 -0.12199050
v 0.19813000 -0.19438800 -0.12199050
v 0.19824900 -0.19423400 -0.12196450
v 0.19810100 -0.19438300 -0.12196450
v 0.19824500 -0.19420900 -0.12193450
v 0.19807500 -0.19437900 -0.12193450
v 0.19824200 -0.19418900 -0.12190050
v 0.19805500 -0.19437600 -0.12190050
v 0.19824000 -0.19417400 -0.12186450
v 0.19804000 -0.19437400 -0.12186450
v 0.19823800 -0.19416400 -0.12182550
v 0.19803000 -0.19437200 -0.12182550
v 0.19820000 -0.19417400 -0.12182550
v 0.19816400 -0.19418900 -0.12182550
v 0.19813000 -0.19420900 -0.12182550
v 0.19810100 -0.19423400 -0.12182550
v 0.19807500 -0.19426400 -0.12182550
v 0.19805500 -0.19429800 -0.12182550
v 0.19804000 -0.19433400 -0.12182550
v 0.19827700 -0.19437100 -0.12203550
v 0.19827700 -0.19441100 -0.12203850
v 0.19823700 -0.19441100 -0.12203550
v 0.19827700 -0.19433300 -0.12202650
v 0.19819900 -0.19441100 -0.12202650
v 0.19827700 -0.19429600 -0.12201150
v 0.19816200 -0.19441100 -0.12201150
v 0.19827700 -0.19426200 -0.12199050
v 0.19812800 -0.19441100 -0.12199050
v 0.19827700 -0.19423200 -0.12196450
v 0.19809800 -0.19441100 -0.12196450
v 0.19827700 -0.19420700 -0.12193450
v 0.19807300 -0.19441100 -0.12193450
v 0.19827700 -0.19418600 -0.12190050
v 0.19805200 -0.19441100 -0.12190050
v 0.19827700 -0.19417100 -0.12186450
v 0.19803700 -0.19441100 -0.12186450
v 0.19827700 -0.19416100 -0.12182550
v 0.19802700 -0.19441100 -0.12182550
v 0.19825300 -0.19433700 -0.12202650
v 0.19824200 -0.19434200 -0.12202650
v 0.19823100 -0.19434800 -0.12202650
v 0.19822200 -0.19435600 -0.12202650
v 0.19821400 -0.19436500 -0.12202650
v 0.19820800 -0.19437600 -0.12202650
v 0.19820300 -0.19438700 -0.12202650
v 0.19824200 -0.19430200 -0.12201150
v 0.19822500 -0.19430900 -0.12201150
v 0.19821000 -0.19431800 -0.12201150
v 0.19819600 -0.19433000 -0.12201150
v 0.19818400 -0.19434400 -0.12201150
v 0.19817500 -0.19435900 -0.12201150
v 0.19816800 -0.19437600 -0.12201150
v 0.19823100 -0.19427000 -0.12199050
v 0.19821000 -0.19427900 -0.12199050
v 0.19819000 -0.19429100 -0.12199050
v 0.19817200 -0.19430600 -0.12199050
v 0.19815700 -0.19432400 -0.12199050
v 0.19814500 -0.19434400 -0.12199050
v 0.19813600 -0.19436500 -0.12199050
v 0.19822200 -0.19424100 -0.12196450
v 0.19819600 -0.19425200 -0.12196450
v 0.19817200 -0.19426600 -0.12196450
v 0.19815100 -0.19428500 -0.12196450
v 0.19813300 -0.19430600 -0.12196450
v 0.19811800 -0.19433000 -0.12196450
v 0.19810700 -0.19435600 -0.12196450
v 0.19821400 -0.19421700 -0.12193450
v 0.19818400 -0.19422900 -0.12193450
v 0.19815700 -0.19424600 -0.12193450
v 0.19813300 -0.19426600 -0.12193450
v 0.19811200 -0.19429100 -0.12193450
v 0.19809500 -0.19431800 -0.12193450
v 0.19808300 -0.19434800 -0.12193450
v 0.19820800 -0.19419700 -0.12190050
v 0.19817500 -0.19421000 -0.12190050
v 0.19814500 -0.19422900 -0.12190050
v 0.19811800 -0.19425200 -0.12190050
v 0.19809500 -0.19427900 -0.12190050
v 0.19807600 -0.19430900 -0.12190050
v 0.19806300 -0.19434200 -0.12190050
v 0.19820300 -0.19418200 -0.12186450
v 0.19816800 -0.19419700 -0.12186450
v 0.19813600 -0.19421700 -0.12186450
v 0.19810700 -0.19424100 -0.12186450
v 0.19808300 -0.19427000 -0.12186450
v 0.19806300 -0.19430200 -0.12186450
v 0.19804800 -0.19433700 -0.12186450
v 0.19827700 -0.21928500 -0.12203850
v 0.19823700 -0.21928500 -0.12203550
v 0.19819900 -0.21928500 -0.12202650
v 0.19816200 -0.21928500 -0.12201150
v 0.19812800 -0.21928500 -0.12199050
v 0.19809800 -0.21928500 -0.12196450
v 0.19807300 -0.21928500 -0.12193450
v 0.19805200 -0.21928500 -0.12190050
v 0.19803700 -0.21928500 -0.12186450
v 0.19802700 -0.21928500 -0.12182550
v 0.19802400 -0.21928500 -0.12178550
v 0.19823800 -0.21953200 -0.12182550
v 0.19820000 -0.21952200 -0.12182550
v 0.19816400 -0.21950800 -0.12182550
v 0.19813000 -0.21948700 -0.12182550
v 0.19810100 -0.21946200 -0.12182550
v 0.19807500 -0.21943200 -0.12182550
v 0.19805500 -0.21939800 -0.12182550
v 0.19804000 -0.21936200 -0.12182550
v 0.19803000 -0.21932400 -0.12182550
v 0.19824000 -0.21952200 -0.12186450
v 0.19804000 -0.21932300 -0.12186450
v 0.19824200 -0.21950800 -0.12190050
v 0.19805500 -0.21932000 -0.12190050
v 0.19824500 -0.21948700 -0.12193450
v 0.19807500 -0.21931700 -0.12193450
v 0.19824900 -0.21946200 -0.12196450
v 0.19810100 -0.21931300 -0.12196450
v 0.19825400 -0.21943200 -0.12199050
v 0.19813000 -0.21930800 -0.12199050
v 0.19825900 -0.21939800 -0.12201150
v 0.19816400 -0.21930300 -0.12201150
v 0.19826500 -0.21936200 -0.12202650
v 0.19820000 -0.21929700 -0.12202650
v 0.19827100 -0.21932400 -0.12203550
v 0.19823800 -0.21929100 -0.12203550
v 0.19826500 -0.21932300 -0.12203550
v 0.19825900 -0.21932000 -0.12203550
v 0.19825400 -0.21931700 -0.12203550
v 0.19824900 -0.21931300 -0.12203550
v 0.19824500 -0.21930800 -0.12203550
v 0.19824200 -0.21930300 -0.12203550
v 0.19824000 -0.21929700 -0.12203550
v 0.19827700 -0.21953500 -0.12182550
v 0.19827700 -0.21953800 -0.12178550
v 0.19823700 -0.21953500 -0.12178550
v 0.19819900 -0.21952500 -0.12178550
v 0.19816200 -0.21951000 -0.12178550
v 0.19812800 -0.21948900 -0.12178550
v 0.19809800 -0.21946400 -0.12178550
v 0.19807300 -0.21943400 -0.12178550
v 0.19805200 -0.21940000 -0.12178550
v 0.19803700 -0.21936300 -0.12178550
v 0.19802700 -0.21932500 -0.12178550
v 0.19827700 -0.21952500 -0.12186450
v 0.19827700 -0.21951000 -0.12190050
v 0.19827700 -0.21948900 -0.12193450
v 0.19827700 -0.21946400 -0.12196450
v 0.19827700 -0.21943400 -0.12199050
v 0.19827700 -0.21940000 -0.12201150
v 0.19827700 -0.21936300 -0.12202650
v 0.19827700 -0.21932500 -0.12203550
v 0.19820300 -0.21951400 -0.12186450
v 0.19816800 -0.21949900 -0.12186450
v 0.19813600 -0.21948000 -0.12186450
v 0.19810700 -0.21945500 -0.12186450
v 0.19808300 -0.21942600 -0.12186450
v 0.19806300 -0.21939400 -0.12186450
v 0.19804800 -0.21935900 -0.12186450
v 0.19820800 -0.21949900 -0.12190050
v 0.19817500 -0.21948600 -0.12190050
v 0.19814500 -0.21946700 -0.12190050
v 0.19811800 -0.21944400 -0.12190050
v 0.19809500 -0.21941700 -0.12190050
v 0.19807600 -0.21938700 -0.12190050
v 0.19806300 -0.21935500 -0.12190050
v 0.19821400 -0.21948000 -0.12193450
v 0.19818400 -0.21946700 -0.12193450
v 0.19815700 -0.21945000 -0.12193450
v 0.19813300 -0.21943000 -0.12193450
v 0.19811200 -0.21940500 -0.12193450
v 0.19809500 -0.21937800 -0.12193450
v 0.19808300 -0.21934800 -0.12193450
v 0.19822200 -0.21945500 -0.12196450
v 0.19819600 -0.21944400 -0.12196450
v 0.19817200 -0.21943000 -0.12196450
v 0.19815100 -0.21941100 -0.12196450
v 0.19813300 -0.21939000 -0.12196450
v 0.19811800 -0.21936600 -0.12196450
v 0.19810700 -0.21934000 -0.12196450
v 0.19823100 -0.21942600 -0.12199050
v 0.19821000 -0.21941700 -0.12199050
v 0.19819000 -0.21940500 -0.12199050
v 0.19817200 -0.21939000 -0.12199050
v 0.19815700 -0.21937200 -0.12199050
v 0.19814500 -0.21935200 -0.12199050
v 0.19813600 -0.21933100 -0.12199050
v 0.19824200 -0.21939400 -0.12201150
v 0.19822500 -0.21938700 -0.12201150
v 0.19821000 -0.21937800 -0.12201150
v 0.19819600 -0.21936600 -0.12201150
v 0.19818400 -0.21935200 -0.12201150
v 0.19817500 -0.21933700 -0.12201150
v 0.19816800 -0.21932000 -0.12201150
v 0.19825300 -0.21935900 -0.12202650
v 0.19824200 -0.21935500 -0.12202650
v 0.19823100 -0.21934800 -0.12202650
v 0.19822200 -0.21934000 -0.12202650
v 0.19821400 -0.21933100 -0.12202650
v 0.19820800 -0.21932000 -0.12202650
v 0.19820300 -0.21930900 -0.12202650
v 0.19802700 -0.21932500 0.16712450
v 0.19803700 -0.21936300 0.16712450
v 0.19805200 -0.21940000 0.16712450
v 0.19807300 -0.21943400 0.16712450
v 0.19809800 -0.21946400 0.16712450
v 0.19812800 -0.21948900 0.16712450
v 0.19816200 -0.21951000 0.16712450
v 0.19819900 -0.21952500 0.16712450
v 0.19823700 -0.21953500 0.16712450
v 0.19827700 -0.21953800 0.16712450
v 0.30071900 -0.21953800 0.16712450
v 0.30805500 -0.21953800 0.15978950
v 0.30805500 -0.21953800 -0.12178550
v 0.30796400 -0.21953800 0.16093650
v 0.30769600 -0.21953800 0.16205550
v 0.30725500 -0.21953800 0.16311950
v 0.30665400 -0.21953800 0.16410050
v 0.30590600 -0.21953800 0.16497650
v 0.30503100 -0.21953800 0.16572350
v 0.30404900 -0.21953800 0.16632450
v 0.30298600 -0.21953800 0.16676550
v 0.30186700 -0.21953800 0.16703450
v 0.30830400 -0.21932500 -0.12178550
v 0.30830700 -0.21928500 -0.12178550
v 0.30830700 -0.21928500 0.15978950
v 0.30830400 -0.21932500 0.15978950
v 0.30829500 -0.21936300 0.15978950
v 0.30829500 -0.21936300 -0.12178550
v 0.30828000 -0.21940000 0.15978950
v 0.30828000 -0.21940000 -0.12178550
v 0.30825900 -0.21943400 0.15978950
v 0.30825900 -0.21943400 -0.12178550
v 0.30823300 -0.21946400 0.15978950
v 0.30823300 -0.21946400 -0.12178550
v 0.30820400 -0.21948900 0.15978950
v 0.30820300 -0.21948900 -0.12178550
v 0.30816900 -0.21951000 0.15978950
v 0.30816900 -0.21951000 -0.12178550
v 0.30813300 -0.21952500 0.15978950
v 0.30813300 -0.21952500 -0.12178550
v 0.30809500 -0.21953500 0.15978950
v 0.30809400 -0.21953500 -0.12178550
v 0.30830700 -0.19441100 0.15978950
v 0.30830700 -0.19441100 -0.12178550
v 0.30830400 -0.19441100 -0.12182550
v 0.30830400 -0.21928500 -0.12182550
v 0.30829500 -0.21928500 -0.12186450
v 0.30829500 -0.19441100 -0.12186450
v 0.30828000 -0.21928500 -0.12190050
v 0.30828000 -0.19441100 -0.12190050
v 0.30825900 -0.21928500 -0.12193450
v 0.30825900 -0.19441100 -0.12193450
v 0.30823300 -0.21928500 -0.12196450
v 0.30823300 -0.19441100 -0.12196450
v 0.30820300 -0.21928500 -0.12199050
v 0.30820300 -0.19441100 -0.12199050
v 0.30816900 -0.21928500 -0.12201150
v 0.30816900 -0.19441100 -0.12201150
v 0.30813300 -0.21928500 -0.12202650
v 0.30813300 -0.19441100 -0.12202650
v 0.30809400 -0.21928500 -0.12203550
v 0.30809400 -0.19441100 -0.12203550
v 0.30805500 -0.21928500 -0.12203850
v 0.30805500 -0.19441100 -0.12203850
v 0.30809400 -0.19440500 -0.12203550
v 0.30809200 -0.19439900 -0.12203550
v 0.30809000 -0.19439300 -0.12203550
v 0.30808700 -0.19438800 -0.12203550
v 0.30808300 -0.19438300 -0.12203550
v 0.30807800 -0.19437900 -0.12203550
v 0.30807300 -0.19437600 -0.12203550
v 0.30806700 -0.19437400 -0.12203550
v 0.30806100 -0.19437200 -0.12203550
v 0.30813200 -0.19439900 -0.12202650
v 0.30806700 -0.19433400 -0.12202650
v 0.30816800 -0.19439300 -0.12201150
v 0.30807300 -0.19429800 -0.12201150
v 0.30820100 -0.19438800 -0.12199050
v 0.30807800 -0.19426400 -0.12199050
v 0.30823100 -0.19438300 -0.12196450
v 0.30808300 -0.19423400 -0.12196450
v 0.30825700 -0.19437900 -0.12193450
v 0.30808700 -0.19420900 -0.12193450
v 0.30827700 -0.19437600 -0.12190050
v 0.30809000 -0.19418900 -0.12190050
v 0.30829200 -0.19437400 -0.12186450
v 0.30809200 -0.19417400 -0.12186450
v 0.30830100 -0.19437200 -0.12182550
v 0.30809400 -0.19416400 -0.12182550
v 0.30829200 -0.19433400 -0.12182550
v 0.30827700 -0.19429800 -0.12182550
v 0.30825700 -0.19426400 -0.12182550
v 0.30823100 -0.19423400 -0.12182550
v 0.30820100 -0.19420900 -0.12182550
v 0.30816800 -0.19418900 -0.12182550
v 0.30813200 -0.19417400 -0.12182550
v 0.30805500 -0.19437100 -0.12203550
v 0.30805500 -0.19433300 -0.12202650
v 0.30805500 -0.19429600 -0.12201150
v 0.30805500 -0.19426200 -0.12199050
v 0.30805500 -0.19423200 -0.12196450
v 0.30805500 -0.19420700 -0.12193450
v 0.30805500 -0.19418600 -0.12190050
v 0.30805500 -0.19417100 -0.12186450
v 0.30805500 -0.19416100 -0.12182550
v 0.30830400 -0.19437100 -0.12178550
v 0.30829500 -0.19433300 -0.12178550
v 0.30828000 -0.19429600 -0.12178550
v 0.30825900 -0.19426200 -0.12178550
v 0.30823300 -0.19423200 -0.12178550
v 0.30820300 -0.19420700 -0.12178550
v 0.30816900 -0.19418600 -0.12178550
v 0.30813300 -0.19417100 -0.12178550
v 0.30809400 -0.19416100 -0.12178550
v 0.30812900 -0.19438700 -0.12202650
v 0.30812400 -0.19437600 -0.12202650
v 0.30811800 -0.19436500 -0.12202650
v 0.30811000 -0.19435600 -0.12202650
v 0.30810000 -0.19434800 -0.12202650
v 0.30809000 -0.19434200 -0.12202650
v 0.30807900 -0.19433700 -0.12202650
v 0.30816400 -0.19437600 -0.12201150
v 0.30815700 -0.19435900 -0.12201150
v 0.30814700 -0.19434400 -0.12201150
v 0.30813600 -0.19433000 -0.12201150
v 0.30812200 -0.19431800 -0.12201150
v 0.30810700 -0.19430900 -0.12201150
v 0.30809000 -0.19430200 -0.12201150
v 0.30819600 -0.19436500 -0.12199050
v 0.30818700 -0.19434400 -0.12199050
v 0.30817500 -0.19432400 -0.12199050
v 0.30816000 -0.19430600 -0.12199050
v 0.30814200 -0.19429100 -0.12199050
v 0.30812200 -0.19427900 -0.12199050
v 0.30810000 -0.19427000 -0.12199050
v 0.30822500 -0.19435600 -0.12196450
v 0.30821400 -0.19433000 -0.12196450
v 0.30819900 -0.19430600 -0.12196450
v 0.30818100 -0.19428500 -0.12196450
v 0.30816000 -0.19426600 -0.12196450
v 0.30813600 -0.19425200 -0.12196450
v 0.30811000 -0.19424100 -0.12196450
v 0.30824900 -0.19434800 -0.12193450
v 0.30823700 -0.19431800 -0.12193450
v 0.30822000 -0.19429100 -0.12193450
v 0.30819900 -0.19426600 -0.12193450
v 0.30817500 -0.19424600 -0.12193450
v 0.30814700 -0.19422900 -0.12193450
v 0.30811800 -0.19421700 -0.12193450
v 0.30826900 -0.19434200 -0.12190050
v 0.30825500 -0.19430900 -0.12190050
v 0.30823700 -0.19427900 -0.12190050
v 0.30821400 -0.19425200 -0.12190050
v 0.30818700 -0.19422900 -0.12190050
v 0.30815700 -0.19421000 -0.12190050
v 0.30812400 -0.19419700 -0.12190050
v 0.30828300 -0.19433700 -0.12186450
v 0.30826900 -0.19430200 -0.12186450
v 0.30824900 -0.19427000 -0.12186450
v 0.30822500 -0.19424100 -0.12186450
v 0.30819600 -0.19421700 -0.12186450
v 0.30816400 -0.19419700 -0.12186450
v 0.30812900 -0.19418200 -0.12186450
v 0.30809400 -0.21953500 -0.12179250
v 0.30809200 -0.21953500 -0.12179850
v 0.30809000 -0.21953500 -0.12180350
v 0.30808700 -0.21953500 -0.12180950
v 0.30808300 -0.21953500 -0.12181350
v 0.30807800 -0.21953500 -0.12181750
v 0.30807300 -0.21953500 -0.12182150
v 0.30806700 -0.21953500 -0.12182350
v 0.30806100 -0.21953500 -0.12182550
v 0.30813200 -0.21952500 -0.12179850
v 0.30806700 -0.21952500 -0.12186350
v 0.30816800 -0.21951000 -0.12180350
v 0.30807300 -0.21951000 -0.12189950
v 0.30820100 -0.21949000 -0.12180950
v 0.30807800 -0.21949000 -0.12193250
v 0.30823100 -0.21946400 -0.12181350
v 0.30808300 -0.21946400 -0.12196250
v 0.30825700 -0.21943400 -0.12181750
v 0.30808700 -0.21943400 -0.12198850
v 0.30827700 -0.21940000 -0.12182150
v 0.30809000 -0.21940000 -0.12200850
v 0.30829200 -0.21936300 -0.12182350
v 0.30809200 -0.21936300 -0.12202350
v 0.30830100 -0.21932400 -0.12182550
v 0.30809400 -0.21932400 -0.12203250
v 0.30829200 -0.21932400 -0.12186350
v 0.30827700 -0.21932400 -0.12189950
v 0.30825700 -0.21932400 -0.12193250
v 0.30823100 -0.21932400 -0.12196250
v 0.30820100 -0.21932400 -0.12198850
v 0.30816800 -0.21932400 -0.12200850
v 0.30813200 -0.21932400 -0.12202350
v 0.30805500 -0.21953500 -0.12182550
v 0.30805500 -0.21952500 -0.12186450
v 0.30805500 -0.21951000 -0.12190050
v 0.30805500 -0.21948900 -0.12193450
v 0.30805500 -0.21946400 -0.12196450
v 0.30805500 -0.21943400 -0.12199050
v 0.30805500 -0.21940000 -0.12201150
v 0.30805500 -0.21936300 -0.12202650
v 0.30805500 -0.21932500 -0.12203550
v 0.30812900 -0.21952500 -0.12181050
v 0.30812400 -0.21952500 -0.12182150
v 0.30811800 -0.21952500 -0.12183150
v 0.30811000 -0.21952500 -0.12184150
v 0.30810000 -0.21952500 -0.12184950
v 0.30809000 -0.21952500 -0.12185550
v 0.30807900 -0.21952500 -0.12186050
v 0.30816400 -0.21951000 -0.12182150
v 0.30815700 -0.21951000 -0.12183850
v 0.30814700 -0.21951000 -0.12185350
v 0.30813600 -0.21951000 -0.12186750
v 0.30812200 -0.21951000 -0.12187850
v 0.30810700 -0.21951000 -0.12188850
v 0.30809000 -0.21951000 -0.12189550
v 0.30819600 -0.21949000 -0.12183150
v 0.30818700 -0.21949000 -0.12185350
v 0.30817500 -0.21949000 -0.12187350
v 0.30816000 -0.21949000 -0.12189150
v 0.30814200 -0.21949000 -0.12190650
v 0.30812200 -0.21949000 -0.12191850
v 0.30810000 -0.21949000 -0.12192750
v 0.30822500 -0.21946400 -0.12184150
v 0.30821400 -0.21946400 -0.12186750
v 0.30819900 -0.21946400 -0.12189150
v 0.30818100 -0.21946400 -0.12191250
v 0.30816000 -0.21946400 -0.12193050
v 0.30813600 -0.21946400 -0.12194550
v 0.30811000 -0.21946400 -0.12195650
v 0.30824900 -0.21943400 -0.12184950
v 0.30823700 -0.21943400 -0.12187850
v 0.30822000 -0.21943400 -0.12190650
v 0.30819900 -0.21943400 -0.12193050
v 0.30817500 -0.21943400 -0.12195150
v 0.30814700 -0.21943400 -0.12196850
v 0.30811800 -0.21943400 -0.12198050
v 0.30826900 -0.21940000 -0.12185550
v 0.30825500 -0.21940000 -0.12188850
v 0.30823700 -0.21940000 -0.12191850
v 0.30821400 -0.21940000 -0.12194550
v 0.30818700 -0.21940000 -0.12196850
v 0.30815700 -0.21940000 -0.12198650
v 0.30812400 -0.21940000 -0.12200050
v 0.30828300 -0.21936300 -0.12186050
v 0.30826900 -0.21936300 -0.12189550
v 0.30824900 -0.21936300 -0.12192750
v 0.30822500 -0.21936300 -0.12195650
v 0.30819600 -0.21936300 -0.12198050
v 0.30816400 -0.21936300 -0.12200050
v 0.30812900 -0.21936300 -0.12201450
v 0.30187300 -0.21953500 0.16707350
v 0.30299800 -0.21953500 0.16680350
v 0.30406700 -0.21953500 0.16636050
v 0.30505400 -0.21953500 0.16575550
v 0.30593400 -0.21953500 0.16500450
v 0.30668600 -0.21953500 0.16412450
v 0.30729000 -0.21953500 0.16313750
v 0.30773300 -0.21953500 0.16206850
v 0.30800300 -0.21953500 0.16094250
v 0.30187900 -0.21952500 0.16711150
v 0.30804100 -0.21952500 0.16094850
v 0.30188500 -0.21951000 0.16714750
v 0.30807800 -0.21951000 0.16095450
v 0.30189000 -0.21949000 0.16718150
v 0.30811100 -0.21949000 0.16096050
v 0.30189500 -0.21946400 0.16721050
v 0.30814100 -0.21946400 0.16096450
v 0.30189900 -0.21943400 0.16723650
v 0.30816600 -0.21943400 0.16096850
v 0.30190200 -0.21940000 0.16725650
v 0.30818700 -0.21940000 0.16097250
v 0.30190500 -0.21936300 0.16727150
v 0.30820200 -0.21936300 0.16097450
v 0.30190600 -0.21932400 0.16728050
v 0.30821100 -0.21932400 0.16097550
v 0.30306300 -0.21932400 0.16700350
v 0.30416300 -0.21932400 0.16654750
v 0.30517800 -0.21932400 0.16592550
v 0.30608300 -0.21932400 0.16515250
v 0.30685600 -0.21932400 0.16424750
v 0.30747800 -0.21932400 0.16323250
v 0.30793300 -0.21932400 0.16213350
v 0.30071900 -0.21953500 0.16716450
v 0.30071900 -0.21952500 0.16720250
v 0.30071900 -0.21951000 0.16723950
v 0.30071900 -0.21948900 0.16727350
v 0.30071900 -0.21946400 0.16730350
v 0.30071900 -0.21943400 0.16732850
v 0.30071900 -0.21940000 0.16734950
v 0.30071900 -0.21936300 0.16736450
v 0.30071900 -0.21932500 0.16737450
v 0.30190600 -0.21928500 0.16728350
v 0.30306400 -0.21928500 0.16700650
v 0.30416400 -0.21928500 0.16655050
v 0.30518000 -0.21928500 0.16592850
v 0.30608500 -0.21928500 0.16515450
v 0.30685800 -0.21928500 0.16424950
v 0.30748000 -0.21928500 0.16323450
v 0.30793600 -0.21928500 0.16213450
v 0.30821400 -0.21928500 0.16097650
v 0.30301000 -0.21952500 0.16683950
v 0.30408500 -0.21952500 0.16639450
v 0.30507700 -0.21952500 0.16578650
v 0.30596100 -0.21952500 0.16503150
v 0.30671700 -0.21952500 0.16414650
v 0.30732500 -0.21952500 0.16315450
v 0.30777000 -0.21952500 0.16208050
v 0.30302200 -0.21951000 0.16687450
v 0.30410200 -0.21951000 0.16642750
v 0.30509800 -0.21951000 0.16581650
v 0.30598700 -0.21951000 0.16505750
v 0.30674700 -0.21951000 0.16416850
v 0.30735700 -0.21951000 0.16317150
v 0.30780500 -0.21951000 0.16209150
v 0.30303200 -0.21949000 0.16690650
v 0.30411700 -0.21949000 0.16645750
v 0.30511800 -0.21949000 0.16584350
v 0.30601100 -0.21949000 0.16508150
v 0.30677400 -0.21949000 0.16418850
v 0.30738800 -0.21949000 0.16318650
v 0.30783700 -0.21949000 0.16210150
v 0.30304100 -0.21946400 0.16693550
v 0.30413100 -0.21946400 0.16648450
v 0.30513600 -0.21946400 0.16586850
v 0.30603300 -0.21946400 0.16510250
v 0.30679800 -0.21946400 0.16420550
v 0.30741400 -0.21946400 0.16320050
v 0.30786600 -0.21946400 0.16211150
v 0.30304900 -0.21943400 0.16696050
v 0.30414200 -0.21943400 0.16650750
v 0.30515100 -0.21943400 0.16588950
v 0.30605100 -0.21943400 0.16512050
v 0.30681900 -0.21943400 0.16422150
v 0.30743700 -0.21943400 0.16321250
v 0.30789000 -0.21943400 0.16211950
v 0.30305600 -0.21940000 0.16697950
v 0.30415200 -0.21940000 0.16652550
v 0.30516300 -0.21940000 0.16590550
v 0.30606500 -0.21940000 0.16513550
v 0.30683600 -0.21940000 0.16423350
v 0.30745600 -0.21940000 0.16322150
v 0.30791000 -0.21940000 0.16212550
v 0.30306000 -0.21936300 0.16699450
v 0.30415900 -0.21936300 0.16653950
v 0.30517200 -0.21936300 0.16591850
v 0.30607600 -0.21936300 0.16514650
v 0.30684800 -0.21936300 0.16424250
v 0.30746900 -0.21936300 0.16322850
v 0.30792400 -0.21936300 0.16213050
v 0.30830400 -0.19437100 0.15978950
v 0.30829500 -0.19433300 0.15978950
v 0.30828000 -0.19429600 0.15978950
v 0.30825900 -0.19426200 0.15978950
v 0.30823300 -0.19423200 0.15978950
v 0.30820400 -0.19420700 0.15978950
v 0.30816900 -0.19418600 0.15978950
v 0.30813300 -0.19417100 0.15978950
v 0.30809500 -0.19416100 0.15978950
v 0.30190600 -0.19437200 0.16728050
v 0.30306300 -0.19437200 0.16700350
v 0.30416300 -0.19437200 0.16654750
v 0.30517800 -0.19437200 0.16592550
v 0.30608300 -0.19437200 0.16515250
v 0.30685600 -0.19437200 0.16424750
v 0.30747800 -0.19437200 0.16323250
v 0.30793300 -0.19437200 0.16213350
v 0.30821100 -0.19437200 0.16097550
v 0.30190400 -0.19433300 0.16727150
v 0.30820200 -0.19433300 0.16097450
v 0.30190200 -0.19429600 0.16725650
v 0.30818700 -0.19429600 0.16097250
v 0.30189900 -0.19426200 0.16723650
v 0.30816600 -0.19426200 0.16096850
v 0.30189500 -0.19423200 0.16721050
v 0.30814100 -0.19423200 0.16096450
v 0.30189000 -0.19420700 0.16718150
v 0.30811100 -0.19420700 0.16096050
v 0.30188500 -0.19418600 0.16714750
v 0.30807800 -0.19418600 0.16095450
v 0.30187900 -0.19417100 0.16711150
v 0.30804100 -0.19417100 0.16094950
v 0.30187300 -0.19416100 0.16707350
v 0.30800300 -0.19416100 0.16094350
v 0.30299800 -0.19416100 0.16680350
v 0.30406700 -0.19416100 0.16636050
v 0.30505400 -0.19416100 0.16575550
v 0.30593400 -0.19416100 0.16500450
v 0.30668600 -0.19416100 0.16412450
v 0.30729000 -0.19416100 0.16313750
v 0.30773300 -0.19416100 0.16206850
v 0.30190600 -0.19441100 0.16728450
v 0.30306400 -0.19441100 0.16700650
v 0.30416400 -0.19441100 0.16655050
v 0.30518000 -0.19441100 0.16592850
v 0.30608500 -0.19441100 0.16515450
v 0.30685800 -0.19441100 0.16424950
v 0.30748000 -0.19441100 0.16323450
v 0.30793600 -0.19441100 0.16213450
v 0.30821400 -0.19441100 0.16097650
v 0.30306000 -0.19433300 0.16699450
v 0.30415900 -0.19433300 0.16653950
v 0.30517200 -0.19433300 0.16591850
v 0.30607600 -0.19433300 0.16514650
v 0.30684800 -0.19433300 0.16424250
v 0.30746900 -0.19433300 0.16322850
v 0.30792400 -0.19433300 0.16213050
v 0.30305600 -0.19429600 0.16697950
v 0.30415200 -0.19429600 0.16652550
v 0.30516300 -0.19429600 0.16590550
v 0.30606500 -0.19429600 0.16513550
v 0.30683600 -0.19429600 0.16423350
v 0.30745600 -0.19429600 0.16322150
v 0.30791000 -0.19429600 0.16212550
v 0.30304900 -0.19426200 0.16696050
v 0.30414200 -0.19426200 0.16650750
v 0.30515100 -0.19426200 0.16588950
v 0.30605100 -0.19426200 0.16512050
v 0.30681900 -0.19426200 0.16422150
v 0.30743700 -0.19426200 0.16321250
v 0.30789000 -0.19426200 0.16211950
v 0.30304100 -0.19423200 0.16693550
v 0.30413100 -0.19423200 0.16648450
v 0.30513600 -0.19423200 0.16586850
v 0.30603300 -0.19423200 0.16510250
v 0.30679800 -0.19423200 0.16420550
v 0.30741400 -0.19423200 0.16320050
v 0.30786600 -0.19423200 0.16211150
v 0.30303200 -0.19420700 0.16690650
v 0.30411700 -0.19420700 0.16645750
v 0.30511800 -0.19420700 0.16584350
v 0.30601100 -0.19420700 0.16508150
v 0.30677400 -0.19420700 0.16418850
v 0.30738800 -0.19420700 0.16318650
v 0.30783700 -0.19420700 0.16210150
v 0.30302200 -0.19418600 0.16687450
v 0.30410200 -0.19418600 0.16642750
v 0.30509800 -0.19418600 0.16581650
v 0.30598700 -0.19418600 0.16505750
v 0.30674700 -0.19418600 0.16416850
v 0.30735700 -0.19418600 0.16317150
v 0.30780500 -0.19418600 0.16209150
v 0.30301000 -0.19417100 0.16683950
v 0.30408500 -0.19417100 0.16639450
v 0.30507700 -0.19417100 0.16578650
v 0.30596100 -0.19417100 0.16503150
v 0.30671700 -0.19417100 0.16414650
v 0.30732500 -0.19417100 0.16315450
v 0.30777000 -0.19417100 0.16208050
v 0.19827700 -0.21932500 0.16737450
v 0.19827700 -0.21936300 0.16736550
v 0.19827700 -0.21940000 0.16734950
v 0.19827700 -0.21943400 0.16732850
v 0.19827700 -0.21946400 0.16730350
v 0.19827700 -0.21948900 0.16727350
v 0.19827700 -0.21951000 0.16723950
v 0.19827700 -0.21952500 0.16720250
v 0.19827700 -0.21953500 0.16716450
v 0.19823800 -0.21932400 0.16737150
v 0.19820000 -0.21932400 0.16736250
v 0.19816400 -0.21932400 0.16734750
v 0.19813000 -0.21932400 0.16732650
v 0.19810100 -0.21932400 0.16730150
v 0.19807500 -0.21932400 0.16727150
v 0.19805500 -0.21932400 0.16723750
v 0.19804000 -0.21932400 0.16720150
v 0.19803000 -0.21932400 0.16716350
v 0.19824000 -0.21936300 0.16736250
v 0.19804000 -0.21936300 0.16716250
v 0.19824200 -0.21940000 0.16734750
v 0.19805500 -0.21940000 0.16715950
v 0.19824500 -0.21943400 0.16732650
v 0.19807500 -0.21943400 0.16715650
v 0.19824900 -0.21946400 0.16730150
v 0.19810100 -0.21946400 0.16715250
v 0.19825400 -0.21949000 0.16727150
v 0.19813000 -0.21949000 0.16714750
v 0.19825900 -0.21951000 0.16723750
v 0.19816400 -0.21951000 0.16714250
v 0.19826500 -0.21952500 0.16720150
v 0.19820000 -0.21952500 0.16713650
v 0.19827100 -0.21953500 0.16716350
v 0.19823800 -0.21953500 0.16713050
v 0.19826500 -0.21953500 0.16716250
v 0.19825900 -0.21953500 0.16715950
v 0.19825400 -0.21953500 0.16715650
v 0.19824900 -0.21953500 0.16715250
v 0.19824500 -0.21953500 0.16714750
v 0.19824200 -0.21953500 0.16714250
v 0.19824000 -0.21953500 0.16713650
v 0.19820300 -0.21936300 0.16735350
v 0.19816800 -0.21936300 0.16733850
v 0.19813600 -0.21936300 0.16731950
v 0.19810700 -0.21936300 0.16729450
v 0.19808300 -0.21936300 0.16726550
v 0.19806300 -0.21936300 0.16723350
v 0.19804800 -0.21936300 0.16719850
v 0.19820800 -0.21940000 0.16733850
v 0.19817500 -0.21940000 0.16732550
v 0.19814500 -0.21940000 0.16730650
v 0.19811800 -0.21940000 0.16728350
v 0.19809500 -0.21940000 0.16725650
v 0.19807600 -0.21940000 0.16722650
v 0.19806300 -0.21940000 0.16719450
v 0.19821400 -0.21943400 0.16731950
v 0.19818400 -0.21943400 0.16730650
v 0.19815700 -0.21943400 0.16729050
v 0.19813300 -0.21943400 0.16726950
v 0.19811200 -0.21943400 0.16724450
v 0.19809500 -0.21943400 0.16721750
v 0.19808300 -0.21943400 0.16718750
v 0.19822200 -0.21946400 0.16729450
v 0.19819600 -0.21946400 0.16728350
v 0.19817200 -0.21946400 0.16726950
v 0.19815100 -0.21946400 0.16725050
v 0.19813300 -0.21946400 0.16722950
v 0.19811800 -0.21946400 0.16720550
v 0.19810700 -0.21946400 0.16717950
v 0.19823100 -0.21949000 0.16726550
v 0.19821000 -0.21949000 0.16725650
v 0.19819000 -0.21949000 0.16724450
v 0.19817200 -0.21949000 0.16722950
v 0.19815700 -0.21949000 0.16721150
v 0.19814500 -0.21949000 0.16719150
v 0.19813600 -0.21949000 0.16717050
v 0.19824200 -0.21951000 0.16723350
v 0.19822500 -0.21951000 0.16722650
v 0.19821000 -0.21951000 0.16721750
v 0.19819600 -0.21951000 0.16720550
v 0.19818400 -0.21951000 0.16719150
v 0.19817500 -0.21951000 0.16717650
v 0.19816800 -0.21951000 0.16715950
v 0.19825300 -0.21952500 0.16719850
v 0.19824200 -0.21952500 0.16719450
v 0.19823100 -0.21952500 0.16718750
v 0.19822200 -0.21952500 0.16717950
v 0.19821400 -0.21952500 0.16717050
v 0.19820800 -0.21952500 0.16715950
v 0.19820300 -0.21952500 0.16714850
v 0.19823800 -0.19440500 0.16737450
v 0.19824000 -0.19439900 0.16737450
v 0.19824200 -0.19439300 0.16737450
v 0.19824500 -0.19438800 0.16737450
v 0.19824900 -0.19438300 0.16737450
v 0.19825400 -0.19437900 0.16737450
v 0.19825900 -0.19437600 0.16737450
v 0.19826500 -0.19437400 0.16737450
v 0.19827100 -0.19437200 0.16737450
v 0.19820000 -0.19439900 0.16736550
v 0.19826500 -0.19433400 0.16736550
v 0.19816400 -0.19439300 0.16734950
v 0.19825900 -0.19429800 0.16734950
v 0.19813000 -0.19438800 0.16732950
v 0.19825400 -0.19426400 0.16732950
v 0.19810100 -0.19438300 0.16730350
v 0.19824900 -0.19423400 0.16730350
v 0.19807500 -0.19437900 0.16727350
v 0.19824500 -0.19420900 0.16727350
v 0.19805500 -0.19437600 0.16723950
v 0.19824200 -0.19418900 0.16723950
v 0.19804000 -0.19437400 0.16720250
v 0.19824000 -0.19417400 0.16720250
v 0.19803000 -0.19437200 0.16716450
v 0.19823800 -0.19416400 0.16716450
v 0.19804000 -0.19433400 0.16716450
v 0.19805500 -0.19429800 0.16716450
v 0.19807500 -0.19426400 0.16716450
v 0.19810100 -0.19423400 0.16716450
v 0.19813000 -0.19420900 0.16716450
v 0.19816400 -0.19418900 0.16716450
v 0.19820000 -0.19417400 0.16716450
v 0.19820300 -0.19438700 0.16736550
v 0.19820800 -0.19437600 0.16736550
v 0.19821400 -0.19436500 0.16736550
v 0.19822200 -0.19435600 0.16736550
v 0.19823100 -0.19434800 0.16736550
v 0.19824200 -0.19434200 0.16736550
v 0.19825300 -0.19433700 0.16736550
v 0.19816800 -0.19437600 0.16734950
v 0.19817500 -0.19435900 0.16734950
v 0.19818400 -0.19434400 0.16734950
v 0.19819600 -0.19433000 0.16734950
v 0.19821000 -0.19431800 0.16734950
v 0.19822500 -0.19430900 0.16734950
v 0.19824200 -0.19430200 0.16734950
v 0.19813600 -0.19436500 0.16732950
v 0.19814500 -0.19434400 0.16732950
v 0.19815700 -0.19432400 0.16732950
v 0.19817200 -0.19430600 0.16732950
v 0.19819000 -0.19429100 0.16732950
v 0.19821000 -0.19427900 0.16732950
v 0.19823100 -0.19427000 0.16732950
v 0.19810700 -0.19435600 0.16730350
v 0.19811800 -0.19433000 0.16730350
v 0.19813300 -0.19430600 0.16730350
v 0.19815100 -0.19428500 0.16730350
v 0.19817200 -0.19426600 0.16730350
v 0.19819600 -0.19425200 0.16730350
v 0.19822200 -0.19424100 0.16730350
v 0.19808300 -0.19434800 0.16727350
v 0.19809500 -0.19431800 0.16727350
v 0.19811200 -0.19429100 0.16727350
v 0.19813300 -0.19426600 0.16727350
v 0.19815700 -0.19424600 0.16727350
v 0.19818400 -0.19422900 0.16727350
v 0.19821400 -0.19421700 0.16727350
v 0.19806300 -0.19434200 0.16723950
v 0.19807600 -0.19430900 0.16723950
v 0.19809500 -0.19427900 0.16723950
v 0.19811800 -0.19425200 0.16723950
v 0.19814500 -0.19422900 0.16723950
v 0.19817500 -0.19421000 0.16723950
v 0.19820800 -0.19419700 0.16723950
v 0.19804800 -0.19433700 0.16720250
v 0.19806300 -0.19430200 0.16720250
v 0.19808300 -0.19427000 0.16720250
v 0.19810700 -0.19424100 0.16720250
v 0.19813600 -0.19421700 0.16720250
v 0.19816800 -0.19419700 0.16720250
v 0.19820300 -0.19418200 0.16720250
v 0.19802700 -0.21932500 0.01879650
v 0.19803700 -0.21936300 0.01879650
v 0.25316600 -0.19415800 0.01512850
v 0.24949800 -0.19415800 0.01879550
v 0.30830700 -0.19441100 0.01512850
v 0.30830700 -0.21928500 0.01512850
v 0.30809500 -0.19416100 0.01512850
v 0.30813300 -0.19417100 0.01512850
v 0.30823300 -0.21946400 0.01512850
v 0.30825900 -0.21943400 0.01512850
v 0.30813300 -0.21952500 0.01512850
v 0.30809500 -0.21953500 0.01512850
v 0.30816900 -0.21951000 0.01512850
v 0.30820400 -0.21948900 0.01512850
v 0.30830400 -0.19437100 0.01512850
v 0.19802700 -0.19437100 0.01879550
v 0.19803700 -0.19433300 0.01879550
v 0.19807300 -0.19426200 0.01879550
v 0.19805200 -0.19429600 0.01879550
v 0.19812800 -0.19420700 0.01879550
v 0.19809800 -0.19423200 0.01879550
v 0.19823700 -0.19416100 0.01879550
v 0.19819900 -0.19417100 0.01879550
v 0.19816200 -0.19418600 0.01879550
v 0.30829500 -0.19433300 0.01512850
v 0.30828000 -0.19429600 0.01512850
v 0.30825900 -0.19426200 0.01512850
v 0.30823300 -0.19423200 0.01512850
v 0.30820400 -0.19420700 0.01512850
v 0.30816900 -0.19418600 0.01512850
v 0.19827700 -0.19415800 0.01879550
v 0.30805500 -0.19415800 0.01512850
v 0.30805500 -0.21953800 0.01512850
v 0.30828000 -0.21940000 0.01512850
v 0.30829500 -0.21936300 0.01512850
v 0.30830400 -0.21932500 0.01512850
v 0.19807300 -0.21943400 0.01879650
v 0.19805200 -0.21940000 0.01879650
v 0.19812800 -0.21948900 0.01879650
v 0.19809800 -0.21946400 0.01879650
v 0.19819900 -0.21952500 0.01879650
v 0.19816200 -0.21951000 0.01879650
v 0.19823700 -0.21953500 0.01879650
v 0.19827700 -0.21953800 0.01879650
v 0.19802400 -0.21928500 0.01879650
v 0.19802400 -0.19441100 0.01879550
v 0.19803700 -0.21936300 -0.07375550
v 0.22388800 -0.19415800 -0.07375550
v 0.30830700 -0.19441100 -0.07558950
v 0.30809500 -0.19416100 -0.07558950
v 0.30825900 -0.21943400 -0.07558950
v 0.30813300 -0.21952500 -0.07558950
v 0.30816900 -0.21951000 -0.07558950
v 0.30820300 -0.21948900 -0.07558950
v 0.30830400 -0.19437100 -0.07558950
v 0.19802700 -0.19437100 -0.07375550
v 0.19805200 -0.19429600 -0.07375550
v 0.19809800 -0.19423200 -0.07375550
v 0.19819900 -0.19417100 -0.07375550
v 0.19816200 -0.19418600 -0.07375550
v 0.30829500 -0.19433300 -0.07558950
v 0.30828000 -0.19429600 -0.07558950
v 0.30825900 -0.19426200 -0.07558950
v 0.30823300 -0.19423200 -0.07558950
v 0.30820300 -0.19420700 -0.07558950
v 0.30805500 -0.19415800 -0.07558950
v 0.30828000 -0.21940000 -0.07558950
v 0.30829500 -0.21936300 -0.07558950
v 0.30830400 -0.21932500 -0.07558950
v 0.19807300 -0.21943400 -0.07375550
v 0.19812800 -0.21948900 -0.07375550
v 0.19819900 -0.21952500 -0.07375550
v 0.19823700 -0.21953500 -0.07375550
v 0.19802700 -0.21932500 -0.07375550
v 0.22572200 -0.19415800 -0.07558950
v 0.30830700 -0.21928500 -0.07558950
v 0.30813300 -0.19417100 -0.07558950
v 0.30823300 -0.21946400 -0.07558950
v 0.30809500 -0.21953500 -0.07558950
v 0.19803700 -0.19433300 -0.07375550
v 0.19807300 -0.19426200 -0.07375550
v 0.19812800 -0.19420700 -0.07375550
v 0.19823700 -0.19416100 -0.07375550
v 0.30816900 -0.19418600 -0.07558950
v 0.19827700 -0.19415800 -0.07375550
v 0.30805500 -0.21953800 -0.07558950
v 0.19805200 -0.21940000 -0.07375550
v 0.19809800 -0.21946400 -0.07375550
v 0.19816200 -0.21951000 -0.07375550
v 0.19827700 -0.21953800 -0.07375550
v 0.19802400 -0.21928500 -0.07375550
v 0.19802400 -0.19441100 -0.07375550
v 0.19802700 -0.21932500 0.13462650
v 0.28061000 -0.19415800 0.13462650
v 0.30830700 -0.21928500 0.13462650
v 0.30813300 -0.19417100 0.13462650
v 0.30823300 -0.21946400 0.13462650
v 0.30809500 -0.21953500 0.13462650
v 0.19803700 -0.19433300 0.13462650
v 0.19807300 -0.19426200 0.13462650
v 0.19812800 -0.19420700 0.13462650
v 0.19823700 -0.19416100 0.13462650
v 0.30816900 -0.19418600 0.13462650
v 0.19827700 -0.19415800 0.13462650
v 0.28820600 -0.21953800 0.12999250
v 0.19805200 -0.21940000 0.13462650
v 0.19809800 -0.21946400 0.13462650
v 0.19816200 -0.21951000 0.13462650
v 0.21812600 -0.21953800 0.12999250
v 0.19802400 -0.21928500 0.13462650
v 0.19802400 -0.19441100 0.13462650
v 0.19803700 -0.21936300 0.13462650
v 0.27510900 -0.19415800 0.13462650
v 0.30830700 -0.19441100 0.13462650
v 0.30809500 -0.19416100 0.13462650
v 0.30825900 -0.21943400 0.13462650
v 0.30813300 -0.21952500 0.13462650
v 0.30816900 -0.21951000 0.13462650
v 0.30820400 -0.21948900 0.13462650
v 0.30830400 -0.19437100 0.13462650
v 0.19802700 -0.19437100 0.13462650
v 0.19805200 -0.19429600 0.13462650
v 0.19809800 -0.19423200 0.13462650
v 0.19819900 -0.19417100 0.13462650
v 0.19816200 -0.19418600 0.13462650
v 0.30829500 -0.19433300 0.13462650
v 0.30828000 -0.19429600 0.13462650
v 0.30825900 -0.19426200 0.13462650
v 0.30823300 -0.19423200 0.13462650
v 0.30820400 -0.19420700 0.13462650
v 0.30805500 -0.19415800 0.13462650
v 0.30828000 -0.21940000 0.13462650
v 0.30829500 -0.21936300 0.13462650
v 0.30830400 -0.21932500 0.13462650
v 0.19807300 -0.21943400 0.13462650
v 0.19812800 -0.21948900 0.13462650
v 0.19819900 -0.21952500 0.13462650
v 0.19823700 -0.21953500 0.13462650
v 0.19803700 -0.21936300 0.09232650
v 0.26230400 -0.19415800 0.09232650
v 0.30830700 -0.19441100 0.03079450
v 0.30809500 -0.19416100 0.03079450
v 0.30825900 -0.21943400 0.03079450
v 0.30813300 -0.21952500 0.03079450
v 0.30816900 -0.21951000 0.03079450
v 0.30820400 -0.21948900 0.03079450
v 0.30830400 -0.19437100 0.03079450
v 0.19802700 -0.19437100 0.09232650
v 0.19805200 -0.19429600 0.09232650
v 0.19809800 -0.19423200 0.09232650
v 0.19819900 -0.19417100 0.09232650
v 0.19816200 -0.19418600 0.09232650
v 0.30829500 -0.19433300 0.03079450
v 0.30828000 -0.19429600 0.03079450
v 0.30825900 -0.19426200 0.03079450
v 0.30823300 -0.19423200 0.03079450
v 0.30820400 -0.19420700 0.03079450
v 0.30805500 -0.19415800 0.03079450
v 0.30828000 -0.21940000 0.03079450
v 0.30829500 -0.21936300 0.03079450
v 0.30830400 -0.21932500 0.03079450
v 0.19807300 -0.21943400 0.09232650
v 0.19812800 -0.21948900 0.09232650
v 0.19819900 -0.21952500 0.09232650
v 0.19823700 -0.21953500 0.09232650
v 0.19802700 -0.21932500 0.09232650
v 0.26688800 -0.19415800 0.03079450
v 0.30830700 -0.21928500 0.03079450
v 0.30813300 -0.19417100 0.03079450
v 0.30823300 -0.21946400 0.03079450
v 0.30809500 -0.21953500 0.03079450
v 0.19803700 -0.19433300 0.09232650
v 0.19807300 -0.19426200 0.09232650
v 0.19812800 -0.19420700 0.09232650
v 0.19823700 -0.19416100 0.09232650
v 0.30816900 -0.19418600 0.03079450
v 0.19827700 -0.19415800 0.09232650
v 0.28820600 -0.21953800 0.09696050
v 0.19805200 -0.21940000 0.09232650
v 0.19809800 -0.21946400 0.09232650
v 0.19816200 -0.21951000 0.09232650
v 0.21812600 -0.21953800 0.09696050
v 0.19802400 -0.21928500 0.09232650
v 0.19802400 -0.19441100 0.09232650
v 0.30805500 -0.21953800 0.09232650
v 0.19827700 -0.21953800 0.09232650
v 0.30805500 -0.21953800 0.13462650
v 0.19827700 -0.21953800 0.13462650
v 0.21957700 -0.21709200 0.09832150
v 0.28675500 -0.21709200 0.12863150
v 0.28675500 -0.21709200 0.09832150
v 0.21957700 -0.21709200 0.12863150
vn -0.6107 -0.7272 -0.3134
vn -0.7221 -0.6567 -0.2175
vn -0.7314 -0.6714 -0.1194
vn -0.5935 -0.6578 0.4638
vn -0.6677 -0.5320 0.5206
vn -0.5583 -0.5388 0.6309
vn -0.0755 -0.5108 0.8564
vn -0.0249 -0.6110 0.7912
vn -0.0776 -0.2334 0.9693
vn -0.0745 -0.0583 0.9955
vn -0.0032 -0.0188 0.9998
vn -0.1842 0.9483 -0.2583
vn -0.0185 0.9277 -0.3728
vn -0.0068 0.9797 -0.2001
vn -0.4591 0.7569 -0.4652
vn -0.3183 0.8822 -0.3469
vn -0.4846 0.7943 -0.3665
vn -0.5944 0.7186 -0.3611
vn -0.5843 -0.1996 0.7866
vn -0.4995 -0.1056 0.8598
vn -0.0114 -0.1979 0.9802
vn -0.0110 -0.4668 0.8843
vn -0.0765 -0.8374 0.5412
vn -0.5815 -0.3633 0.7279
vn -0.0203 -0.5809 -0.8137
vn -0.0564 -0.4387 -0.8969
vn -0.5131 -0.5351 -0.6711
vn -0.0198 -0.9990 -0.0412
vn -0.0130 -0.9940 -0.1090
vn -0.0574 -0.8501 -0.5234
vn -0.6037 -0.3032 -0.7373
vn -0.6766 -0.4355 -0.5938
vn -0.6210 0.0001 -0.7838
vn -0.7351 0.1189 -0.6674
vn -0.7654 0.0001 -0.6436
vn -0.0097 0.0009 -1.0000
vn -0.0212 0.4714 -0.8817
vn -0.0199 0.0001 -0.9998
vn -0.0008 -0.0000 -1.0000
vn -0.0008 -0.0001 -1.0000
vn -0.0001 0.0001 -1.0000
vn -0.0007 -0.0003 -1.0000
vn -0.0008 0.0001 -1.0000
vn -0.0050 0.0001 1.0000
vn -0.0030 -0.0007 1.0000
vn 0.0004 -0.0005 1.0000
vn -0.0020 0.0007 1.0000
vn -0.0033 0.0006 1.0000
vn -0.8595 0.4197 -0.2916
vn -0.8407 0.4361 -0.3210
vn -0.8735 0.3532 -0.3349
vn -0.7706 -0.4079 0.4897
vn -0.0093 -0.0069 0.9999
vn -0.0035 -0.0019 1.0000
vn 0.4103 0.1837 0.8933
vn 0.6671 0.1657 0.7263
vn 0.8032 0.3444 0.4861
vn 0.8876 0.2182 0.4056
vn 0.8725 0.0687 0.4837
vn -0.6066 -0.6268 0.4891
vn -0.7257 -0.5456 0.4191
vn -0.9024 0.3056 -0.3038
vn -0.0020 0.0011 1.0000
vn -0.0019 0.0014 1.0000
vn -0.0015 0.0018 1.0000
vn -0.0016 0.0015 1.0000
vn -0.0022 0.0026 1.0000
vn -0.0038 0.0128 0.9999
vn -0.0017 0.0096 1.0000
vn 0.0007 0.0114 0.9999
vn 0.0031 0.0134 0.9999
vn 0.0048 0.0125 0.9999
vn 0.0105 0.0182 0.9998
vn 0.0488 0.0602 0.9970
vn 0.0937 0.0834 0.9921
vn 0.2115 0.1307 0.9686
vn 0.2583 -0.0204 0.9658
vn 0.4380 0.0274 0.8986
vn 0.0071 -0.0022 1.0000
vn 0.0049 -0.0021 1.0000
vn 0.0034 -0.0021 1.0000
vn 0.0027 -0.0023 1.0000
vn 0.0020 -0.0022 1.0000
vn 0.0010 -0.0020 1.0000
vn 0.0005 -0.0018 1.0000
vn 0.0004 -0.0019 1.0000
vn 0.0004 -0.0024 1.0000
vn -0.0000 -0.0022 1.0000
vn -0.0006 -0.0017 1.0000
vn -0.0009 -0.0014 1.0000
vn -0.0010 -0.0016 1.0000
vn -0.0016 -0.0019 1.0000
vn -0.0032 -0.0011 1.0000
vn -0.0005 -0.0005 -1.0000
vn -0.0002 -0.0010 -1.0000
vn -0.0004 -0.0008 -1.0000
vn -0.0006 -0.0005 -1.0000
vn -0.0001 -0.0007 -1.0000
vn 0.0006 -0.0014 -1.0000
vn 0.0002 -0.0012 -1.0000
vn -0.0003 -0.0007 -1.0000
vn 0.0001 -0.0012 -1.0000
vn 0.0077 -0.0087 -0.9999
vn 0.0083 -0.0075 -0.9999
vn 0.0095 -0.0062 -0.9999
vn 0.0185 -0.0081 -0.9998
vn 0.1276 -0.0314 -0.9913
vn 0.2393 -0.0189 -0.9708
vn 0.4557 0.0371 -0.8894
vn 0.2007 0.1257 -0.9716
vn 0.4218 0.1796 -0.8887
vn 0.0519 0.0463 -0.9976
vn 0.0282 0.0342 -0.9990
vn 0.0005 0.0017 -1.0000
vn -0.0000 0.0012 -1.0000
vn 0.0003 0.0016 -1.0000
vn -0.0001 0.0011 -1.0000
vn -0.0003 0.0010 -1.0000
vn -0.0003 0.0012 -1.0000
vn -0.0006 0.0004 -1.0000
vn -0.0007 0.0003 -1.0000
vn -0.0005 0.0009 -1.0000
vn -0.0006 0.0003 -1.0000
vn -0.8737 -0.3528 -0.3350
vn -0.8591 -0.4205 -0.2918
vn -0.9022 -0.3062 -0.3037
vn -0.0044 0.0013 1.0000
vn -0.0032 0.0004 1.0000
vn 0.0003 -0.0000 1.0000
vn -0.0076 0.0054 1.0000
vn -0.0085 0.0049 1.0000
vn -0.0066 0.0061 1.0000
vn -0.0088 0.0121 0.9999
vn -0.0338 0.0715 0.9969
vn -0.0372 0.1307 0.9907
vn -0.0313 0.2501 0.9677
vn 0.0191 0.4745 0.8800
vn 0.0327 0.0554 0.9979
vn 0.1624 0.4309 0.8876
vn 0.0233 0.0275 0.9994
vn 0.0298 0.0260 0.9992
vn 0.0027 0.0015 1.0000
vn 0.0021 0.0009 1.0000
vn 0.0020 0.0008 1.0000
vn 0.0013 -0.0000 1.0000
vn 0.0011 -0.0004 1.0000
vn 0.0010 -0.0005 1.0000
vn 0.0014 -0.0005 1.0000
vn 0.0012 -0.0005 1.0000
vn 0.0009 -0.0006 1.0000
vn 0.0003 -0.0008 1.0000
vn 0.0003 -0.0010 1.0000
vn 0.0008 -0.0010 1.0000
vn 0.0002 -0.0009 1.0000
vn 0.0001 -0.0009 1.0000
vn -0.0002 -0.0008 1.0000
vn -0.0003 -0.0009 1.0000
vn -0.0005 -0.0009 1.0000
vn -0.0008 -0.0008 1.0000
vn -0.0004 -0.0009 1.0000
vn -0.0006 -0.0007 1.0000
vn -0.0014 -0.0005 1.0000
vn -0.0031 -0.0007 1.0000
vn -0.0033 -0.0005 1.0000
vn -0.0034 -0.0001 1.0000
vn -0.0013 -0.0002 -1.0000
vn -0.0014 -0.0000 -1.0000
vn -0.0001 -0.0001 -1.0000
vn -0.0010 -0.0014 -1.0000
vn -0.0011 -0.0007 -1.0000
vn 0.0007 0.0027 -1.0000
vn 0.4551 0.5566 -0.6950
vn 0.0047 0.0052 -1.0000
vn 0.0143 0.0114 -0.9998
vn 0.6291 0.5460 -0.5532
vn -0.0012 -0.0007 -1.0000
vn -0.0013 -0.0008 -1.0000
vn -0.0015 -0.0040 -1.0000
vn -0.0011 -0.0039 -1.0000
vn -0.0005 -0.0037 -1.0000
vn 0.0004 -0.0048 -1.0000
vn 0.0009 -0.0050 -1.0000
vn 0.0015 -0.0047 -1.0000
vn 0.0042 -0.0079 -1.0000
vn 0.0841 -0.1027 -0.9911
vn 0.1788 -0.1581 -0.9711
vn 0.3817 -0.2410 -0.8923
vn 0.2288 -0.0169 -0.9733
vn 0.4184 -0.1033 -0.9024
vn 0.0293 0.0026 -0.9996
vn 0.0163 0.0039 -0.9999
vn 0.0142 0.0060 -0.9999
vn 0.0126 0.0080 -0.9999
vn 0.0001 0.0019 -1.0000
vn 0.0005 0.0022 -1.0000
vn 0.0005 0.0023 -1.0000
vn -0.0003 0.0018 -1.0000
vn -0.0009 0.0016 -1.0000
vn -0.0009 0.0020 -1.0000
vn -0.0014 0.0028 -1.0000
vn -0.0021 0.0042 -1.0000
vn -0.0010 0.0015 -1.0000
vn -0.0019 0.0005 -1.0000
vn -0.0014 0.0004 -1.0000
vn -0.0015 -0.0000 -1.0000
vn -0.8400 -0.4377 -0.3208
vn -0.0027 0.0082 -1.0000
vn -0.0005 0.0017 -1.0000
vn 0.0001 -0.0000 -1.0000
vn 0.0009 -0.0001 -1.0000
vn 0.0010 -0.0000 -1.0000
vn 0.0008 0.0003 -1.0000
vn 0.0009 0.0002 -1.0000
vn 0.0002 0.0009 -1.0000
vn 0.0006 0.0007 -1.0000
vn 0.0755 0.0254 0.9968
vn 0.1192 0.0626 0.9909
vn -0.0001 0.0001 1.0000
vn 0.0022 -0.0014 1.0000
vn 0.0034 -0.0016 1.0000
vn -0.6797 -0.6022 0.4187
vn -0.5533 -0.6730 0.4908
vn -0.0012 -0.0025 1.0000
vn -0.0006 -0.0011 1.0000
vn -0.7237 -0.4717 0.5038
vn -0.0034 -0.0037 1.0000
vn -0.3158 -0.7985 0.5126
vn -0.1860 -0.9118 0.3662
vn -0.1427 -0.6976 0.7021
vn -0.0227 -0.8597 0.5103
vn 0.8499 -0.4441 -0.2837
vn 0.8271 -0.4578 -0.3260
vn 0.8830 -0.3317 -0.3321
vn 0.0020 -0.0016 1.0000
vn 0.0018 -0.0019 1.0000
vn 0.0019 -0.0021 1.0000
vn 0.0011 -0.0021 1.0000
vn 0.0001 -0.0023 1.0000
vn 0.0003 -0.0025 1.0000
vn 0.0009 -0.0037 1.0000
vn -0.0002 -0.0017 1.0000
vn -0.0032 -0.0047 1.0000
vn -0.0024 -0.0046 1.0000
vn -0.0012 -0.0004 1.0000
vn -0.0012 -0.0006 1.0000
vn -0.0012 -0.0002 1.0000
vn -0.0016 0.0006 1.0000
vn -0.0015 0.0002 1.0000
vn -0.0013 0.0001 1.0000
vn -0.0013 0.0011 1.0000
vn -0.0013 0.0019 1.0000
vn -0.0012 0.0014 1.0000
vn -0.0011 0.0011 1.0000
vn -0.0008 0.0021 1.0000
vn -0.0005 0.0024 1.0000
vn -0.0005 0.0030 1.0000
vn 0.0054 0.0421 0.9991
vn 0.0121 0.0421 0.9990
vn 0.0301 0.0660 0.9974
vn 0.2640 0.3833 0.8851
vn 0.3936 0.2959 0.8704
vn 0.0291 0.0045 0.9996
vn 0.0004 0.0009 -1.0000
vn 0.0003 0.0010 -1.0000
vn 0.0005 0.0007 -1.0000
vn 0.0006 0.0004 -1.0000
vn 0.0008 -0.0000 -1.0000
vn 0.0008 -0.0004 -1.0000
vn 0.0008 -0.0011 -1.0000
vn 0.0010 -0.0004 -1.0000
vn 0.0016 -0.0040 -1.0000
vn 0.0011 -0.0037 -1.0000
vn 0.0005 -0.0038 -1.0000
vn -0.0005 -0.0047 -1.0000
vn -0.0010 -0.0050 -1.0000
vn -0.0017 -0.0049 -1.0000
vn -0.0033 -0.0057 -1.0000
vn -0.0065 -0.0086 -0.9999
vn -0.1767 -0.1554 -0.9719
vn -0.3822 -0.2411 -0.8921
vn -0.4462 -0.1097 -0.8882
vn -0.2403 -0.0197 -0.9705
vn -0.1316 0.0106 -0.9913
vn -0.0146 0.0037 -0.9999
vn -0.0081 0.0034 -1.0000
vn -0.0065 0.0043 -1.0000
vn -0.0058 0.0052 -1.0000
vn -0.0055 0.0060 -1.0000
vn -0.0039 0.0070 -1.0000
vn 0.9071 -0.2792 -0.3152
vn 0.0161 -0.0024 0.9999
vn 0.0173 -0.0002 0.9998
vn 0.8843 0.3304 -0.3298
vn 0.8495 0.4436 -0.2855
vn 0.9104 0.2834 -0.3012
vn 0.0025 0.0006 -1.0000
vn 0.0030 0.0002 -1.0000
vn 0.0012 0.0015 -1.0000
vn 0.0018 0.0010 -1.0000
vn 0.0020 0.0015 -1.0000
vn 0.0008 0.0012 -1.0000
vn 0.0002 0.0012 -1.0000
vn 0.0003 0.0012 -1.0000
vn 0.0002 0.0011 -1.0000
vn -0.0002 0.0012 -1.0000
vn -0.0003 0.0013 -1.0000
vn -0.0002 0.0013 -1.0000
vn -0.0005 0.0012 -1.0000
vn -0.0008 0.0010 -1.0000
vn -0.0014 0.0013 -1.0000
vn -0.0024 0.0016 -1.0000
vn -0.0029 0.0012 -1.0000
vn -0.0020 0.0005 -1.0000
vn -0.0025 -0.0001 -1.0000
vn -0.0025 -0.0002 -1.0000
vn -0.0025 -0.0006 -1.0000
vn -0.0025 -0.0010 -1.0000
vn -0.0025 -0.0019 -1.0000
vn -0.0025 -0.0021 -1.0000
vn -0.0020 -0.0017 -1.0000
vn -0.0027 -0.0035 -1.0000
vn -0.0289 -0.0769 -0.9966
vn -0.0258 -0.1250 -0.9918
vn -0.0087 -0.2370 -0.9715
vn 0.0560 -0.4570 -0.8877
vn 0.1339 -0.1943 -0.9718
vn 0.1951 -0.4116 -0.8902
vn 0.0843 -0.0893 -0.9924
vn 0.0039 -0.0023 -1.0000
vn 0.0030 -0.0013 -1.0000
vn 0.0033 -0.0011 -1.0000
vn 0.0027 -0.0003 -1.0000
vn 0.0028 -0.0000 -1.0000
vn -0.0514 -0.0125 0.9986
vn -0.0760 -0.0328 0.9966
vn 0.0004 -0.0006 1.0000
vn 0.0015 -0.0009 1.0000
vn 0.0012 -0.0001 1.0000
vn 0.0015 -0.0007 1.0000
vn 0.0012 -0.0008 1.0000
vn 0.0013 -0.0017 1.0000
vn 0.0012 -0.0019 1.0000
vn 0.0010 -0.0022 1.0000
vn 0.0009 -0.0030 1.0000
vn 0.0007 -0.0036 1.0000
vn 0.0005 -0.0040 1.0000
vn -0.0526 -0.2469 0.9676
vn -0.1772 -0.4660 0.8668
vn -0.1937 -0.1716 0.9659
vn -0.3110 -0.3822 0.8702
vn -0.0111 0.0008 0.9999
vn -0.0169 -0.0013 0.9999
vn -0.0001 0.0019 1.0000
vn 0.0014 0.0011 1.0000
vn 0.1991 0.6919 0.6940
vn 0.0931 0.8587 0.5039
vn 0.2596 0.8944 0.3643
vn -0.1867 0.9118 0.3656
vn -0.3029 0.7902 0.5327
vn -0.1430 0.7014 0.6983
vn -0.0110 0.0022 0.9999
vn -0.0128 0.0052 0.9999
vn -0.0101 0.0065 0.9999
vn -0.0070 0.0054 1.0000
vn -0.0041 0.0052 1.0000
vn -0.0025 0.0050 1.0000
vn -0.0040 0.0062 1.0000
vn -0.0005 0.0018 1.0000
vn 0.0020 0.0086 1.0000
vn -0.0008 0.0095 1.0000
vn 0.0009 0.0009 1.0000
vn 0.0008 0.0010 1.0000
vn 0.0013 0.0005 1.0000
vn 0.0012 0.0005 1.0000
vn 0.0009 0.0006 1.0000
vn -0.1220 -0.0774 0.9895
vn 0.8279 0.4579 -0.3239
vn 0.0011 0.0001 1.0000
vn 0.0011 0.0003 1.0000
vn 0.0006 1.0000 -0.0081
vn -0.0012 1.0000 -0.0051
vn 0.0002 1.0000 -0.0060
vn -0.0426 0.9954 0.0858
vn -0.0082 0.9998 0.0202
vn 0.0016 1.0000 0.0075
vn -0.0004 0.9435 0.3313
vn 0.0157 0.9945 0.1038
vn -0.0007 0.8222 0.5692
vn 0.0003 0.8760 0.4823
vn -0.0007 0.5199 0.8542
vn 0.0025 0.5384 0.8427
vn 0.0011 0.6540 0.7565
vn -0.0007 0.3183 0.9480
vn -0.0011 0.0060 1.0000
vn 0.0008 0.3303 0.9439
vn 0.0011 0.0037 1.0000
vn 0.2881 0.0050 0.9576
vn 0.6452 0.3829 0.6611
vn 0.4120 0.4658 0.7831
vn 0.6955 0.0076 0.7184
vn 0.9354 0.0015 0.3537
vn 0.7963 -0.0055 0.6049
vn 0.8719 -0.0119 0.4896
vn -1.0000 -0.0058 0.0017
vn -0.9593 -0.0074 0.2822
vn -1.0000 0.0044 0.0033
vn -0.8752 -0.0060 0.4838
vn -0.7901 -0.0036 0.6130
vn -0.8497 0.0064 0.5272
vn -0.5628 -0.0056 0.8266
vn -0.6897 -0.0098 0.7241
vn -0.4694 -0.4148 0.7795
vn 0.3266 -0.0046 0.9452
vn 0.0007 -0.0022 1.0000
vn 0.0006 -0.2537 0.9673
vn 0.4384 0.0083 0.8987
vn 0.5445 -0.0047 0.8388
vn 0.7271 -0.0029 0.6866
vn 0.4607 -0.4054 0.7896
vn 0.0026 -1.0000 -0.0059
vn 0.0530 -0.9969 -0.0587
vn 0.0260 -0.9996 -0.0141
vn 0.0027 -1.0000 -0.0004
vn 0.0013 -1.0000 -0.0008
vn 0.0018 -1.0000 -0.0012
vn 0.0008 -1.0000 -0.0003
vn 0.0006 -1.0000 -0.0001
vn 0.0005 -1.0000 -0.0000
vn 0.0015 -1.0000 0.0075
vn -0.0236 -0.9957 0.0892
vn -0.0077 -0.9998 0.0191
vn -0.0026 -1.0000 -0.0061
vn 0.0009 -0.8182 0.5749
vn 0.0018 -0.6966 0.7174
vn -0.0003 -0.7643 0.6449
vn 0.0006 -0.5265 0.8502
vn 0.0012 -0.4057 0.9140
vn -0.0011 -0.4412 0.8974
vn 0.3201 -0.3488 0.8809
vn -0.0006 -0.5872 0.8094
vn -0.0038 -0.6862 0.7274
vn 0.0005 -0.9316 0.3635
vn -0.0003 -0.8742 0.4855
vn -0.3005 -0.9165 0.2641
vn -0.0012 -0.9617 0.2742
vn -0.0013 -0.9999 -0.0114
vn 0.0002 -1.0000 -0.0063
vn 0.0009 -1.0000 -0.0063
vn -0.0398 -0.9987 -0.0303
vn 0.0122 -0.9941 0.1076
vn 0.2722 -0.9582 -0.0883
vn 0.0014 -1.0000 -0.0051
vn 0.0020 -1.0000 -0.0040
vn 0.0029 -1.0000 -0.0038
vn 0.0039 -1.0000 -0.0040
vn 0.0975 -0.9451 -0.3118
vn 0.1739 -0.9765 -0.1274
vn 0.5549 0.0035 0.8319
vn 0.7744 0.0031 0.6327
vn -0.0006 -0.3108 0.9505
vn -0.0007 -0.0044 1.0000
vn -0.3342 -0.0046 0.9425
vn -0.3197 -0.3466 0.8818
vn -0.9370 0.0075 0.3493
vn -0.7898 0.0054 0.6134
vn -0.6795 0.0070 0.7336
vn -0.4905 0.0063 0.8714
vn -0.3138 0.0045 0.9495
vn -0.6098 0.3522 0.7100
vn 0.9875 0.0026 -0.1577
vn 1.0000 -0.0055 -0.0051
vn 0.9829 -0.0022 -0.1840
vn 1.0000 0.0016 -0.0026
vn 1.0000 0.0065 0.0030
vn 1.0000 -0.0019 0.0050
vn 0.9299 -0.2724 0.2472
vn 0.9499 -0.0029 0.3125
vn -0.0012 0.6980 0.7161
vn -0.3028 0.7196 0.6249
vn -0.3885 0.4504 0.8038
vn -0.4963 -0.0070 -0.8681
vn -0.2830 -0.0030 -0.9591
vn -0.3050 -0.4341 -0.8476
vn -0.0006 -0.7279 -0.6856
vn -0.3392 -0.6820 -0.6479
vn 0.0003 0.7659 0.6429
vn -0.5701 0.4972 -0.6540
vn -0.5578 0.6558 -0.5086
vn -0.3489 0.6584 -0.6669
vn -0.3982 0.0025 -0.9173
vn -0.3922 0.4185 -0.8192
vn -0.0009 0.3481 -0.9375
vn -0.0007 0.6429 -0.7660
vn 0.0021 0.9509 0.3094
vn 0.0012 1.0000 -0.0004
vn 0.0067 1.0000 -0.0007
vn 0.0010 1.0000 -0.0061
vn -0.0199 0.9996 -0.0210
vn 0.0019 1.0000 -0.0051
vn 0.0007 1.0000 -0.0018
vn 0.0007 1.0000 -0.0016
vn 0.0007 1.0000 -0.0010
vn 0.0009 1.0000 -0.0008
vn 0.0012 1.0000 -0.0008
vn 0.0020 1.0000 -0.0008
vn 0.0022 1.0000 -0.0008
vn 0.0639 0.9775 -0.2010
vn 0.1693 0.9297 -0.3270
vn 0.0697 0.9967 -0.0407
vn 0.1555 0.9765 -0.1494
vn -0.0001 -1.0000 -0.0007
vn -0.0044 -0.9997 -0.0228
vn 0.0121 -0.9996 0.0261
vn 1.0000 0.0059 -0.0021
vn 0.9877 0.0028 -0.1563
vn 0.7564 0.6436 -0.1168
vn 0.0006 1.0000 0.0007
vn 0.0166 0.9999 -0.0032
vn 0.0001 1.0000 0.0003
vn -0.4939 0.7454 -0.4478
vn -0.4569 0.4649 -0.7584
vn -0.6462 0.4958 -0.5802
vn -1.0000 -0.0034 0.0027
vn -0.8449 -0.5350 0.0003
vn -0.7622 -0.4821 0.4321
vn -0.7050 -0.0028 0.7092
vn 0.0009 -0.0039 -1.0000
vn 0.1560 -0.0050 -0.9877
vn 0.0006 -0.5717 -0.8205
vn 0.2364 -0.6274 -0.7419
vn 0.1213 -0.6226 -0.7731
vn 0.0021 -0.8690 -0.4947
vn -0.0007 -0.7971 -0.6038
vn -0.0004 -1.0000 -0.0024
vn -0.4715 -0.7651 -0.4384
vn 0.0334 -0.9985 -0.0436
vn 0.0805 -0.9775 -0.1951
vn 0.3161 -0.7399 -0.5939
vn 0.8086 -0.0087 -0.5884
vn 0.6284 -0.7037 -0.3314
vn 0.4688 -0.8148 -0.3411
vn 0.1500 -0.9853 -0.0820
vn 0.2388 -0.9407 -0.2409
vn 0.1176 -0.9192 -0.3759
vn 0.4565 0.0066 -0.8897
vn 0.2233 0.6754 -0.7029
vn 0.3357 0.7014 -0.6288
vn 0.1559 0.0061 -0.9878
vn 0.0006 0.6125 -0.7905
vn 0.1206 0.7436 -0.6577
vn 0.3089 0.0029 -0.9511
vn -0.5915 -0.4836 -0.6452
vn -0.6998 -0.0041 -0.7143
vn -0.0013 -0.0040 -1.0000
vn -0.0007 -0.4562 -0.8899
vn -0.5105 -0.6037 0.6123
vn -0.6541 -0.7564 0.0026
vn -0.4721 -0.0044 0.8815
vn -0.5143 0.0010 -0.8576
vn -0.0005 0.0043 -1.0000
vn -0.5525 0.4998 0.6670
vn -0.0005 0.4049 0.9143
vn -0.0007 0.7640 0.6452
vn -0.7974 0.4982 -0.3406
vn -0.6367 0.7711 -0.0008
vn -0.0007 0.8442 -0.5360
vn -0.0013 1.0000 -0.0018
vn -0.0004 0.4819 -0.8762
vn 0.0008 1.0000 0.0013
vn 0.0012 0.8558 0.5173
vn 0.4450 0.8955 0.0021
vn 0.0915 0.9666 -0.2395
vn 0.0237 0.9993 -0.0279
vn 0.0223 0.9996 0.0199
vn 0.2330 0.9632 -0.1341
vn 0.5542 0.8131 -0.1784
vn 0.6520 0.6783 -0.3389
vn 0.9507 0.0076 -0.3101
vn 0.8904 0.0049 -0.4552
vn 0.4171 -0.7650 0.4907
vn 0.0006 -1.0000 0.0051
vn 0.5364 -0.8439 0.0012
vn 0.0004 -0.6539 0.7566
vn 0.3945 -0.5259 0.7535
vn 0.6386 -0.4597 0.6171
vn 0.7751 -0.6318 0.0024
vn 0.7773 -0.5783 -0.2477
vn 0.8906 -0.0044 -0.4548
vn 0.9877 -0.0049 -0.1564
vn 0.7522 -0.6502 -0.1071
vn 0.4227 -0.9063 -0.0010
vn 0.4927 -0.8545 -0.1645
vn 0.0017 -0.0050 1.0000
vn -1.0000 -0.0047 -0.0006
vn -1.0000 0.0035 -0.0003
vn -0.9331 0.0014 -0.3597
vn -0.0008 -0.0056 -1.0000
vn 0.0014 -0.0021 -1.0000
vn 0.0006 -0.2808 -0.9598
vn 0.0024 -0.6597 -0.7515
vn 0.3196 -0.3826 -0.8669
vn 0.4555 -0.4170 -0.7865
vn 0.0002 1.0000 0.0054
vn -0.0340 0.9994 0.0081
vn 0.0005 0.9329 0.3602
vn -0.5407 0.4426 0.7154
vn -0.7670 0.4072 0.4959
vn -0.8208 0.0053 0.5712
vn -0.5159 0.3563 -0.7790
vn -0.3296 0.3429 -0.8796
vn -0.5509 0.0030 -0.8345
vn -0.0260 0.9996 -0.0100
vn 0.0405 0.9991 -0.0140
vn 0.0011 0.9683 -0.2498
vn -0.0060 1.0000 -0.0025
vn 0.0060 1.0000 -0.0015
vn 0.0089 1.0000 0.0006
vn 0.0049 1.0000 0.0002
vn 0.3080 0.0056 -0.9514
vn 0.3941 -0.0025 -0.9191
vn 0.8732 -0.0052 -0.4873
vn 0.8732 0.0152 -0.4871
vn 0.9347 0.0068 -0.3554
vn 0.7072 -0.0050 -0.7070
vn 0.6672 0.0067 -0.7449
vn 0.7771 0.0069 -0.6293
vn 0.5606 -0.0066 -0.8281
vn 0.5153 0.0053 -0.8570
vn 0.9035 0.3483 -0.2499
vn 1.0000 0.0019 -0.0006
vn 0.7781 -0.0110 -0.6281
vn 0.2760 -0.2506 -0.9279
vn 0.0258 0.9995 0.0195
vn 0.0060 0.9999 0.0113
vn 0.0005 1.0000 0.0013
vn 0.0042 1.0000 0.0055
vn 0.0041 1.0000 0.0044
vn 0.0047 1.0000 0.0033
vn 0.0070 1.0000 0.0029
vn 0.0294 0.9985 0.0460
vn 0.1742 0.9689 0.1756
vn 0.3316 0.9285 0.1673
vn 0.2099 0.9755 0.0664
vn 0.0057 1.0000 0.0014
vn 0.0055 1.0000 0.0011
vn -0.0039 1.0000 0.0007
vn -0.4002 0.0059 -0.9164
vn -0.0011 0.3558 -0.9345
vn -0.0009 0.5236 -0.8519
vn 0.0005 0.5834 -0.8122
vn 0.0010 0.4432 -0.8964
vn 0.0009 0.8129 -0.5824
vn -0.0003 0.7600 -0.6499
vn -0.0008 0.8736 -0.4867
vn -0.2927 0.7430 -0.6019
vn -0.0033 0.6693 -0.7430
vn -0.4886 0.5698 -0.6607
vn 0.0022 0.7081 -0.7061
vn -0.2736 0.9299 -0.2457
vn -0.0009 0.9501 -0.3118
vn 0.0005 0.9101 -0.4144
vn 0.3165 0.3504 -0.8815
vn 0.4594 0.4060 -0.7900
vn 0.0007 0.0021 -1.0000
vn 0.0005 0.2653 -0.9642
vn -0.0004 0.0060 -1.0000
vn -0.0000 1.0000 0.0009
vn 0.0002 1.0000 0.0010
vn 0.0707 0.9737 0.2166
vn 0.7978 -0.5013 -0.3351
vn 0.5813 -0.6727 -0.4577
vn 0.7086 -0.4541 -0.5401
vn -0.0024 -0.7015 -0.7126
vn -0.0006 -0.5639 -0.8259
vn 0.0004 -0.7571 -0.6533
vn -0.0004 -0.7939 -0.6080
vn 0.0008 -0.8636 -0.5041
vn -0.0004 -0.8889 -0.4582
vn 0.0007 -0.9417 -0.3364
vn -0.0013 -0.9612 -0.2757
vn 0.0274 -0.9993 -0.0251
vn -0.0243 -0.9997 -0.0073
vn -0.2963 -0.9181 -0.2631
vn -0.0010 -0.3611 -0.9325
vn 0.0006 -0.4833 -0.8755
vn -0.3059 -0.0031 -0.9521
vn -0.4425 -0.0067 -0.8967
vn -0.5562 -0.0094 -0.8310
vn -0.6666 -0.0067 -0.7454
vn -0.7185 0.0026 -0.6955
vn -0.4362 -0.6214 0.6509
vn -0.3682 -0.3974 0.8405
vn -0.5982 -0.3900 0.7000
vn -0.2938 -0.3719 -0.8805
vn -0.4589 -0.4123 -0.7870
vn -0.8758 -0.0027 -0.4826
vn -0.8012 -0.0045 -0.5983
vn -0.7540 -0.3421 -0.5608
vn -0.3396 -0.7857 0.5171
vn -0.0012 -0.6222 0.7828
vn -0.0007 -0.8606 0.5093
vn -0.4233 -0.8485 0.3177
vn -0.3975 -0.9176 -0.0000
vn -0.0291 -0.9995 0.0128
vn -0.6904 -0.6546 0.3080
vn -0.6285 -0.7778 0.0002
vn -0.0059 -1.0000 -0.0026
vn -0.0049 -1.0000 0.0007
vn 0.0001 -1.0000 0.0010
vn 0.0005 -1.0000 0.0041
vn 0.0072 -1.0000 0.0007
vn 0.0104 -0.9999 0.0004
vn 0.0078 -1.0000 0.0014
vn 0.0025 -1.0000 0.0028
vn 0.0028 -1.0000 0.0028
vn 0.0026 -1.0000 0.0020
vn 0.0029 -1.0000 0.0014
vn 0.0044 -1.0000 0.0011
vn 0.0071 -1.0000 -0.0007
vn 0.2555 -0.9636 0.0790
vn 0.2660 -0.9328 -0.2432
vn 0.0004 -1.0000 0.0011
vn 0.0008 -1.0000 0.0013
vn 0.0912 -0.9914 0.0940
vn 0.1448 -0.9689 0.2006
vn 1.0000 -0.0034 -0.0002
vn 0.9587 -0.0015 -0.2844
vn -0.2508 0.0033 -0.9680
vn -0.8173 0.0088 -0.5761
vn -0.9512 -0.0108 -0.3084
vn -0.9381 0.2376 -0.2521
vn -0.5172 0.7816 0.3488
vn -0.7549 0.6558 0.0002
vn -0.7280 0.5882 0.3522
vn -0.5062 0.6561 0.5597
vn 0.1585 0.0031 0.9874
vn 0.0009 0.0035 1.0000
vn 0.0018 -0.0037 1.0000
vn 0.1842 -0.0087 0.9828
vn 0.0017 -0.9978 0.0661
vn -0.0004 0.5908 -0.8068
vn -0.4229 0.3104 -0.8513
vn -0.4496 0.4983 -0.7413
vn -0.8167 0.3387 -0.4673
vn -0.6014 0.6076 -0.5189
vn -0.6866 0.3613 -0.6309
vn -0.6940 -0.0004 -0.7200
vn -0.9147 0.0062 -0.4041
vn -0.7940 0.0001 -0.6080
vn -0.4560 -0.7352 -0.5015
vn -0.6719 -0.5469 -0.4995
vn -0.4959 -0.5356 -0.6836
vn 0.9150 0.0042 -0.4035
vn 0.7982 0.0002 -0.6023
vn 0.9150 -0.0184 -0.4031
vn -0.0380 0.9459 -0.3223
vn 0.2824 0.8347 -0.4728
vn 0.3534 0.7982 -0.4878
vn 0.3171 0.9483 -0.0117
vn 0.5516 0.8244 -0.1273
vn 0.7521 0.6533 -0.0864
vn 0.8564 0.2960 -0.4232
vn 0.6482 0.5669 -0.5084
vn 0.8231 -0.0003 0.5679
vn 0.9483 -0.0004 0.3173
vn 0.9168 0.0002 0.3993
vn 0.0003 -0.5959 0.8030
vn 0.3058 -0.3351 0.8912
vn 0.0001 -0.3427 0.9394
vn -0.6129 0.5453 0.5719
vn -0.5786 0.3656 0.7291
vn -0.3787 0.5990 0.7056
vn -0.8987 -0.4297 -0.0879
vn -0.9373 0.0349 -0.3467
vn -0.7703 -0.4048 -0.4927
vn -0.7437 -0.6608 -0.1013
vn -0.3151 -0.8213 -0.4755
vn 0.0390 -0.9445 -0.3263
vn -0.4943 -0.8635 -0.1007
vn -0.5289 -0.6361 0.5618
vn -0.5159 -0.3832 0.7662
vn -0.6879 -0.4598 0.5616
vn -0.0002 -0.3855 0.9227
vn -0.0001 -0.6709 0.7416
vn 0.7554 -0.4122 -0.5093
vn 0.8965 -0.2303 -0.3785
vn 0.7489 -0.6548 -0.1018
vn 0.4983 -0.8608 -0.1034
vn 0.3209 -0.8128 -0.4861
vn 0.5537 -0.6758 -0.4866
vn -0.0413 -0.9444 -0.3262
vn 0.0001 -0.7919 0.6107
vn -0.0001 -0.8578 0.5140
vn -0.0003 -0.9655 0.2603
vn 0.0001 -0.9359 0.3522
vn -0.3106 -0.7777 0.5465
vn -0.3592 -0.5797 0.7314
vn -0.7856 -0.0006 0.6188
vn -0.6208 -0.0001 0.7840
vn -0.7726 0.0001 0.6349
vn -0.3896 -0.0002 0.9210
vn -0.0003 -0.0002 1.0000
vn -0.4565 0.0001 0.8897
vn -0.9072 -0.0001 0.4207
vn -0.9308 0.0002 0.3656
vn -0.5589 -0.6680 -0.4914
vn -0.8138 -0.2996 -0.4980
vn 0.0084 0.9164 -0.4001
vn -0.3349 0.8158 -0.4715
vn 0.0285 0.9359 -0.3512
vn -0.6024 0.6390 -0.4783
vn -0.4396 0.7706 -0.4615
vn -0.7669 0.4348 -0.4720
vn 0.0001 0.7387 -0.6741
vn -0.0005 0.7194 -0.6946
vn -0.0001 0.3850 -0.9229
vn 0.0002 0.5344 -0.8453
vn -0.2612 0.8645 -0.4294
vn 0.4782 0.4193 0.7717
vn 0.3686 0.6240 0.6891
vn 0.0001 0.7083 0.7059
vn 0.3043 0.7923 0.5288
vn 0.0001 0.8333 0.5528
vn -0.0001 0.9393 0.3431
vn -0.0001 0.7780 0.6282
vn -0.0001 0.6405 0.7679
vn -0.0000 0.3320 0.9433
vn 0.0002 0.3784 0.9256
vn 0.0003 0.9762 0.2167
vn 0.6431 -0.0001 0.7658
vn 0.7475 0.0003 0.6642
vn 0.4970 0.0002 0.8677
vn 0.5359 0.6374 0.5537
vn -0.7544 0.3501 0.5553
vn -0.4197 0.7418 0.5230
vn -0.3194 0.3592 0.8769
vn 0.3834 -0.5533 0.7395
vn 0.6763 0.4572 0.5776
vn 0.0172 0.9246 -0.3806
vn 0.4145 0.5900 -0.6929
vn 0.3639 0.3292 -0.8713
vn 0.7188 -0.5043 -0.4785
vn 0.7168 -0.0003 -0.6973
vn 0.8349 -0.2476 -0.4916
vn -0.0001 -0.0002 -1.0000
vn 0.0002 -0.0001 -1.0000
vn 0.0003 -0.3734 -0.9277
vn -0.0000 -0.6498 -0.7601
vn 0.0001 -0.8279 -0.5609
vn -0.0001 -0.8228 -0.5684
vn -0.0003 -0.5706 -0.8212
vn -0.0003 -0.3723 -0.9281
vn -0.4378 -0.3552 -0.8259
vn -0.4152 -0.0001 -0.9097
vn -0.5491 0.0001 -0.8357
vn -0.9159 -0.0259 -0.4006
vn -0.0002 0.0002 -1.0000
vn 0.5083 -0.6704 -0.5406
vn 0.4838 -0.6539 -0.5816
vn 0.2599 0.7336 -0.6279
vn 0.4888 -0.0003 -0.8724
vn 0.6098 0.0002 -0.7926
vn 0.3624 0.0001 -0.9320
vn 0.6376 0.3733 -0.6739
vn 0.4882 -0.4442 -0.7512
vn 0.6325 0.5831 -0.5098
vn 0.7901 0.3685 -0.4899
vn 0.9361 -0.0291 -0.3505
vn 0.2905 -0.8444 -0.4501
vn -0.0333 -0.9149 -0.4024
vn 0.0123 -0.9191 -0.3938
vn -0.2465 -0.8491 -0.4672
vn -0.2821 -0.7436 -0.6063
vn -0.9288 -0.0220 -0.3700
vn -0.4956 0.6317 -0.5962
vn 0.0001 0.2996 -0.9541
vn 0.0001 0.0001 -1.0000
vn 0.8445 -0.5356 -0.0000
vn 0.9240 -0.3823 -0.0000
vn 0.9239 -0.3826 -0.0000
vn 0.9729 -0.2313 -0.0000
vn 0.9336 -0.3583 0.0003
vn 0.8530 -0.5219 -0.0000
vn -0.3959 0.4826 -0.7813
vn -0.6183 0.5096 -0.5983
vn -0.6307 0.3060 -0.7131
vn -0.0664 -0.0001 -0.9978
vn -0.4391 0.0003 -0.8984
vn -0.7245 0.2167 -0.6543
vn -0.7628 0.3130 -0.5659
vn -0.6181 -0.6256 -0.4760
vn -0.4499 -0.8914 -0.0539
vn -0.0649 -0.9977 0.0185
vn -0.6172 -0.7866 -0.0174
vn -0.7550 -0.5738 0.3174
vn -0.5903 -0.7549 0.2858
vn -0.7323 -0.2303 0.6408
vn -0.0178 0.5584 -0.8294
vn -0.0475 0.8180 -0.5732
vn -0.0091 0.6885 -0.7252
vn -0.0033 0.9802 -0.1979
vn 0.0042 0.9969 -0.0785
vn -0.7010 -0.0928 0.7071
vn -0.6656 -0.4211 0.6161
vn -0.7580 -0.6522 -0.0057
vn -0.0127 -0.6791 -0.7339
vn -0.7623 -0.5414 -0.3546
vn -0.7463 -0.4627 -0.4786
vn -0.7405 -0.3154 -0.5935
vn -0.7506 -0.1888 -0.6332
vn -0.7637 0.3536 -0.5401
vn -0.7468 0.4801 -0.4603
vn -0.6705 0.5842 -0.4573
vn -0.9304 -0.1512 0.3340
vn -0.9231 -0.3198 0.2135
vn -0.8081 -0.2779 0.5194
vn -0.8934 0.2986 0.3357
vn -0.8435 0.1285 0.5215
vn -0.7224 0.2415 0.6479
vn -0.7553 0.4042 0.5160
vn -0.8607 0.4630 0.2117
vn 0.6317 0.7743 0.0367
vn 0.7154 0.6320 -0.2981
vn 0.6004 0.7354 -0.3142
vn 0.3456 0.9375 0.0399
vn 0.4780 0.8264 -0.2975
vn 0.3384 0.8877 -0.3121
vn -0.5589 0.8282 0.0418
vn -0.6874 0.7163 0.1202
vn -0.5420 0.8074 0.2330
vn -0.1193 0.9858 0.1186
vn -0.2870 0.9570 0.0425
vn -0.2827 0.9308 0.2317
vn 0.4967 0.8595 0.1205
vn 0.6154 0.7532 0.2323
vn 0.8496 0.5257 0.0422
vn 0.7433 0.6584 0.1188
vn 0.8285 0.5103 0.2306
vn 0.3806 0.6598 0.6479
vn 0.5311 0.6501 0.5434
vn 0.4708 0.8162 0.3349
vn -0.0925 0.7554 0.6487
vn 0.0420 0.8515 0.5227
vn -0.1131 0.9359 0.3337
vn -0.2453 0.8182 0.5200
vn -0.6876 0.5064 0.5203
vn -0.5326 0.5559 0.6382
vn -0.6530 0.6807 0.3320
vn -0.4794 0.7072 0.5197
vn 0.2950 0.8015 0.5201
vn 0.7060 0.6255 0.3322
vn 0.3334 0.9139 0.2314
vn 0.0513 0.9707 0.2349
vn -0.7894 0.5721 0.2227
vn -0.8010 0.5960 0.0560
vn 0.4978 -0.8412 0.2113
vn 0.3276 -0.8875 0.3240
vn 0.3447 -0.9319 0.1131
vn -0.2688 -0.9624 0.0399
vn -0.4103 -0.8621 -0.2973
vn -0.2644 -0.9124 -0.3125
vn 0.0315 -0.9987 0.0410
vn 0.2110 -0.9703 0.1187
vn 0.0273 -0.9721 0.2331
vn 0.0393 -0.9430 -0.3306
vn -0.1122 -0.9387 -0.3259
vn 0.0378 -0.8211 -0.5696
vn -0.2339 -0.7886 -0.5687
vn -0.0894 -0.7356 -0.6715
vn 0.3377 -0.8910 -0.3035
vn 0.4787 -0.8309 -0.2835
vn 0.1978 -0.9240 0.3273
vn 0.0257 -0.8536 0.5203
vn -0.3262 -0.6870 0.6493
vn -0.4916 -0.6981 0.5206
vn -0.4036 -0.8506 0.3369
vn -0.5622 -0.7936 0.2328
vn -0.4258 -0.8967 0.1207
vn -0.0890 0.7354 -0.6717
vn -0.2341 0.7883 -0.5691
vn -0.1142 0.9400 -0.3214
vn -0.3471 0.7446 -0.5701
vn -0.4208 0.6100 -0.6715
vn -0.5364 0.7785 -0.3259
vn -0.2621 0.9073 -0.3288
vn -0.1163 0.9463 -0.3017
vn 0.0493 0.9979 0.0412
vn 0.0357 0.9491 -0.3131
vn 0.8731 -0.3730 -0.3140
vn 0.9330 -0.2283 -0.2780
vn 0.9178 -0.3916 0.0657
vn -0.7842 -0.5894 0.1938
vn -0.6885 -0.7239 0.0445
vn -0.6633 -0.7065 0.2468
vn -0.7639 -0.5727 -0.2975
vn -0.6589 -0.6847 -0.3116
vn -0.9411 0.3185 0.1132
vn -0.9616 0.1451 0.2328
vn -0.9874 0.1524 0.0429
vn -0.7560 -0.1222 0.6431
vn -0.9401 -0.1562 -0.3031
vn -0.9099 -0.3033 -0.2831
vn -0.9799 -0.1649 0.1123
vn -0.6583 0.3452 -0.6690
vn -0.7819 0.2557 -0.5685
vn -0.8576 -0.0082 0.5143
vn -0.9307 0.1507 0.3332
vn -0.9773 -0.0110 0.2115
vn -0.2299 0.8230 0.5194
vn -0.4045 0.8528 0.3303
vn -0.3269 0.6890 0.6468
vn 0.0315 0.7610 0.6480
vn 0.1673 0.8203 0.5469
vn 0.0376 0.9414 0.3353
vn -0.5702 0.8199 0.0513
vn -0.4261 0.8972 0.1157
vn -0.4083 0.8624 -0.2991
vn 0.0398 0.9920 0.1197
vn 0.1951 0.9532 0.2309
vn 0.2004 0.9791 0.0341
vn 0.3563 0.9274 0.1136
vn 0.3354 0.8814 0.3325
vn 0.5967 0.7325 0.3277
vn 0.7408 0.6355 0.2177
vn 0.6254 0.7729 0.1068
vn 0.4892 0.8470 0.2079
vn 0.4794 0.8291 -0.2879
vn 0.9424 0.0671 0.3277
vn 0.9412 0.2440 0.2335
vn 0.8265 0.2125 0.5213
vn 0.6068 -0.7602 0.2320
vn 0.7065 -0.6259 0.3303
vn 0.5331 -0.6659 0.5219
vn 0.8497 -0.5258 0.0388
vn 0.7435 -0.6588 0.1152
vn 0.7138 -0.6331 -0.2995
vn 0.9679 -0.2479 0.0409
vn 0.9508 -0.0747 -0.3007
vn 0.9908 -0.0676 0.1171
vn -0.9408 -0.3189 0.1146
vn -0.8606 -0.4630 0.2120
vn -0.2659 -0.9216 -0.2829
vn -0.1240 -0.9860 0.1117
vn -0.2829 -0.9344 0.2164
vn -0.1137 -0.9365 0.3316
vn 0.0414 -0.8545 0.5178
vn 0.0518 -0.9718 0.2300
vn 0.8286 -0.5109 0.2288
vn 0.6248 -0.7799 0.0383
vn 0.7277 -0.4510 0.5168
vn 0.9417 -0.2434 0.2321
vn 0.9434 -0.0676 0.3247
vn 0.7496 0.6601 0.0487
vn 0.7831 -0.0526 0.6197
vn 0.8272 -0.2119 0.5204
vn 0.5701 -0.5039 0.6489
vn -0.0926 -0.7615 0.6416
vn -0.2447 -0.8180 0.5205
vn 0.6449 0.5607 0.5194
vn 0.4215 0.7280 0.5407
vn 0.0373 0.9538 -0.2981
vn -0.1290 0.9640 0.2327
vn -0.1302 0.9907 0.0398
vn 0.2667 0.7063 0.6557
vn -0.1118 0.8486 0.5171
vn -0.2593 0.9376 0.2316
vn -0.5662 0.7933 0.2238
vn -0.7504 0.1216 0.6497
vn -0.8049 0.2778 0.5244
vn -0.9184 0.3194 0.2334
vn -0.9813 0.1553 0.1139
vn -0.9653 -0.1411 0.2198
vn -0.9862 -0.1575 0.0518
vn -0.9589 0.0022 -0.2836
vn -0.9375 -0.1504 -0.3138
vn -0.9413 0.1492 -0.3028
vn -0.9450 0.3244 0.0421
vn -0.7824 -0.2559 -0.5677
vn 0.7191 -0.1779 -0.6717
vn 0.8218 -0.0607 -0.5665
vn 0.9183 -0.2256 -0.3253
vn -0.5759 0.4323 -0.6939
vn -0.5711 0.6068 -0.5529
vn 0.4099 0.7282 -0.5493
vn 0.0379 0.8209 -0.5699
vn -0.0888 0.7348 -0.6725
vn -0.1111 0.9390 -0.3254
vn 0.5966 0.7350 -0.3223
vn 0.7525 -0.3256 -0.5725
vn -0.7438 0.3802 -0.5498
vn -0.7545 0.5696 -0.3260
vn -0.8361 0.4379 -0.3305
vn -0.6536 0.6834 -0.3253
vn -0.2639 0.9065 -0.3296
vn -0.2336 0.7886 -0.5688
vn 0.0394 0.9439 -0.3279
vn 0.7086 0.6246 -0.3283
vn 0.9423 -0.0735 -0.3266
vn 0.8677 -0.3714 -0.3303
vn 0.0366 -0.9436 -0.3290
vn -0.1151 -0.9402 -0.3206
vn 0.0375 -0.8228 -0.5670
vn -0.2636 -0.9090 -0.3227
vn -0.2347 -0.7897 -0.5668
vn -0.4016 -0.8547 -0.3290
vn -0.5373 -0.7781 -0.3255
vn -0.3484 -0.7462 -0.5673
vn -0.6569 -0.6808 -0.3239
vn -0.5738 -0.5907 -0.5673
vn -0.7536 -0.5694 -0.3284
vn -0.6546 -0.4989 -0.5679
vn -0.6579 -0.3454 -0.6692
vn -0.6666 0.6908 -0.2801
vn -0.5411 0.7802 -0.3140
vn 0.5983 0.7407 -0.3056
vn 0.7116 0.6280 -0.3150
vn 0.8730 0.3752 -0.3117
vn 0.8108 0.5144 -0.2795
vn 0.9209 0.3862 0.0527
vn 0.9518 0.0725 -0.2982
vn 0.9230 0.2260 -0.3114
vn 0.9679 0.2477 0.0418
vn 0.9227 -0.2272 -0.3114
vn 0.3392 -0.8978 -0.2809
vn 0.4720 -0.8246 -0.3119
vn 0.5040 -0.8621 0.0517
vn -0.4339 -0.8992 0.0556
vn -0.4048 -0.8597 -0.3115
vn -0.6656 -0.6918 -0.2802
vn -0.5425 -0.7801 -0.3116
vn -0.5619 -0.8254 0.0538
vn -0.7591 -0.5712 -0.3123
vn -0.7981 -0.5987 0.0676
vn 0.7463 -0.1206 0.6546
vn 0.8052 -0.2783 0.5237
vn 0.9298 -0.1508 0.3357
vn 0.8556 0.0080 0.5176
vn 0.9770 0.0105 0.2128
vn 0.9190 -0.3234 0.2257
vn 0.9807 -0.1556 0.1181
vn 0.9463 -0.3189 0.0536
vn 0.9417 -0.1487 -0.3018
vn 0.5126 0.5342 -0.6722
vn 0.4629 0.6790 -0.5698
vn 0.6541 0.6826 -0.3259
vn -0.9189 0.3907 0.0553
vn -0.9278 0.2284 -0.2949
vn -0.9509 0.2347 0.2016
vn -0.7156 -0.6327 -0.2960
vn -0.6020 -0.7350 -0.3120
vn -0.6280 -0.7770 0.0433
vn 0.2677 -0.9217 -0.2806
vn 0.1147 -0.9920 0.0533
vn 0.1177 -0.9430 -0.3111
vn -0.3620 -0.9312 0.0417
vn -0.1987 -0.9718 0.1273
vn -0.3548 -0.9053 0.2336
vn -0.7340 -0.6503 0.1959
vn -0.6036 -0.7570 0.2504
vn -0.9133 -0.3890 0.1206
vn -0.9455 -0.2329 0.2275
vn -0.9705 -0.2383 0.0356
vn -0.7623 -0.0608 0.6444
vn -0.8563 0.0796 0.5102
vn -0.9399 -0.0761 0.3328
vn -0.0289 -0.9724 0.2315
vn -0.9641 0.0794 0.2534
vn -0.9902 -0.0805 0.1145
vn -0.8186 -0.5195 0.2451
vn -0.8676 -0.3691 0.3331
vn 0.0889 -0.7352 -0.6720
vn 0.2344 -0.7880 -0.5693
vn 0.1161 -0.9385 -0.3250
vn -0.0380 -0.8216 -0.5688
vn 0.4331 0.6263 0.6482
vn 0.5955 0.6091 0.5238
vn 0.5362 0.7761 0.3318
vn -0.0257 0.8561 0.5162
vn -0.1890 0.9247 0.3306
vn -0.1525 0.7461 0.6481
vn -0.7134 0.6276 -0.3117
vn -0.8121 0.5123 -0.2794
vn -0.7433 0.6669 0.0519
vn -0.1988 0.9729 0.1183
vn -0.0265 0.9728 0.2302
vn -0.0317 0.9987 0.0400
vn -0.1907 0.9349 -0.2994
vn -0.0395 0.9494 -0.3115
vn -0.3556 0.9053 0.2323
vn 0.3593 0.7751 0.5197
vn 0.4071 0.8838 0.2306
vn 0.5644 0.8174 0.1152
vn 0.4194 0.9068 0.0420
vn 0.5436 0.7839 -0.3001
vn -0.1919 -0.9350 -0.2982
vn -0.0317 -0.9986 0.0423
vn -0.3364 -0.8885 -0.3121
vn -0.8787 -0.3734 -0.2973
vn -0.8425 -0.5372 0.0405
vn -0.9217 -0.2275 -0.3142
vn -0.9510 -0.0756 -0.2999
vn -0.9463 0.0776 -0.3139
vn -0.9957 0.0840 0.0400
vn -0.8725 0.3742 -0.3142
vn -0.8872 0.3941 0.2401
vn -0.3102 0.7969 0.5184
vn 0.6577 0.6858 -0.3116
vn 0.6989 0.7142 0.0384
vn 0.6649 -0.6925 -0.2798
vn 0.7588 -0.5712 -0.3130
vn 0.7981 -0.5987 0.0677
vn 0.9848 0.1659 0.0521
vn 0.9591 -0.0048 -0.2832
vn 0.9381 0.1486 -0.3128
vn 0.9930 -0.0120 0.1173
vn 0.9861 0.1615 0.0388
vn 0.9603 0.1556 0.2317
vn 0.7823 0.2559 -0.5679
vn -0.6125 0.3872 -0.6892
vn -0.7608 0.3209 -0.5641
vn -0.7981 0.5071 -0.3256
vn -0.7173 0.1768 -0.6739
vn -0.8201 0.0607 -0.5690
vn -0.9179 0.2266 -0.3257
vn 0.5660 -0.5964 -0.5691
vn 0.5918 -0.4446 -0.6724
vn 0.7545 -0.5698 -0.3258
vn -0.6200 0.5595 -0.5501
vn 0.7311 -0.3775 -0.5684
vn 0.8362 -0.4379 -0.3301
vn 0.6532 -0.6824 -0.3281
vn -0.9407 0.0755 -0.3306
vn -0.8686 0.3702 -0.3295
vn -0.0392 0.9432 -0.3299
vn 0.1136 0.9388 -0.3252
vn -0.0375 0.8229 -0.5670
vn 0.2651 0.9071 -0.3271
vn 0.2347 0.7892 -0.5675
vn 0.4032 0.8536 -0.3298
vn 0.5375 0.7781 -0.3250
vn 0.3477 0.7460 -0.5680
vn 0.6569 0.6808 -0.3240
vn 0.5737 0.5898 -0.5684
vn 0.7536 0.5694 -0.3285
vn 0.6544 0.4987 -0.5684
vn 0.6575 0.3453 -0.6697
vn 0.7848 -0.5749 0.2313
vn 0.6876 -0.7163 0.1187
vn 0.8040 -0.5934 0.0393
vn 0.4772 -0.6919 0.5418
vn 0.4047 -0.8522 0.3316
vn 0.5526 -0.8014 0.2291
vn -0.0310 -0.7684 0.6393
vn -0.1786 -0.8381 0.5154
vn -0.0380 -0.9430 0.3306
vn 0.2689 -0.9623 0.0419
vn 0.4260 -0.8969 0.1183
vn 0.2592 -0.9371 0.2337
vn 0.5682 -0.8221 0.0364
vn 0.4082 -0.8627 -0.2985
vn 0.1303 -0.9907 0.0384
vn -0.0399 -0.9930 0.1108
vn -0.0400 -0.9530 -0.3002
vn -0.2064 -0.9512 0.2294
vn -0.2089 -0.9773 0.0357
vn -0.8903 -0.3921 0.2314
vn -0.9161 -0.2258 0.3313
vn -0.9638 -0.2378 0.1203
vn -0.0225 0.8599 0.5100
vn -0.9966 -0.0707 0.0412
vn -0.9270 -0.2282 -0.2975
vn -0.6282 0.7452 0.2236
vn -0.4715 0.8162 0.3339
vn -0.4971 0.8599 0.1161
vn -0.3440 0.9098 0.2323
vn -0.1986 0.9719 0.1266
vn -0.0284 0.9726 0.2309
vn 0.1065 0.9676 0.2289
vn 0.4372 0.8983 0.0434
vn 0.2651 0.9168 -0.2986
vn 0.2761 0.9529 0.1257
vn -0.0319 0.9986 0.0420
vn -0.1907 0.9352 -0.2984
vn 0.9410 0.3188 0.1136
vn 0.8609 0.4633 0.2102
vn 0.4263 0.8729 0.2375
vn 0.3770 0.7687 0.5166
vn 0.1109 0.9930 0.0405
vn -0.3541 0.9345 0.0352
vn -0.6342 0.7715 0.0501
vn -0.5463 0.6550 0.5220
vn -0.3785 0.6572 0.6517
vn -0.9708 -0.0660 0.2308
vn -0.9155 -0.4003 0.0405
vn -0.7820 -0.3423 0.5209
vn -0.7378 -0.1818 0.6501
vn 0.1285 -0.9643 0.2314
vn 0.6532 -0.6795 0.3341
vn 0.5258 -0.5486 0.6500
vn 0.2293 -0.8211 0.5227
vn 0.6610 -0.6881 -0.2992
vn 0.7589 -0.5716 -0.3119
vn 0.5391 -0.7814 -0.3142
vn -0.1899 -0.9305 -0.3133
vn -0.8745 -0.3710 -0.3125
vn -0.9471 -0.0773 -0.3114
vn -0.7186 0.6366 -0.2799
vn -0.8011 0.5110 -0.3117
vn -0.8471 0.5287 0.0543
vn -0.6020 0.7341 -0.3142
vn -0.4762 0.8268 -0.2995
vn -0.3359 0.8880 -0.3140
vn -0.0374 0.9494 -0.3117
vn 0.1162 0.9430 -0.3118
vn 0.6654 0.6918 -0.2805
vn 0.5426 0.7801 -0.3114
vn 0.5619 0.8254 0.0543
vn 0.9372 0.1522 -0.3139
vn 0.9450 -0.3243 0.0416
vn 0.9423 -0.1496 -0.2996
vn 0.9823 -0.1474 0.1154
vn 0.9544 -0.0035 -0.2984
vn 0.9345 -0.1428 0.3261
vn 0.9188 -0.3197 0.2314
vn 0.7788 -0.1166 0.6163
vn 0.8079 -0.2779 0.5197
vn -1.0000 -0.0012 0.0098
vn -0.9836 0.0004 0.1803
vn -1.0000 -0.0008 0.0019
vn 0.2417 0.9096 -0.3380
vn 0.3020 0.9170 0.2607
vn 0.4935 0.8697 0.0023
vn 0.3945 0.8353 -0.3830
vn 0.3692 0.7699 -0.5205
vn 0.2921 0.7703 -0.5668
vn 0.1757 0.8241 -0.5385
vn 0.0011 0.8056 -0.5925
vn -0.0005 0.8700 -0.4931
vn 0.6521 0.5945 -0.4704
vn 0.5772 0.7621 -0.2933
vn 0.7801 0.4859 -0.3942
vn 0.6755 0.7373 -0.0043
vn 0.4845 0.8717 -0.0726
vn 0.2980 0.9546 -0.0018
vn 0.6543 0.3915 -0.6470
vn 0.8085 0.0074 -0.5885
vn 0.5892 0.0051 -0.8080
vn 0.4217 0.3689 -0.8283
vn 0.4966 0.5251 -0.6911
vn 0.3078 0.0051 -0.9514
vn 0.1588 0.0029 -0.9873
vn 0.1464 0.3658 -0.9191
vn -0.5866 0.7552 -0.2926
vn -0.3390 0.9408 -0.0013
vn -0.0013 0.9303 -0.3668
vn -0.7714 0.5002 -0.3932
vn -0.2471 0.9374 0.2455
vn -0.4234 0.9059 0.0012
vn 0.9111 0.4121 -0.0052
vn 0.8142 0.5806 0.0028
vn 0.0016 -0.3818 -0.9242
vn -0.0006 -0.0056 -1.0000
vn 0.0018 -0.0019 -1.0000
vn -0.0004 -0.4914 -0.8709
vn -0.5159 -0.5216 -0.6795
vn 0.9508 -0.0050 -0.3097
vn 0.9121 -0.3836 -0.1446
vn 0.8084 -0.0071 -0.5886
vn 0.8909 -0.0015 -0.4541
vn 0.8196 -0.3882 -0.4214
vn 0.4140 -0.3918 -0.8217
vn 0.5892 -0.0063 -0.8080
vn 0.5151 -0.5083 -0.6902
vn 0.0882 -0.8314 -0.5486
vn 0.0008 -0.8528 -0.5222
vn 0.0012 -0.6741 -0.7387
vn 0.3374 -0.6660 -0.6653
vn 0.3887 -0.7604 -0.5203
vn 0.2279 -0.8553 -0.4654
vn 0.6524 -0.6817 -0.3312
vn 0.6580 -0.5806 -0.4794
vn 0.8082 -0.5271 -0.2625
vn 0.4423 -0.8941 -0.0700
vn 0.5756 -0.7960 -0.1873
vn 0.7386 -0.6639 -0.1167
vn 0.2468 -0.9083 -0.3377
vn -0.0004 -0.8521 -0.5234
vn -0.5147 -0.8574 -0.0015
vn -0.7576 -0.6527 -0.0037
vn -0.4637 -0.8395 -0.2832
vn -0.9228 0.2884 0.2553
vn -0.9386 0.3451 0.0010
vn -0.4748 0.6113 0.6332
vn -0.2470 0.2651 0.9321
vn -0.3463 0.3686 0.8627
vn -0.7394 -0.5033 0.4472
vn -0.4675 -0.5834 0.6641
vn -0.6861 -0.3597 0.6324
vn 0.3974 -0.9177 0.0019
vn 0.4805 -0.8418 0.2458
vn 0.2468 -0.9353 0.2535
vn 0.7971 -0.5034 0.3335
vn 0.6733 -0.4904 0.5533
vn 0.5836 -0.6720 0.4559
vn 0.9306 -0.3659 0.0024
vn 0.8339 -0.3409 0.4341
vn 0.6757 -0.6933 0.2507
vn 0.7804 -0.6253 0.0019
vn 0.6851 -0.7284 0.0017
vn 0.2713 -0.9625 -0.0014
vn 0.6105 -0.7920 -0.0027
vn 0.4321 -0.8726 -0.2280
vn -0.3766 -0.9264 0.0012
vn -0.4947 -0.8190 0.2906
vn -0.6560 -0.7548 0.0015
vn -0.3224 -0.6930 0.6449
vn -0.4678 -0.7652 0.4423
vn 0.3218 -0.8388 0.4391
vn 0.3928 -0.6497 0.6508
vn 0.5426 -0.4322 0.7203
vn -0.8992 -0.3475 0.2658
vn -0.5592 -0.6900 -0.4596
vn -0.3664 -0.7922 -0.4880
vn -0.0015 -0.9381 -0.3463
vn 0.0006 -0.9553 -0.2956
vn 0.2819 -0.9159 -0.2858
vn 0.8327 -0.5537 -0.0037
vn 0.4547 -0.8290 -0.3257
vn 0.4581 -0.7576 -0.4650
vn 0.2477 -0.5814 -0.7750
vn 0.1605 -0.8634 -0.4783
vn 0.9283 0.2934 0.2285
vn 0.8323 0.3294 0.4458
vn 0.5097 0.5845 0.6313
vn 0.3063 0.7089 0.6353
vn 0.8521 0.4653 0.2396
vn 0.6738 0.5872 0.4485
vn 0.3563 0.3096 0.8816
vn -0.7891 0.4426 0.4259
vn -0.7143 0.4191 0.5605
vn -0.5489 0.6908 0.4707
vn -0.6733 0.6979 0.2444
vn -0.8510 0.4616 0.2505
vn -1.0000 -0.0019 -0.0017
vn -0.9154 -0.4026 -0.0017
vn -0.8634 -0.3256 -0.3853
vn -0.7226 -0.2856 -0.6296
vn -0.6965 -0.0021 -0.7176
vn -0.7209 -0.5076 -0.4719
vn 0.1593 -0.0070 -0.9872
vn 0.3078 -0.0075 -0.9514
vn 0.4537 -0.0017 -0.8911
vn -0.5111 0.8220 0.2513
vn -0.9243 -0.0034 -0.3816
vn -0.9547 0.0089 -0.2976
vn -0.8376 0.0016 -0.5463
vn -0.6876 0.2895 -0.6658
vn -0.3455 0.8202 -0.4560
vn -0.0006 0.0042 -1.0000
vn 0.7072 0.0019 -0.7070
vn 0.9092 0.3950 -0.1316
vn 0.9508 0.0062 -0.3098
vn 0.8151 0.5079 -0.2786
vn 0.6133 0.7622 -0.2072
vn 0.7607 0.6388 -0.1156
vn 0.5212 0.6819 -0.5132
vn 0.3547 0.6142 -0.7050
vn 0.2636 0.5441 -0.7966
vn 0.0015 0.4536 -0.8912
vn 0.1149 0.6515 -0.7499
vn 0.0728 0.8847 -0.4604
vn 0.3968 0.8694 -0.2946
vn 0.3198 0.9355 -0.1503
vn 0.5179 0.8122 0.2685
vn 1.0000 -0.0008 0.0024
vn 0.6980 -0.0015 0.7161
vn 0.8962 -0.4436 0.0036
vn 0.9507 -0.0020 -0.3101
vn 0.6513 0.7588 -0.0011
vn 0.3128 0.8987 -0.3073
vn 0.3111 0.9236 -0.2241
vn 0.6096 0.6596 -0.4398
vn -0.8445 0.0028 -0.5356
vn -1.0000 0.0056 -0.0014
vn -1.0000 -0.0035 -0.0033
vn -0.5684 -0.8228 -0.0007
vn 0.4565 -0.0064 -0.8897
vn 0.3090 -0.0027 -0.9510
vn 0.5126 -0.6830 -0.5203
vn 0.7083 -0.0049 -0.7059
vn 0.4402 -0.6703 -0.5974
vn -0.8448 -0.5351 -0.0027
vn 0.0009 0.0043 -1.0000
vn -0.4744 0.7627 0.4396
vn -0.0015 0.0009 1.0000
vn -0.4883 0.8727 0.0009
vn -0.8577 0.5142 0.0035
vn -1.0000 0.0020 0.0007
vn -0.8728 0.0036 0.4880
vn -0.6194 0.0036 0.7851
vn 0.6047 0.0040 0.7964
vn 1.0000 0.0009 0.0046
vn 0.9020 0.4318 0.0030
vn 0.4226 0.5151 0.7457
vn 0.0016 0.0028 1.0000
vn 0.6097 0.6194 0.4945
vn 0.0003 0.5634 0.8262
vn 0.8065 0.5913 0.0009
vn 0.2625 0.8907 -0.3711
vn 0.4667 0.6119 -0.6385
vn 0.5592 0.6078 -0.5639
vn 0.0019 0.9140 -0.4057
vn 0.5596 -0.8239 -0.0903
vn -0.0007 -0.8747 0.4847
vn -0.0004 -0.6538 0.7567
vn 1.0000 -0.0052 -0.0026
vn -1.0000 0.0035 0.0003
vn -0.9193 0.0032 0.3935
vn -0.9208 0.3900 0.0003
vn 0.9322 -0.2674 -0.2440
vn 0.7333 -0.4108 0.5418
vn 0.8913 -0.0051 0.4533
vn 0.8099 -0.0026 0.5866
vn 0.5882 -0.0064 0.8087
vn 0.6506 -0.4100 0.6393
vn 0.7053 -0.0025 0.7089
vn -0.0003 0.8939 0.4482
vn -0.2847 0.9586 0.0005
vn -0.0016 0.8274 0.5617
vn -0.3464 0.3470 0.8715
vn -0.0016 0.6102 0.7923
vn -0.7549 0.6559 -0.0002
vn -0.6561 0.7122 -0.2497
vn -0.8430 0.4808 -0.2412
vn -0.6740 0.4017 -0.6200
vn 0.2946 0.8693 0.3969
vn 0.1697 0.9229 0.3455
vn 0.3547 0.8246 -0.4406
vn 0.6424 0.7057 -0.2990
vn 0.5519 0.6722 -0.4934
vn 0.6447 0.7644 -0.0002
vn 0.8096 0.5870 -0.0010
vn 0.4448 0.8645 -0.2341
vn 0.7869 0.4677 -0.4024
vn 0.8133 0.5818 0.0005
vn 0.9275 0.3738 -0.0002
vn 0.9099 0.3902 0.1409
vn 1.0000 0.0067 0.0007
vn 0.9507 0.0061 0.3099
vn 0.9876 0.0020 0.1568
vn 0.4651 0.6202 0.6316
vn 0.3077 0.7480 0.5881
vn 0.4058 0.4398 0.8012
vn 0.6510 0.3963 0.6474
vn 0.5882 0.0071 0.8087
vn 0.7306 0.6728 0.1168
vn 0.5460 0.8180 0.1808
vn 0.8056 0.5257 0.2732
vn 0.5831 0.7582 0.2918
vn 0.6121 0.6457 0.4564
vn 0.7686 0.5176 0.3759
vn 0.7388 0.3901 0.5495
vn 0.8914 0.0062 0.4532
vn 0.6892 0.4461 -0.5709
vn 0.5413 0.8408 0.0005
vn 0.3812 0.9245 -0.0003
vn 0.4081 0.8612 0.3030
vn 0.3866 0.6483 -0.6559
vn 0.5391 0.4311 -0.7236
vn -0.5783 0.8158 0.0002
vn 0.1634 0.8427 0.5130
vn 0.0778 0.8727 0.4820
vn 0.0010 0.7178 0.6963
vn 0.2289 0.6482 0.7262
vn 0.2802 0.3732 0.8844
vn 0.4549 0.0033 0.8905
vn 0.4551 -0.0019 0.8904
vn 0.4209 -0.3945 0.8168
vn 0.4730 -0.8680 0.1510
vn 0.5433 -0.8348 0.0888
vn 0.7231 -0.6505 0.2321
vn 0.9153 -0.4027 -0.0002
vn 0.3289 -0.6960 -0.6383
vn -0.6190 -0.6182 0.4845
vn -0.3349 -0.6858 -0.6461
vn -0.5148 -0.4480 -0.7310
vn -0.5757 -0.5810 -0.5753
vn -0.7428 -0.5158 -0.4269
vn -0.9117 -0.3050 -0.2753
vn -0.9301 -0.3673 -0.0002
vn -0.8188 -0.4521 0.3537
vn -0.7586 -0.3976 0.5161
vn -0.9195 -0.0041 0.3931
vn -0.5137 -0.0036 0.8580
vn -0.7823 -0.0026 0.6229
vn -0.0014 -0.0037 1.0000
vn -0.0004 -0.4216 0.9068
vn -0.6696 -0.6816 -0.2953
vn -0.6907 -0.7232 -0.0002
vn -0.8429 -0.4711 -0.2598
vn -0.4985 -0.8203 -0.2805
vn -0.8976 -0.4408 0.0002
vn 0.3238 -0.8368 0.4415
vn 0.2264 -0.8746 0.4288
vn 0.3822 -0.9241 0.0002
vn 0.6781 -0.6912 -0.2497
vn 0.5810 -0.8139 -0.0001
vn 0.4824 -0.8421 -0.2411
vn 0.3598 -0.8170 -0.4506
vn 0.4401 -0.8979 -0.0001
vn 0.3505 -0.9019 0.2524
vn 0.8232 -0.5678 -0.0002
vn 0.5621 -0.7754 0.2877
vn 0.3784 -0.9040 0.1991
vn 0.5724 -0.7050 0.4187
vn 0.5405 -0.6488 0.5357
vn 0.3668 -0.8508 0.3764
vn 0.4609 -0.6167 0.6382
vn 0.3326 -0.6825 0.6509
vn 0.7625 -0.5150 0.3916
vn 0.8780 -0.3836 0.2863
vn 0.9876 -0.0053 0.1568
vn 0.9508 -0.0017 0.3099
vn 1.0000 -0.0036 0.0006
vn 0.9152 -0.4030 0.0005
vn 0.8404 -0.3326 -0.4279
vn 0.4524 -0.6001 -0.6598
vn 0.6353 -0.3337 -0.6965
vn -0.8361 0.3224 -0.4438
vn -0.6357 0.0045 0.7719
vn -0.3829 0.0028 0.9238
vn -0.0006 0.0034 1.0000
vn 0.3074 -0.0064 0.9516
vn 0.0012 -0.4214 0.9069
vn 0.0010 -0.6910 0.7229
vn 0.1411 -0.5285 0.8371
vn 0.2041 -0.7471 0.6326
vn 0.1086 -0.9252 0.3637
vn 0.0985 -0.8081 0.5807
vn 0.0007 -0.9256 0.3785
vn -1.0000 0.0012 -0.0013
vn -0.9836 -0.0004 -0.1803
vn -1.0000 0.0009 -0.0003
vn 0.8635 0.3596 0.3535
vn 0.9092 -0.4032 0.1039
vn 0.7754 -0.4772 0.4135
vn 0.5966 -0.3736 0.7102
vn 0.5017 -0.6512 0.5693
vn -0.8045 0.4945 0.3290
vn -0.9940 0.0001 0.1092
vn -0.9137 0.3936 0.1015
vn 0.0001 -0.9973 0.0736
vn 0.3093 -0.9466 0.0909
vn 0.5132 -0.8545 0.0800
vn 0.5852 -0.7383 0.3353
vn 0.3445 -0.8755 0.3388
vn -0.0002 0.0002 1.0000
vn -0.7178 -0.6234 0.3100
vn -0.4713 -0.8270 0.3065
vn -0.7369 0.6726 0.0678
vn 0.5216 0.8436 0.1277
vn 0.3728 -0.0002 0.9279
vn 0.0001 -0.0002 1.0000
vn 0.0002 0.0003 1.0000
vn -0.3522 0.8757 0.3304
vn -0.6019 0.7284 0.3273
vn -0.5059 0.8595 0.0733
vn 0.4947 0.8091 0.3174
vn -0.0003 0.9948 0.1017
vn 0.7590 -0.6432 0.1008
vn 0.7189 0.6220 0.3103
vn 0.2900 -0.6555 -0.6973
vn -0.7656 -0.0000 -0.6434
vn -0.6137 -0.7888 0.0337
vn -0.7591 -0.6510 0.0033
vn -0.7613 -0.5675 -0.3137
vn -0.0064 0.9281 -0.3723
vn -0.0125 -0.7464 0.6654
vn -0.6941 -0.0757 0.7159
vn -0.0131 -0.9947 0.1017
vn -0.0735 -0.9069 0.4150
vn -0.7498 -0.6349 0.1863
vn -0.7516 -0.6465 0.1305
vn -0.0143 -0.0008 -0.9999
vn -0.6210 -0.0002 -0.7838
vn -0.7534 -0.1338 -0.6438
vn -0.5864 0.7088 -0.3922
vn -0.9316 0.1540 -0.3292
vn -0.8203 0.1341 -0.5560
vn -0.7894 -0.2639 -0.5543
vn -0.8197 -0.1332 -0.5571
vn -0.9324 -0.1559 -0.3260
vn -0.8981 -0.2972 -0.3242
vn -0.9991 0.0089 0.0420
vn -0.9723 0.0134 0.2332
vn -0.8562 0.0076 0.5166
vn -0.6539 0.4982 -0.5694
vn -0.6565 0.6801 -0.3264
vn -0.5725 0.5884 -0.5709
vn -0.6665 -0.5007 -0.5523
vn -0.7383 -0.3875 -0.5520
vn -0.8362 -0.4386 -0.3293
vn -0.7555 -0.5666 -0.3290
vn -0.8418 -0.4389 -0.3142
vn -0.8676 -0.4379 0.2357
vn -0.8838 -0.4646 0.0544
vn 0.6475 -0.5739 0.5015
vn 0.6126 -0.7577 0.2251
vn 0.7314 -0.6431 0.2266
vn 0.8248 -0.5213 0.2188
vn 0.8111 -0.5146 -0.2781
vn 0.9476 0.0757 -0.3105
vn 0.9701 0.2388 0.0430
vn 0.9959 0.0802 0.0428
vn 0.9469 -0.0808 -0.3113
vn 0.9958 -0.0742 0.0538
vn 0.8750 0.3719 -0.3099
vn 0.9192 0.3914 0.0437
vn 0.1908 0.9316 -0.3093
vn 0.1999 0.9788 0.0440
vn -0.4078 0.8591 -0.3094
vn -0.4291 0.9021 0.0453
vn -0.2618 0.9129 -0.3131
vn -0.7604 0.5695 -0.3123
vn -0.6604 0.6893 -0.2978
vn 0.1944 0.9525 0.2345
vn 0.8952 0.3831 0.2275
vn 0.9468 0.2326 0.2222
vn 0.9706 0.0766 0.2281
vn 0.8408 -0.2075 0.5000
vn 0.8978 -0.3827 0.2182
vn 0.9474 -0.2338 0.2184
vn 0.5468 -0.6710 0.5007
vn 0.7977 -0.3395 0.4984
vn 0.1730 0.8471 0.5024
vn 0.5701 0.5056 0.6475
vn 0.7257 0.4496 0.5207
vn -0.4170 0.8776 0.2365
vn -0.3696 0.7801 0.5048
vn 0.8633 -0.0698 0.4998
vn 0.7319 -0.4630 0.4999
vn 0.9707 -0.0817 0.2260
vn -0.5593 0.7696 -0.3081
vn -0.5767 -0.5993 -0.5552
vn -0.5365 -0.7769 -0.3294
vn -0.4720 -0.6835 -0.5567
vn -0.5574 -0.7709 -0.3082
vn -0.6540 -0.6806 -0.3303
vn -0.5752 -0.8169 0.0421
vn -0.2299 -0.8221 0.5209
vn 0.6360 -0.7699 0.0522
vn 0.1662 -0.7635 0.6241
vn 0.9183 -0.2262 -0.3250
vn 0.7432 -0.6668 0.0542
vn 0.7136 -0.6275 -0.3116
vn 0.8076 0.1990 -0.5552
vn 0.8690 0.3687 -0.3299
vn 0.9159 0.2261 -0.3316
vn 0.5272 0.6463 -0.5516
vn 0.7072 0.6265 -0.3277
vn 0.6229 0.5529 -0.5534
vn 0.2951 0.7763 -0.5571
vn 0.1894 0.9249 -0.3297
vn 0.3362 0.8822 -0.3297
vn 0.0377 0.8219 -0.5684
vn 0.1657 0.8142 -0.5565
vn 0.4733 0.8175 -0.3282
vn 0.4174 0.7208 -0.5534
vn 0.0376 0.9436 -0.3289
vn -0.4040 -0.8540 -0.3278
vn -0.2659 -0.9057 -0.3301
vn -0.1048 -0.8589 0.5013
vn -0.2592 -0.9372 0.2332
vn -0.1176 -0.9651 0.2340
vn 0.1937 -0.9341 -0.2999
vn 0.6151 -0.7255 -0.3089
vn 0.7085 -0.6241 -0.3294
vn 0.8308 -0.0685 -0.5523
vn 0.8081 -0.1994 -0.5543
vn -0.1139 -0.9440 -0.3096
vn -0.1207 -0.9918 0.0427
vn 0.3061 -0.8930 -0.3299
vn 0.1922 -0.9256 -0.3262
vn 0.7030 -0.4448 -0.5550
vn 0.6221 -0.5507 -0.5565
vn 0.5942 -0.7337 -0.3296
vn 0.4156 -0.7210 -0.5545
vn 0.5248 -0.6440 -0.5567
vn 0.2951 -0.7764 -0.5569
vn 0.1654 -0.8125 -0.5590
vn 0.0382 -0.9492 -0.3124
vn 0.7650 -0.3265 -0.5552
vn 0.7992 -0.5056 -0.3250
vn 0.8691 -0.3694 -0.3288
vn 0.4714 -0.8199 -0.3250
vn 0.7044 0.4456 -0.5525
vn 0.7974 0.5053 -0.3300
vn 0.7671 0.3254 -0.5529
vn 0.8300 0.0679 -0.5536
vn 0.9407 -0.0785 -0.3299
vn 0.9407 0.0764 -0.3304
vn -0.3566 -0.7518 -0.5547
vn -0.4329 0.8369 -0.3349
vn 0.7912 0.5283 -0.3082
vn 0.9231 0.2278 -0.3097
vn 0.4350 -0.7367 0.5177
vn 0.2684 -0.7347 0.6230
vn -0.7537 0.5690 -0.3289
vn -0.9376 0.1540 -0.3119
vn -0.9504 -0.0009 -0.3109
vn -0.9441 0.0002 -0.3296
vn -0.8302 0.0008 -0.5574
vn -0.9462 -0.0000 -0.3235
vn -0.9323 -0.1508 -0.3288
vn -0.1180 -0.9453 -0.3042
vn 0.1939 -0.9301 -0.3120
vn 0.0357 -0.9491 -0.3131
vn 0.3662 -0.8698 -0.3305
vn 0.6191 -0.7222 -0.3086
vn 0.7071 -0.6263 -0.3282
vn 0.8019 -0.5096 -0.3118
vn 0.7984 -0.5047 -0.3284
vn 0.9369 0.1076 -0.3326
vn 0.7994 0.5052 -0.3251
vn 0.4435 0.8343 -0.3275
vn 0.3412 0.8897 -0.3034
vn 0.1684 0.9351 -0.3117
vn -0.1122 0.9436 -0.3116
vn -0.4342 0.8368 -0.3334
vn -0.7578 0.5732 -0.3116
vn -0.8518 0.4241 -0.3076
vn -0.8953 0.2984 -0.3308
vn -0.9017 0.2994 -0.3119
vn -0.7657 0.4020 0.5022
vn -0.8611 0.4513 0.2341
vn -0.8019 0.5951 0.0524
vn -0.6760 0.7042 0.2169
vn -0.4916 0.6973 0.5216
vn 0.7978 0.3404 0.4976
vn 0.7332 0.4634 0.4978
vn -0.2692 0.9623 0.0377
vn 0.4818 0.5891 0.6487
vn -0.7535 -0.4040 0.5186
vn -0.7172 -0.2396 0.6544
vn 0.8251 0.5224 0.2152
vn 0.8947 0.3857 0.2253
vn 0.9908 0.0678 0.1175
vn 0.8951 -0.3809 0.2318
vn 0.7966 -0.3401 0.4998
vn 0.4328 -0.7504 0.4996
vn 0.3460 -0.9135 0.2138
vn 0.4839 -0.8465 0.2218
vn 0.1993 -0.9539 0.2245
vn -0.4915 -0.7122 0.5012
vn -0.4140 -0.8814 0.2275
vn -0.3700 -0.7801 0.5045
vn -0.5998 -0.6250 0.4996
vn -0.7806 -0.5857 0.2182
vn -0.6761 -0.7041 0.2174
vn -0.8942 -0.2991 0.3332
vn 0.0497 -0.9980 0.0400
vn -0.6913 -0.5202 0.5015
vn -0.5563 -0.8001 0.2246
vn 0.1950 -0.9793 0.0535
vn 0.3076 -0.8100 0.4993
vn 0.9194 -0.3908 0.0437
vn 0.7810 0.0524 0.6223
vn 0.1728 -0.8481 0.5008
vn -0.6002 0.6245 0.4997
vn -0.7766 0.5887 0.2245
vn -0.6925 0.5213 0.4986
vn -0.8846 0.4644 0.0438
vn -0.8448 -0.1283 0.5195
vn -0.8208 -0.1343 -0.5552
vn -0.8309 -0.0007 -0.5564
vn -0.8200 0.1333 -0.5566
vn -0.4220 -0.6121 -0.6688
vn -0.0893 -0.7360 -0.6710
vn 0.2958 -0.7786 -0.5534
vn 0.4177 -0.7228 -0.5505
vn 0.5283 -0.6465 -0.5504
vn 0.6244 -0.5544 -0.5503
vn 0.7034 -0.4442 -0.5548
vn 0.8299 0.0673 -0.5538
vn 0.8081 0.1994 -0.5542
vn 0.7648 0.3261 -0.5556
vn 0.7025 0.4447 -0.5556
vn 0.2953 0.7764 -0.5568
vn -0.4728 0.6844 -0.5550
vn -0.3562 0.7521 -0.5545
vn -0.5395 0.7751 -0.3288
vn 0.1877 0.9253 -0.3295
vn 0.3394 0.8821 -0.3266
vn 0.8678 0.3720 -0.3293
vn 0.9170 0.2236 -0.3303
vn 0.5976 -0.7304 -0.3308
vn 0.4713 -0.8178 -0.3303
vn 0.1907 -0.9250 -0.3288
vn -0.7891 0.2637 -0.5548
vn -0.9335 0.1484 -0.3263
vn -0.2858 0.9069 -0.3094
vn 0.8752 -0.3714 -0.3099
vn 0.9437 -0.0364 -0.3288
vn 0.9338 -0.1477 -0.3259
vn 0.6594 0.4892 -0.5709
vn 0.8358 0.4385 -0.3304
vn 0.7357 0.3862 -0.5563
vn 0.1003 0.8282 -0.5514
vn 0.8230 0.1343 -0.5519
vn 0.8324 0.0003 -0.5542
vn -0.1655 0.8115 -0.5605
vn 0.4065 0.8521 -0.3297
vn 0.3566 0.7510 -0.5557
vn 0.8816 0.3303 -0.3371
vn 0.8417 0.4424 -0.3097
vn 0.9020 0.3018 -0.3086
vn 0.9479 0.3157 0.0437
vn 0.9221 0.3078 0.2346
vn 0.9623 0.1524 0.2254
vn 0.8537 0.1383 0.5021
vn 0.6922 -0.5201 0.5003
vn 0.7663 -0.4018 0.5014
vn 0.8647 -0.4531 0.2166
vn 0.7893 -0.2634 -0.5546
vn 0.8199 -0.1338 -0.5566
vn -0.0377 0.9429 -0.3309
vn -0.0325 0.8310 -0.5552
vn 0.5349 0.7787 -0.3278
vn 0.8845 0.4645 0.0434
vn 0.7593 0.5722 -0.3099
vn 0.7987 0.6002 0.0428
vn 0.7771 0.5845 0.2332
vn 0.8612 0.4513 0.2339
vn 0.7667 0.4028 0.5000
vn -0.5473 0.6691 0.5027
vn -0.7324 0.6431 0.2238
vn -0.6491 0.5741 0.4991
vn -0.8251 0.5215 0.2176
vn -0.4759 -0.8233 -0.3093
vn -0.8025 -0.5072 -0.3142
vn 0.5620 -0.8254 0.0539
vn 0.4031 -0.8606 -0.3112
vn 0.5425 -0.7800 -0.3120
vn -0.0381 -0.9493 -0.3120
vn 0.2723 -0.9376 0.2161
vn 0.4336 -0.8994 0.0547
vn 0.4136 -0.8814 0.2281
vn 0.1216 -0.9676 0.2214
vn -0.4861 -0.8420 0.2340
vn -0.8487 0.2090 0.4858
vn -0.8008 0.3384 0.4942
vn -0.4314 0.7484 0.5038
vn -0.7317 0.4633 0.4999
vn -0.8177 -0.2011 0.5394
vn -0.7005 -0.2984 0.6482
vn -0.4324 -0.7493 0.5015
vn 0.1048 -0.8606 0.4984
vn 0.2410 -0.8321 0.4996
vn 0.4917 -0.7116 0.5018
vn 0.3700 -0.7807 0.5037
vn 0.4323 -0.8374 -0.3344
vn 0.6651 -0.4999 -0.5548
vn 0.6557 -0.6817 -0.3247
vn 0.5760 -0.5997 -0.5556
vn -0.4160 0.7209 -0.5543
vn -0.3343 0.8826 -0.3305
vn -0.2952 0.7764 -0.5568
vn 0.1446 0.9304 -0.3369
vn 0.2645 0.9131 -0.3103
vn 0.2612 0.9071 -0.3302
vn 0.4084 0.8582 -0.3110
vn 0.6818 0.6940 0.2312
vn 0.2406 0.8304 0.5026
vn -0.4998 0.8650 0.0444
vn -0.6151 0.7531 0.2334
vn -0.4860 0.8419 0.2344
vn -0.9173 0.2258 -0.3280
vn -0.8696 -0.3693 -0.3277
vn -0.8078 -0.1998 -0.5545
vn -0.7632 -0.3240 -0.5590
vn -0.7020 -0.4431 -0.5575
vn -0.7987 -0.5038 -0.3292
vn -0.6229 -0.5526 -0.5537
vn -0.5267 -0.6456 -0.5530
vn -0.7069 -0.6265 -0.3283
vn -0.4171 -0.7225 -0.5514
vn -0.5976 -0.7308 -0.3299
vn -0.3355 -0.8825 -0.3296
vn -0.2964 -0.7784 -0.5534
vn -0.1898 -0.9256 -0.3274
vn -0.1666 -0.8146 -0.5556
vn 0.3564 -0.7523 -0.5541
vn 0.2652 -0.9078 -0.3248
vn -0.0403 -0.9432 -0.3299
vn 0.4720 -0.6855 -0.5543
vn -0.8291 -0.0667 -0.5551
vn -0.9410 0.0763 -0.3297
vn -0.8287 0.0678 -0.5555
vn -0.8079 0.1992 -0.5547
vn -0.8683 0.3711 -0.3291
vn -0.7646 0.3263 -0.5558
vn -0.7990 0.5055 -0.3256
vn -0.7021 0.4444 -0.5563
vn -0.7084 0.6241 -0.3296
vn -0.6213 0.5498 -0.5584
vn -0.2236 0.9157 -0.3340
vn -0.3362 0.8883 -0.3127
vn 0.1152 0.9437 -0.3102
vn 0.2778 0.9596 0.0439
vn 0.2705 0.9337 0.2347
vn 0.1038 0.8601 0.4994
vn -0.4754 0.8238 -0.3088
vn -0.3625 0.9311 0.0399
vn -0.6011 0.7365 -0.3104
vn -0.5973 0.7309 -0.3301
vn 0.1213 0.9917 0.0426
vn 0.1168 0.9653 0.2334
vn -0.4712 0.8172 -0.3318
vn -0.9414 -0.0761 -0.3285
vn -0.6316 0.7741 0.0435
vn -0.5242 0.6433 -0.5580
vn 0.7372 -0.3878 -0.5533
vn 0.7551 -0.5677 -0.3281
vn -0.4434 -0.8306 -0.3368
vn -0.5000 -0.8649 0.0432
vn 0.6912 0.5196 0.5023
vn 0.6760 -0.7043 0.2168
vn 0.5563 -0.7997 0.2260
vn 0.5998 -0.6253 0.4992
vn 0.7808 -0.5858 0.2171
vn 0.8196 0.2743 0.5030
vn 0.7548 0.5666 -0.3306
vn 0.2308 0.7999 -0.5539
vn 0.7900 0.2631 -0.5538
vn 0.9314 0.1502 -0.3314
vn 0.7864 -0.0110 0.6176
vn 0.9459 -0.0080 0.3244
vn 0.8279 0.1340 0.5446
vn 0.9453 -0.0000 -0.3263
vn 0.9320 0.1521 -0.3291
vn 0.7585 0.5719 -0.3123
vn 0.4065 0.8588 -0.3118
vn -0.1889 0.9258 -0.3273
vn -0.4713 0.8183 -0.3290
vn -0.6825 0.6525 -0.3292
vn -0.5991 0.7299 -0.3293
vn -0.8749 0.3721 -0.3099
vn -0.9290 0.2078 -0.3064
vn -0.9474 0.0773 -0.3106
vn -0.9231 -0.1925 -0.3329
vn -0.9407 -0.0779 -0.3302
vn -0.8136 -0.4747 -0.3357
vn -0.8686 -0.3700 -0.3295
vn -0.6814 -0.6505 -0.3355
vn -0.6005 -0.7369 -0.3106
vn -0.7123 -0.6300 -0.3094
vn -0.3577 -0.8818 -0.3073
vn -0.4705 -0.8177 -0.3316
vn -0.3358 -0.8820 -0.3305
vn -0.0707 -0.9395 -0.3352
vn -0.1869 -0.9254 -0.3297
vn 0.1436 -0.9309 -0.3358
vn 0.2662 -0.9120 -0.3121
vn 0.1126 -0.9433 -0.3122
vn 0.4058 -0.8531 -0.3279
vn 0.5367 -0.7768 -0.3294
vn 0.8826 -0.3299 -0.3350
vn 0.8413 -0.4430 -0.3099
vn 0.8208 0.1343 -0.5552
vn 0.8308 0.0008 -0.5566
vn 0.8198 -0.1333 -0.5569
vn 0.4202 0.6093 -0.6725
vn 0.0890 0.7356 -0.6716
vn 0.2308 -0.7986 -0.5559
vn 0.1008 -0.8282 -0.5513
vn -0.2957 0.7774 -0.5551
vn -0.4155 0.7200 -0.5559
vn -0.5259 0.6430 -0.5568
vn -0.8299 -0.0672 -0.5539
vn -0.8080 -0.1992 -0.5545
vn -0.7647 -0.3264 -0.5556
vn -0.7026 -0.4449 -0.5553
vn -0.6222 -0.5508 -0.5563
vn -0.5253 -0.6448 -0.5553
vn -0.4162 -0.7218 -0.5530
vn -0.1655 -0.8124 -0.5591
vn -0.2955 -0.7764 -0.5566
vn -0.0329 -0.8333 -0.5518
vn 0.4735 -0.6851 -0.5535
vn 0.3564 -0.7527 -0.5535
vn 0.2630 -0.9066 -0.3300
vn -0.5957 -0.7323 -0.3300
vn -0.3350 0.8826 -0.3299
vn 0.7892 -0.2638 -0.5546
vn 0.9333 -0.1496 -0.3264
vn 0.9016 -0.3002 -0.3115
vn 0.3262 -0.6881 0.6482
vn 0.8611 -0.4522 0.2326
vn 0.7661 -0.4027 0.5009
vn 0.6882 -0.5071 0.5189
vn -0.4313 -0.7458 0.5077
vn -0.5464 -0.6693 0.5034
vn -0.3067 -0.8088 0.5017
vn -0.4866 -0.8418 0.2335
vn -0.3445 -0.9096 0.2320
vn 0.1098 -0.8484 0.5178
vn -0.7315 -0.4623 0.5013
vn -0.8635 0.0702 0.4995
vn -0.7271 -0.6449 0.2356
vn -0.8218 -0.5193 0.2345
vn -0.6148 -0.7528 0.2352
vn -0.4995 -0.8651 0.0451
vn -0.7958 0.3381 0.5024
vn -0.7305 0.4629 0.5020
vn -0.8523 -0.0605 0.5196
vn 0.7232 0.2426 0.6466
vn 0.7552 0.4045 0.5158
vn -0.8944 0.3809 0.2344
vn -0.8411 0.2076 0.4994
vn -0.9959 0.0802 0.0416
vn -0.9694 0.0784 0.2328
vn -0.8214 0.5241 0.2249
vn -0.7303 0.6478 0.2170
vn -0.6476 0.5746 0.5004
vn 0.4918 0.7115 0.5019
vn 0.6000 0.6253 0.4991
vn 0.7806 0.5862 0.2169
vn 0.6759 0.7042 0.2174
vn 0.7981 0.5988 0.0676
vn 0.8938 0.2981 0.3349
vn 0.5562 0.7996 0.2263
vn -0.9702 0.2386 0.0412
vn -0.9189 0.3921 0.0435
vn -0.9443 0.2323 0.2331
vn 0.6921 0.5198 0.5008
vn -0.7474 -0.6629 0.0443
vn -0.8443 -0.5340 0.0446
vn -0.6483 -0.5743 0.5000
vn -0.3541 -0.9342 0.0434
vn 0.8845 -0.4645 0.0434
vn -0.4754 -0.8236 -0.3092
vn -0.6319 -0.7738 0.0436
vn -0.8042 -0.5081 -0.3085
vn -0.0009 -0.0000 1.0000
vn -0.0000 -0.0000 1.0000
vn -0.1564 -0.0000 0.9877
vn -0.3090 -0.0000 0.9511
vn -0.4540 -0.0000 0.8910
vn -0.5878 -0.0000 0.8090
vn -0.7071 -0.0000 0.7071
vn -0.8090 -0.0000 0.5878
vn -0.8910 -0.0000 0.4540
vn -0.9539 -0.0002 0.3003
vn -0.9539 -0.0002 0.3002
vn -1.0000 -0.0009 0.0009
vn -1.0000 -0.0009 0.0006
vn 0.3383 0.9332 -0.1216
vn 0.0005 0.9490 -0.3153
vn 0.8908 0.0078 -0.4542
vn 0.0018 0.0041 -1.0000
vn 0.4537 0.0016 -0.8912
vn -0.6158 0.0014 -0.7879
vn -0.6559 0.7549 -0.0016
vn -0.7490 0.6626 0.0015
vn -0.3334 0.8233 0.4595
vn 0.6642 0.7067 0.2437
vn -1.0000 0.0044 -0.0018
vn 0.1415 -0.5029 -0.8527
vn 0.6124 -0.4913 -0.6194
vn -0.8447 -0.4732 0.2500
vn -0.8530 -0.5219 0.0016
vn -0.6827 -0.6788 0.2705
vn 0.7072 -0.0076 -0.7069
vn 0.4586 0.7712 0.4415
vn -0.9041 0.4274 -0.0019
vn -0.0000 -0.0000 -1.0000
vn 1.0000 -0.0000 -0.0000
vn 0.7755 -0.6313 -0.0019
vn 0.5875 -0.0064 -0.8092
vn 0.8086 0.0055 -0.5883
vn 0.5875 0.0058 -0.8092
vn 0.7085 0.0051 -0.7057
vn -0.0003 -0.0050 1.0000
vn -0.0005 0.4222 0.9065
vn -0.9208 0.3900 -0.0001
vn 0.3077 0.0036 0.9515
vn 0.8355 -0.5340 0.1294
vn 0.1405 0.3978 0.9066
vn 0.0015 0.4219 0.9066
vn -0.4563 0.8898 -0.0002
vn 0.1248 0.6383 0.7596
vn 0.3821 0.8415 0.3819
vn 0.2495 0.9684 0.0002
vn 0.7053 0.0030 0.7090
vn 0.5225 0.6776 0.5176
vn 0.8098 0.0029 0.5867
vn 0.4923 0.8676 0.0706
vn -0.4321 0.7839 -0.4458
vn -0.5349 0.8049 -0.2570
vn -0.6645 0.5977 -0.4486
vn 0.6931 -0.7209 0.0003
vn -0.4669 -0.7666 -0.4409
vn -0.3975 -0.9176 -0.0002
vn -1.0000 -0.0047 0.0003
vn 0.2522 -0.5177 0.8176
vn -1.0000 0.0008 -0.0001
vn -1.0000 0.0009 -0.0001
vn -0.9538 0.0002 -0.3004
vn -0.8910 -0.0000 -0.4540
vn -0.9539 0.0002 -0.3002
vn -0.8090 -0.0000 -0.5878
vn -0.7071 -0.0000 -0.7071
vn -0.5878 -0.0000 -0.8090
vn -0.4540 -0.0000 -0.8910
vn -0.3004 0.0002 -0.9538
vn -0.1802 -0.0000 -0.9836
vn -0.3002 0.0002 -0.9539
vn -0.0007 0.0009 -1.0000
vn -0.0002 0.0007 -1.0000
vn -0.0002 0.0008 -1.0000
vn -0.0035 0.0009 -1.0000
vn 0.7590 0.6409 0.1150
vn 0.9230 0.0024 -0.3848
vn 0.9923 0.0002 0.1239
vn 0.9923 -0.0001 0.1239
vn 0.9117 0.3942 0.1160
vn -0.4962 -0.8617 0.1064
vn -0.7513 -0.6485 0.1224
vn -0.9091 -0.3947 0.1333
vn 0.3281 -0.7678 0.5502
vn -0.0004 -0.9997 0.0250
vn -0.8650 -0.3612 0.3484
vn -0.9940 -0.0001 0.1092
vn -0.6480 0.0013 -0.7617
vn -0.7620 -0.0011 -0.6476
vn -0.8440 0.0016 -0.5364
vn 0.7816 -0.0008 -0.6237
vn 0.7556 -0.4151 -0.5067
vn 0.6147 -0.4598 -0.6409
vn -0.5158 0.0011 0.8567
vn -0.3613 -0.0010 0.9324
vn -0.2853 0.0025 0.9584
vn 1.0000 -0.0000 -0.0001
vn 0.9999 0.0092 0.0054
vn 0.9989 0.0217 0.0407
vn 0.9999 -0.0103 0.0065
vn 0.9990 0.0165 -0.0417
vn 0.6969 0.7172 -0.0018
vn -0.0040 1.0000 -0.0022
vn 0.0041 1.0000 0.0043
vn 0.0010 1.0000 0.0002
vn -0.0009 0.9130 0.4079
vn -0.0000 1.0000 0.0018
vn 0.1306 0.9914 0.0005
vn 0.2406 0.9542 0.1780
vn 0.6097 0.0013 0.7926
vn 0.7708 0.0006 0.6371
vn 0.5206 0.6702 0.5290
vn 0.6649 0.6452 0.3762
vn 0.6234 0.7819 0.0049
vn 0.9208 0.0011 0.3900
vn 0.3341 0.7638 0.5523
vn -0.3185 0.7294 0.6054
vn -0.0003 1.0000 -0.0001
vn -0.0021 1.0000 0.0001
vn -0.6991 0.7151 0.0012
vn -1.0000 0.0089 -0.0003
vn -0.9958 0.0012 -0.0920
vn -0.9999 0.0158 -0.0023
vn -0.8609 0.5087 0.0030
vn -0.9466 0.3223 -0.0023
vn -0.8422 0.5391 -0.0027
vn -0.9326 0.2839 -0.2228
vn -1.0000 0.0003 -0.0014
vn -0.9772 0.2116 -0.0170
vn -0.9314 -0.2795 0.2332
vn -0.9135 -0.0022 0.4069
vn -1.0000 -0.0017 0.0004
vn -1.0000 -0.0095 0.0001
vn -0.9998 -0.0001 0.0181
vn -0.9905 0.1333 0.0348
vn -0.9274 0.2958 0.2289
vn -1.0000 -0.0000 0.0005
vn -0.9001 0.0009 0.4358
vn -0.8591 0.5117 0.0013
vn -0.8443 0.5358 -0.0007
vn -0.9010 0.0015 -0.4339
vn -0.9048 0.0006 -0.4258
vn -0.9965 -0.0018 -0.0835
vn -0.9011 -0.0019 -0.4336
vn -1.0000 -0.0010 -0.0003
vn -0.9049 -0.0010 -0.4256
vn -0.8476 -0.5307 -0.0032
vn -0.8614 -0.5080 -0.0012
vn -0.8476 -0.5307 0.0010
vn -1.0000 -0.0000 -0.0006
vn -0.9313 -0.2850 -0.2269
vn -0.6578 0.0031 -0.7532
vn -0.6565 0.0002 -0.7543
vn -0.9338 0.1956 -0.2997
vn -0.5250 0.0002 0.8511
vn -0.9998 0.0008 0.0200
vn -0.1394 0.0013 0.9902
vn -0.1072 0.9692 0.2216
vn -0.4794 0.8776 0.0095
vn -0.0369 0.9969 0.0692
vn -1.0000 0.0001 -0.0027
vn -0.9999 0.0111 -0.0091
vn -0.6608 0.7504 0.0135
vn -0.5536 -0.7228 0.4136
vn -0.5563 -0.8306 0.0247
vn -0.7921 -0.6078 -0.0559
vn -0.7860 -0.5901 -0.1844
vn -0.8848 -0.3236 -0.3354
vn -0.6015 -0.3956 -0.6940
vn -0.6555 -0.0001 -0.7552
vn -0.6256 0.6004 -0.4981
vn -0.9997 -0.0254 -0.0019
vn -0.9959 -0.0145 -0.0891
vn -0.9995 0.0088 -0.0308
vn -0.9968 -0.0796 -0.0125
vn -0.9578 -0.1297 -0.2566
vn -0.9056 0.0017 0.4241
vn -0.9638 0.2148 0.1581
vn -1.0000 -0.0000 0.0059
vn -0.7194 0.0037 0.6946
vn -0.5415 0.7632 0.3526
vn -0.8236 0.0008 0.5671
vn -0.9572 0.0030 0.2895
vn -0.9996 0.0141 0.0253
vn -0.7883 -0.0008 0.6153
vn -0.9399 -0.0009 0.3414
vn -0.9998 -0.0071 0.0183
vn -0.8981 -0.0011 0.4398
vn -0.8577 -0.5142 0.0027
vn -1.0000 -0.0051 0.0011
vn -1.0000 -0.0029 -0.0051
vn 0.0002 1.0000 -0.0020
vn 0.0007 0.8345 -0.5510
vn -0.0014 0.0005 -1.0000
vn -0.3726 0.0018 -0.9280
vn -0.0012 0.6449 -0.7642
vn -0.4211 0.6804 -0.5997
vn -0.2306 0.8023 -0.5507
vn -0.1424 0.9786 -0.1485
vn -0.5728 0.6663 -0.4775
vn 0.1617 0.9771 -0.1385
vn 0.4991 0.8411 -0.2083
vn 0.9208 0.0015 -0.3899
vn 0.7817 0.0010 -0.6237
vn 0.6205 0.6596 -0.4242
vn 0.4199 0.7188 -0.5542
vn 0.5869 0.0012 -0.8096
vn 0.0017 0.0016 -1.0000
vn 0.2846 0.6710 -0.6847
vn 0.3659 0.0013 -0.9307
vn -0.5353 0.8078 -0.2468
vn -0.9561 0.0016 -0.2931
vn -0.7911 0.6117 -0.0020
vn 0.0016 0.7880 0.6156
vn 0.7548 -0.4222 0.5020
vn 0.7708 -0.0008 0.6371
vn 0.6138 -0.4237 0.6661
vn 0.5610 -0.4224 0.7120
vn 0.5664 -0.0009 0.8242
vn 0.3831 -0.4649 0.7982
vn 0.9208 -0.0008 0.3900
vn 0.7927 -0.4189 0.4429
vn 0.8695 -0.4317 0.2401
vn -0.6641 -0.0008 0.7476
vn -0.9997 -0.0119 -0.0218
vn -0.9316 -0.0009 -0.3635
vn -0.3041 -0.0010 -0.9527
vn -0.5406 -0.0011 -0.8413
vn 0.9995 0.0033 -0.0307
vn 0.9995 -0.0173 -0.0264
vn 0.9996 -0.0095 -0.0273
vn 0.9990 -0.0200 0.0392
vn -0.6401 -0.4647 0.6118
vn -0.5021 -0.4208 0.7555
vn -1.0000 -0.0000 -0.0000
vn -1.0000 -0.0001 -0.0000
vn -1.0000 0.0001 -0.0000
vn -0.8840 -0.0017 0.4676
vn -0.8525 -0.0006 0.5227
vn -0.8967 -0.1367 0.4210
vn -0.8384 0.0043 0.5450
vn -0.9310 0.0044 0.3650
vn -0.9999 -0.0010 0.0128
vn -0.9981 -0.0000 0.0610
vn -0.9998 -0.0104 0.0151
vn -0.9999 -0.0077 0.0101
vn -0.9999 -0.0021 -0.0127
vn -0.9144 -0.4047 -0.0031
vn -0.9233 -0.0028 -0.3842
vn -0.8516 0.0055 -0.5241
vn -0.9374 -0.0005 -0.3482
vn -0.8396 -0.0018 -0.5433
vn -0.9767 -0.1070 -0.1862
vn -0.9195 -0.2231 -0.3236
vn -0.9151 -0.1241 -0.3837
vn -1.0000 0.0008 -0.0078
vn -1.0000 -0.0010 -0.0007
vn -0.9313 -0.3402 -0.1299
vn -0.9856 -0.1396 -0.0951
vn -0.9705 -0.2412 -0.0042
vn -0.9147 -0.4042 0.0013
vn -1.0000 -0.0081 0.0005
vn -0.9121 -0.4099 -0.0022
vn -0.9327 -0.3214 0.1637
vn -0.9278 -0.3477 0.1353
vn -0.9273 -0.2960 0.2293
vn -0.9681 -0.2200 0.1199
vn -1.0000 -0.0025 0.0023
vn -0.9279 -0.2103 0.3079
vn -0.9180 -0.1256 0.3762
vn -0.9292 -0.1927 0.3155
vn -0.9615 -0.0014 0.2747
vn -1.0000 -0.0001 0.0009
vn -0.9194 -0.3932 0.0038
vn -1.0000 -0.0010 -0.0001
vn -0.9190 -0.3942 -0.0019
vn -0.9356 0.3182 -0.1532
vn -0.9246 0.3586 -0.1287
vn -0.9365 0.2767 -0.2156
vn -0.9157 0.4017 -0.0079
vn -0.9126 0.4089 -0.0018
vn -1.0000 0.0005 -0.0000
vn -0.9789 0.2043 -0.0012
vn -1.0000 0.0004 -0.0000
vn -0.7691 -0.6391 -0.0033
vn -0.7131 -0.7010 0.0022
vn -0.0706 -0.9964 0.0476
vn -0.0185 -0.9998 0.0008
vn 0.1010 -0.9928 -0.0648
vn -0.1818 -0.9781 0.1010
vn -0.4780 -0.8078 0.3449
vn -0.4982 -0.8250 0.2666
vn 0.9313 -0.0036 -0.3641
vn 0.8568 -0.0018 -0.5156
vn 0.9536 -0.0016 -0.3009
vn 1.0000 -0.0064 0.0012
vn 0.9998 -0.0025 -0.0172
vn 0.7635 -0.6458 -0.0032
vn -0.0039 -1.0000 0.0034
vn -0.0026 -1.0000 0.0002
vn -0.5237 -0.7424 0.4178
vn -0.7112 -0.6342 0.3034
vn -0.7836 -0.0022 0.6212
vn -0.4982 -0.8671 0.0038
vn -0.5862 -0.6903 0.4241
vn -0.8093 -0.4906 0.3231
vn -0.3006 -0.8070 0.5083
vn -0.5282 -0.5121 0.6773
vn -0.2961 -0.9139 0.2778
vn -0.5872 -0.0017 0.8094
vn -0.7836 -0.0028 0.6212
vn 0.5519 -0.8339 -0.0030
vn 0.4955 -0.8686 0.0036
vn 0.0200 -0.9998 -0.0001
vn 0.3025 -0.9080 -0.2899
vn 0.0029 -0.8671 -0.4982
vn -0.0000 -0.9997 -0.0253
vn -0.0005 -0.9992 0.0389
vn 0.0003 -0.9446 0.3282
vn 0.0044 -0.9741 0.2259
vn -0.1853 -0.9434 0.2751
vn -0.0050 -1.0000 0.0043
vn -0.2700 -0.9514 0.1483
vn -0.0184 -0.9998 0.0003
vn -0.3889 -0.9213 0.0013
vn 0.1778 -0.9512 -0.2524
vn 0.0049 -1.0000 -0.0045
vn 0.2824 -0.9488 -0.1415
vn 0.0386 -0.9993 -0.0005
vn 0.3936 -0.9193 -0.0016
vn 0.1739 -0.9377 0.3009
vn 0.1987 -0.9688 0.1481
vn 0.1113 -0.9162 0.3849
vn 0.0023 -0.9154 0.4025
vn -0.0004 -0.6558 0.7549
vn -0.0008 -0.9894 0.1452
vn -0.0012 -1.0000 -0.0000
vn 0.0002 -1.0000 -0.0000
vn -0.1851 -0.8678 0.4611
vn -0.2392 -0.7152 0.6567
vn -0.0043 -0.6304 0.7763
vn -0.3833 -0.7376 0.5559
vn -0.5444 -0.7419 0.3914
vn -0.3774 -0.7413 0.5550
vn -0.2296 -0.8345 0.5010
vn -0.3841 -0.8500 0.3605
vn -0.6066 -0.7950 0.0014
vn -0.7773 -0.6291 0.0052
vn -0.4998 -0.8464 0.1837
vn -0.5975 -0.7302 0.3313
vn -0.3816 -0.9243 -0.0051
vn -0.0701 -0.9975 -0.0011
vn -0.4593 -0.7427 -0.4872
vn -0.5393 -0.8421 -0.0036
vn -0.7801 -0.6256 -0.0041
vn -0.5441 -0.8390 -0.0034
vn -0.6252 -0.7225 -0.2952
vn -0.7718 -0.6359 -0.0014
vn -0.4922 -0.8228 -0.2843
vn -0.4399 -0.7448 -0.5018
vn -0.0033 -0.9281 -0.3722
vn 0.0026 -0.9223 -0.3865
vn -0.0003 -0.8432 -0.5377
vn 0.0020 -0.8031 -0.5959
vn 0.0034 -0.6320 -0.7750
vn 0.3292 -0.7352 -0.5925
vn 0.0011 -0.6365 -0.7713
vn 0.2828 -0.9120 -0.2971
vn 0.5393 -0.7416 -0.3990
vn 0.4232 -0.7442 -0.5168
vn 0.2320 -0.8462 -0.4797
vn 0.3926 -0.8656 -0.3109
vn 0.6176 -0.7284 -0.2968
vn 0.4913 -0.8574 -0.1535
vn 0.6388 -0.7694 0.0018
vn 0.7770 -0.6295 0.0037
vn 0.7739 -0.6333 -0.0009
vn 0.5736 -0.8192 -0.0017
vn 0.4996 -0.8662 0.0061
vn 0.3487 -0.9372 0.0021
vn 0.1352 -0.9908 -0.0031
vn 0.4549 -0.8905 -0.0038
vn 0.5477 -0.7380 0.3942
vn 0.7780 -0.6282 0.0070
vn 0.2166 -0.8598 0.4625
vn 0.3298 -0.7310 0.5974
vn 0.3836 -0.8155 0.4334
vn 0.0003 -0.8490 0.5284
vn 0.0042 -0.7538 0.6571
vn 0.0010 -0.6316 0.7753
vn 0.3440 -0.7507 0.5640
vn 0.1789 -0.7106 0.6805
vn 0.0001 -0.6367 0.7711
vn 0.0011 -0.9960 0.0889
vn 0.2633 -0.9128 0.3121
vn -0.0030 -0.9082 0.4186
vn -0.0011 -0.7973 0.6036
vn 0.3211 -0.9086 0.2672
vn 0.4773 -0.7447 0.4664
vn 0.5307 -0.8123 0.2420
vn 0.5582 -0.8297 0.0063
vn -0.0001 -1.0000 -0.0012
vn -0.2243 -0.8826 -0.4132
vn -0.0011 -0.9081 -0.4187
vn -0.0005 -0.6457 -0.7636
vn 0.0024 -0.9081 -0.4187
vn -0.3006 -0.7252 -0.6195
vn -0.0019 -0.6267 -0.7793
vn -0.0000 -1.0000 -0.0010
vn 0.7808 -0.6248 -0.0025
vn 0.6476 -0.7620 -0.0019
vn 0.2857 -0.9583 0.0032
vn -0.0021 -0.7502 -0.6612
vn -0.1780 -0.8582 -0.4815
vn -0.3524 -0.7401 -0.5728
vn -0.3383 -0.8574 -0.3877
vn -0.0647 -0.9979 -0.0057
vn -0.3577 -0.8944 -0.2685
vn -0.3021 -0.9366 -0.1776
vn -0.4027 -0.9153 -0.0009
vn -0.6854 -0.7009 0.1974
vn -0.7499 -0.6615 0.0001
vn -0.2597 -0.9272 0.2700
vn -0.4187 -0.9081 0.0046
vn 0.0147 -0.9999 0.0005
vn -0.0003 -0.9992 -0.0407
vn 0.0003 -1.0000 -0.0097
vn -0.1671 -0.9505 -0.2619
vn -0.0179 -0.9997 -0.0193
vn 0.0001 -1.0000 0.0031
vn -0.0013 -0.9996 -0.0268
vn -0.6034 -0.0015 -0.7975
vn -0.7993 -0.0024 -0.6010
vn -0.5524 -0.0021 -0.8336
vn -0.9231 -0.0025 -0.3845
vn -0.9997 -0.0048 -0.0219
vn 0.0013 -1.0000 -0.0000
vn 0.0049 -1.0000 -0.0001
vn 0.4781 -0.8783 0.0008
vn 0.5697 -0.8219 -0.0011
vn 0.7214 -0.6926 0.0042
vn 0.3421 -0.8177 -0.4630
vn 0.5197 -0.6936 -0.4988
vn 0.3175 -0.9106 -0.2646
vn 0.5035 -0.8245 -0.2582
vn -0.2823 -0.7955 -0.5362
vn -0.1890 -0.8199 -0.5404
vn -0.1643 -0.9577 -0.2363
vn -0.0003 -0.9108 -0.4129
vn 0.1873 -0.7996 -0.5706
vn 0.0007 -0.9107 -0.4130
vn 0.0003 -0.7050 -0.7092
vn 0.5712 -0.8022 -0.1740
vn 0.0007 -1.0000 -0.0044
vn 0.2760 -0.7908 -0.5463
vn -0.0003 -0.7050 -0.7092
vn -0.5706 -0.7982 -0.1929
vn -0.5303 -0.8097 -0.2515
vn -0.5353 -0.8447 -0.0004
vn -0.4958 -0.8525 0.1659
vn -0.5353 -0.8447 0.0001
vn -0.0073 -1.0000 -0.0000
vn 0.3460 -0.8220 0.4524
vn 0.2840 -0.7827 0.5538
vn 0.1853 -0.9003 0.3938
vn -0.0000 -0.9999 0.0104
vn 0.2116 -0.9596 0.1853
vn -0.0023 -1.0000 -0.0000
vn -0.0046 -1.0000 -0.0002
vn -0.5703 -0.7458 -0.3443
vn -0.4160 -0.7447 -0.5219
vn -0.3791 -0.0011 -0.9253
vn -0.2945 -0.6407 -0.7091
vn -0.0001 -1.0000 -0.0060
vn 0.4366 -0.7919 0.4269
vn -0.5329 -0.5369 -0.6540
vn -0.7096 -0.5938 -0.3794
vn -0.8308 -0.0036 -0.5565
vn -0.3978 -0.8333 -0.3838
vn -0.0895 -0.9960 -0.0009
vn -0.0020 -0.9243 -0.3816
vn -0.0012 -0.6581 -0.7529
vn -0.2792 -0.6947 -0.6629
vn 0.6341 -0.6400 -0.4341
vn 0.5534 -0.4429 -0.7054
vn 0.7410 -0.0021 -0.6715
vn 0.9999 -0.0057 -0.0090
vn 1.0000 0.0013 -0.0054
vn 1.0000 -0.0047 -0.0024
vn 0.9999 -0.0002 -0.0117
vn 0.9542 0.0013 -0.2991
vn 0.9165 0.1632 -0.3653
vn 0.9142 0.4052 -0.0020
vn 0.9156 0.4021 -0.0079
vn 0.9270 0.3537 -0.1248
vn 0.9357 0.3180 -0.1530
vn 0.9308 0.2840 -0.2300
vn 0.9711 0.1796 -0.1575
vn 0.9211 0.2122 -0.3265
vn 1.0000 0.0063 -0.0018
vn 0.9999 0.0099 -0.0013
vn 0.9155 0.4023 0.0064
vn 0.9246 0.3645 0.1104
vn 0.9335 0.3281 0.1449
vn 0.9275 0.3296 0.1764
vn 0.9998 0.0185 0.0066
vn 0.9427 0.2397 0.2320
vn 0.9722 0.2341 -0.0016
vn 0.9098 -0.0924 -0.4046
vn 0.9490 -0.0013 -0.3153
vn 0.8970 -0.0830 -0.4341
vn 0.9387 -0.1345 -0.3175
vn 0.9484 -0.1135 -0.2959
vn 0.9999 -0.0122 -0.0003
vn 0.9253 -0.3792 0.0036
vn 1.0000 -0.0096 0.0009
vn 0.8887 -0.1537 -0.4320
vn 0.9262 -0.1647 -0.3391
vn 0.8836 -0.1592 -0.4403
vn 0.9024 -0.1906 -0.3864
vn 0.9203 -0.2433 -0.3064
vn 0.9992 -0.0373 0.0136
vn 0.9529 -0.2250 -0.2036
vn 0.9315 -0.3036 -0.2003
vn 0.9251 -0.2719 -0.2652
vn 0.9293 -0.3688 -0.0207
vn 0.9295 -0.3252 -0.1742
vn 0.9230 -0.3618 -0.1308
vn 0.8803 -0.1094 -0.4617
vn 0.9971 -0.0025 -0.0759
vn 1.0000 -0.0038 0.0011
vn 1.0000 -0.0034 0.0003
vn 1.0000 -0.0004 0.0026
vn 0.9169 -0.1608 0.3653
vn 0.9650 -0.0017 0.2622
vn 0.8286 -0.0027 0.5598
vn 0.9043 -0.0003 0.4268
vn 0.9614 -0.0032 0.2753
vn 0.8592 -0.0049 0.5117
vn 0.9489 0.0010 0.3156
vn 0.9999 -0.0002 0.0142
vn 0.9555 0.0966 0.2788
vn 1.0000 0.0002 0.0054
vn 1.0000 0.0001 0.0078
vn 0.9450 0.0017 0.3271
vn 0.9279 0.1699 0.3320
vn 0.8801 0.1104 0.4617
vn 0.8375 0.0023 0.5465
vn 0.9199 0.2431 0.3076
vn 0.9237 0.2744 0.2676
vn 0.9284 0.3067 0.2099
vn 0.9026 0.1907 0.3860
vn 0.9992 0.0387 -0.0105
vn 0.8836 0.1590 0.4405
vn 0.8887 0.1540 0.4317
vn 0.8406 0.0425 0.5400
vn 0.8944 -0.0001 0.4472
vn 0.8221 0.0001 0.5694
vn 0.8655 0.1343 0.4825
vn 0.8979 0.0831 0.4323
vn 0.9312 0.1670 0.3239
vn 0.9645 0.1508 0.2168
vn 0.9504 0.1864 0.2490
vn 0.9761 0.1799 0.1217
vn 1.0000 0.0017 0.0058
vn 0.0014 -0.0018 1.0000
vn 0.0005 -0.0047 1.0000
vn 0.2875 -0.0017 0.9578
vn 0.8807 -0.0016 0.4737
vn 0.6958 -0.6760 0.2427
vn 0.6475 -0.6237 0.4379
vn 0.7354 -0.6776 0.0018
vn 0.0053 -1.0000 0.0006
vn 0.6171 -0.0037 0.7869
vn 0.4334 -0.7670 0.4731
vn -0.4300 -0.6598 0.6163
vn -0.0017 -0.5764 0.8172
vn -0.0002 -0.9997 0.0226
vn -0.2871 -0.6422 0.7108
vn 0.2806 -0.7579 0.5889
vn 0.0012 -0.6594 0.7518
vn 0.3892 -0.0035 0.9212
vn 0.9699 -0.0019 0.2435
vn 0.3850 -0.5400 0.7484
vn 0.5692 -0.0022 0.8222
vn 0.0024 -0.6821 0.7312
vn 0.0004 -0.9164 0.4003
vn 0.0005 -1.0000 0.0099
vn 0.3856 -0.8161 0.4305
vn 0.6623 -0.4709 0.5827
vn 0.6960 -0.7181 -0.0018
vn 0.7617 -0.5935 -0.2601
vn 0.0121 -0.9999 0.0001
vn 0.6888 -0.6522 0.3165
vn 0.9087 -0.0032 0.4175
vn 0.9999 -0.0065 0.0081
vn 0.9643 -0.1137 0.2394
vn 1.0000 -0.0020 0.0027
vn 0.9265 -0.3764 0.0031
vn 0.9302 -0.3412 0.1355
vn 0.9358 -0.2742 0.2215
vn 0.9632 -0.2407 0.1193
vn 0.9152 -0.2111 0.3433
vn 0.9312 -0.2607 0.2548
vn 0.9568 0.2660 0.1171
vn 0.9621 0.2255 0.1535
vn 0.9400 0.2432 0.2394
vn 0.9867 -0.0929 0.1337
vn 0.9181 -0.3872 -0.0842
vn 0.9151 -0.4033 -0.0009
vn 0.9538 -0.2929 -0.0668
vn 0.9498 -0.2959 -0.1013
vn 1.0000 -0.0042 -0.0008
vn 0.9620 -0.2431 -0.1241
vn 0.9549 -0.2327 -0.1844
vn 0.9528 -0.2303 -0.1978
vn 0.9577 -0.1989 -0.2079
vn 0.9455 -0.1723 -0.2762
vn 0.9999 0.0015 -0.0120
vn 0.8743 0.0046 -0.4854
vn 0.8937 0.0002 -0.4486
vn 0.8258 -0.0002 -0.5640
vn 0.8316 -0.0028 -0.5553
vn 0.8420 -0.0439 -0.5376
vn 0.9695 -0.0020 -0.2450
vn 0.9061 -0.0002 -0.4232
vn 1.0000 0.0014 0.0001
vn 0.9898 0.1423 0.0016
vn 0.9227 0.3741 0.0928
vn 0.9131 0.4078 0.0010
vn 0.9590 0.2763 0.0630
vn 0.9740 0.0915 -0.2072
vn 0.9443 0.2299 -0.2353
vn 0.8409 0.0022 -0.5412
vn 1.0000 0.0016 -0.0018
vn 0.4169 -0.6943 -0.5866
vn 0.3142 -0.5805 -0.7512
vn 0.0001 -1.0000 0.0099
vn -0.9305 0.3133 0.1897
vn -0.9657 0.1605 0.2041
vn -0.9764 0.1911 0.1006
vn -0.9169 0.3988 0.0139
vn -0.9200 0.3920 0.0026
vn -0.9529 0.2690 0.1404
vn -0.9425 0.2404 0.2321
vn -0.9227 0.2419 0.3002
vn -0.9199 0.1599 0.3580
vn -0.9126 0.1527 0.3793
vn -0.9997 0.0105 0.0208
vn -1.0000 0.0012 -0.0042
vn -0.8670 0.0040 0.4983
vn 0.0120 -0.9998 0.0158
vn 0.0013 -0.5932 -0.8050
vn 0.2929 -0.6853 -0.6668
vn 0.3124 -0.0018 -0.9500
vn 0.0007 -1.0000 -0.0087
vn 0.0014 -0.0022 -1.0000
vn 0.5443 -0.0022 -0.8389
vn 0.4601 -0.6755 -0.5762
vn 0.6868 -0.0023 -0.7268
vn 0.5586 -0.7078 -0.4323
vn 0.6983 -0.6564 -0.2855
vn 0.0012 -1.0000 0.0002
vn 0.5932 -0.0182 -0.8049
vn 0.0134 -0.9999 -0.0004
vn 0.3132 -0.0049 -0.9497
vn 0.5445 -0.0010 -0.8388
vn -0.0019 -0.0022 -1.0000
vn -0.0009 -0.6077 -0.7941
vn 0.0002 -0.9999 0.0170
vn -0.2457 -0.9317 0.2676
vn -0.2366 -0.8538 0.4636
vn -0.4426 -0.4201 0.7922
vn -0.3805 -0.7672 0.5163
vn -0.3122 -0.7064 0.6352
vn -0.4795 -0.7350 0.4795
vn -0.9166 -0.0009 0.3998
vn -0.9644 0.2643 -0.0108
vn -1.0000 0.0030 -0.0042
vn -1.0000 0.0014 -0.0045
vn -1.0000 0.0013 -0.0048
vn -0.9999 0.0012 -0.0156
vn -1.0000 0.0010 -0.0043
vn -0.9410 0.0015 -0.3385
vn -0.8341 0.0022 -0.5516
vn -0.9133 -0.0005 -0.4073
vn -0.9167 0.1721 -0.3607
vn -0.9202 0.2133 -0.3282
vn -0.9999 0.0093 -0.0040
vn -0.9392 0.2439 -0.2418
vn -0.9850 0.0023 -0.1727
vn -1.0000 -0.0000 -0.0008
vn -0.9786 -0.0009 -0.2060
vn -0.9505 -0.2248 -0.2143
vn -1.0000 -0.0001 -0.0013
vn -0.9303 -0.1979 -0.3087
vn -0.9352 -0.2747 -0.2236
vn -0.9356 -0.3155 -0.1586
vn -1.0000 -0.0004 -0.0001
vn -0.9046 -0.1378 -0.4034
vn -0.9445 -0.2373 0.2272
vn -1.0000 -0.0034 -0.0003
vn -0.1573 -0.7851 -0.5991
vn -0.8218 -0.0005 -0.5698
vn -0.7252 -0.6886 -0.0034
vn -0.4974 -0.8675 -0.0024
vn -0.0197 -0.9998 -0.0007
vn -0.9166 -0.0010 0.3998
vn -0.7917 -0.6109 0.0016
vn -0.9980 0.0022 0.0634
vn -0.2341 0.0654 0.9700
vn -0.0308 0.0868 0.9958
vn 0.1089 0.2522 0.9615
vn -0.0731 -0.0424 0.9964
vn -0.5343 -0.5858 0.6094
vn -0.0014 -0.4636 0.8860
vn -0.5566 -0.0024 0.8307
vn -0.5358 -0.8358 -0.1193
vn -0.0019 -0.8247 -0.5656
vn -0.0009 -0.9942 -0.1075
vn 0.0010 -0.9737 0.2278
vn 0.0011 -0.9051 -0.4251
vn 0.4935 -0.8670 0.0691
vn 0.9433 0.0026 -0.3319
vn 0.9826 0.0035 0.1859
vn 0.9935 -0.0029 -0.1137
vn 0.7774 0.0005 0.6290
vn 0.9352 -0.0011 0.3542
vn 0.6051 0.0015 -0.7961
vn 0.6358 -0.0004 -0.7718
vn 0.7050 0.6909 -0.1601
vn 0.6889 0.5088 0.5162
vn 0.6666 0.7069 0.2365
vn 0.5989 0.5580 -0.5744
vn 0.7936 -0.5937 -0.1332
vn 0.7052 -0.4361 -0.5591
vn 0.7190 -0.5837 0.3774
vn 0.0028 -0.7611 0.6486
vn 0.3972 -0.2612 -0.8798
vn 0.0012 -0.5948 -0.8039
vn 0.5100 -0.7448 -0.4303
vn 0.5637 -0.0011 -0.8259
vn 0.0004 -0.0288 -0.9996
vn 0.0012 0.0006 -1.0000
vn 0.5773 0.0002 -0.8165
vn -0.5641 0.0008 -0.8257
vn -0.0005 0.0287 -0.9996
vn -0.0013 -0.0006 -1.0000
vn -0.5913 0.0031 -0.8065
vn -0.9917 0.0009 -0.1289
vn -0.8489 0.0020 -0.5285
vn -0.9303 -0.0019 -0.3668
vn -0.7612 0.0018 0.6485
vn -0.9436 0.0028 0.3311
vn -0.8703 -0.0037 0.4926
vn -0.6588 -0.5873 -0.4701
vn -0.0019 -0.5940 -0.8045
vn -0.6069 -0.0019 -0.7947
vn -0.6894 -0.6562 0.3067
vn -0.8618 -0.5065 -0.0271
vn -0.0012 0.7695 0.6387
vn -0.6444 0.6308 0.4323
vn -0.4659 0.0037 0.8848
vn 0.0038 0.8960 0.4441
vn 0.0011 0.5987 0.8010
vn 0.4659 0.0057 0.8848
vn -0.0023 0.9618 0.2736
vn -0.6240 0.7814 -0.0078
vn -0.8774 0.4778 -0.0444
vn -0.6273 0.6253 -0.4642
vn -0.0028 0.9756 -0.2198
vn -0.0014 0.6172 -0.7868
vn -0.9946 -0.0008 0.1037
vn -0.0004 -0.5669 -0.8238
vn -0.5780 -0.0005 -0.8161
vn 0.0022 0.5769 -0.8168
vn 0.0004 0.5665 -0.8241
vn 0.0019 0.7538 -0.6571
vn 0.0025 0.9251 -0.3798
vn 0.0020 0.9843 0.1767
vn 0.7328 -0.0024 0.6804
vn 0.4481 -0.0028 0.8940
vn 0.0983 -0.1465 0.9843
vn 0.0005 -0.4635 0.8861
vn -0.0027 -0.9219 0.3873
vn -0.0005 -0.7609 0.6489
vn -0.1888 -0.1187 0.9748
vn -0.0009 0.4597 0.8881
vn 0.0627 0.0709 0.9955
vn -0.0014 -0.0009 1.0000
vn 0.0010 -0.4588 0.8885
vn 0.0014 -0.0009 1.0000
vn 0.3657 -0.0009 -0.9307
vn 0.5870 -0.0007 -0.8096
vn 0.0017 -0.0010 -1.0000
vn -0.0014 -0.0009 -1.0000
vn -0.8842 -0.4671 -0.0022
vn -0.8842 -0.4671 0.0021
vn 0.4181 -0.4594 -0.7837
vn -0.7922 -0.4201 -0.4426
vn -0.8716 -0.4283 -0.2384
vn 0.9209 -0.0008 -0.3899
vn 0.5293 -0.4309 -0.7308
vn 0.8708 -0.4313 -0.2362
vn 0.7906 -0.4188 -0.4467
vn 0.2436 -0.4565 -0.8557
vn 0.0012 -0.4660 -0.8848
vn -0.0010 -0.4661 -0.8847
vn -0.3824 -0.4634 -0.7994
vn -0.2759 -0.4422 -0.8534
vn -0.6151 -0.4254 -0.6639
vn -0.5614 -0.4270 -0.7088
vn -0.7555 -0.4208 -0.5022
vn -0.7818 -0.4613 0.4196
vn -0.7308 -0.4314 0.5289
vn 0.2898 -0.0010 0.9571
vn 0.3444 0.0018 0.9388
vn 0.7672 0.0008 -0.6415
vn 0.7671 0.0008 -0.6415
vn 0.6958 0.7182 0.0014
vn 0.6958 0.7183 0.0013
vn 0.6866 -0.7271 -0.0011
vn 0.6867 -0.7269 -0.0010
vn 0.6865 -0.7271 -0.0011
vn 0.7629 -0.0014 0.6465
vn 0.7626 -0.0013 0.6469
vn -0.0014 0.0028 1.0000
vn -0.4196 0.7149 -0.5593
vn -0.9667 -0.0827 0.2423
vn -0.0341 0.9969 0.0715
vn -0.0456 0.0073 0.9989
vn -0.7436 0.6582 0.1181
vn -0.0456 0.0004 0.9990
vn -0.1029 0.0004 0.9947
vn -0.5573 0.7983 -0.2282
vn -0.1917 0.9787 -0.0730
vn -0.3601 0.7018 -0.6146
vn -0.5258 0.0002 0.8506
vn 0.0070 0.1308 0.9914
vn 0.0013 0.0028 1.0000
vn 0.2765 -0.4493 0.8495
vn -0.8703 -0.4324 0.2356
vn 0.8827 -0.4699 -0.0022
vn 0.8827 -0.4700 0.0022
vn -0.2424 -0.4453 0.8619
vn -0.3607 -0.0022 0.9327
vn -0.5848 -0.0025 0.8112
vn -0.3611 -0.0025 0.9325
vn -0.0020 -0.0018 1.0000
vn -0.0007 -0.6813 0.7320
vn -0.0013 -0.9164 0.4003
vn -0.2915 -0.5247 0.7998
vn -0.0019 -0.0047 1.0000
vn 0.0012 -0.5832 -0.8123
vn 0.0014 -0.0040 -1.0000
vn -0.4224 -0.7861 -0.4512
vn -0.3533 -0.8942 -0.2751
vn -0.3761 -0.7975 -0.4717
vn -0.5700 -0.7038 -0.4240
vn 0.5811 -0.6843 -0.4405
vn 0.6463 -0.7387 0.1915
vn 0.5266 -0.7990 0.2903
vn 0.4950 -0.8046 0.3280
vn -0.0019 -0.0041 -1.0000
vn 0.1595 -0.8337 0.5287
vn 0.0008 -0.8479 0.5301
vn -0.3759 -0.0035 -0.9267
vn -0.5355 -0.8445 -0.0000
vn 0.9345 -0.3560 -0.0026
vn 0.7830 -0.0010 0.6220
vn 0.8231 -0.5680 0.0018
vn 0.7829 -0.0015 0.6221
vn 0.9420 0.2473 0.2267
vn 0.0127 -0.8707 0.4916
vn 0.9554 0.2777 0.1001
vn 0.9402 -0.1670 -0.2970
vn -0.0003 -0.8478 0.5303
vn -0.1894 -0.7767 0.6006
vn 0.5975 0.7304 -0.3309
vn 0.1660 -0.8149 -0.5553
vn 0.1656 0.8126 -0.5588
vn 0.5376 -0.7758 -0.3304
vn -0.9161 -0.2266 -0.3308
vn -0.1664 0.8151 -0.5549
vn -0.7614 0.4913 -0.4228
vn -0.0012 -0.4585 0.8887
vn 0.7671 0.0008 -0.6416
vn 0.6958 0.7182 0.0013
vn -0.3606 0.7013 -0.6150
vn -1.0000 -0.0001 0.0002
vn -0.9876 -0.0002 0.1568
vn -1.0000 -0.0001 0.0001
vn -0.9868 -0.0384 0.1572
vn -0.9394 -0.1560 0.3053
vn -0.9510 -0.0004 0.3093
vn -0.8801 -0.1559 0.4485
vn -0.9048 -0.3079 0.2941
vn -0.8478 -0.3078 0.4318
vn -0.7213 -0.4526 0.5243
vn -0.7945 -0.4526 0.4048
vn -0.6553 -0.5861 0.4766
vn -0.6305 -0.4527 0.6304
vn -0.4764 -0.5859 0.6556
vn -0.5020 -0.7048 0.5013
vn -0.4167 -0.7048 0.5741
vn -0.3466 -0.8075 0.4773
vn -0.3218 -0.7050 0.6320
vn -0.1414 -0.8896 0.4344
vn -0.2677 -0.8073 0.5260
vn -0.2078 -0.8894 0.4072
vn -0.0500 -0.9501 0.3080
vn -0.0712 -0.8895 0.4514
vn -0.0004 -0.9877 0.1566
vn -0.0005 -0.9586 0.2849
vn -0.0001 -1.0000 0.0003
vn -0.0265 -0.9873 0.1569
vn -0.0494 -0.9870 0.1526
vn -0.1827 -0.9832 0.0017
vn -0.1567 -0.9872 0.0284
vn -0.3078 -0.9502 0.0494
vn -0.1520 -0.9871 0.0508
vn -0.2973 -0.9499 0.0963
vn -0.3337 -0.9427 -0.0001
vn -0.4514 -0.8895 0.0710
vn -0.4783 -0.8782 -0.0000
vn -0.5614 -0.8073 0.1822
vn -0.5829 -0.8072 0.0927
vn -0.6086 -0.7935 0.0005
vn -0.7001 -0.7053 0.1111
vn -0.7247 -0.6891 0.0006
vn -0.7709 -0.5858 0.2501
vn -0.8005 -0.5857 0.1270
vn -0.8908 -0.4529 0.0350
vn -0.8244 -0.5661 0.0003
vn -0.8808 -0.4524 0.1394
vn -0.9510 -0.3091 -0.0001
vn -0.9882 -0.1534 -0.0000
vn -0.9914 -0.1310 -0.0001
vn -0.9510 -0.3091 -0.0000
vn -0.8799 -0.4490 -0.1557
vn -0.8907 -0.4546 -0.0002
vn -0.7699 -0.5590 -0.3078
vn -0.7992 -0.5805 -0.1559
vn -0.6727 -0.6729 -0.3078
vn -0.7214 -0.5243 -0.4524
vn -0.6306 -0.6305 -0.4526
vn -0.4766 -0.6554 -0.5859
vn -0.5731 -0.5729 -0.5860
vn -0.3681 -0.7221 -0.5857
vn -0.4168 -0.5736 -0.7052
vn -0.3217 -0.6318 -0.7053
vn -0.1825 -0.5615 -0.8071
vn -0.2187 -0.6742 -0.7055
vn -0.0718 -0.4516 -0.8893
vn -0.0924 -0.5828 -0.8073
vn -0.0001 -0.3091 -0.9510
vn 0.0005 -0.4780 -0.8784
vn -0.0499 -0.3083 -0.9500
vn -0.0484 -0.1526 -0.9871
vn -0.0237 -0.1571 -0.9873
vn 0.0001 -0.0003 -1.0000
vn -0.0004 -0.1566 -0.9877
vn -0.0002 0.0001 -1.0000
vn -0.0002 -0.0000 -1.0000
vn 0.1543 -0.1557 -0.9757
vn -0.0001 -0.1568 -0.9876
vn 0.2941 -0.3078 -0.9049
vn 0.1489 -0.3078 -0.9397
vn 0.4487 -0.1557 -0.8800
vn 0.3095 -0.0390 -0.9501
vn 0.4540 -0.0393 -0.8902
vn 0.4319 -0.3078 -0.8478
vn 0.5803 -0.1559 -0.7993
vn 0.5590 -0.3079 -0.7699
vn 0.6985 -0.1559 -0.6984
vn 0.5876 -0.0393 -0.8082
vn 0.7065 -0.0391 -0.7066
vn 0.7993 -0.1559 -0.5804
vn 0.6727 -0.3079 -0.6728
vn 0.8903 -0.0391 -0.4537
vn 0.8800 -0.1556 -0.4488
vn 0.9395 -0.1559 -0.3050
vn 0.8477 -0.3080 -0.4319
vn 0.9876 0.0001 -0.1571
vn 0.9502 -0.0391 -0.3090
vn 0.9876 -0.1571 -0.0000
vn 0.9398 -0.3078 -0.1485
vn 0.9757 -0.1557 -0.1541
vn 0.8808 -0.4526 -0.1391
vn 0.9587 -0.2843 0.0002
vn 0.8905 -0.4549 -0.0001
vn 0.7708 -0.5859 -0.2503
vn 0.8005 -0.5858 -0.1270
vn 0.7944 -0.4527 -0.4050
vn 0.8483 -0.4520 -0.2757
vn 0.6559 -0.5856 -0.4763
vn 0.7219 -0.5860 -0.3679
vn 0.5731 -0.5855 -0.5733
vn 0.7216 -0.4525 -0.5240
vn 0.5243 -0.4526 -0.7213
vn 0.6309 -0.4523 -0.6304
vn 0.3681 -0.5859 -0.7220
vn 0.4764 -0.5859 -0.6555
vn 0.2504 -0.5860 -0.7706
vn 0.4049 -0.4522 -0.7947
vn 0.1393 -0.4528 -0.8806
vn 0.2757 -0.4526 -0.8480
vn -0.0001 -0.4312 -0.9022
vn 0.1266 -0.5856 -0.8007
vn -0.0002 -0.5663 -0.8242
vn 0.0003 -0.7080 -0.7062
vn 0.0003 -0.6087 -0.7934
vn -0.0000 -0.7935 -0.6085
vn -0.1110 -0.7003 -0.7051
vn -0.0000 -0.7069 -0.7073
vn -0.1266 -0.8007 -0.5856
vn -0.2755 -0.8483 -0.4521
vn -0.2503 -0.7707 -0.5860
vn -0.4320 -0.8478 -0.3077
vn -0.4048 -0.7947 -0.4524
vn -0.4484 -0.8802 -0.1557
vn -0.5590 -0.7700 -0.3077
vn -0.5873 -0.8094 -0.0002
vn -0.6984 -0.6985 -0.1560
vn -0.5804 -0.7992 -0.1560
vn -0.4549 -0.8905 -0.0003
vn -0.3095 -0.9509 -0.0000
vn -0.1825 -0.9832 -0.0002
vn -0.3048 -0.9395 -0.1562
vn -0.1548 -0.9755 -0.1562
vn -0.1491 -0.9396 -0.3080
vn -0.0002 -0.9914 -0.1310
vn 0.0001 -1.0000 -0.0001
vn 0.0008 -0.9831 -0.1830
vn -0.0000 -1.0000 -0.0002
vn -0.0001 -1.0000 -0.0000
vn 0.0001 -1.0000 -0.0000
vn -0.0000 -1.0000 0.0003
vn 0.0251 -0.9871 0.1581
vn 0.0001 -0.9876 0.1573
vn 0.0965 -0.9501 0.2966
vn 0.0496 -0.9871 0.1524
vn 0.0003 -0.9425 0.3342
vn 0.0715 -0.8894 0.4515
vn 0.0004 -0.8786 0.4776
vn 0.1824 -0.8074 0.5611
vn 0.0923 -0.8071 0.5832
vn 0.1109 -0.7052 0.7003
vn 0.0005 -0.7932 0.6089
vn 0.2191 -0.7052 0.6743
vn 0.1268 -0.5860 0.8003
vn 0.0008 -0.4325 0.9016
vn 0.0005 -0.5876 0.8091
vn 0.2756 -0.4525 0.8481
vn 0.1489 -0.3080 0.9397
vn 0.1394 -0.4526 0.8808
vn 0.0009 -0.1829 0.9831
vn 0.1546 -0.1555 0.9757
vn 0.1823 -0.0002 0.9832
vn 0.3053 -0.1559 0.9394
vn 0.3090 -0.0002 0.9511
vn 0.0018 -0.0001 1.0000
vn 0.1305 0.0001 0.9914
vn 0.0005 -0.0000 1.0000
vn 0.0012 0.1315 0.9913
vn -0.0012 0.1826 0.9832
vn 0.1488 0.3079 0.9397
vn 0.0005 0.3100 0.9507
vn 0.2940 0.3080 0.9048
vn 0.1395 0.4526 0.8807
vn 0.0011 0.4781 0.8783
vn 0.1267 0.5862 0.8002
vn 0.0007 0.6090 0.7932
vn 0.2505 0.5859 0.7707
vn 0.1109 0.7050 0.7005
vn 0.0005 0.8238 0.5669
vn 0.0004 0.7252 0.6885
vn 0.1824 0.8071 0.5615
vn 0.0716 0.8893 0.4516
vn 0.0924 0.8069 0.5835
vn 0.0004 0.9586 0.2849
vn 0.0004 0.9018 0.4321
vn 0.0489 0.9499 0.3086
vn 0.0495 0.9871 0.1524
vn 0.0251 0.9871 0.1582
vn 0.0065 0.9991 0.0408
vn 0.0001 0.9914 0.1307
vn 0.0002 1.0000 -0.0000
vn -0.0000 1.0000 -0.0000
vn -0.0000 1.0000 0.0002
vn -0.0000 0.9876 -0.1569
vn -0.0000 1.0000 0.0001
vn 0.0001 0.9876 -0.1567
vn 0.1492 0.9395 -0.3082
vn -0.0001 0.9586 -0.2849
vn 0.1397 0.8809 -0.4522
vn 0.2940 0.9050 -0.3076
vn 0.2752 0.8485 -0.4520
vn 0.4483 0.8802 -0.1557
vn 0.4321 0.8476 -0.3079
vn 0.4548 0.8906 0.0001
vn 0.5802 0.7993 -0.1561
vn 0.5592 0.7696 -0.3082
vn 0.6988 0.6981 -0.1560
vn 0.6727 0.6727 -0.3080
vn 0.8091 0.5877 -0.0005
vn 0.7993 0.5805 -0.1557
vn 0.8477 0.4317 -0.3083
vn 0.8799 0.4491 -0.1554
vn 0.9425 0.3341 0.0001
vn 0.8783 0.4781 -0.0001
vn 0.9048 0.2940 -0.3082
vn 0.9758 0.1539 -0.1556
vn 0.9398 0.1491 -0.3076
vn 1.0000 0.0002 -0.0003
vn 0.9868 0.0383 -0.1573
vn 1.0000 -0.0001 -0.0002
vn 1.0000 -0.0001 0.0068
vn 0.9756 -0.1562 0.1545
vn 0.9868 -0.1575 0.0387
vn 0.9395 -0.1554 0.3052
vn 0.9395 -0.3085 0.1488
vn 0.8801 -0.1560 0.4485
vn 0.9510 -0.0006 0.3091
vn 0.8910 0.0002 0.4541
vn 0.7696 -0.3081 0.5592
vn 0.7992 -0.1555 0.5807
vn 0.7072 0.0003 0.7070
vn 0.6984 -0.1561 0.6984
vn 0.5592 -0.3073 0.7700
vn 0.5806 -0.1554 0.7992
vn 0.4484 -0.1557 0.8802
vn 0.5664 -0.0002 0.8242
vn 0.4306 0.0003 0.9026
vn 0.4773 -0.0003 0.8787
vn 0.6088 0.0001 0.7934
vn 0.3053 0.1560 0.9394
vn 0.4484 0.1560 0.8801
vn 0.5805 0.1553 0.7993
vn 0.4319 0.3080 0.8477
vn 0.5241 0.4524 0.7216
vn 0.6728 0.3079 0.6727
vn 0.6307 0.4526 0.6304
vn 0.4763 0.5858 0.6558
vn 0.4048 0.4524 0.7947
vn 0.5013 0.7053 0.5013
vn 0.4167 0.7050 0.5738
vn 0.2679 0.8073 0.5259
vn 0.3469 0.8072 0.4776
vn 0.3233 0.8894 0.3233
vn 0.2688 0.8894 0.3698
vn 0.2074 0.8894 0.4073
vn 0.1838 0.9498 0.2530
vn 0.1419 0.9500 0.2783
vn 0.1133 0.9871 0.1134
vn 0.0942 0.9871 0.1297
vn 0.0728 0.9871 0.1427
vn 0.0009 1.0000 0.0012
vn 0.0188 0.9991 0.0369
vn 0.0293 0.9991 0.0292
vn 0.0003 1.0000 0.0004
vn 0.1428 0.9871 0.0727
vn 0.0369 0.9991 0.0188
vn 0.2784 0.9499 0.1419
vn 0.1525 0.9871 0.0496
vn 0.0394 0.9991 0.0128
vn 0.1583 0.9871 0.0251
vn 0.0409 0.9991 0.0064
vn 0.3087 0.9499 0.0489
vn 0.1597 0.9871 0.0064
vn 0.4513 0.8895 0.0715
vn 0.3118 0.9501 0.0123
vn 0.5615 0.8072 0.1824
vn 0.5827 0.8074 0.0924
vn 0.7007 0.7048 0.1110
vn 0.5898 0.8072 0.0232
vn 0.6747 0.7048 0.2192
vn 0.8004 0.5859 0.1268
vn 0.8808 0.4525 0.1395
vn 0.8090 0.5869 0.0318
vn 0.9049 0.3078 0.2940
vn 0.9398 0.3076 0.1489
vn 0.9866 0.1584 0.0387
vn 0.9756 0.1559 0.1547
vn 0.9510 -0.0002 0.3091
vn 0.9914 -0.0002 0.1305
vn 0.8800 0.1567 0.4483
vn 0.8910 0.0004 0.4540
vn 0.7991 0.1558 0.5806
vn 0.8478 0.3078 0.4319
vn 0.7698 0.3074 0.5594
vn 0.7945 0.4526 0.4049
vn 0.7216 0.5866 0.3677
vn 0.7218 0.4517 0.5244
vn 0.5735 0.7053 0.4168
vn 0.6322 0.7047 0.3222
vn 0.5262 0.8070 0.2681
vn 0.3696 0.8896 0.2685
vn 0.4069 0.8896 0.2073
vn 0.8091 0.0004 0.5877
vn 0.6984 0.1565 0.6984
vn 0.7070 0.0008 0.7072
vn 0.8480 0.4528 0.2755
vn 0.9396 0.1549 0.3053
vn 0.9499 0.3103 0.0372
vn 0.7707 0.5860 0.2504
vn 0.7078 0.7058 0.0278
vn 0.4346 0.8895 0.1412
vn 0.4564 0.8896 0.0180
vn 0.1410 0.9900 -0.0000
vn 0.3098 0.9508 0.0002
vn 0.1564 0.9877 -0.0001
vn 0.2972 0.9499 0.0965
vn 0.1297 0.9871 0.0944
vn 0.0128 0.9991 0.0393
vn 0.2529 0.9499 0.1836
vn 0.2210 0.9499 0.2212
vn 0.4174 0.8072 0.4175
vn 0.4772 0.8076 0.3466
vn 0.6557 0.5856 0.4765
vn 0.3221 0.7050 0.6319
vn 0.5729 0.5864 0.5727
vn 0.5593 0.3075 0.7698
vn 0.4317 -0.3082 0.8477
vn 0.5242 -0.4522 0.7216
vn 0.6727 -0.3082 0.6727
vn 0.6308 -0.4522 0.6306
vn 0.6553 -0.5862 0.4763
vn 0.7212 -0.4530 0.5241
vn 0.7224 -0.5854 0.3680
vn 0.7948 -0.4521 0.4049
vn 0.7706 -0.5861 0.2503
vn 0.8478 -0.4532 0.2755
vn 0.7999 -0.5866 0.1267
vn 0.8805 -0.4531 0.1394
vn 0.8092 -0.5867 0.0318
vn 0.8908 -0.4544 0.0024
vn 0.7076 -0.7066 0.0025
vn 0.7972 -0.6037 -0.0000
vn 0.7006 -0.7048 -0.1110
vn 0.5877 -0.8091 0.0004
vn 0.5830 -0.8072 -0.0921
vn 0.5611 -0.8074 -0.1824
vn 0.6320 -0.7050 -0.3218
vn 0.6745 -0.7050 -0.2191
vn 0.5258 -0.8073 -0.2680
vn 0.5737 -0.7052 -0.4166
vn 0.4173 -0.8071 -0.4176
vn 0.5014 -0.7051 -0.5014
vn 0.4166 -0.7051 -0.5738
vn 0.3470 -0.8072 -0.4775
vn 0.2680 -0.8073 -0.5257
vn 0.2191 -0.7050 -0.6745
vn 0.3220 -0.7052 -0.6317
vn 0.1109 -0.7050 -0.7004
vn 0.1825 -0.8071 -0.5615
vn 0.0921 -0.8074 -0.5828
vn -0.0001 -0.9022 -0.4312
vn -0.0001 -0.8244 -0.5661
vn 0.0500 -0.9500 -0.3082
vn 0.1411 -0.8895 -0.4346
vn 0.0963 -0.9501 -0.2968
vn 0.1415 -0.9502 -0.2778
vn 0.2071 -0.8897 -0.4068
vn 0.1838 -0.9498 -0.2532
vn 0.2683 -0.8899 -0.3689
vn 0.2214 -0.9496 -0.2219
vn 0.3230 -0.8896 -0.3230
vn 0.2527 -0.9500 -0.1833
vn 0.3697 -0.8895 -0.2684
vn 0.4072 -0.8896 -0.2069
vn 0.2783 -0.9501 -0.1410
vn 0.4345 -0.8896 -0.1410
vn 0.2969 -0.9500 -0.0965
vn 0.4515 -0.8894 -0.0709
vn 0.3079 -0.9502 -0.0489
vn 0.3343 -0.9425 0.0012
vn 0.4778 -0.8785 0.0002
vn 0.1823 -0.9832 -0.0030
vn 0.3182 -0.9480 -0.0000
vn 0.1651 -0.9863 -0.0000
vn 0.3085 -0.9500 0.0488
vn 0.4559 -0.8898 0.0180
vn 0.4513 -0.8895 0.0715
vn 0.1525 -0.9871 0.0495
vn 0.2967 -0.9501 0.0965
vn 0.4343 -0.8897 0.1410
vn 0.2781 -0.9500 0.1416
vn 0.4775 -0.8073 0.3469
vn 0.4069 -0.8897 0.2073
vn 0.5262 -0.8070 0.2680
vn 0.5738 -0.7049 0.4170
vn 0.4176 -0.8070 0.4175
vn 0.5013 -0.7053 0.5012
vn 0.3469 -0.8071 0.4777
vn 0.3680 -0.5858 0.7221
vn 0.4166 -0.7056 0.5733
vn 0.4763 -0.5859 0.6556
vn 0.2679 -0.8073 0.5257
vn 0.2073 -0.8897 0.4069
vn 0.2685 -0.8896 0.3695
vn 0.2205 -0.9501 0.2207
vn 0.3229 -0.8897 0.3228
vn 0.1298 -0.9870 0.0944
vn 0.1133 -0.9871 0.1135
vn 0.0369 -0.9991 0.0188
vn 0.0335 -0.9991 0.0245
vn 0.0005 -1.0000 0.0001
vn 0.0005 -1.0000 0.0007
vn 0.0243 -0.9991 0.0336
vn 0.0012 -1.0000 0.0022
vn 0.0943 -0.9871 0.1298
vn 0.1835 -0.9501 0.2523
vn 0.0728 -0.9871 0.1427
vn 0.1417 -0.9501 0.2780
vn 0.6748 -0.7047 0.2193
vn 0.6322 -0.7048 0.3220
vn 0.7001 -0.7054 0.1109
vn 0.5614 -0.8072 0.1823
vn 0.5831 -0.8071 0.0924
vn 0.2526 -0.9500 0.1837
vn 0.3694 -0.8896 0.2685
vn 0.1429 -0.9870 0.0728
vn 0.1583 -0.9871 0.0251
vn 0.5898 -0.8072 0.0232
vn 0.1597 -0.9871 0.0064
vn 0.3098 -0.9508 0.0006
vn 0.4312 -0.9023 -0.0000
vn 0.1569 -0.9872 -0.0277
vn 0.1525 -0.9872 -0.0470
vn 0.1428 -0.9870 -0.0738
vn 0.1294 -0.9869 -0.0961
vn 0.1133 -0.9872 -0.1125
vn 0.0945 -0.9872 -0.1284
vn 0.0726 -0.9873 -0.1415
vn 0.0491 -0.9872 -0.1520
vn 0.0006 -0.9510 -0.3092
vn 0.0710 -0.8896 -0.4512
vn 0.4774 -0.8072 -0.3471
vn 0.5718 -0.8204 -0.0000
vn 0.7074 -0.7068 -0.0000
vn 0.5879 -0.8090 -0.0000
vn 0.5729 -0.5862 0.5728
vn 0.4048 -0.4525 0.7946
vn 0.8476 -0.3083 0.4319
vn 0.8089 -0.0002 0.5879
vn 0.9503 -0.3091 0.0373
vn 0.9050 -0.3075 0.2941
vn 0.9832 0.0002 0.1823
vn 0.9876 0.1571 -0.0001
vn 0.8481 0.2761 -0.4522
vn 0.8807 0.1394 -0.4526
vn 0.7709 0.2502 -0.5858
vn 0.7944 0.4052 -0.4525
vn 0.7221 0.3684 -0.5855
vn 0.7214 0.5241 -0.4526
vn 0.6562 0.4762 -0.5854
vn 0.6305 0.6308 -0.4524
vn 0.5729 0.5735 -0.5856
vn 0.5242 0.7215 -0.4525
vn 0.3684 0.7218 -0.5859
vn 0.4763 0.6556 -0.5859
vn 0.2191 0.6743 -0.7052
vn 0.2506 0.7705 -0.5861
vn 0.1111 0.7004 -0.7051
vn 0.0002 0.8244 -0.5659
vn 0.0001 0.7255 -0.6882
vn -0.0000 0.8782 -0.4783
vn -0.0002 0.7932 -0.6090
vn -0.1396 0.8809 -0.4522
vn -0.0000 0.9424 -0.3345
vn -0.1491 0.9397 -0.3077
vn -0.3051 0.9394 -0.1561
vn -0.1546 0.9756 -0.1560
vn -0.3343 0.9425 -0.0000
vn -0.4485 0.8801 -0.1560
vn -0.4782 0.8782 0.0003
vn -0.5593 0.7697 -0.3079
vn -0.5804 0.7992 -0.1562
vn -0.6086 0.7935 -0.0001
vn -0.6985 0.6984 -0.1561
vn -0.7254 0.6883 -0.0003
vn -0.7991 0.5807 -0.1560
vn -0.6726 0.6730 -0.3077
vn -0.7696 0.5593 -0.3082
vn -0.9023 0.4311 -0.0002
vn -0.8245 0.5659 -0.0004
vn -0.8477 0.4320 -0.3080
vn -0.9394 0.3053 -0.1559
vn -0.8798 0.4491 -0.1555
vn -0.9876 0.1568 -0.0000
vn -0.9510 0.3092 -0.0000
vn -0.9397 0.1492 -0.3078
vn -0.9869 0.0380 -0.1568
vn -0.9757 0.1539 -0.1556
vn -1.0000 -0.0001 -0.0001
vn -0.9876 0.0001 -0.1567
vn -1.0000 0.0002 -0.0001
vn -0.9396 -0.1493 -0.3079
vn -0.9504 -0.0374 -0.3089
vn -0.9048 -0.2940 -0.3081
vn -0.8808 -0.1394 -0.4526
vn -0.8483 -0.2754 -0.4522
vn -0.7947 -0.4050 -0.4520
vn -0.7709 -0.2502 -0.5858
vn -0.7219 -0.3680 -0.5860
vn -0.6552 -0.4765 -0.5862
vn -0.6314 -0.3223 -0.7053
vn -0.5737 -0.4167 -0.7052
vn -0.4174 -0.4178 -0.8070
vn -0.5015 -0.5012 -0.7052
vn -0.3232 -0.3228 -0.8896
vn -0.3466 -0.4778 -0.8072
vn -0.2072 -0.4070 -0.8896
vn -0.1842 -0.2529 -0.9498
vn -0.1418 -0.2790 -0.9498
vn -0.0940 -0.1295 -0.9871
vn -0.2211 -0.2211 -0.9499
vn -0.1130 -0.1132 -0.9871
vn -0.1294 -0.0943 -0.9871
vn -0.2526 -0.1839 -0.9499
vn -0.2785 -0.1416 -0.9499
vn -0.1425 -0.0727 -0.9871
vn -0.2975 -0.0958 -0.9499
vn -0.3086 -0.0483 -0.9500
vn -0.1522 -0.0496 -0.9871
vn -0.1606 -0.0063 -0.9870
vn -0.3114 -0.0125 -0.9502
vn -0.3116 0.0125 -0.9501
vn -0.4556 -0.0180 -0.8900
vn -0.4556 0.0180 -0.8900
vn -0.3082 0.0482 -0.9501
vn -0.1571 0.0003 -0.9876
vn -0.4516 0.0716 -0.8894
vn -0.2975 0.0961 -0.9499
vn -0.4073 0.2074 -0.8894
vn -0.5615 0.1823 -0.8071
vn -0.5261 0.2681 -0.8070
vn -0.6315 0.3225 -0.7051
vn -0.4775 0.3472 -0.8071
vn -0.5730 0.5732 -0.5858
vn -0.5737 0.4169 -0.7050
vn -0.6556 0.4763 -0.5859
vn -0.4764 0.6556 -0.5858
vn -0.6304 0.6307 -0.4525
vn -0.5243 0.7214 -0.4524
vn -0.4051 0.7944 -0.4526
vn -0.2754 0.8482 -0.4524
vn -0.3678 0.7219 -0.5861
vn -0.1112 0.7003 -0.7052
vn -0.2509 0.7703 -0.5863
vn -0.1270 0.8004 -0.5858
vn -0.1826 0.5615 -0.8071
vn -0.3216 0.6322 -0.7049
vn -0.2191 0.6746 -0.7049
vn -0.3471 0.4776 -0.8071
vn -0.4167 0.5739 -0.7050
vn -0.4176 0.4172 -0.8072
vn -0.2686 0.3698 -0.8895
vn -0.3228 0.3237 -0.8894
vn -0.2527 0.1842 -0.9499
vn -0.3695 0.2692 -0.8894
vn -0.1426 0.0730 -0.9871
vn -0.1301 0.0944 -0.9870
vn -0.2211 0.2211 -0.9498
vn -0.1146 0.1129 -0.9870
vn -0.1840 0.2531 -0.9498
vn -0.0955 0.1290 -0.9870
vn -0.1417 0.2785 -0.9499
vn -0.0974 0.2969 -0.9499
vn -0.2079 0.4070 -0.8895
vn -0.1416 0.4346 -0.8894
vn -0.0495 0.3087 -0.9499
vn -0.0713 0.4517 -0.8893
vn -0.0916 0.5831 -0.8072
vn -0.0000 0.4550 -0.8905
vn -0.0003 0.3346 -0.9424
vn -0.0004 0.2843 -0.9587
vn 0.0003 0.1825 -0.9832
vn 0.0491 0.3082 -0.9500
vn 0.0253 0.1568 -0.9873
vn 0.1415 0.4349 -0.8893
vn 0.0976 0.2962 -0.9501
vn 0.2681 0.5259 -0.8072
vn 0.2077 0.4076 -0.8892
vn 0.2689 0.3702 -0.8892
vn 0.3469 0.4778 -0.8071
vn 0.4165 0.5738 -0.7052
vn 0.4174 0.4173 -0.8072
vn 0.5738 0.4164 -0.7053
vn 0.5014 0.5013 -0.7052
vn 0.5256 0.2683 -0.8073
vn 0.6319 0.3218 -0.7051
vn 0.5613 0.1822 -0.8073
vn 0.6745 0.2190 -0.7050
vn 0.7006 0.1110 -0.7049
vn 0.8092 0.0323 -0.5867
vn 0.7078 0.0278 -0.7059
vn 0.5895 0.0231 -0.8074
vn 0.5828 0.0920 -0.8074
vn 0.4556 0.0181 -0.8900
vn 0.4516 0.0718 -0.8893
vn 0.4347 0.1417 -0.8894
vn 0.3083 0.0485 -0.9501
vn 0.2973 0.0965 -0.9499
vn 0.2786 0.1415 -0.9499
vn 0.2528 0.1833 -0.9500
vn 0.4076 0.2078 -0.8892
vn 0.3230 0.3234 -0.8894
vn 0.3701 0.2691 -0.8892
vn 0.1143 0.1134 -0.9870
vn 0.1835 0.2534 -0.9498
vn 0.2208 0.2208 -0.9500
vn 0.0718 0.1418 -0.9873
vn 0.1418 0.2785 -0.9499
vn 0.1296 0.0943 -0.9871
vn 0.1428 0.0728 -0.9871
vn 0.1525 0.0489 -0.9871
vn 0.1576 0.0247 -0.9872
vn 0.1602 0.0061 -0.9871
vn 0.3112 0.0120 -0.9503
vn 0.4771 0.3472 -0.8074
vn 0.0712 0.4521 -0.8891
vn 0.1827 0.5610 -0.8074
vn 0.0489 0.1523 -0.9871
vn -0.0001 0.4548 -0.8906
vn 0.0918 0.5831 -0.8072
vn -0.0006 0.1306 -0.9914
vn -0.0004 0.5876 -0.8092
vn -0.0259 0.1565 -0.9873
vn -0.0725 0.1432 -0.9870
vn -0.2679 0.5259 -0.8072
vn 0.0003 0.5877 -0.8091
vn -0.7213 0.5244 -0.4524
vn -0.7219 0.3678 -0.5861
vn -0.7945 0.4052 -0.4523
vn -0.7709 0.2500 -0.5859
vn -0.8483 0.2752 -0.4524
vn -0.8005 0.1270 -0.5857
vn -0.8807 0.1396 -0.4526
vn -0.8908 0.0351 -0.4530
vn -0.8091 0.0323 -0.5867
vn -0.8908 -0.0351 -0.4531
vn -0.7002 -0.1110 -0.7053
vn -0.8090 -0.0323 -0.5869
vn -0.7076 -0.0284 -0.7061
vn -0.5614 -0.1820 -0.8073
vn -0.6742 -0.2189 -0.7053
vn -0.4072 -0.2077 -0.8894
vn -0.5260 -0.2680 -0.8072
vn -0.4516 -0.0716 -0.8894
vn -0.4347 -0.1410 -0.8895
vn -0.5895 -0.0233 -0.8075
vn -0.5830 -0.0924 -0.8072
vn -0.5895 0.0235 -0.8074
vn -0.7076 0.0284 -0.7060
vn -0.7001 0.1111 -0.7053
vn -0.5831 0.0924 -0.8072
vn -0.6744 0.2191 -0.7052
vn -0.5016 0.5013 -0.7051
vn -0.4349 0.1410 -0.8893
vn -0.2785 0.1418 -0.9499
vn -0.1522 0.0496 -0.9871
vn -0.1574 0.0250 -0.9872
vn -0.3694 -0.2690 -0.8895
vn -0.0729 -0.1430 -0.9870
vn -0.4776 -0.3474 -0.8070
vn -0.8004 -0.1270 -0.5859
vn -0.9504 0.0374 -0.3088
vn -0.9558 0.2940 -0.0000
vn -0.8799 0.4490 0.1554
vn -0.9425 0.3342 -0.0000
vn -0.9394 0.3053 0.1559
vn -0.7697 0.5593 0.3079
vn -0.7989 0.5809 0.1560
vn -0.6985 0.6984 0.1561
vn -0.7935 0.6085 0.0004
vn -0.5593 0.7697 0.3078
vn -0.5804 0.7992 0.1563
vn -0.4315 0.9021 -0.0001
vn -0.5664 0.8241 0.0003
vn -0.4484 0.8801 0.1560
vn -0.2940 0.9050 0.3074
vn -0.3050 0.9395 0.1561
vn -0.1570 0.9868 0.0394
vn -0.2848 0.9586 -0.0001
vn -0.1490 0.9397 0.3080
vn -0.0000 0.9832 0.1825
vn -0.1545 0.9756 0.1560
vn -0.1397 0.8810 0.4521
vn -0.0000 0.9425 0.3343
vn -0.2753 0.8483 0.4523
vn -0.1273 0.8004 0.5859
vn -0.1113 0.7003 0.7052
vn -0.0004 0.7927 0.6096
vn -0.2193 0.6746 0.7049
vn -0.0912 0.5833 0.8071
vn 0.0003 0.4315 0.9021
vn 0.0005 0.5661 0.8243
vn -0.1420 0.4347 0.8893
vn -0.0491 0.3087 0.9499
vn -0.0710 0.4519 0.8892
vn -0.2079 0.4069 0.8895
vn -0.0964 0.2968 0.9501
vn -0.2685 0.3696 0.8896
vn -0.2679 0.5263 0.8070
vn -0.3469 0.4781 0.8069
vn -0.5018 0.5013 0.7049
vn -0.4167 0.5740 0.7049
vn -0.5736 0.4171 0.7049
vn -0.5729 0.5731 0.5859
vn -0.6554 0.4764 0.5861
vn -0.7218 0.3679 0.5862
vn -0.7213 0.5244 0.4524
vn -0.7945 0.4052 0.4523
vn -0.7708 0.2501 0.5859
vn -0.8483 0.2754 0.4523
vn -0.9397 0.1491 0.3078
vn -0.8807 0.1395 0.4526
vn -0.9504 0.0373 0.3087
vn -0.8909 0.0352 0.4528
vn -0.8089 0.0325 0.5870
vn -0.8903 -0.0393 0.4536
vn -0.8079 -0.0394 0.5880
vn -0.7001 0.1114 0.7053
vn -0.7075 0.0284 0.7062
vn -0.5619 0.1820 0.8069
vn -0.5833 0.0922 0.8070
vn -0.6315 0.3226 0.7051
vn -0.6745 0.2193 0.7050
vn -0.4779 0.3476 0.8067
vn -0.4071 0.2075 0.8895
vn -0.3690 0.2693 0.8896
vn -0.2525 0.1838 0.9500
vn -0.3228 0.3233 0.8896
vn -0.1152 0.1134 0.9868
vn -0.1832 0.2527 0.9500
vn -0.2208 0.2205 0.9501
vn -0.1302 0.0949 0.9869
vn -0.1431 0.0732 0.9870
vn -0.2780 0.1417 0.9501
vn -0.1526 0.0497 0.9870
vn -0.2972 0.0960 0.9500
vn -0.4518 0.0715 0.8893
vn -0.3080 0.0485 0.9501
vn -0.3118 0.0126 0.9500
vn -0.4559 0.0175 0.8899
vn -0.1602 0.0078 0.9870
vn -0.3092 -0.0392 0.9502
vn -0.1575 -0.0391 0.9867
vn -0.0004 -0.0000 1.0000
vn -0.1546 -0.1562 0.9755
vn -0.0003 -0.1313 0.9913
vn -0.1488 -0.3081 0.9396
vn -0.3048 -0.1558 0.9396
vn -0.2939 -0.3076 0.9050
vn -0.1390 -0.4525 0.8808
vn -0.0001 -0.3098 0.9508
vn -0.2505 -0.5859 0.7707
vn -0.1263 -0.5858 0.8006
vn -0.0001 -0.5877 0.8091
vn -0.1111 -0.7051 0.7004
vn -0.0003 -0.7070 0.7072
vn -0.0003 -0.8244 0.5660
vn -0.0922 -0.8073 0.5829
vn -0.2193 -0.7051 0.6743
vn -0.3676 -0.5863 0.7219
vn -0.2755 -0.4526 0.8481
vn -0.4050 -0.4526 0.7945
vn -0.5595 -0.3080 0.7694
vn -0.5247 -0.4524 0.7211
vn -0.6983 -0.1560 0.6986
vn -0.6727 -0.3080 0.6728
vn -0.5881 -0.0392 0.8079
vn -0.7063 -0.0393 0.7068
vn -0.4538 -0.0389 0.8903
vn -0.5808 -0.1558 0.7990
vn -0.4484 -0.1557 0.8802
vn -0.4322 -0.3079 0.8476
vn -0.0006 -0.4781 0.8783
vn -0.1571 0.0269 0.9872
vn -0.4349 0.1413 0.8893
vn -0.5265 0.2680 0.8068
vn -0.5895 0.0235 0.8074
vn -0.7990 -0.1561 0.5807
vn -0.8004 0.1271 0.5859
vn -0.6304 0.6308 0.4525
vn -0.4765 0.6555 0.5859
vn -0.5243 0.7214 0.4524
vn -0.4051 0.7944 0.4526
vn -0.3679 0.7218 0.5862
vn -0.4179 0.4172 0.8070
vn -0.3216 0.6321 0.7050
vn -0.0963 0.1292 0.9869
vn -0.1409 0.2783 0.9501
vn -0.0259 0.1566 0.9873
vn -0.0493 0.1529 0.9870
vn -0.0741 0.1433 0.9869
vn -0.0007 0.3099 0.9508
vn -0.1827 0.5618 0.8069
vn -0.0002 0.6883 0.7254
vn -0.2508 0.7703 0.5863
vn -0.0001 0.8780 0.4786
vn -0.4323 0.8477 0.3075
vn -0.6727 0.6729 0.3075
vn -0.6889 0.7249 0.0004
vn -0.8479 0.4317 0.3078
vn -0.9048 0.2938 0.3081
vn -0.9757 0.1542 0.1556
vn -0.8786 0.4776 0.0003
vn -0.9832 0.1828 -0.0000
vn -0.9048 0.2939 -0.3082
vn -0.8072 0.5903 -0.0000
vn -0.8892 0.4575 -0.0000
vn -0.5849 0.8111 -0.0000
vn -0.7046 0.7096 -0.0000
vn -0.4322 0.8477 -0.3075
vn -0.1438 0.9896 -0.0000
vn -0.3064 0.9519 -0.0000
vn -0.4518 0.8921 -0.0000
vn -0.1825 0.9832 -0.0002
vn -0.2940 0.9051 -0.3072
vn -0.0002 0.6881 -0.7256
vn 0.3217 0.6321 -0.7050
vn 0.8007 0.1258 -0.5857
vn 0.8908 0.0349 -0.4531
vn 0.9510 -0.0006 -0.3091
vn 0.9482 0.3177 -0.0000
vn 0.9395 0.3051 -0.1557
vn 0.8864 0.4630 -0.0000
vn 0.7699 0.5589 -0.3080
vn 0.7996 0.6006 -0.0000
vn 0.8189 0.5740 -0.0000
vn 0.5809 0.8140 -0.0000
vn 0.7076 0.7066 -0.0004
vn 0.5662 0.8242 -0.0002
vn 0.4415 0.8973 -0.0000
vn 0.3051 0.9395 -0.1560
vn -0.0000 0.9021 -0.4314
vn 0.1272 0.8004 -0.5858
vn 0.4050 0.7944 -0.4526
vn 0.1545 0.9756 -0.1560
vn -0.0001 1.0000 -0.0000
vn 0.0966 0.9499 0.2972
vn 0.1413 0.8894 0.4348
vn 0.2190 0.7054 0.6741
vn 0.3679 0.5859 0.7221
vn 0.2757 0.4524 0.8481
vn 0.1546 0.1558 0.9756
vn 0.3090 0.0004 0.9511
vn 0.0013 -0.3106 0.9505
vn 0.2941 -0.3080 0.9048
vn 0.2505 -0.5856 0.7710
vn 0.3220 -0.7050 0.6319
vn 0.0006 -0.7063 0.7079
vn 0.1412 -0.8896 0.4343
vn -0.0000 -0.9021 0.4315
vn 0.0128 -0.9991 0.0393
vn 0.0065 -0.9991 0.0408
vn 0.0489 -0.9500 0.3083
vn 0.0004 -1.0000 -0.0000
vn 0.0409 -0.9991 0.0065
vn 0.0263 -0.9872 -0.1571
vn -0.0001 -0.9507 -0.3100
vn -0.2938 -0.9051 -0.3073
vn -0.1395 -0.8808 -0.4524
vn -0.0000 -0.8783 -0.4781
vn 0.8091 -0.5876 -0.0004
vn 0.8181 -0.5751 -0.0000
vn 0.9443 -0.3290 -0.0000
vn 0.9847 -0.1744 -0.0000
vn 0.9900 -0.1413 -0.0000
vn 0.9049 -0.3077 -0.2940
vn 0.8084 -0.0396 -0.5873
vn 0.7697 -0.3083 -0.5591
vn 0.0001 -0.3095 -0.9509
vn 0.3051 -0.1560 -0.9395
vn 0.1572 -0.0390 -0.9868
vn 0.0002 0.0003 -1.0000
vn 0.0952 0.1293 -0.9870
vn -0.0487 0.1525 -0.9871
vn -0.1575 -0.0250 -0.9872
vn -0.0970 -0.2972 -0.9499
vn -0.1415 -0.4344 -0.8895
vn -0.2677 -0.5261 -0.8072
vn -0.2685 -0.3694 -0.8896
vn -0.5241 -0.7218 -0.4521
vn -0.8478 -0.4317 -0.3080
vn -0.8092 -0.5875 -0.0002
vn -0.9757 -0.1541 -0.1555
vn -0.9394 -0.3052 -0.1560
vn -0.9833 -0.1823 -0.0000
vn -0.8001 -0.5999 -0.0000
vn -0.8910 -0.4540 -0.0000
vn -0.8965 -0.4430 -0.0000
vn -0.7220 -0.5860 0.3679
vn -0.6745 -0.7051 0.2188
vn -0.6316 -0.7051 0.3224
vn -0.4775 -0.8071 0.3471
vn -0.5261 -0.8071 0.2679
vn -0.3227 -0.8897 0.3230
vn -0.3689 -0.8895 0.2695
vn -0.1837 -0.9501 0.2521
vn -0.2208 -0.9500 0.2207
vn -0.0727 -0.9871 0.1427
vn -0.0948 -0.9871 0.1287
vn -0.1295 -0.9871 0.0942
vn -0.2528 -0.9498 0.1841
vn -0.2783 -0.9500 0.1419
vn -0.1425 -0.9870 0.0738
vn -0.1131 -0.9872 0.1124
vn -0.4072 -0.8896 0.2070
vn -0.8483 -0.4522 0.2756
vn -0.7069 -0.7073 -0.0002
vn -0.5878 -0.8090 -0.0000
vn -0.6930 -0.7210 -0.0000
vn -0.4349 -0.8895 0.1403
vn -0.2949 -0.9555 -0.0000
vn -0.4547 -0.8907 -0.0000
vn -0.1452 -0.9894 -0.0000
vn -0.0958 -0.9501 0.2967
vn -0.1415 -0.9501 0.2781
vn -0.2683 -0.8897 0.3695
vn -0.1828 -0.8071 0.5614
vn -0.4176 -0.8074 0.4167
vn -0.5737 -0.7051 0.4168
vn -0.5731 -0.5861 0.5728
vn -0.7696 -0.3080 0.5594
vn -0.9396 -0.3081 0.1488
vn -0.9757 -0.1555 0.1544
vn -1.0000 -0.0003 -0.0000
vn -1.0000 -0.0004 -0.0000
vn -0.9863 -0.1651 -0.0000
vn -0.9479 -0.3184 -0.0000
vn -0.9881 -0.1535 -0.0000
vn -0.0000 -1.0000 -0.0000
vn 1.0000 0.0002 -0.0000
vn 1.0000 -0.0005 -0.0000
vn 0.1377 0.9905 -0.0000
vn 0.3273 0.9449 -0.0000
vn 0.1748 0.9846 -0.0000
vn 0.7073 -0.7070 -0.0000
vn 0.7980 -0.6027 -0.0000
vn 0.7108 -0.7034 -0.0000
vn 0.3277 -0.9448 -0.0000
vn 0.1385 -0.9904 -0.0000
vn 0.2916 -0.9565 -0.0000
vn 0.4383 -0.8988 -0.0000
vn 0.4631 -0.8863 -0.0000
vn 0.5898 -0.8076 -0.0000
vn 0.7207 -0.6932 -0.0000
vn 0.9843 0.1765 -0.0000
vn 0.9868 0.1622 -0.0000
vn -0.9864 0.1641 -0.0000
vn -0.9501 0.3121 -0.0000
vn -0.9872 0.1595 -0.0000
vn -0.8143 0.5805 -0.0000
vn -0.8893 0.4574 -0.0000
vn -0.8075 0.5899 -0.0000
vn -0.8946 0.4470 -0.0000
vn -0.5942 0.8043 -0.0000
vn -0.7051 0.7092 -0.0000
vn -0.5852 0.8109 -0.0000
vn -0.7129 0.7013 -0.0000
vn -0.1647 0.9863 -0.0000
vn -0.3068 0.9518 -0.0000
vn -0.1537 0.9881 -0.0000
vn -0.3173 0.9483 -0.0000
vn -0.4522 0.8919 -0.0000
vn -0.4621 0.8868 -0.0000
vn 0.9447 0.3281 -0.0000
vn 0.9563 0.2923 -0.0000
vn 0.8814 0.4724 -0.0000
vn 0.8986 0.4387 -0.0000
vn 0.7976 0.6032 -0.0000
vn 0.8203 0.5720 -0.0000
vn 0.7203 0.6937 -0.0000
vn 0.5721 0.8202 -0.0000
vn 0.6022 0.7983 -0.0000
vn 0.2910 0.9567 -0.0000
vn 0.4716 0.8818 -0.0000
vn 0.4378 0.8991 -0.0000
vn 0.0001 1.0000 -0.0000
vn 0.8996 -0.4366 -0.0000
vn 0.8817 -0.4717 -0.0000
vn 0.8990 -0.4379 -0.0000
vn 0.9450 -0.3271 -0.0000
vn 0.9535 -0.3013 -0.0000
vn 0.9846 -0.1748 -0.0000
vn 1.0000 -0.0002 -0.0000
vn -0.8136 -0.5814 -0.0000
vn -0.8841 -0.4673 -0.0000
vn -0.8110 -0.5850 -0.0000
vn -0.5931 -0.8052 -0.0000
vn -0.7089 -0.7054 -0.0000
vn -0.5794 -0.8150 -0.0000
vn -0.7118 -0.7024 -0.0000
vn -0.3162 -0.9487 -0.0000
vn -0.4421 -0.8970 -0.0000
vn -0.3124 -0.9499 -0.0000
vn -0.4612 -0.8873 -0.0000
vn -0.1635 -0.9865 -0.0000
vn -0.1469 -0.9891 -0.0000
vn -1.0000 -0.0002 -0.0000
vn -1.0000 0.0007 -0.0000
vn 1.0000 0.0001 -0.0000
vn 0.2915 0.9566 -0.0000
vn 0.9876 0.1568 -0.0000
vn -0.9905 0.1376 -0.0000
vn 0.6931 0.7209 -0.0000
vn -0.9511 -0.3089 -0.0000
vn -0.9887 -0.1499 -0.0000
vn -0.9563 -0.2925 -0.0000
vn 0.6913 -0.7226 -0.0000
vn 0.2880 -0.9576 -0.0000
vn 0.4723 -0.8815 -0.0000
vn -0.8054 0.5928 -0.0000
vn -0.8876 0.4606 -0.0000
vn -0.9499 0.3126 -0.0000
vn -0.5819 0.8133 -0.0000
vn -0.7023 0.7119 -0.0000
vn -0.1495 0.9888 -0.0000
vn -0.3029 0.9530 -0.0000
vn -0.4485 0.8938 -0.0000
vn 0.7190 0.6950 -0.0000
vn 0.1528 -0.9883 -0.0000
vn 0.8800 -0.4750 -0.0000
vn 0.9569 -0.2904 -0.0000
vn -0.9532 -0.3025 -0.0000
vn 1.0000 0.0002 0.0018
vn 1.0000 -0.0010 -0.0000
vn 0.3253 0.9456 -0.0000
vn 0.1728 0.9850 -0.0000
vn 0.9900 0.1409 -0.0000
vn -0.9871 0.1602 -0.0000
vn 0.9559 0.2936 -0.0000
vn 0.8904 0.4538 0.0349
vn 0.8977 0.4405 -0.0000
vn 0.6007 0.7995 -0.0000
vn 0.4695 0.8829 -0.0000
vn -0.8113 -0.5846 -0.0000
vn -0.7094 -0.7049 -0.0000
vn -0.5902 -0.8073 -0.0000
vn -0.4580 -0.8890 -0.0000
vn -0.3129 -0.9498 -0.0000
vn -0.1600 -0.9871 -0.0000
vn 0.8601 -0.5101 -0.0000
vn 0.8601 -0.5102 -0.0000
vn 0.1620 -0.9868 -0.0000
vn 0.6035 -0.7973 -0.0000
vn -0.9488 0.3160 -0.0000
vn 0.6936 0.7204 -0.0000
vn 0.8206 -0.5715 -0.0000
vn 0.9905 -0.1374 -0.0000
vn -0.8939 -0.4482 -0.0000
vn -0.0000 -0.4862 0.8738
vn -0.8601 -0.5101 -0.0000
vn -0.8601 -0.5102 -0.0000
vn -0.0000 -0.4862 -0.8738
vt 0.419905 0.357412
vt 0.419922 0.357414
vt 0.419923 0.357439
vt 0.419916 0.357798
vt 0.419912 0.357823
vt 0.419882 0.357817
vt 0.417466 0.311068
vt 0.417425 0.311049
vt 0.417459 0.311041
vt 0.417388 0.311049
vt 0.417345 0.311027
vt 0.417372 0.311026
vt 0.415439 0.310763
vt 0.415480 0.310777
vt 0.415441 0.310790
vt 0.415505 0.310746
vt 0.415466 0.310761
vt 0.415468 0.310737
vt 0.415495 0.310735
vt 0.417391 0.311078
vt 0.417346 0.311072
vt 0.417366 0.310724
vt 0.417407 0.310723
vt 0.419868 0.357779
vt 0.419855 0.357808
vt 0.417441 0.311096
vt 0.416232 0.249044
vt 0.416224 0.249088
vt 0.416209 0.249037
vt 0.419860 0.357442
vt 0.419551 0.357429
vt 0.419868 0.357386
vt 0.416191 0.249079
vt 0.416177 0.249034
vt 0.550071 0.242545
vt 0.550057 0.242562
vt 0.550057 0.242524
vt 0.416548 0.301167
vt 0.416235 0.301182
vt 0.416237 0.301144
vt 0.309323 0.036703
vt 0.309795 0.036666
vt 0.310932 0.042235
vt 0.308435 0.037002
vt 0.308864 0.036818
vt 0.320383 0.053972
vt 0.320324 0.053472
vt 0.326646 0.053491
vt 0.320739 0.054924
vt 0.320522 0.054462
vt 0.310288 0.059860
vt 0.311757 0.059980
vt 0.311737 0.060425
vt 0.320417 0.052455
vt 0.320629 0.051983
vt 0.320448 0.052467
vt 0.326594 0.053996
vt 0.326668 0.053488
vt 0.272724 0.041705
vt 0.272697 0.041253
vt 0.272731 0.041266
vt 0.272715 0.040786
vt 0.320862 0.051524
vt 0.320598 0.051971
vt 0.310306 0.060351
vt 0.321025 0.055344
vt 0.321377 0.055714
vt 0.321785 0.056024
vt 0.322238 0.056264
vt 0.322722 0.056425
vt 0.323228 0.056511
vt 0.323739 0.056511
vt 0.324240 0.056430
vt 0.324718 0.056273
vt 0.325170 0.056039
vt 0.325580 0.055734
vt 0.325939 0.055364
vt 0.326229 0.054944
vt 0.326447 0.054489
vt 0.326538 0.052486
vt 0.326638 0.052982
vt 0.326358 0.052007
vt 0.326106 0.051564
vt 0.325786 0.051169
vt 0.325406 0.050829
vt 0.324975 0.050554
vt 0.324506 0.050351
vt 0.324013 0.050227
vt 0.323499 0.050183
vt 0.322983 0.050225
vt 0.322490 0.050346
vt 0.322027 0.050543
vt 0.321596 0.050812
vt 0.321215 0.051146
vt 0.320890 0.051541
vt 0.320345 0.052967
vt 0.308041 0.037253
vt 0.307692 0.037564
vt 0.307402 0.037923
vt 0.307170 0.038323
vt 0.307002 0.038764
vt 0.306909 0.039227
vt 0.306892 0.039689
vt 0.306947 0.040147
vt 0.307079 0.040602
vt 0.307283 0.041028
vt 0.307546 0.041407
vt 0.307866 0.041741
vt 0.308244 0.042026
vt 0.308662 0.042243
vt 0.309106 0.042390
vt 0.309568 0.042464
vt 0.310035 0.042462
vt 0.310496 0.042387
vt 0.311725 0.041737
vt 0.311349 0.042023
vt 0.312048 0.041399
vt 0.312312 0.041012
vt 0.312508 0.040595
vt 0.312638 0.040152
vt 0.312696 0.039683
vt 0.312675 0.039211
vt 0.312580 0.038752
vt 0.312412 0.038317
vt 0.312177 0.037912
vt 0.311884 0.037556
vt 0.311535 0.037246
vt 0.311133 0.036994
vt 0.310709 0.036814
vt 0.310261 0.036704
vt 0.290954 0.038787
vt 0.292404 0.038221
vt 0.292384 0.038689
vt 0.324161 0.063122
vt 0.323658 0.063190
vt 0.326644 0.059746
vt 0.325107 0.062753
vt 0.324644 0.062978
vt 0.325526 0.062455
vt 0.325891 0.062095
vt 0.326191 0.061687
vt 0.326420 0.061236
vt 0.326575 0.060755
vt 0.326654 0.060252
vt 0.326392 0.058753
vt 0.326562 0.059233
vt 0.326154 0.058309
vt 0.325841 0.057898
vt 0.325463 0.057545
vt 0.325041 0.057262
vt 0.324578 0.057050
vt 0.324092 0.056916
vt 0.323590 0.056859
vt 0.323080 0.056885
vt 0.322575 0.056992
vt 0.322098 0.057181
vt 0.321659 0.057442
vt 0.321273 0.057766
vt 0.320937 0.058150
vt 0.320667 0.058591
vt 0.320474 0.059062
vt 0.320358 0.059557
vt 0.320324 0.060061
vt 0.320369 0.060562
vt 0.320496 0.061057
vt 0.320702 0.061531
vt 0.320982 0.061961
vt 0.321324 0.062336
vt 0.321716 0.062650
vt 0.322159 0.062900
vt 0.322645 0.063080
vt 0.323150 0.063176
vt 0.216092 0.045834
vt 0.216388 0.045472
vt 0.219176 0.050300
vt 0.215695 0.046664
vt 0.215860 0.046234
vt 0.221363 0.047143
vt 0.221400 0.047606
vt 0.221377 0.047607
vt 0.221324 0.048075
vt 0.221354 0.048079
vt 0.215598 0.047127
vt 0.215579 0.047594
vt 0.215633 0.048053
vt 0.215761 0.048503
vt 0.215959 0.048925
vt 0.216223 0.049311
vt 0.216549 0.049654
vt 0.216928 0.049939
vt 0.217334 0.050152
vt 0.217773 0.050300
vt 0.218235 0.050377
vt 0.218708 0.050381
vt 0.220022 0.049945
vt 0.219613 0.050158
vt 0.220397 0.049665
vt 0.220722 0.049330
vt 0.220989 0.048946
vt 0.221192 0.048524
vt 0.221272 0.046688
vt 0.221107 0.046245
vt 0.220871 0.045836
vt 0.220579 0.045478
vt 0.220234 0.045170
vt 0.219836 0.044915
vt 0.219402 0.044730
vt 0.218950 0.044619
vt 0.218488 0.044585
vt 0.218029 0.044616
vt 0.217573 0.044726
vt 0.217142 0.044907
vt 0.216741 0.045158
vt 0.290935 0.038363
vt 0.299938 0.036949
vt 0.300347 0.037186
vt 0.296029 0.038434
vt 0.301022 0.041313
vt 0.300710 0.041667
vt 0.301271 0.040916
vt 0.301453 0.040486
vt 0.300710 0.037483
vt 0.301015 0.037827
vt 0.301264 0.038218
vt 0.324935 0.041766
vt 0.325365 0.042037
vt 0.326077 0.042783
vt 0.322458 0.041571
vt 0.322953 0.041449
vt 0.320986 0.046603
vt 0.320698 0.046175
vt 0.321014 0.046583
vt 0.321372 0.046950
vt 0.321348 0.046974
vt 0.320727 0.046162
vt 0.312117 0.060419
vt 0.312143 0.060928
vt 0.312094 0.060927
vt 0.312115 0.061439
vt 0.283003 0.039151
vt 0.284457 0.039221
vt 0.284458 0.039689
vt 0.321990 0.041772
vt 0.321559 0.042046
vt 0.321179 0.042385
vt 0.320861 0.042776
vt 0.320608 0.043213
vt 0.320423 0.043695
vt 0.320322 0.044199
vt 0.320311 0.044704
vt 0.320366 0.045219
vt 0.320509 0.045706
vt 0.321781 0.047257
vt 0.322234 0.047493
vt 0.322711 0.047650
vt 0.323212 0.047733
vt 0.323726 0.047734
vt 0.324231 0.047650
vt 0.324711 0.047488
vt 0.325158 0.047255
vt 0.325572 0.046946
vt 0.325928 0.046572
vt 0.326216 0.046151
vt 0.326434 0.045691
vt 0.326573 0.045208
vt 0.326634 0.044706
vt 0.326614 0.044196
vt 0.326513 0.043698
vt 0.326334 0.043220
vt 0.325754 0.042376
vt 0.324468 0.041569
vt 0.301451 0.038651
vt 0.301563 0.039111
vt 0.301600 0.039577
vt 0.301562 0.040037
vt 0.300342 0.041965
vt 0.299937 0.042199
vt 0.299506 0.042362
vt 0.299054 0.042455
vt 0.298581 0.042476
vt 0.298117 0.042419
vt 0.297674 0.042291
vt 0.297250 0.042092
vt 0.296865 0.041829
vt 0.296528 0.041506
vt 0.296242 0.041128
vt 0.296023 0.040710
vt 0.295876 0.040267
vt 0.295801 0.039806
vt 0.295802 0.039338
vt 0.295875 0.038878
vt 0.296240 0.038025
vt 0.296517 0.037655
vt 0.296854 0.037330
vt 0.297237 0.037064
vt 0.297659 0.036862
vt 0.298107 0.036731
vt 0.298577 0.036672
vt 0.299049 0.036692
vt 0.299502 0.036786
vt 0.283040 0.039663
vt 0.323467 0.041406
vt 0.323980 0.041448
vt 0.286484 0.041524
vt 0.285034 0.042088
vt 0.285047 0.041664
vt 0.210612 0.049816
vt 0.210260 0.049506
vt 0.210090 0.045664
vt 0.211427 0.050241
vt 0.211003 0.050061
vt 0.211886 0.050355
vt 0.212352 0.050391
vt 0.212812 0.050353
vt 0.213267 0.050241
vt 0.213696 0.050059
vt 0.214091 0.049809
vt 0.214445 0.049495
vt 0.214742 0.049128
vt 0.214974 0.048722
vt 0.215136 0.048290
vt 0.215229 0.047833
vt 0.215243 0.047364
vt 0.215189 0.046898
vt 0.215058 0.046452
vt 0.214860 0.046035
vt 0.214595 0.045650
vt 0.214271 0.045313
vt 0.213897 0.045033
vt 0.213483 0.044815
vt 0.213035 0.044666
vt 0.212568 0.044592
vt 0.212107 0.044594
vt 0.211645 0.044669
vt 0.211198 0.044821
vt 0.210784 0.045039
vt 0.210413 0.045319
vt 0.209627 0.046468
vt 0.209825 0.046044
vt 0.209499 0.046917
vt 0.209446 0.047376
vt 0.209464 0.047837
vt 0.209557 0.048296
vt 0.209723 0.048732
vt 0.209959 0.049142
vt 0.205961 0.050920
vt 0.205444 0.050878
vt 0.203674 0.049946
vt 0.204262 0.045073
vt 0.204709 0.044839
vt 0.203850 0.045382
vt 0.203494 0.045756
vt 0.203206 0.046175
vt 0.202988 0.046639
vt 0.202849 0.047127
vt 0.202789 0.047637
vt 0.202811 0.048143
vt 0.202914 0.048637
vt 0.203092 0.049108
vt 0.203347 0.049553
vt 0.204483 0.050557
vt 0.204056 0.050288
vt 0.206969 0.050753
vt 0.206474 0.050877
vt 0.208689 0.046165
vt 0.208402 0.045739
vt 0.208709 0.046158
vt 0.288558 0.040216
vt 0.288583 0.040715
vt 0.288533 0.040729
vt 0.288534 0.039190
vt 0.288562 0.038701
vt 0.288583 0.039194
vt 0.207438 0.050551
vt 0.207864 0.050279
vt 0.208245 0.049943
vt 0.208568 0.049544
vt 0.208820 0.049103
vt 0.209001 0.048627
vt 0.209102 0.048124
vt 0.209113 0.047617
vt 0.209059 0.047117
vt 0.208918 0.046624
vt 0.208047 0.045371
vt 0.207642 0.045069
vt 0.207193 0.044835
vt 0.206708 0.044672
vt 0.206200 0.044592
vt 0.204951 0.050756
vt 0.286509 0.041908
vt 0.205187 0.044677
vt 0.205689 0.044594
vt 0.282804 0.735280
vt 0.282551 0.749088
vt 0.282552 0.735324
vt 0.276496 0.749208
vt 0.276530 0.749088
vt 0.276531 0.734292
vt 0.276399 0.749191
vt 0.276494 0.733677
vt 0.276331 0.749175
vt 0.276361 0.733695
vt 0.286421 0.749090
vt 0.286437 0.733713
vt 0.286483 0.733698
vt 0.286343 0.749051
vt 0.286282 0.749031
vt 0.286376 0.733755
vt 0.286287 0.733789
vt 0.286321 0.733736
vt 0.286464 0.733565
vt 0.286455 0.733640
vt 0.286389 0.733599
vt 0.241290 0.756303
vt 0.244306 0.756228
vt 0.244313 0.756261
vt 0.136952 0.752059
vt 0.136967 0.751969
vt 0.140088 0.752058
vt 0.136985 0.751917
vt 0.137000 0.751883
vt 0.140078 0.751918
vt 0.283378 0.749186
vt 0.283358 0.749224
vt 0.283299 0.749197
vt 0.283421 0.733703
vt 0.283461 0.733793
vt 0.283402 0.733762
vt 0.286350 0.733683
vt 0.283385 0.733634
vt 0.283367 0.733595
vt 0.283306 0.733623
vt 0.296753 0.747978
vt 0.296521 0.748320
vt 0.295909 0.748797
vt 0.295335 0.748977
vt 0.296124 0.748280
vt 0.296262 0.748196
vt 0.295975 0.748341
vt 0.295817 0.748378
vt 0.295656 0.748390
vt 0.290666 0.748390
vt 0.290635 0.733689
vt 0.290667 0.733809
vt 0.296688 0.733809
vt 0.290471 0.748966
vt 0.290414 0.748930
vt 0.290459 0.733716
vt 0.283304 0.733723
vt 0.283357 0.733731
vt 0.283341 0.749088
vt 0.283265 0.733691
vt 0.283329 0.733672
vt 0.283298 0.749096
vt 0.283260 0.749131
vt 0.290534 0.748977
vt 0.290498 0.733702
vt 0.290414 0.733717
vt 0.290591 0.733667
vt 0.290545 0.733684
vt 0.296940 0.747416
vt 0.296688 0.747374
vt 0.296675 0.747533
vt 0.296952 0.733675
vt 0.290631 0.748999
vt 0.295637 0.748928
vt 0.296637 0.747688
vt 0.296575 0.747835
vt 0.296491 0.747971
vt 0.296385 0.748093
vt 0.296874 0.747705
vt 0.296167 0.748663
vt 0.286356 0.733639
vt 0.241299 0.756240
vt 0.241337 0.756184
vt 0.244287 0.756184
vt 0.283391 0.749057
vt 0.283450 0.749028
vt 0.283414 0.749116
vt 0.283323 0.749147
vt 0.140093 0.751969
vt 0.140064 0.751885
vt 0.140048 0.751839
vt 0.137029 0.751837
vt 0.286382 0.749225
vt 0.286342 0.749168
vt 0.286308 0.749092
vt 0.286401 0.749267
vt 0.286445 0.749242
vt 0.241255 0.761131
vt 0.244324 0.760803
vt 0.244317 0.761130
vt 0.241252 0.760806
vt 0.241252 0.756405
vt 0.244319 0.756398
vt 0.244341 0.756359
vt 0.244315 0.756313
vt 0.286417 0.733549
vt 0.286477 0.749125
vt 0.286523 0.749148
vt 0.286519 0.749189
vt 0.286448 0.749184
vt 0.301092 0.733588
vt 0.301104 0.733627
vt 0.301054 0.733619
vt 0.301008 0.733648
vt 0.301010 0.733615
vt 0.276279 0.749152
vt 0.276279 0.733728
vt 0.276324 0.733715
vt 0.304306 0.733566
vt 0.304336 0.733571
vt 0.304344 0.733611
vt 0.304243 0.733604
vt 0.304286 0.733600
vt 0.304285 0.733645
vt 0.304333 0.733642
vt 0.276407 0.733673
vt 0.281642 0.734299
vt 0.281338 0.733714
vt 0.282539 0.735163
vt 0.282816 0.749211
vt 0.282449 0.734461
vt 0.282502 0.735005
vt 0.282440 0.734856
vt 0.282355 0.734718
vt 0.282250 0.734594
vt 0.282127 0.734489
vt 0.281989 0.734405
vt 0.281839 0.734343
vt 0.282734 0.734977
vt 0.282635 0.734699
vt 0.281892 0.733942
vt 0.282265 0.734213
vt 0.924528 0.031269
vt 0.927288 0.028032
vt 0.946419 0.082463
vt 0.955783 0.080036
vt 0.955804 0.080544
vt 0.955653 0.080562
vt 0.965667 0.027947
vt 0.966288 0.028123
vt 0.968725 0.031192
vt 0.955533 0.036426
vt 0.955420 0.036517
vt 0.955448 0.036412
vt 0.955799 0.065031
vt 0.955683 0.065017
vt 0.955712 0.064956
vt 0.955789 0.064874
vt 0.968644 0.085657
vt 0.968684 0.085229
vt 0.968774 0.085608
vt 0.968822 0.084709
vt 0.968800 0.085185
vt 0.924500 0.030396
vt 0.924432 0.031154
vt 0.924361 0.030968
vt 0.924355 0.082681
vt 0.924484 0.082674
vt 0.924428 0.082785
vt 0.925196 0.029416
vt 0.924852 0.030026
vt 0.924762 0.029846
vt 0.925825 0.028434
vt 0.926380 0.028194
vt 0.925916 0.028568
vt 0.926387 0.028367
vt 0.925525 0.029003
vt 0.924623 0.030442
vt 0.955740 0.084026
vt 0.955596 0.084540
vt 0.955581 0.084008
vt 0.955720 0.085064
vt 0.955571 0.085448
vt 0.955567 0.085003
vt 0.955755 0.084574
vt 0.942312 0.036491
vt 0.942426 0.036468
vt 0.942429 0.036632
vt 0.942318 0.036628
vt 0.942242 0.036584
vt 0.955654 0.064814
vt 0.955597 0.064928
vt 0.955800 0.064756
vt 0.955318 0.036512
vt 0.955339 0.036619
vt 0.968745 0.065641
vt 0.968731 0.065517
vt 0.968822 0.065571
vt 0.955425 0.036325
vt 0.955527 0.036304
vt 0.968878 0.082722
vt 0.968825 0.082821
vt 0.968739 0.082747
vt 0.955539 0.036535
vt 0.955452 0.036585
vt 0.946833 0.027740
vt 0.946723 0.027723
vt 0.946837 0.027632
vt 0.968525 0.029870
vt 0.968776 0.030396
vt 0.968535 0.030200
vt 0.967883 0.029211
vt 0.946787 0.082493
vt 0.966900 0.028366
vt 0.966336 0.027991
vt 0.966904 0.028193
vt 0.965771 0.027792
vt 0.955632 0.081686
vt 0.955751 0.081081
vt 0.955779 0.081652
vt 0.946523 0.027663
vt 0.946457 0.027742
vt 0.946415 0.027620
vt 0.946614 0.027752
vt 0.942446 0.086683
vt 0.942374 0.086779
vt 0.942345 0.086653
vt 0.942243 0.086731
vt 0.946443 0.027548
vt 0.968856 0.081267
vt 0.968884 0.081852
vt 0.968743 0.081838
vt 0.968750 0.080695
vt 0.968871 0.080741
vt 0.928073 0.027847
vt 0.926957 0.028023
vt 0.942517 0.086575
vt 0.176007 0.213570
vt 0.179473 0.213566
vt 0.179450 0.213675
vt 0.196561 0.213165
vt 0.196563 0.230051
vt 0.196499 0.230077
vt 0.196352 0.230154
vt 0.196420 0.230175
vt 0.196396 0.230229
vt 0.156408 0.169362
vt 0.140970 0.169338
vt 0.156060 0.169294
vt 0.179544 0.169226
vt 0.179537 0.169273
vt 0.179492 0.169251
vt 0.199852 0.212969
vt 0.199830 0.213023
vt 0.199773 0.212994
vt 0.140976 0.213589
vt 0.158190 0.213583
vt 0.158201 0.213640
vt 0.141274 0.213549
vt 0.157894 0.213545
vt 0.158180 0.171117
vt 0.157894 0.171048
vt 0.199740 0.230147
vt 0.196535 0.230142
vt 0.216537 0.213047
vt 0.213103 0.213051
vt 0.213084 0.212993
vt 0.216491 0.213137
vt 0.213149 0.213140
vt 0.213119 0.213087
vt 0.196482 0.230217
vt 0.199782 0.230221
vt 0.199804 0.230263
vt 0.196463 0.230261
vt 0.213047 0.212939
vt 0.213087 0.212897
vt 0.216523 0.213087
vt 0.196466 0.230142
vt 0.157799 0.170200
vt 0.157269 0.170028
vt 0.157103 0.169960
vt 0.157422 0.170122
vt 0.157559 0.170239
vt 0.157675 0.170375
vt 0.157769 0.170528
vt 0.157170 0.169634
vt 0.157583 0.169934
vt 0.157994 0.170473
vt 0.158103 0.170781
vt 0.157838 0.170694
vt 0.157879 0.170869
vt 0.141274 0.169908
vt 0.199764 0.213056
vt 0.199799 0.213123
vt 0.199872 0.213085
vt 0.199870 0.230123
vt 0.199817 0.230114
vt 0.158168 0.213761
vt 0.141021 0.213779
vt 0.140998 0.213738
vt 0.199966 0.212989
vt 0.199911 0.213045
vt 0.199938 0.212944
vt 0.199915 0.230159
vt 0.199964 0.213044
vt 0.158140 0.213825
vt 0.140951 0.213632
vt 0.140982 0.213682
vt 0.158174 0.213704
vt 0.199843 0.230179
vt 0.199870 0.230234
vt 0.199695 0.230049
vt 0.199760 0.230082
vt 0.199700 0.213170
vt 0.156750 0.169904
vt 0.156929 0.169918
vt 0.156736 0.169420
vt 0.216626 0.212951
vt 0.216666 0.212991
vt 0.216602 0.213048
vt 0.196350 0.213050
vt 0.196391 0.213089
vt 0.158539 0.213777
vt 0.175666 0.213754
vt 0.175654 0.213801
vt 0.158520 0.213736
vt 0.175686 0.213713
vt 0.158505 0.213682
vt 0.175713 0.213661
vt 0.158500 0.213590
vt 0.175712 0.213564
vt 0.175734 0.213609
vt 0.196469 0.213124
vt 0.196413 0.230109
vt 0.196532 0.213096
vt 0.196495 0.213040
vt 0.196481 0.212993
vt 0.196462 0.212946
vt 0.199793 0.212946
vt 0.196200 0.212953
vt 0.196148 0.212970
vt 0.196146 0.212921
vt 0.196418 0.213032
vt 0.196396 0.212976
vt 0.176033 0.213713
vt 0.176038 0.213755
vt 0.175991 0.213724
vt 0.179400 0.213801
vt 0.176068 0.213804
vt 0.175778 0.169241
vt 0.175763 0.169270
vt 0.175726 0.169218
vt 0.175718 0.169266
vt 0.175773 0.169302
vt 0.175768 0.169343
vt 0.175717 0.169329
vt 0.175828 0.169302
vt 0.175817 0.169340
vt 0.175412 0.213527
vt 0.175412 0.169909
vt 0.159803 0.169937
vt 0.159788 0.169526
vt 0.158802 0.170940
vt 0.158506 0.171146
vt 0.158796 0.170377
vt 0.159266 0.170149
vt 0.159129 0.170266
vt 0.159013 0.170402
vt 0.158919 0.170556
vt 0.158850 0.170721
vt 0.158794 0.213549
vt 0.158582 0.170810
vt 0.158475 0.213631
vt 0.159585 0.169986
vt 0.159419 0.170055
vt 0.159094 0.169979
vt 0.159348 0.169752
vt 0.158548 0.213826
vt 0.216555 0.212888
vt 0.216543 0.212987
vt 0.199735 0.213111
vt 0.199846 0.212894
vt 0.179452 0.213744
vt 0.176004 0.213665
vt 0.179495 0.213612
vt 0.179609 0.169301
vt 0.179579 0.169342
vt 0.179562 0.169302
vt 0.179581 0.169258
vt 0.192651 0.228477
vt 0.192653 0.228118
vt 0.196126 0.228123
vt 0.196142 0.228480
vt 0.160295 0.169366
vt 0.903243 0.210242
vt 0.902957 0.209846
vt 0.903202 0.209803
vt 0.441659 0.609157
vt 0.441684 0.609584
vt 0.441409 0.609171
vt 0.441638 0.187764
vt 0.441957 0.187839
vt 0.441434 0.608871
vt 0.883965 0.775560
vt 0.883921 0.775825
vt 0.883666 0.775618
vt 0.438627 0.187585
vt 0.438734 0.599261
vt 0.438435 0.599243
vt 0.912603 0.785804
vt 0.912294 0.786132
vt 0.904090 0.784070
vt 0.912677 0.786062
vt 0.912594 0.786329
vt 0.429972 0.602406
vt 0.430059 0.602102
vt 0.430298 0.602380
vt 0.429227 0.185865
vt 0.429495 0.185871
vt 0.429292 0.601749
vt 0.454065 0.178870
vt 0.454472 0.178730
vt 0.454366 0.178977
vt 0.881023 0.786596
vt 0.880692 0.786488
vt 0.881058 0.786227
vt 0.450430 0.185245
vt 0.450349 0.185515
vt 0.450114 0.185122
vt 0.450442 0.184913
vt 0.892231 0.777105
vt 0.892473 0.776828
vt 0.892534 0.777301
vt 0.453841 0.786353
vt 0.454187 0.786303
vt 0.454099 0.786585
vt 0.454220 0.785873
vt 0.453881 0.785815
vt 0.430427 0.185447
vt 0.430138 0.185639
vt 0.430095 0.185226
vt 0.892549 0.178344
vt 0.892228 0.178530
vt 0.892227 0.178252
vt 0.892477 0.178753
vt 0.893414 0.178885
vt 0.893723 0.178851
vt 0.893699 0.776870
vt 0.893375 0.776760
vt 0.893062 0.776829
vt 0.893125 0.178851
vt 0.893384 0.777071
vt 0.893698 0.777183
vt 0.893377 0.777390
vt 0.451468 0.185518
vt 0.451618 0.185630
vt 0.451172 0.610894
vt 0.454536 0.786204
vt 0.454539 0.785856
vt 0.880399 0.786422
vt 0.880451 0.786720
vt 0.454542 0.786454
vt 0.451134 0.185620
vt 0.450783 0.610954
vt 0.892201 0.777461
vt 0.892200 0.777754
vt 0.441980 0.187544
vt 0.441864 0.187294
vt 0.904107 0.181364
vt 0.904090 0.181049
vt 0.912565 0.179093
vt 0.912521 0.178346
vt 0.912545 0.178580
vt 0.904168 0.180594
vt 0.450025 0.611403
vt 0.450013 0.611649
vt 0.903464 0.812693
vt 0.903490 0.210219
vt 0.903077 0.210365
vt 0.903227 0.812722
vt 0.912548 0.178852
vt 0.880989 0.178585
vt 0.881229 0.178726
vt 0.881267 0.179016
vt 0.913686 0.786137
vt 0.913446 0.786081
vt 0.913761 0.785846
vt 0.913435 0.785782
vt 0.913229 0.179109
vt 0.913518 0.179049
vt 0.913754 0.178779
vt 0.913824 0.179134
vt 0.881095 0.785871
vt 0.880775 0.785875
vt 0.880923 0.178957
vt 0.913105 0.785901
vt 0.454679 0.178245
vt 0.880703 0.178245
vt 0.880603 0.178538
vt 0.428937 0.185857
vt 0.428937 0.601801
vt 0.881306 0.178484
vt 0.450979 0.611161
vt 0.451308 0.611147
vt 0.450985 0.611473
vt 0.881241 0.786325
vt 0.880776 0.786207
vt 0.454211 0.178545
vt 0.881049 0.178253
vt 0.904107 0.783666
vt 0.903239 0.813138
vt 0.902961 0.813025
vt 0.438728 0.187074
vt 0.438955 0.187451
vt 0.438600 0.187288
vt 0.481089 0.210256
vt 0.480967 0.812715
vt 0.480636 0.812696
vt 0.883542 0.181441
vt 0.883823 0.181470
vt 0.883800 0.774906
vt 0.480377 0.812592
vt 0.480477 0.210145
vt 0.480185 0.210336
vt 0.480771 0.210170
vt 0.480796 0.209727
vt 0.480996 0.209406
vt 0.481080 0.209853
vt 0.902744 0.209746
vt 0.902733 0.209406
vt 0.441744 0.608865
vt 0.902792 0.210243
vt 0.438572 0.186759
vt 0.438842 0.186858
vt 0.903695 0.784115
vt 0.903837 0.783925
vt 0.480922 0.813433
vt 0.480908 0.813120
vt 0.902682 0.813351
vt 0.902649 0.813051
vt 0.903049 0.813431
vt 0.902714 0.813616
vt 0.439006 0.599175
vt 0.439040 0.187030
vt 0.480555 0.813137
vt 0.912266 0.786556
vt 0.903301 0.813441
vt 0.438483 0.599528
vt 0.438556 0.599796
vt 0.430025 0.601793
vt 0.430412 0.185111
vt 0.884095 0.180740
vt 0.883979 0.181097
vt 0.883826 0.180847
vt 0.884104 0.181377
vt 0.884077 0.774968
vt 0.884046 0.775288
vt 0.480255 0.210022
vt 0.480571 0.209684
vt 0.450066 0.610996
vt 0.903392 0.209746
vt 0.902961 0.812677
vt 0.902646 0.812708
vt 0.903739 0.783665
vt 0.903765 0.181216
vt 0.476152 0.334042
vt 0.476159 0.334046
vt 0.476152 0.339963
vt 0.527809 0.330161
vt 0.527809 0.336082
vt 0.527801 0.336085
vt 0.414635 0.301569
vt 0.414643 0.307498
vt 0.414635 0.307499
vt 0.476143 0.327824
vt 0.476159 0.327827
vt 0.476151 0.333753
vt 0.527809 0.336374
vt 0.527809 0.342286
vt 0.527801 0.342290
vt 0.416214 0.301214
vt 0.416191 0.301246
vt 0.416191 0.301185
vt 0.416223 0.249134
vt 0.416214 0.301158
vt 0.476164 0.340871
vt 0.476174 0.340847
vt 0.476177 0.340881
vt 0.476157 0.340903
vt 0.476194 0.340840
vt 0.419878 0.357340
vt 0.419910 0.357310
vt 0.419900 0.357352
vt 0.419882 0.357440
vt 0.419873 0.357697
vt 0.419907 0.357456
vt 0.414346 0.311146
vt 0.414336 0.311177
vt 0.414336 0.311127
vt 0.549444 0.242513
vt 0.549460 0.242550
vt 0.549444 0.242562
vt 0.416237 0.301233
vt 0.416224 0.301257
vt 0.416549 0.301247
vt 0.415438 0.311093
vt 0.415414 0.310792
vt 0.415521 0.310759
vt 0.550361 0.242524
vt 0.550385 0.242561
vt 0.550360 0.242561
vt 0.549150 0.242562
vt 0.549134 0.242513
vt 0.549155 0.242530
vt 0.549155 0.242498
vt 0.419923 0.357477
vt 0.419854 0.357344
vt 0.419543 0.357349
vt 0.548513 0.242505
vt 0.548498 0.242492
vt 0.548508 0.242473
vt 0.419863 0.356993
vt 0.419855 0.356977
vt 0.419876 0.356963
vt 0.415555 0.310724
vt 0.476154 0.340936
vt 0.476169 0.340951
vt 0.476156 0.340968
vt 0.476194 0.341003
vt 0.476174 0.340996
vt 0.310127 0.061896
vt 0.310161 0.062393
vt 0.310085 0.062384
vt 0.310129 0.060358
vt 0.310092 0.060864
vt 0.310086 0.060360
vt 0.310095 0.059873
vt 0.310171 0.059862
vt 0.416189 0.301141
vt 0.276917 0.038175
vt 0.276965 0.037791
vt 0.276990 0.038178
vt 0.276921 0.039086
vt 0.276966 0.038611
vt 0.276992 0.039088
vt 0.276917 0.042066
vt 0.276872 0.042460
vt 0.276830 0.042060
vt 0.276873 0.040628
vt 0.276918 0.041138
vt 0.276834 0.041136
vt 0.276872 0.038611
vt 0.276829 0.038180
vt 0.272884 0.042125
vt 0.272850 0.042462
vt 0.272798 0.042117
vt 0.276750 0.038632
vt 0.276756 0.038199
vt 0.276792 0.038624
vt 0.276751 0.040623
vt 0.276757 0.040107
vt 0.276794 0.040629
vt 0.276761 0.041127
vt 0.326625 0.054001
vt 0.326668 0.052977
vt 0.310091 0.059424
vt 0.310082 0.059025
vt 0.310127 0.059009
vt 0.276794 0.042448
vt 0.276758 0.042041
vt 0.276758 0.039101
vt 0.272767 0.042446
vt 0.276791 0.037806
vt 0.276873 0.037794
vt 0.276834 0.039089
vt 0.276833 0.040112
vt 0.310163 0.059410
vt 0.310205 0.058997
vt 0.310248 0.059404
vt 0.294534 0.037801
vt 0.294575 0.038229
vt 0.294493 0.038224
vt 0.294449 0.040227
vt 0.294401 0.040738
vt 0.294375 0.040226
vt 0.294449 0.039189
vt 0.294495 0.038692
vt 0.294536 0.039192
vt 0.292965 0.039249
vt 0.292941 0.039721
vt 0.292903 0.039249
vt 0.292903 0.040199
vt 0.292894 0.039722
vt 0.294397 0.038219
vt 0.294419 0.037795
vt 0.294576 0.038696
vt 0.294609 0.039198
vt 0.294618 0.040727
vt 0.294610 0.041213
vt 0.294575 0.040733
vt 0.294537 0.041222
vt 0.294495 0.040737
vt 0.278473 0.040584
vt 0.278465 0.041043
vt 0.278426 0.040589
vt 0.278464 0.041478
vt 0.278471 0.041883
vt 0.278424 0.041899
vt 0.278404 0.041054
vt 0.276971 0.040629
vt 0.276920 0.040108
vt 0.276991 0.040109
vt 0.272948 0.039249
vt 0.272901 0.039764
vt 0.272875 0.039246
vt 0.294518 0.042085
vt 0.294449 0.041684
vt 0.294536 0.041676
vt 0.294397 0.042089
vt 0.294378 0.041680
vt 0.310209 0.060349
vt 0.310167 0.060861
vt 0.310256 0.060862
vt 0.310082 0.061889
vt 0.310304 0.061899
vt 0.310278 0.062398
vt 0.310205 0.061897
vt 0.311805 0.059994
vt 0.311798 0.060440
vt 0.292592 0.039703
vt 0.292559 0.040225
vt 0.292515 0.039703
vt 0.274740 0.041129
vt 0.274776 0.041610
vt 0.274732 0.041602
vt 0.274733 0.040110
vt 0.274741 0.039593
vt 0.274775 0.040109
vt 0.274898 0.042067
vt 0.274860 0.041620
vt 0.274953 0.041621
vt 0.274855 0.040110
vt 0.274815 0.039595
vt 0.274902 0.039590
vt 0.274857 0.039090
vt 0.274774 0.039092
vt 0.274775 0.038187
vt 0.274811 0.037799
vt 0.274859 0.038177
vt 0.274815 0.038617
vt 0.274931 0.038611
vt 0.270719 0.040792
vt 0.270759 0.041274
vt 0.270686 0.041263
vt 0.270764 0.037843
vt 0.270723 0.038279
vt 0.270689 0.037861
vt 0.270844 0.038746
vt 0.270807 0.038271
vt 0.270900 0.038270
vt 0.270842 0.039768
vt 0.270896 0.040286
vt 0.270801 0.040287
vt 0.292481 0.038688
vt 0.292521 0.038224
vt 0.309322 0.058799
vt 0.309392 0.058280
vt 0.309436 0.058800
vt 0.309470 0.058281
vt 0.309507 0.057769
vt 0.309431 0.057766
vt 0.270760 0.038746
vt 0.270852 0.037835
vt 0.270686 0.038758
vt 0.270755 0.039765
vt 0.270719 0.040285
vt 0.274899 0.037791
vt 0.270675 0.040280
vt 0.270681 0.039765
vt 0.270680 0.038293
vt 0.309516 0.058282
vt 0.309509 0.058801
vt 0.274739 0.037821
vt 0.274738 0.038627
vt 0.274949 0.040109
vt 0.274816 0.040627
vt 0.274903 0.040631
vt 0.274732 0.039102
vt 0.274741 0.040626
vt 0.274814 0.041135
vt 0.274809 0.042060
vt 0.292601 0.040218
vt 0.292596 0.040729
vt 0.292522 0.040732
vt 0.292479 0.040222
vt 0.292520 0.039188
vt 0.292433 0.039186
vt 0.292402 0.039702
vt 0.292363 0.039187
vt 0.292380 0.040224
vt 0.292434 0.040736
vt 0.290893 0.038803
vt 0.272401 0.039773
vt 0.272393 0.040249
vt 0.272354 0.039773
vt 0.218485 0.044562
vt 0.218961 0.044589
vt 0.221395 0.047135
vt 0.276447 0.040111
vt 0.276455 0.040586
vt 0.276408 0.040589
vt 0.276457 0.038372
vt 0.276445 0.038758
vt 0.276408 0.038350
vt 0.272393 0.039299
vt 0.290883 0.041502
vt 0.290894 0.041095
vt 0.290932 0.041524
vt 0.290954 0.041112
vt 0.290962 0.041899
vt 0.290900 0.041883
vt 0.276386 0.041054
vt 0.276447 0.041047
vt 0.276385 0.040116
vt 0.276384 0.037997
vt 0.276442 0.038013
vt 0.272331 0.040246
vt 0.272331 0.039300
vt 0.307863 0.057826
vt 0.307841 0.058298
vt 0.307801 0.057827
vt 0.307864 0.058773
vt 0.307802 0.058768
vt 0.307865 0.059242
vt 0.307845 0.059685
vt 0.307804 0.059230
vt 0.307867 0.060104
vt 0.307806 0.060089
vt 0.290959 0.037975
vt 0.290900 0.037987
vt 0.290887 0.038380
vt 0.274929 0.042463
vt 0.274971 0.042064
vt 0.274957 0.038176
vt 0.274970 0.037794
vt 0.270923 0.041724
vt 0.270885 0.042125
vt 0.270848 0.041727
vt 0.270895 0.040796
vt 0.270917 0.041278
vt 0.270847 0.041281
vt 0.270914 0.039766
vt 0.309310 0.056797
vt 0.309271 0.056373
vt 0.309343 0.056369
vt 0.309351 0.059311
vt 0.309280 0.059312
vt 0.309323 0.060257
vt 0.309279 0.059801
vt 0.309353 0.059801
vt 0.292375 0.037796
vt 0.292446 0.037795
vt 0.282800 0.040180
vt 0.282806 0.039667
vt 0.282840 0.040183
vt 0.282810 0.040690
vt 0.282886 0.040697
vt 0.282878 0.039663
vt 0.282920 0.040183
vt 0.282966 0.039661
vt 0.283017 0.040184
vt 0.288872 0.041879
vt 0.288879 0.041507
vt 0.288920 0.041898
vt 0.280969 0.039081
vt 0.281017 0.039585
vt 0.280897 0.039587
vt 0.312332 0.058999
vt 0.312354 0.059433
vt 0.312278 0.059432
vt 0.312304 0.062442
vt 0.312275 0.061957
vt 0.312345 0.061954
vt 0.312277 0.060406
vt 0.312231 0.060924
vt 0.312190 0.060408
vt 0.312216 0.059004
vt 0.312191 0.059437
vt 0.280913 0.041615
vt 0.280878 0.041130
vt 0.280965 0.041132
vt 0.280797 0.040617
vt 0.280807 0.040099
vt 0.280842 0.040622
vt 0.312188 0.061443
vt 0.320332 0.045212
vt 0.320290 0.044705
vt 0.280881 0.040105
vt 0.280922 0.040621
vt 0.280867 0.042061
vt 0.280833 0.041608
vt 0.313829 0.061869
vt 0.313821 0.062310
vt 0.313782 0.061878
vt 0.313822 0.061405
vt 0.290594 0.041655
vt 0.290588 0.042065
vt 0.290549 0.041667
vt 0.290583 0.039699
vt 0.290549 0.039189
vt 0.290591 0.039190
vt 0.281037 0.038178
vt 0.280998 0.038607
vt 0.280965 0.038174
vt 0.290469 0.039181
vt 0.290507 0.039696
vt 0.290423 0.039698
vt 0.290371 0.039180
vt 0.290353 0.039696
vt 0.290508 0.038686
vt 0.290585 0.041211
vt 0.290510 0.041216
vt 0.290467 0.041679
vt 0.290422 0.041223
vt 0.290372 0.041676
vt 0.312327 0.060927
vt 0.312275 0.061446
vt 0.312350 0.060409
vt 0.281007 0.041618
vt 0.280954 0.042063
vt 0.281035 0.041133
vt 0.281021 0.040625
vt 0.281040 0.040103
vt 0.280966 0.040102
vt 0.281042 0.039083
vt 0.280881 0.039086
vt 0.290583 0.038696
vt 0.290354 0.042087
vt 0.290424 0.042091
vt 0.283005 0.038203
vt 0.283039 0.038660
vt 0.282968 0.038659
vt 0.282971 0.041198
vt 0.282999 0.040699
vt 0.283046 0.041196
vt 0.284949 0.040698
vt 0.284993 0.041198
vt 0.284905 0.041195
vt 0.286545 0.041505
vt 0.280488 0.038759
vt 0.280478 0.039179
vt 0.280438 0.038743
vt 0.280489 0.039640
vt 0.280481 0.040112
vt 0.280443 0.039635
vt 0.286546 0.038369
vt 0.286552 0.038789
vt 0.286505 0.038778
vt 0.215267 0.047363
vt 0.215261 0.047830
vt 0.280472 0.038364
vt 0.286541 0.039234
vt 0.286480 0.039221
vt 0.286485 0.038359
vt 0.280420 0.040105
vt 0.280417 0.039174
vt 0.286917 0.039716
vt 0.286894 0.040191
vt 0.286855 0.039713
vt 0.286916 0.040660
vt 0.286854 0.040650
vt 0.286917 0.041112
vt 0.286895 0.041524
vt 0.286856 0.041095
vt 0.286919 0.041903
vt 0.286859 0.041885
vt 0.286493 0.042247
vt 0.286553 0.042231
vt 0.286558 0.041888
vt 0.284909 0.038664
vt 0.284951 0.038205
vt 0.284994 0.038659
vt 0.315826 0.059028
vt 0.315790 0.059413
vt 0.315752 0.059007
vt 0.315834 0.060850
vt 0.315826 0.061368
vt 0.315788 0.060847
vt 0.315669 0.059849
vt 0.315707 0.059401
vt 0.315755 0.059854
vt 0.315664 0.058999
vt 0.315615 0.059402
vt 0.315663 0.060333
vt 0.315706 0.060844
vt 0.315612 0.060844
vt 0.315750 0.061363
vt 0.315663 0.061364
vt 0.209134 0.047619
vt 0.278848 0.041608
vt 0.278811 0.041123
vt 0.278893 0.041129
vt 0.288561 0.039699
vt 0.278937 0.040621
vt 0.278985 0.041129
vt 0.288491 0.037804
vt 0.288527 0.038230
vt 0.288444 0.038221
vt 0.288487 0.038686
vt 0.288447 0.039182
vt 0.288488 0.039697
vt 0.288484 0.040218
vt 0.288403 0.041222
vt 0.288352 0.040732
vt 0.288447 0.040730
vt 0.288400 0.039698
vt 0.288350 0.039183
vt 0.284950 0.041664
vt 0.284917 0.042083
vt 0.288489 0.041220
vt 0.288564 0.041206
vt 0.288397 0.040219
vt 0.288401 0.038684
vt 0.288403 0.037795
vt 0.288566 0.037823
vt 0.288570 0.038242
vt 0.208431 0.045725
vt 0.209134 0.048130
vt 0.278851 0.040619
vt 0.278934 0.041616
vt 0.278773 0.041598
vt 0.278768 0.041117
vt 0.315750 0.060338
vt 0.284841 0.037820
vt 0.284872 0.038216
vt 0.284829 0.038230
vt 0.315827 0.059864
vt 0.284915 0.037801
vt 0.285048 0.038203
vt 0.285067 0.038661
vt 0.315593 0.059002
vt 0.315590 0.061364
vt 0.279008 0.041612
vt 0.279010 0.040620
vt 0.278960 0.038171
vt 0.279006 0.038606
vt 0.278931 0.038606
vt 0.278925 0.037791
vt 0.278998 0.037793
vt 0.288349 0.038219
vt 0.288330 0.037799
vt 0.288329 0.038687
vt 0.288330 0.039698
vt 0.288329 0.040218
vt 0.288373 0.042093
vt 0.288330 0.041680
vt 0.288404 0.041680
vt 0.285063 0.041196
vt 0.284990 0.039660
vt 0.285043 0.040184
vt 0.284944 0.040184
vt 0.285041 0.040701
vt 0.284866 0.040180
vt 0.284904 0.039666
vt 0.284822 0.040181
vt 0.284830 0.039662
vt 0.197222 0.763761
vt 0.193787 0.763798
vt 0.193787 0.763637
vt 0.282490 0.734431
vt 0.276456 0.733655
vt 0.276507 0.733613
vt 0.282305 0.734181
vt 0.282527 0.734403
vt 0.282690 0.734674
vt 0.282803 0.734972
vt 0.282898 0.735586
vt 0.282926 0.749218
vt 0.282885 0.749209
vt 0.282100 0.733940
vt 0.281815 0.733797
vt 0.281829 0.733763
vt 0.280916 0.733568
vt 0.281213 0.733633
vt 0.280882 0.733636
vt 0.241334 0.762266
vt 0.241258 0.762010
vt 0.241321 0.762022
vt 0.304278 0.748481
vt 0.304307 0.748207
vt 0.304334 0.748471
vt 0.304276 0.747919
vt 0.304260 0.747602
vt 0.304309 0.747600
vt 0.282851 0.749288
vt 0.282816 0.749261
vt 0.282849 0.749225
vt 0.140191 0.758446
vt 0.140161 0.758470
vt 0.140161 0.758422
vt 0.276455 0.749229
vt 0.276506 0.749271
vt 0.241209 0.760809
vt 0.241187 0.756416
vt 0.301079 0.747280
vt 0.301096 0.733658
vt 0.301126 0.747286
vt 0.301037 0.733658
vt 0.301034 0.733578
vt 0.244345 0.761447
vt 0.244364 0.761126
vt 0.244409 0.762027
vt 0.244359 0.761748
vt 0.244405 0.761739
vt 0.301084 0.748210
vt 0.301115 0.748488
vt 0.301059 0.748474
vt 0.297012 0.747421
vt 0.297023 0.747117
vt 0.297064 0.747110
vt 0.296843 0.748015
vt 0.296661 0.748274
vt 0.296808 0.747999
vt 0.244455 0.761730
vt 0.244480 0.762003
vt 0.244406 0.761438
vt 0.244466 0.761117
vt 0.244463 0.761421
vt 0.244414 0.761126
vt 0.296624 0.748252
vt 0.297055 0.733672
vt 0.297023 0.733684
vt 0.297046 0.733639
vt 0.296953 0.733611
vt 0.296967 0.733568
vt 0.296987 0.733616
vt 0.140111 0.752018
vt 0.140142 0.752071
vt 0.286494 0.749224
vt 0.286369 0.749115
vt 0.286413 0.749150
vt 0.290537 0.733575
vt 0.290477 0.733625
vt 0.290474 0.733591
vt 0.290644 0.749048
vt 0.290595 0.749058
vt 0.290592 0.749016
vt 0.244390 0.756348
vt 0.244381 0.756261
vt 0.244435 0.756314
vt 0.244371 0.756409
vt 0.244359 0.756305
vt 0.244428 0.756361
vt 0.244409 0.756398
vt 0.244443 0.756412
vt 0.244462 0.756362
vt 0.295023 0.749023
vt 0.295045 0.749079
vt 0.295349 0.749036
vt 0.295653 0.748984
vt 0.295936 0.748848
vt 0.290644 0.733636
vt 0.290592 0.733618
vt 0.290645 0.733589
vt 0.290474 0.733668
vt 0.290536 0.733623
vt 0.290538 0.749025
vt 0.244429 0.756242
vt 0.244376 0.756223
vt 0.136942 0.751897
vt 0.136947 0.752016
vt 0.297013 0.733598
vt 0.297012 0.733644
vt 0.296985 0.733670
vt 0.296973 0.747099
vt 0.296422 0.748480
vt 0.244385 0.760809
vt 0.244444 0.760812
vt 0.244534 0.761981
vt 0.244558 0.762230
vt 0.296971 0.747725
vt 0.296923 0.747717
vt 0.301035 0.747285
vt 0.301036 0.748198
vt 0.301019 0.748455
vt 0.241248 0.756361
vt 0.241240 0.756308
vt 0.286501 0.733594
vt 0.286526 0.733635
vt 0.241207 0.756362
vt 0.241207 0.756307
vt 0.286401 0.733658
vt 0.286525 0.733684
vt 0.140154 0.751972
vt 0.140139 0.751914
vt 0.140189 0.751962
vt 0.140159 0.751895
vt 0.140192 0.752019
vt 0.140156 0.752021
vt 0.136961 0.758373
vt 0.136918 0.758373
vt 0.136924 0.758421
vt 0.136874 0.758390
vt 0.301078 0.733550
vt 0.301116 0.733548
vt 0.136900 0.758443
vt 0.297021 0.733571
vt 0.297044 0.733600
vt 0.301041 0.733550
vt 0.301111 0.747604
vt 0.301112 0.747917
vt 0.301128 0.748216
vt 0.276455 0.749275
vt 0.136965 0.758420
vt 0.140109 0.758419
vt 0.140094 0.758449
vt 0.140124 0.758478
vt 0.282872 0.749251
vt 0.282884 0.749288
vt 0.304270 0.733552
vt 0.304239 0.733650
vt 0.304265 0.748726
vt 0.304314 0.748716
vt 0.241213 0.761130
vt 0.241255 0.761446
vt 0.241206 0.761439
vt 0.281526 0.733675
vt 0.281223 0.733582
vt 0.281533 0.733642
vt 0.304351 0.748903
vt 0.304359 0.748695
vt 0.304345 0.748197
vt 0.304333 0.747907
vt 0.304319 0.747288
vt 0.304354 0.747595
vt 0.282864 0.735272
vt 0.282902 0.735265
vt 0.282335 0.734153
vt 0.282060 0.733992
vt 0.281796 0.733840
vt 0.276457 0.733608
vt 0.942177 0.086550
vt 0.942342 0.086556
vt 0.942211 0.086640
vt 0.968719 0.081245
vt 0.965200 0.027781
vt 0.967789 0.028956
vt 0.967328 0.028591
vt 0.967402 0.028494
vt 0.955332 0.036395
vt 0.955352 0.036249
vt 0.942423 0.036314
vt 0.946441 0.082571
vt 0.924515 0.082790
vt 0.968706 0.084216
vt 0.968671 0.084749
vt 0.924302 0.031553
vt 0.924282 0.082676
vt 0.968770 0.082426
vt 0.968875 0.083018
vt 0.968725 0.083038
vt 0.925050 0.029339
vt 0.925441 0.028891
vt 0.942312 0.036341
vt 0.942236 0.036459
vt 0.942204 0.036397
vt 0.955724 0.085496
vt 0.968864 0.084154
vt 0.924349 0.082802
vt 0.968715 0.082882
vt 0.968840 0.065686
vt 0.968634 0.065512
vt 0.946828 0.082628
vt 0.946794 0.082686
vt 0.946743 0.082579
vt 0.955193 0.020844
vt 0.955320 0.020867
vt 0.968654 0.065772
vt 0.968651 0.065672
vt 0.942362 0.073633
vt 0.942223 0.073692
vt 0.942204 0.073600
vt 0.942450 0.073574
vt 0.942517 0.073672
vt 0.942304 0.073517
vt 0.942421 0.073456
vt 0.942510 0.073535
vt 0.942203 0.073511
vt 0.946761 0.027580
vt 0.968689 0.021726
vt 0.968558 0.021656
vt 0.946660 0.082499
vt 0.946642 0.027748
vt 0.968963 0.031579
vt 0.968963 0.082721
vt 0.968166 0.029390
vt 0.968247 0.029331
vt 0.967863 0.028879
vt 0.968812 0.031122
vt 0.968894 0.030973
vt 0.955605 0.081124
vt 0.955614 0.080120
vt 0.955657 0.065918
vt 0.955750 0.065883
vt 0.942510 0.086730
vt 0.926920 0.027929
vt 0.927529 0.027902
vt 0.946566 0.082518
vt 0.946508 0.082447
vt 0.955663 0.064710
vt 0.968749 0.080207
vt 0.968604 0.066085
vt 0.968693 0.066089
vt 0.179476 0.169349
vt 0.179480 0.169296
vt 0.179524 0.169337
vt 0.216576 0.212937
vt 0.216612 0.169490
vt 0.216574 0.169776
vt 0.216561 0.169479
vt 0.196129 0.229481
vt 0.196154 0.229753
vt 0.196104 0.229761
vt 0.140968 0.169290
vt 0.140931 0.169322
vt 0.140953 0.169258
vt 0.192557 0.212941
vt 0.192580 0.212970
vt 0.192521 0.213000
vt 0.192519 0.212941
vt 0.179581 0.213549
vt 0.179584 0.213608
vt 0.179546 0.213608
vt 0.199898 0.212911
vt 0.157357 0.169690
vt 0.157064 0.169521
vt 0.158228 0.213687
vt 0.158288 0.213640
vt 0.158275 0.213693
vt 0.158298 0.213571
vt 0.158327 0.213585
vt 0.158263 0.213625
vt 0.213017 0.212991
vt 0.212991 0.212896
vt 0.212989 0.170800
vt 0.213031 0.212880
vt 0.213029 0.170451
vt 0.213067 0.170809
vt 0.213068 0.170101
vt 0.213082 0.170449
vt 0.192544 0.229464
vt 0.192519 0.229141
vt 0.192580 0.229160
vt 0.192576 0.229752
vt 0.192624 0.229477
vt 0.212980 0.170458
vt 0.212949 0.170138
vt 0.213004 0.170113
vt 0.158056 0.170444
vt 0.157892 0.170133
vt 0.158093 0.170427
vt 0.213008 0.169791
vt 0.213034 0.169490
vt 0.213068 0.169780
vt 0.213036 0.213055
vt 0.212985 0.213006
vt 0.158329 0.171447
vt 0.158271 0.171454
vt 0.158247 0.213568
vt 0.157856 0.170160
vt 0.157086 0.169474
vt 0.140967 0.213763
vt 0.158214 0.213759
vt 0.158283 0.213742
vt 0.158252 0.213780
vt 0.140894 0.169253
vt 0.140954 0.169218
vt 0.140895 0.169296
vt 0.140891 0.169342
vt 0.156758 0.169362
vt 0.156419 0.169291
vt 0.156084 0.169219
vt 0.156769 0.169320
vt 0.192597 0.228829
vt 0.192544 0.228817
vt 0.192645 0.229167
vt 0.196118 0.229168
vt 0.196169 0.229161
vt 0.158521 0.170802
vt 0.158426 0.171138
vt 0.158477 0.170783
vt 0.216611 0.212881
vt 0.158485 0.213760
vt 0.175805 0.169265
vt 0.196305 0.213038
vt 0.196305 0.212983
vt 0.175966 0.213759
vt 0.175937 0.213725
vt 0.175932 0.213669
vt 0.175984 0.213611
vt 0.175949 0.213552
vt 0.175934 0.169304
vt 0.175952 0.169272
vt 0.175993 0.169296
vt 0.175899 0.169272
vt 0.175952 0.169230
vt 0.196097 0.212934
vt 0.196097 0.212893
vt 0.196100 0.212999
vt 0.196150 0.213014
vt 0.196202 0.213004
vt 0.176000 0.169244
vt 0.175895 0.213607
vt 0.175887 0.213548
vt 0.175932 0.213609
vt 0.175721 0.213737
vt 0.175828 0.213546
vt 0.175821 0.213606
vt 0.175786 0.213608
vt 0.175878 0.169346
vt 0.175933 0.169345
vt 0.175900 0.169309
vt 0.159324 0.169699
vt 0.159627 0.169531
vt 0.158458 0.171488
vt 0.158386 0.213628
vt 0.158389 0.213571
vt 0.158425 0.213628
vt 0.158414 0.213681
vt 0.158459 0.213691
vt 0.158441 0.213572
vt 0.158859 0.170202
vt 0.216664 0.212937
vt 0.216647 0.212896
vt 0.158630 0.170474
vt 0.158679 0.170490
vt 0.158805 0.170165
vt 0.159024 0.169894
vt 0.159062 0.169922
vt 0.196204 0.229462
vt 0.196206 0.229732
vt 0.196219 0.229148
vt 0.216638 0.169791
vt 0.216676 0.169513
vt 0.216609 0.170110
vt 0.216575 0.170450
vt 0.216559 0.170103
vt 0.216558 0.170799
vt 0.216609 0.170809
vt 0.216590 0.212998
vt 0.216625 0.213071
vt 0.196384 0.230275
vt 0.196331 0.230260
vt 0.179510 0.213670
vt 0.192618 0.212919
vt 0.192608 0.212891
vt 0.192624 0.212963
vt 0.192623 0.213014
vt 0.196139 0.228834
vt 0.196177 0.228116
vt 0.196239 0.228128
vt 0.196204 0.228473
vt 0.159920 0.169366
vt 0.159947 0.169413
vt 0.160260 0.169294
vt 0.160613 0.169310
vt 0.220606 0.213521
vt 0.224420 0.213478
vt 0.224420 0.213656
vt 0.441454 0.609547
vt 0.441257 0.609362
vt 0.883776 0.775228
vt 0.429122 0.602137
vt 0.429298 0.602036
vt 0.429788 0.185641
vt 0.429406 0.185451
vt 0.429001 0.185542
vt 0.429247 0.185179
vt 0.450728 0.611378
vt 0.450437 0.610867
vt 0.450426 0.611212
vt 0.892528 0.777651
vt 0.454009 0.786110
vt 0.892832 0.178825
vt 0.892844 0.178582
vt 0.892842 0.178320
vt 0.893135 0.178245
vt 0.893139 0.178533
vt 0.454437 0.786598
vt 0.880438 0.785996
vt 0.893380 0.777663
vt 0.893122 0.777619
vt 0.893122 0.777284
vt 0.450435 0.611567
vt 0.903936 0.180749
vt 0.912890 0.786354
vt 0.454712 0.178585
vt 0.454366 0.178293
vt 0.454718 0.178938
vt 0.880608 0.178974
vt 0.913246 0.178771
vt 0.913237 0.178450
vt 0.912943 0.178550
vt 0.912944 0.178245
vt 0.913492 0.178678
vt 0.913439 0.786379
vt 0.913184 0.786301
vt 0.912949 0.178975
vt 0.429794 0.185253
vt 0.429504 0.185110
vt 0.913442 0.786616
vt 0.913185 0.786603
vt 0.912590 0.786646
vt 0.480289 0.812780
vt 0.903028 0.209510
vt 0.480369 0.813187
vt 0.904046 0.784424
vt 0.883655 0.181238
vt 0.480523 0.209461
vt 0.419886 0.356899
vt 0.419908 0.304991
vt 0.419923 0.305012
vt 0.419846 0.357021
vt 0.419907 0.357697
vt 0.419923 0.357676
vt 0.548514 0.242538
vt 0.419920 0.357383
vt 0.551291 0.242551
vt 0.551273 0.242537
vt 0.551291 0.242524
vt 0.415504 0.311087
vt 0.415555 0.311082
vt 0.417466 0.310722
vt 0.549749 0.242536
vt 0.549768 0.242521
vt 0.549768 0.242562
vt 0.419550 0.357719
vt 0.419543 0.357793
vt 0.419869 0.357743
vt 0.419904 0.357750
vt 0.419921 0.357740
vt 0.419919 0.357771
vt 0.419922 0.357709
vt 0.416549 0.249111
vt 0.419870 0.356923
vt 0.419883 0.356932
vt 0.548497 0.242443
vt 0.550978 0.242524
vt 0.550984 0.242555
vt 0.550974 0.242555
vt 0.311738 0.060894
vt 0.309784 0.036635
vt 0.308431 0.036970
vt 0.308865 0.036785
vt 0.311735 0.061844
vt 0.311790 0.062285
vt 0.311729 0.062300
vt 0.320298 0.053472
vt 0.320314 0.052956
vt 0.310251 0.061383
vt 0.310169 0.061380
vt 0.310094 0.061378
vt 0.320720 0.054942
vt 0.311795 0.059575
vt 0.311733 0.059190
vt 0.311793 0.059209
vt 0.310716 0.036792
vt 0.311157 0.036971
vt 0.307675 0.037536
vt 0.308030 0.037222
vt 0.311725 0.062729
vt 0.311780 0.063098
vt 0.311718 0.063116
vt 0.310315 0.062862
vt 0.310156 0.062862
vt 0.310084 0.063267
vt 0.310082 0.062844
vt 0.310243 0.062865
vt 0.310290 0.063289
vt 0.310168 0.063286
vt 0.322984 0.050192
vt 0.272720 0.038285
vt 0.272797 0.037844
vt 0.272793 0.038277
vt 0.272790 0.038751
vt 0.272903 0.038742
vt 0.272949 0.040795
vt 0.272878 0.041278
vt 0.272878 0.040795
vt 0.272946 0.040286
vt 0.272873 0.040286
vt 0.272954 0.041726
vt 0.272881 0.041725
vt 0.276990 0.039592
vt 0.276919 0.039588
vt 0.276988 0.041619
vt 0.276914 0.041621
vt 0.276990 0.041136
vt 0.310320 0.059405
vt 0.310296 0.058996
vt 0.276831 0.039594
vt 0.272796 0.041722
vt 0.272790 0.041277
vt 0.272791 0.040792
vt 0.272715 0.039766
vt 0.272788 0.039252
vt 0.272789 0.039768
vt 0.324981 0.050520
vt 0.326127 0.051538
vt 0.276757 0.039597
vt 0.272723 0.042428
vt 0.272726 0.042099
vt 0.276828 0.041616
vt 0.322716 0.056456
vt 0.276748 0.042432
vt 0.324250 0.056461
vt 0.324736 0.056299
vt 0.325602 0.055749
vt 0.326251 0.054958
vt 0.321362 0.055742
vt 0.326479 0.054497
vt 0.325191 0.056064
vt 0.323738 0.056537
vt 0.323223 0.056544
vt 0.322230 0.056295
vt 0.321774 0.056048
vt 0.276755 0.041602
vt 0.276746 0.037825
vt 0.326567 0.052472
vt 0.326386 0.051987
vt 0.325417 0.050796
vt 0.325801 0.051138
vt 0.272786 0.040284
vt 0.272714 0.040283
vt 0.276990 0.042065
vt 0.278402 0.042265
vt 0.276962 0.042463
vt 0.311901 0.037539
vt 0.312208 0.037904
vt 0.307374 0.037908
vt 0.292962 0.041112
vt 0.292901 0.041508
vt 0.292901 0.041098
vt 0.294377 0.041225
vt 0.292963 0.041529
vt 0.294449 0.041230
vt 0.321187 0.051130
vt 0.322008 0.050516
vt 0.321578 0.050794
vt 0.272883 0.037836
vt 0.272803 0.037462
vt 0.272918 0.037453
vt 0.294618 0.038706
vt 0.274362 0.039774
vt 0.272877 0.038269
vt 0.272951 0.038272
vt 0.274428 0.041145
vt 0.274370 0.041564
vt 0.274364 0.041156
vt 0.278461 0.038360
vt 0.278401 0.037995
vt 0.278462 0.038014
vt 0.278464 0.039193
vt 0.278406 0.039639
vt 0.278405 0.039179
vt 0.278465 0.040110
vt 0.278464 0.039644
vt 0.278402 0.038743
vt 0.278464 0.038761
vt 0.278403 0.040115
vt 0.292963 0.040664
vt 0.292963 0.040194
vt 0.294610 0.039710
vt 0.294536 0.040226
vt 0.294536 0.039707
vt 0.294610 0.040226
vt 0.294396 0.038690
vt 0.272957 0.037838
vt 0.274370 0.038405
vt 0.274424 0.040239
vt 0.274424 0.039768
vt 0.294377 0.039705
vt 0.294449 0.039706
vt 0.292962 0.038363
vt 0.292959 0.038792
vt 0.274426 0.038843
vt 0.274429 0.038418
vt 0.274374 0.038008
vt 0.274437 0.037678
vt 0.274433 0.038029
vt 0.292903 0.037991
vt 0.292903 0.038381
vt 0.292903 0.038802
vt 0.294378 0.039189
vt 0.274425 0.039298
vt 0.274365 0.038839
vt 0.274365 0.039300
vt 0.292965 0.037973
vt 0.274374 0.037659
vt 0.274435 0.041911
vt 0.274379 0.042240
vt 0.274376 0.041928
vt 0.274430 0.041552
vt 0.274426 0.040701
vt 0.274364 0.040250
vt 0.274365 0.040716
vt 0.292904 0.040660
vt 0.307140 0.038316
vt 0.306880 0.039213
vt 0.306973 0.038752
vt 0.306869 0.039690
vt 0.306919 0.040163
vt 0.307251 0.041033
vt 0.307051 0.040611
vt 0.307522 0.041427
vt 0.307853 0.041769
vt 0.308228 0.042049
vt 0.308642 0.042267
vt 0.309089 0.042416
vt 0.309555 0.042493
vt 0.310027 0.042493
vt 0.310494 0.042417
vt 0.310947 0.042266
vt 0.311743 0.041761
vt 0.312066 0.041422
vt 0.312336 0.041034
vt 0.312539 0.040601
vt 0.312670 0.040147
vt 0.312706 0.039216
vt 0.312725 0.039683
vt 0.312603 0.038751
vt 0.312442 0.038310
vt 0.278404 0.041497
vt 0.272958 0.042124
vt 0.272941 0.042463
vt 0.272950 0.041280
vt 0.272715 0.039251
vt 0.272717 0.038754
vt 0.272723 0.037856
vt 0.294609 0.037823
vt 0.294617 0.038244
vt 0.324508 0.050318
vt 0.324010 0.050200
vt 0.322483 0.050314
vt 0.294602 0.042066
vt 0.292966 0.041899
vt 0.292904 0.041883
vt 0.278462 0.042246
vt 0.311735 0.059564
vt 0.310324 0.060862
vt 0.321005 0.055372
vt 0.320495 0.054480
vt 0.320351 0.053986
vt 0.310323 0.061382
vt 0.311786 0.062710
vt 0.310254 0.036672
vt 0.311794 0.061834
vt 0.311736 0.061372
vt 0.311796 0.061371
vt 0.311797 0.060904
vt 0.290949 0.039718
vt 0.290950 0.039244
vt 0.309286 0.060661
vt 0.309296 0.058280
vt 0.309273 0.057266
vt 0.309275 0.057764
vt 0.307859 0.056939
vt 0.270924 0.037837
vt 0.272335 0.038403
vt 0.270915 0.038745
vt 0.272336 0.038839
vt 0.272334 0.040712
vt 0.272343 0.041929
vt 0.276382 0.038744
vt 0.274953 0.039084
vt 0.274976 0.039591
vt 0.274973 0.040628
vt 0.276385 0.041497
vt 0.292366 0.041679
vt 0.292413 0.042090
vt 0.292364 0.041223
vt 0.290952 0.040663
vt 0.292362 0.040735
vt 0.323655 0.063217
vt 0.323139 0.063209
vt 0.324170 0.063154
vt 0.324664 0.063005
vt 0.292523 0.041219
vt 0.292441 0.041682
vt 0.292527 0.042083
vt 0.326679 0.060248
vt 0.274737 0.042045
vt 0.326421 0.058737
vt 0.325063 0.057237
vt 0.325492 0.057528
vt 0.274899 0.041137
vt 0.274730 0.038203
vt 0.321704 0.062682
vt 0.322155 0.062926
vt 0.270773 0.042456
vt 0.270695 0.042101
vt 0.270770 0.042117
vt 0.270766 0.041719
vt 0.270798 0.040793
vt 0.270757 0.039247
vt 0.270685 0.039257
vt 0.309501 0.056392
vt 0.309429 0.056799
vt 0.309428 0.056374
vt 0.309433 0.057269
vt 0.309511 0.059783
vt 0.309438 0.059311
vt 0.309513 0.059302
vt 0.309511 0.060234
vt 0.309443 0.060656
vt 0.309436 0.060251
vt 0.292532 0.037802
vt 0.292563 0.038698
vt 0.292598 0.038240
vt 0.292605 0.038704
vt 0.309345 0.057762
vt 0.292605 0.037821
vt 0.309440 0.059798
vt 0.309358 0.060664
vt 0.309345 0.057262
vt 0.309505 0.056816
vt 0.270772 0.037462
vt 0.270843 0.039249
vt 0.270862 0.042463
vt 0.270691 0.041705
vt 0.270676 0.040781
vt 0.321301 0.062358
vt 0.320953 0.061977
vt 0.320469 0.061073
vt 0.320339 0.060579
vt 0.320298 0.060061
vt 0.320327 0.059546
vt 0.320446 0.059046
vt 0.320640 0.058572
vt 0.320911 0.058131
vt 0.321251 0.057743
vt 0.321649 0.057417
vt 0.322089 0.057149
vt 0.322569 0.056960
vt 0.323069 0.056855
vt 0.323585 0.056833
vt 0.324095 0.056890
vt 0.324594 0.057022
vt 0.326173 0.058290
vt 0.325543 0.062485
vt 0.326449 0.061251
vt 0.326210 0.061704
vt 0.325909 0.062123
vt 0.326585 0.059228
vt 0.326679 0.059729
vt 0.326607 0.060760
vt 0.292603 0.042063
vt 0.292527 0.041674
vt 0.292600 0.041660
vt 0.274815 0.042456
vt 0.292436 0.041228
vt 0.292597 0.041214
vt 0.325123 0.062780
vt 0.292593 0.039191
vt 0.290891 0.039256
vt 0.290890 0.039720
vt 0.217118 0.044885
vt 0.215839 0.046223
vt 0.215662 0.046666
vt 0.218012 0.044587
vt 0.215556 0.047595
vt 0.220596 0.045461
vt 0.220248 0.045142
vt 0.307796 0.059675
vt 0.307793 0.058299
vt 0.215736 0.048519
vt 0.215942 0.048942
vt 0.216205 0.049337
vt 0.216901 0.049957
vt 0.217321 0.050179
vt 0.217772 0.050332
vt 0.218241 0.050408
vt 0.218709 0.050408
vt 0.219171 0.050335
vt 0.219621 0.050178
vt 0.220046 0.049964
vt 0.220425 0.049680
vt 0.220752 0.049340
vt 0.221021 0.048952
vt 0.221221 0.048528
vt 0.221299 0.046669
vt 0.220902 0.045826
vt 0.219421 0.044705
vt 0.219853 0.044889
vt 0.215605 0.048068
vt 0.215568 0.047124
vt 0.276386 0.041904
vt 0.276444 0.042245
vt 0.276381 0.042267
vt 0.276445 0.041883
vt 0.276444 0.041482
vt 0.276390 0.039641
vt 0.276446 0.039194
vt 0.276387 0.039180
vt 0.272408 0.042216
vt 0.272405 0.041911
vt 0.272400 0.041554
vt 0.272340 0.041564
vt 0.272396 0.041149
vt 0.272335 0.041156
vt 0.272394 0.040711
vt 0.272397 0.038421
vt 0.272399 0.038025
vt 0.272338 0.038008
vt 0.272343 0.037660
vt 0.307797 0.056570
vt 0.307859 0.056550
vt 0.307858 0.057368
vt 0.307799 0.056959
vt 0.307807 0.060455
vt 0.307867 0.060477
vt 0.217553 0.044700
vt 0.216072 0.045808
vt 0.216373 0.045443
vt 0.216724 0.045134
vt 0.290890 0.040186
vt 0.290949 0.040195
vt 0.290891 0.040650
vt 0.274975 0.041137
vt 0.270932 0.042461
vt 0.270915 0.039247
vt 0.270856 0.037453
vt 0.270928 0.037455
vt 0.323979 0.041414
vt 0.284459 0.040640
vt 0.284459 0.040165
vt 0.284533 0.042224
vt 0.284468 0.041909
vt 0.284529 0.041889
vt 0.301041 0.037809
vt 0.301478 0.040502
vt 0.301043 0.041336
vt 0.300730 0.041688
vt 0.300358 0.037158
vt 0.288938 0.041109
vt 0.288878 0.041098
vt 0.284462 0.041521
vt 0.283050 0.042085
vt 0.283045 0.041663
vt 0.282974 0.041666
vt 0.282888 0.041657
vt 0.282883 0.041193
vt 0.282810 0.041186
vt 0.324483 0.041539
vt 0.321981 0.041742
vt 0.322454 0.041538
vt 0.282810 0.038677
vt 0.282886 0.039152
vt 0.282810 0.039161
vt 0.284518 0.039699
vt 0.284519 0.040170
vt 0.288938 0.039715
vt 0.288878 0.040188
vt 0.288877 0.039710
vt 0.288940 0.041528
vt 0.282978 0.042090
vt 0.283055 0.042456
vt 0.282981 0.042459
vt 0.282896 0.042449
vt 0.282892 0.042080
vt 0.282818 0.042067
vt 0.325393 0.042018
vt 0.326605 0.045213
vt 0.280801 0.037821
vt 0.280880 0.038179
vt 0.280805 0.038196
vt 0.280882 0.038611
vt 0.312351 0.059907
vt 0.281027 0.042064
vt 0.312269 0.063289
vt 0.312342 0.062888
vt 0.312343 0.063288
vt 0.312346 0.061446
vt 0.312188 0.062436
vt 0.312269 0.062889
vt 0.312183 0.062884
vt 0.312189 0.061951
vt 0.312197 0.059908
vt 0.280810 0.039588
vt 0.280807 0.039096
vt 0.280882 0.042461
vt 0.325946 0.046601
vt 0.324722 0.047519
vt 0.312130 0.059021
vt 0.280802 0.041120
vt 0.280790 0.041598
vt 0.280795 0.042041
vt 0.312120 0.059919
vt 0.312116 0.061944
vt 0.312112 0.062425
vt 0.312110 0.063261
vt 0.312108 0.062866
vt 0.320291 0.044193
vt 0.320392 0.043686
vt 0.320475 0.045710
vt 0.322217 0.047521
vt 0.322706 0.047677
vt 0.320835 0.042759
vt 0.321157 0.042360
vt 0.321762 0.047275
vt 0.320576 0.043203
vt 0.312119 0.059452
vt 0.280796 0.042440
vt 0.280778 0.039596
vt 0.324235 0.047682
vt 0.323731 0.047766
vt 0.325182 0.047279
vt 0.313757 0.062734
vt 0.284522 0.038780
vt 0.284465 0.038357
vt 0.284525 0.038372
vt 0.288879 0.038375
vt 0.288937 0.038788
vt 0.288880 0.038801
vt 0.288941 0.040191
vt 0.290351 0.040730
vt 0.288938 0.040658
vt 0.326353 0.043204
vt 0.290353 0.041221
vt 0.290512 0.042084
vt 0.326645 0.044182
vt 0.290428 0.038217
vt 0.290514 0.037803
vt 0.290513 0.038224
vt 0.282450 0.039641
vt 0.282442 0.041499
vt 0.282506 0.041048
vt 0.282503 0.041489
vt 0.282498 0.041892
vt 0.282440 0.041908
vt 0.282493 0.042253
vt 0.313827 0.059584
vt 0.313767 0.059178
vt 0.313829 0.059193
vt 0.313825 0.060016
vt 0.313767 0.059574
vt 0.313764 0.060462
vt 0.313825 0.060475
vt 0.313765 0.060937
vt 0.313823 0.060939
vt 0.313818 0.062714
vt 0.313759 0.062323
vt 0.313760 0.061415
vt 0.313817 0.063081
vt 0.282509 0.040582
vt 0.282451 0.040116
vt 0.282510 0.040110
vt 0.282511 0.039641
vt 0.282452 0.039182
vt 0.282511 0.039186
vt 0.282449 0.038748
vt 0.282510 0.038757
vt 0.282449 0.038351
vt 0.282508 0.038369
vt 0.288934 0.039243
vt 0.290350 0.038684
vt 0.290350 0.040216
vt 0.290427 0.040731
vt 0.290512 0.040727
vt 0.290584 0.040726
vt 0.290584 0.040219
vt 0.290354 0.038219
vt 0.290422 0.038684
vt 0.281035 0.037796
vt 0.282446 0.038003
vt 0.290421 0.040219
vt 0.290508 0.040216
vt 0.288942 0.038361
vt 0.290352 0.037797
vt 0.288938 0.037977
vt 0.282450 0.040591
vt 0.290426 0.037795
vt 0.326541 0.043678
vt 0.288880 0.037989
vt 0.282505 0.038027
vt 0.284528 0.038000
vt 0.284519 0.039228
vt 0.284461 0.038775
vt 0.313762 0.060004
vt 0.312282 0.059904
vt 0.282432 0.042274
vt 0.280998 0.042462
vt 0.280962 0.037793
vt 0.280805 0.038629
vt 0.290585 0.038234
vt 0.326241 0.046176
vt 0.326456 0.045706
vt 0.326667 0.044697
vt 0.326100 0.042754
vt 0.290587 0.042414
vt 0.290514 0.042438
vt 0.290430 0.042444
vt 0.290355 0.042442
vt 0.288876 0.039247
vt 0.284520 0.041083
vt 0.284519 0.040633
vt 0.283052 0.037797
vt 0.282978 0.037793
vt 0.282892 0.038208
vt 0.282891 0.037802
vt 0.282817 0.038225
vt 0.282819 0.037819
vt 0.282882 0.038663
vt 0.321544 0.042015
vt 0.324958 0.041742
vt 0.282814 0.041649
vt 0.284471 0.042249
vt 0.288942 0.042225
vt 0.288878 0.040658
vt 0.299510 0.036754
vt 0.299955 0.036923
vt 0.299042 0.036661
vt 0.298112 0.036699
vt 0.297658 0.036830
vt 0.297231 0.037032
vt 0.296842 0.037300
vt 0.296502 0.037627
vt 0.296214 0.038008
vt 0.295996 0.038428
vt 0.295847 0.038873
vt 0.295771 0.039338
vt 0.295771 0.039810
vt 0.295847 0.040281
vt 0.295999 0.040731
vt 0.296218 0.041144
vt 0.296497 0.041517
vt 0.296846 0.041842
vt 0.297230 0.042114
vt 0.297653 0.042315
vt 0.298110 0.042449
vt 0.299047 0.042486
vt 0.299513 0.042392
vt 0.299960 0.042220
vt 0.300368 0.041983
vt 0.301296 0.040932
vt 0.301591 0.040045
vt 0.301623 0.039571
vt 0.300723 0.037452
vt 0.301590 0.039095
vt 0.301295 0.038213
vt 0.284524 0.041510
vt 0.288881 0.042207
vt 0.284458 0.041095
vt 0.322954 0.041417
vt 0.205186 0.044650
vt 0.284867 0.040694
vt 0.284824 0.040691
vt 0.284831 0.041185
vt 0.286481 0.040640
vt 0.286483 0.041096
vt 0.288337 0.042443
vt 0.286920 0.042228
vt 0.288331 0.041222
vt 0.286914 0.039242
vt 0.286917 0.038363
vt 0.280412 0.038344
vt 0.280410 0.037996
vt 0.279007 0.039079
vt 0.279011 0.039581
vt 0.279012 0.040100
vt 0.280418 0.041048
vt 0.280421 0.040581
vt 0.280413 0.041900
vt 0.280419 0.041491
vt 0.314178 0.063116
vt 0.315592 0.062856
vt 0.315593 0.063288
vt 0.315594 0.061882
vt 0.314182 0.062290
vt 0.314178 0.061830
vt 0.314181 0.060879
vt 0.314175 0.061356
vt 0.314182 0.060414
vt 0.315593 0.059850
vt 0.315593 0.060337
vt 0.314180 0.059561
vt 0.314178 0.059194
vt 0.286479 0.039691
vt 0.285062 0.039152
vt 0.286543 0.041080
vt 0.286541 0.040633
vt 0.209701 0.048755
vt 0.210992 0.050082
vt 0.211429 0.050274
vt 0.209435 0.047851
vt 0.212353 0.050414
vt 0.209423 0.047375
vt 0.209471 0.046902
vt 0.286848 0.041509
vt 0.286847 0.040188
vt 0.210069 0.045637
vt 0.210397 0.045293
vt 0.213284 0.050267
vt 0.213713 0.050076
vt 0.214118 0.049827
vt 0.214765 0.049151
vt 0.215001 0.048738
vt 0.215167 0.048295
vt 0.215080 0.046444
vt 0.215221 0.046898
vt 0.214882 0.046011
vt 0.214612 0.045623
vt 0.214284 0.045283
vt 0.213905 0.045001
vt 0.213486 0.044783
vt 0.213043 0.044637
vt 0.212582 0.044562
vt 0.212104 0.044562
vt 0.211193 0.044791
vt 0.211635 0.044640
vt 0.210777 0.045008
vt 0.209603 0.046451
vt 0.209802 0.046026
vt 0.212828 0.050381
vt 0.211883 0.050385
vt 0.286491 0.037985
vt 0.314118 0.059215
vt 0.314119 0.059575
vt 0.314119 0.059981
vt 0.314180 0.059972
vt 0.314120 0.060423
vt 0.314119 0.060889
vt 0.314121 0.061822
vt 0.314119 0.062280
vt 0.314178 0.062721
vt 0.314119 0.062713
vt 0.280474 0.041890
vt 0.280411 0.042266
vt 0.280477 0.041485
vt 0.280479 0.041046
vt 0.280481 0.040585
vt 0.280469 0.038018
vt 0.286856 0.038375
vt 0.286916 0.037978
vt 0.286917 0.038788
vt 0.286856 0.038800
vt 0.286860 0.042203
vt 0.209532 0.048314
vt 0.210586 0.049834
vt 0.210232 0.049520
vt 0.209936 0.049159
vt 0.286540 0.040171
vt 0.286481 0.040167
vt 0.286540 0.039699
vt 0.285060 0.039663
vt 0.202888 0.048645
vt 0.203068 0.049133
vt 0.315834 0.059425
vt 0.204236 0.045051
vt 0.284905 0.039155
vt 0.284832 0.039157
vt 0.284833 0.038674
vt 0.202758 0.047625
vt 0.203187 0.046157
vt 0.202960 0.046622
vt 0.202825 0.047116
vt 0.203472 0.045732
vt 0.203652 0.049974
vt 0.204039 0.050314
vt 0.315826 0.061880
vt 0.315755 0.062381
vt 0.315752 0.061881
vt 0.315826 0.060341
vt 0.204945 0.050788
vt 0.205446 0.050911
vt 0.206971 0.050785
vt 0.278838 0.042453
vt 0.278770 0.042041
vt 0.278844 0.042054
vt 0.315751 0.062852
vt 0.315667 0.062386
vt 0.207884 0.050305
vt 0.208267 0.049964
vt 0.278779 0.040617
vt 0.206208 0.044568
vt 0.206717 0.044640
vt 0.278850 0.039082
vt 0.278778 0.039590
vt 0.278774 0.039089
vt 0.278941 0.040101
vt 0.278852 0.040100
vt 0.278843 0.038610
vt 0.278762 0.037820
vt 0.278846 0.038177
vt 0.278769 0.038196
vt 0.288563 0.041655
vt 0.288562 0.042066
vt 0.288494 0.042437
vt 0.288486 0.042085
vt 0.285001 0.042459
vt 0.284915 0.042451
vt 0.284870 0.041651
vt 0.284843 0.042066
vt 0.284827 0.041642
vt 0.288491 0.041675
vt 0.288409 0.042446
vt 0.278837 0.037797
vt 0.278938 0.039584
vt 0.278936 0.039081
vt 0.278853 0.039582
vt 0.278773 0.038623
vt 0.207205 0.044806
vt 0.207663 0.045043
vt 0.208077 0.045355
vt 0.209091 0.047107
vt 0.208948 0.046610
vt 0.209025 0.048635
vt 0.208848 0.049118
vt 0.208592 0.049566
vt 0.278777 0.040103
vt 0.315668 0.063290
vt 0.315754 0.063285
vt 0.278931 0.042064
vt 0.207447 0.050584
vt 0.206472 0.050911
vt 0.205960 0.050945
vt 0.315828 0.062841
vt 0.315826 0.063267
vt 0.315825 0.062375
vt 0.315664 0.061882
vt 0.204473 0.050588
vt 0.203327 0.049578
vt 0.202778 0.048138
vt 0.285003 0.037795
vt 0.284991 0.039148
vt 0.285073 0.037796
vt 0.315595 0.062383
vt 0.315663 0.062859
vt 0.278998 0.042458
vt 0.278924 0.042462
vt 0.279000 0.042060
vt 0.285072 0.042457
vt 0.205694 0.044562
vt 0.204698 0.044814
vt 0.323012 0.734300
vt 0.319572 0.748067
vt 0.319572 0.734300
vt 0.319572 0.734138
vt 0.323012 0.734138
vt 0.319572 0.733981
vt 0.323012 0.733981
vt 0.319572 0.733831
vt 0.323012 0.733831
vt 0.319572 0.733692
vt 0.323012 0.733692
vt 0.323012 0.733568
vt 0.197211 0.764248
vt 0.193771 0.764371
vt 0.193776 0.764246
vt 0.193781 0.764107
vt 0.197216 0.764109
vt 0.197219 0.763959
vt 0.193784 0.763956
vt 0.197222 0.758650
vt 0.193787 0.758648
vt 0.281509 0.733719
vt 0.282837 0.735603
vt 0.304376 0.748182
vt 0.304383 0.747886
vt 0.304382 0.747275
vt 0.282714 0.734659
vt 0.241234 0.761736
vt 0.241286 0.761746
vt 0.282554 0.734381
vt 0.276511 0.733551
vt 0.241175 0.761128
vt 0.304261 0.747277
vt 0.304264 0.748212
vt 0.276337 0.749216
vt 0.304235 0.733556
vt 0.282906 0.749248
vt 0.282814 0.749305
vt 0.140090 0.758488
vt 0.136975 0.758477
vt 0.276509 0.749322
vt 0.276401 0.749242
vt 0.276338 0.733666
vt 0.276458 0.733575
vt 0.276457 0.733548
vt 0.136936 0.758468
vt 0.140093 0.758379
vt 0.276333 0.749250
vt 0.276400 0.749281
vt 0.140189 0.752072
vt 0.301042 0.747909
vt 0.301057 0.747603
vt 0.244512 0.762256
vt 0.244607 0.762439
vt 0.244564 0.762468
vt 0.244506 0.761707
vt 0.296209 0.748692
vt 0.296455 0.748509
vt 0.136902 0.752016
vt 0.136903 0.751960
vt 0.136892 0.752068
vt 0.283273 0.749256
vt 0.283238 0.749228
vt 0.290593 0.733581
vt 0.290645 0.733548
vt 0.290474 0.749005
vt 0.290546 0.749062
vt 0.290644 0.749085
vt 0.283227 0.733622
vt 0.283215 0.733663
vt 0.283339 0.733555
vt 0.283274 0.733590
vt 0.136871 0.752016
vt 0.283215 0.749189
vt 0.283332 0.749266
vt 0.140110 0.751878
vt 0.301115 0.748728
vt 0.301008 0.747595
vt 0.244455 0.762273
vt 0.241256 0.756244
vt 0.276339 0.733625
vt 0.276401 0.733578
vt 0.276401 0.733616
vt 0.286511 0.733548
vt 0.140155 0.758377
vt 0.286475 0.749261
vt 0.276456 0.749308
vt 0.241379 0.762275
vt 0.140207 0.758376
vt 0.140212 0.758413
vt 0.241161 0.760821
vt 0.315562 0.733569
vt 0.312122 0.748365
vt 0.312122 0.733568
vt 0.315480 0.754675
vt 0.312122 0.748664
vt 0.315480 0.748654
vt 0.927500 0.027800
vt 0.928087 0.027741
vt 0.955567 0.064786
vt 0.968863 0.080256
vt 0.942177 0.020922
vt 0.968857 0.083607
vt 0.968719 0.083647
vt 0.955783 0.082260
vt 0.955635 0.082262
vt 0.955633 0.083447
vt 0.946400 0.082644
vt 0.924478 0.082882
vt 0.955384 0.073324
vt 0.955232 0.073384
vt 0.955641 0.082862
vt 0.955754 0.083449
vt 0.955761 0.082859
vt 0.942308 0.073428
vt 0.942177 0.073393
vt 0.968758 0.065797
vt 0.942289 0.020870
vt 0.968628 0.065855
vt 0.955811 0.064666
vt 0.946866 0.027548
vt 0.955567 0.065982
vt 0.968783 0.066131
vt 0.946614 0.082424
vt 0.955567 0.020920
vt 0.955727 0.020844
vt 0.160603 0.169245
vt 0.196255 0.228474
vt 0.192573 0.213016
vt 0.179530 0.213553
vt 0.216571 0.213095
vt 0.192647 0.228830
vt 0.216636 0.170450
vt 0.216660 0.170116
vt 0.192601 0.228478
vt 0.192537 0.228129
vt 0.192603 0.228123
vt 0.140904 0.213575
vt 0.140865 0.213630
vt 0.140848 0.213571
vt 0.156431 0.169237
vt 0.199835 0.230307
vt 0.199907 0.230269
vt 0.179503 0.213740
vt 0.157628 0.169899
vt 0.158180 0.170777
vt 0.158216 0.171458
vt 0.212968 0.212953
vt 0.213087 0.169220
vt 0.213033 0.169230
vt 0.212984 0.169507
vt 0.157404 0.169634
vt 0.158228 0.170755
vt 0.192631 0.229762
vt 0.192525 0.229732
vt 0.213084 0.169483
vt 0.212960 0.212884
vt 0.196433 0.230302
vt 0.158248 0.171109
vt 0.157663 0.169870
vt 0.158292 0.171102
vt 0.140922 0.213692
vt 0.140900 0.213632
vt 0.179544 0.213738
vt 0.179555 0.213660
vt 0.140923 0.213763
vt 0.199960 0.230232
vt 0.199973 0.230187
vt 0.140864 0.213682
vt 0.192549 0.228476
vt 0.216614 0.169227
vt 0.158595 0.170452
vt 0.216680 0.212879
vt 0.216673 0.170799
vt 0.175775 0.213669
vt 0.175769 0.213550
vt 0.196434 0.212898
vt 0.196361 0.212936
vt 0.175821 0.213666
vt 0.175779 0.213723
vt 0.176001 0.169346
vt 0.175898 0.169247
vt 0.196388 0.212886
vt 0.196334 0.212922
vt 0.159592 0.169479
vt 0.159285 0.169657
vt 0.158440 0.213758
vt 0.158379 0.171471
vt 0.216691 0.170467
vt 0.216684 0.169813
vt 0.196305 0.230216
vt 0.140848 0.169335
vt 0.179483 0.169218
vt 0.196200 0.228820
vt 0.196244 0.228816
vt 0.220606 0.256124
vt 0.224420 0.256125
vt 0.220606 0.213304
vt 0.220605 0.213141
vt 0.224420 0.213305
vt 0.220605 0.212991
vt 0.224419 0.213142
vt 0.224419 0.212992
vt 0.220604 0.212859
vt 0.224418 0.212860
vt 0.180936 0.229044
vt 0.184745 0.229188
vt 0.180933 0.229185
vt 0.180939 0.228887
vt 0.184749 0.229047
vt 0.180941 0.228719
vt 0.184751 0.228890
vt 0.184755 0.228545
vt 0.184753 0.228721
vt 0.184755 0.228366
vt 0.180933 0.212891
vt 0.184745 0.212893
vt 0.180942 0.228498
vt 0.192469 0.229514
vt 0.188658 0.212891
vt 0.192469 0.212896
vt 0.220555 0.212816
vt 0.216741 0.169220
vt 0.220555 0.169218
vt 0.912892 0.786671
vt 0.438809 0.599548
vt 0.430144 0.185976
vt 0.429678 0.601783
vt 0.429779 0.185986
vt 0.429665 0.602094
vt 0.429379 0.602339
vt 0.892829 0.777329
vt 0.892829 0.777680
vt 0.451037 0.184972
vt 0.450741 0.185272
vt 0.450742 0.184935
vt 0.893393 0.178340
vt 0.893395 0.178606
vt 0.429798 0.184930
vt 0.430092 0.184913
vt 0.892808 0.776915
vt 0.451093 0.185306
vt 0.451293 0.185182
vt 0.450719 0.185600
vt 0.450730 0.611678
vt 0.913492 0.178412
vt 0.453834 0.178663
vt 0.454009 0.178364
vt 0.903481 0.812951
vt 0.883522 0.775150
vt 0.955242 0.176486
vt 0.950196 0.905820
vt 0.947608 0.177038
vt 0.837209 0.297280
vt 0.835902 0.296503
vt 0.837750 0.296166
vt 0.907197 0.817764
vt 0.449708 0.815571
vt 0.907522 0.814446
vt 0.534873 0.338015
vt 0.792066 0.710817
vt 0.535204 0.710142
vt 0.791356 0.338256
vt 0.519560 0.720087
vt 0.497075 0.744834
vt 0.519365 0.322733
vt 0.829630 0.744643
vt 0.830137 0.745753
vt 0.871197 0.194040
vt 0.517591 0.832000
vt 0.860029 0.185094
vt 0.513939 0.825597
vt 0.515487 0.193353
vt 0.526059 0.185149
vt 0.520187 0.187321
vt 0.907310 0.176037
vt 0.907146 0.173311
vt 0.908368 0.174513
vt 0.487730 0.744794
vt 0.488098 0.743862
vt 0.490431 0.745254
vt 0.495298 0.745901
vt 0.492419 0.744531
vt 0.520346 0.185808
vt 0.522355 0.184126
vt 0.525237 0.184160
vt 0.515500 0.191065
vt 0.517617 0.188010
vt 0.908676 0.816970
vt 0.908977 0.812215
vt 0.523877 0.836332
vt 0.860296 0.836811
vt 0.526348 0.837865
vt 0.472105 0.214674
vt 0.935836 0.177272
vt 0.915356 0.216223
vt 0.471826 0.217891
vt 0.911523 0.217687
vt 0.910111 0.220342
vt 0.918291 0.221988
vt 0.896051 0.241566
vt 0.893249 0.238810
vt 0.466457 0.860198
vt 0.486930 0.839464
vt 0.491214 0.842570
vt 0.469511 0.865421
vt 0.461754 0.858429
vt 0.488756 0.238161
vt 0.465480 0.220273
vt 0.487187 0.240741
vt 0.484583 0.242365
vt 0.492733 0.234777
vt 0.890824 0.236158
vt 0.920609 0.226529
vt 0.898834 0.243872
vt 0.923267 0.224244
vt 0.919801 0.856089
vt 0.894077 0.842406
vt 0.898210 0.838223
vt 0.910045 0.862326
vt 0.890180 0.845723
vt 0.493928 0.845865
vt 0.895600 0.839796
vt 0.917216 0.860434
vt 0.723641 0.669065
vt 0.724024 0.668637
vt 0.723920 0.669193
vt 0.413950 0.185772
vt 0.414034 0.584802
vt 0.413641 0.584618
vt 0.793658 0.222113
vt 0.793658 0.219821
vt 0.793867 0.220025
vt 0.930237 0.858073
vt 0.926215 0.858178
vt 0.926334 0.857564
vt 0.771722 0.221679
vt 0.771802 0.220866
vt 0.771802 0.222118
vt 0.777814 0.218956
vt 0.777709 0.216717
vt 0.777814 0.216139
vt 0.777796 0.221618
vt 0.777720 0.222422
vt 0.777720 0.221172
vt 0.738271 0.752387
vt 0.738271 0.352736
vt 0.738379 0.751824
vt 0.724024 0.669803
vt 0.912672 0.865570
vt 0.922162 0.859053
vt 0.924334 0.856892
vt 0.926545 0.219688
vt 0.925503 0.221768
vt 0.462112 0.223536
vt 0.463770 0.219096
vt 0.459264 0.221061
vt 0.405340 0.173333
vt 0.412195 0.172316
vt 0.412584 0.174375
vt 0.520173 0.835740
vt 0.516654 0.833431
vt 0.523305 0.837781
vt 0.424218 0.174747
vt 0.418338 0.173558
vt 0.423401 0.172066
vt 0.515310 0.830337
vt 0.412274 0.905454
vt 0.418430 0.905256
vt 0.426037 0.905043
vt 0.464262 0.855849
vt 0.473277 0.862291
vt 0.931230 0.219905
vt 0.933302 0.221010
vt 0.871778 0.826030
vt 0.872805 0.197335
vt 0.912036 0.193196
vt 0.912477 0.189062
vt 0.913202 0.193895
vt 0.913406 0.186230
vt 0.913699 0.189644
vt 0.871921 0.828467
vt 0.873405 0.824236
vt 0.868216 0.832540
vt 0.870379 0.831843
vt 0.867725 0.834448
vt 0.912261 0.184785
vt 0.913620 0.183574
vt 0.867762 0.188812
vt 0.863813 0.185108
vt 0.834234 0.744572
vt 0.838464 0.743882
vt 0.837088 0.745236
vt 0.867022 0.186610
vt 0.869500 0.188801
vt 0.912173 0.831314
vt 0.912309 0.828561
vt 0.913509 0.829280
vt 0.913538 0.831421
vt 0.912387 0.821248
vt 0.913449 0.825118
vt 0.912271 0.825428
vt 0.913824 0.820822
vt 0.864276 0.836491
vt 0.950895 0.174307
vt 0.941454 0.176731
vt 0.936725 0.175176
vt 0.944254 0.174225
vt 0.513825 0.195821
vt 0.860107 0.183771
vt 0.527026 0.183025
vt 0.488087 0.296503
vt 0.486826 0.297250
vt 0.486280 0.296165
vt 0.448832 0.176301
vt 0.449660 0.177066
vt 0.448833 0.178344
vt 0.491014 0.297820
vt 0.490120 0.296775
vt 0.492329 0.296975
vt 0.449658 0.819808
vt 0.907816 0.820092
vt 0.934605 0.905008
vt 0.931954 0.856599
vt 0.942099 0.905262
vt 0.454710 0.190311
vt 0.454670 0.186832
vt 0.808080 0.720366
vt 0.828288 0.298200
vt 0.807511 0.323272
vt 0.495442 0.298211
vt 0.448830 0.820403
vt 0.448832 0.818565
vt 0.416250 0.584267
vt 0.417327 0.585340
vt 0.416707 0.585056
vt 0.419352 0.585340
vt 0.420405 0.584289
vt 0.420230 0.584729
vt 0.416842 0.185207
vt 0.420680 0.185910
vt 0.419410 0.184913
vt 0.420260 0.185241
vt 0.419884 0.585113
vt 0.826885 0.343051
vt 0.819582 0.351774
vt 0.817527 0.347018
vt 0.818873 0.689581
vt 0.816477 0.689846
vt 0.831118 0.336123
vt 0.831432 0.699225
vt 0.865333 0.257711
vt 0.865095 0.779294
vt 0.517033 0.258715
vt 0.516670 0.256309
vt 0.512585 0.257313
vt 0.556245 0.699913
vt 0.553270 0.343478
vt 0.556519 0.343563
vt 0.556779 0.328262
vt 0.559951 0.328572
vt 0.556447 0.334901
vt 0.550187 0.342503
vt 0.554421 0.324670
vt 0.572864 0.316718
vt 0.563553 0.317736
vt 0.579708 0.312390
vt 0.801065 0.314786
vt 0.803728 0.310843
vt 0.581471 0.315162
vt 0.800675 0.331784
vt 0.809092 0.316880
vt 0.816876 0.321779
vt 0.813520 0.316712
vt 0.818908 0.317407
vt 0.822399 0.327969
vt 0.825572 0.334687
vt 0.812936 0.342350
vt 0.815068 0.350578
vt 0.811210 0.345703
vt 0.793182 0.329483
vt 0.797413 0.333316
vt 0.589000 0.329429
vt 0.581025 0.708166
vt 0.572812 0.723836
vt 0.565886 0.720268
vt 0.588356 0.711840
vt 0.581836 0.725580
vt 0.795199 0.706716
vt 0.588979 0.708946
vt 0.581303 0.704713
vt 0.514938 0.780949
vt 0.865225 0.780980
vt 0.515147 0.877367
vt 0.503920 0.914566
vt 0.492142 0.902813
vt 0.911804 0.912695
vt 0.914111 0.913452
vt 0.911639 0.914930
vt 0.563140 0.797845
vt 0.561453 0.287803
vt 0.564890 0.287412
vt 0.915187 0.288569
vt 0.568043 0.287367
vt 0.567878 0.285838
vt 0.521131 0.315912
vt 0.527245 0.312743
vt 0.522113 0.317169
vt 0.874385 0.780960
vt 0.869684 0.780479
vt 0.873746 0.779411
vt 0.847822 0.846083
vt 0.852681 0.845573
vt 0.850590 0.848365
vt 0.856543 0.840178
vt 0.855745 0.843561
vt 0.852229 0.842093
vt 0.963226 0.279171
vt 0.963607 0.276546
vt 0.966477 0.279198
vt 0.496844 0.278439
vt 0.847810 0.278949
vt 0.496102 0.281056
vt 0.492207 0.281928
vt 0.487935 0.286709
vt 0.490604 0.287181
vt 0.511209 0.318204
vt 0.514592 0.802068
vt 0.512196 0.806444
vt 0.518479 0.311763
vt 0.517510 0.306065
vt 0.525748 0.304123
vt 0.529129 0.299861
vt 0.532737 0.304056
vt 0.825909 0.814314
vt 0.826877 0.817707
vt 0.818633 0.819799
vt 0.815261 0.823847
vt 0.811775 0.820056
vt 0.517882 0.813588
vt 0.519185 0.817339
vt 0.516277 0.806094
vt 0.540160 0.792726
vt 0.538075 0.341190
vt 0.541385 0.340917
vt 0.546850 0.334786
vt 0.546250 0.798134
vt 0.540219 0.338083
vt 0.537600 0.338986
vt 0.979151 0.721346
vt 0.958320 0.706024
vt 0.957577 0.703918
vt 0.520939 0.320245
vt 0.540026 0.334683
vt 0.526069 0.311276
vt 0.522857 0.314425
vt 0.519856 0.316109
vt 0.523347 0.309490
vt 0.532384 0.307946
vt 0.531978 0.310247
vt 0.527579 0.307434
vt 0.543479 0.331363
vt 0.814525 0.303446
vt 0.816051 0.300379
vt 0.801770 0.331879
vt 0.797570 0.330830
vt 0.797438 0.329514
vt 0.813069 0.307162
vt 0.816327 0.310474
vt 0.812701 0.310038
vt 0.818103 0.308930
vt 0.820387 0.312891
vt 0.829156 0.320354
vt 0.828935 0.804411
vt 0.826523 0.322713
vt 0.825151 0.802999
vt 0.953789 0.714939
vt 0.933145 0.703603
vt 0.933395 0.699563
vt 0.801646 0.798291
vt 0.805504 0.796464
vt 0.800616 0.801445
vt 0.821641 0.810927
vt 0.824582 0.810432
vt 0.820393 0.815413
vt 0.815543 0.815001
vt 0.637117 0.795519
vt 0.661952 0.780845
vt 0.637554 0.801672
vt 0.634519 0.795680
vt 0.634529 0.800356
vt 0.636759 0.513076
vt 0.638936 0.512266
vt 0.637332 0.791478
vt 0.635534 0.791452
vt 0.634519 0.509985
vt 0.547020 0.800243
vt 0.797501 0.798996
vt 0.797130 0.801068
vt 0.637998 0.505623
vt 0.662358 0.526192
vt 0.519182 0.808988
vt 0.521528 0.808036
vt 0.522099 0.812475
vt 0.517892 0.801899
vt 0.979944 0.226201
vt 0.980293 0.231694
vt 0.978838 0.231864
vt 0.539474 0.797212
vt 0.537827 0.794071
vt 0.537860 0.790174
vt 0.542170 0.792905
vt 0.543005 0.798061
vt 0.958536 0.244166
vt 0.515482 0.319764
vt 0.519536 0.322670
vt 0.519830 0.802553
vt 0.522248 0.815385
vt 0.525604 0.813803
vt 0.541964 0.800063
vt 0.934015 0.413161
vt 0.935452 0.416515
vt 0.934015 0.418623
vt 0.663293 0.522238
vt 0.684576 0.498077
vt 0.682936 0.500628
vt 0.682936 0.492859
vt 0.696791 0.428418
vt 0.698733 0.426005
vt 0.698733 0.432802
vt 0.546847 0.801951
vt 0.545957 0.802614
vt 0.802551 0.339882
vt 0.804241 0.336972
vt 0.804707 0.341351
vt 0.806693 0.342005
vt 0.804318 0.792801
vt 0.807041 0.792407
vt 0.934399 0.238169
vt 0.954922 0.226201
vt 0.934098 0.242453
vt 0.806342 0.337741
vt 0.801948 0.793359
vt 0.661122 0.777646
vt 0.661939 0.776472
vt 0.796255 0.802400
vt 0.663323 0.527095
vt 0.636341 0.507561
vt 0.551138 0.411843
vt 0.548669 0.409008
vt 0.551138 0.406298
vt 0.530046 0.818904
vt 0.529995 0.821160
vt 0.811506 0.816912
vt 0.815741 0.817151
vt 0.663248 0.777369
vt 0.954922 0.722466
vt 0.697014 0.423349
vt 0.697014 0.415364
vt 0.698733 0.415685
vt 0.824524 0.322711
vt 0.823347 0.803672
vt 0.823322 0.322034
vt 0.827205 0.317561
vt 0.705622 0.421947
vt 0.704484 0.421015
vt 0.705622 0.415276
vt 0.822580 0.310981
vt 0.822552 0.316197
vt 0.798919 0.335190
vt 0.800865 0.333223
vt 0.817782 0.305490
vt 0.797397 0.332900
vt 0.941907 0.683551
vt 0.961336 0.668927
vt 0.941104 0.684960
vt 0.542734 0.334889
vt 0.546085 0.332380
vt 0.548250 0.330439
vt 0.546832 0.329591
vt 0.705938 0.431173
vt 0.704484 0.427112
vt 0.705938 0.424602
vt 0.958010 0.248212
vt 0.467473 0.627736
vt 0.465770 0.147763
vt 0.467172 0.145339
vt 0.980293 0.718680
vt 0.528068 0.823835
vt 0.832653 0.318856
vt 0.833074 0.805957
vt 0.826474 0.310277
vt 0.827208 0.306236
vt 0.510884 0.812353
vt 0.491299 0.839226
vt 0.926128 0.800761
vt 0.404032 0.802416
vt 0.403818 0.799619
vt 0.551138 0.422164
vt 0.551138 0.426649
vt 0.549455 0.425479
vt 0.909121 0.145937
vt 0.503537 0.145726
vt 0.905328 0.144544
vt 0.545213 0.117975
vt 0.545865 0.517268
vt 0.544190 0.117878
vt 0.493222 0.151179
vt 0.495146 0.149068
vt 0.496827 0.148414
vt 0.499762 0.145677
vt 0.491734 0.906992
vt 0.490600 0.904389
vt 0.493953 0.907622
vt 0.490714 0.900521
vt 0.715883 0.503214
vt 0.715883 0.499558
vt 0.716734 0.499772
vt 0.691909 0.428576
vt 0.690498 0.432286
vt 0.690384 0.429581
vt 0.493224 0.154120
vt 0.491750 0.153638
vt 0.489853 0.900873
vt 0.502424 0.915993
vt 0.499751 0.914930
vt 0.505319 0.916730
vt 0.909007 0.916064
vt 0.905395 0.916808
vt 0.905789 0.914838
vt 0.918189 0.151190
vt 0.919674 0.153633
vt 0.918281 0.153901
vt 0.919705 0.159358
vt 0.914270 0.148999
vt 0.883370 0.311912
vt 0.892306 0.317903
vt 0.887233 0.315343
vt 0.891217 0.318938
vt 0.404294 0.796321
vt 0.402807 0.796548
vt 0.893615 0.323647
vt 0.895726 0.324345
vt 0.916296 0.149049
vt 0.881538 0.313146
vt 0.934015 0.404839
vt 0.935534 0.407714
vt 0.934015 0.410506
vt 0.551138 0.414498
vt 0.551138 0.419509
vt 0.549478 0.417196
vt 0.506739 0.255504
vt 0.512030 0.254449
vt 0.509489 0.257446
vt 0.491157 0.843473
vt 0.496234 0.843053
vt 0.488902 0.836946
vt 0.486115 0.835980
vt 0.487114 0.839064
vt 0.561325 0.801699
vt 0.557563 0.799804
vt 0.559010 0.797785
vt 0.567690 0.796229
vt 0.601334 0.717391
vt 0.610311 0.733393
vt 0.620981 0.371879
vt 0.616850 0.372544
vt 0.618253 0.365724
vt 0.633398 0.339592
vt 0.640117 0.351377
vt 0.624333 0.341325
vt 0.632726 0.354784
vt 0.617939 0.344473
vt 0.614346 0.344070
vt 0.610058 0.354548
vt 0.629317 0.336666
vt 0.856225 0.337724
vt 0.844659 0.352193
vt 0.858987 0.341908
vt 0.852010 0.355655
vt 0.863239 0.343762
vt 0.853123 0.359380
vt 0.859300 0.360170
vt 0.640756 0.353895
vt 0.607948 0.718002
vt 0.604025 0.712229
vt 0.607845 0.713553
vt 0.608743 0.722325
vt 0.606340 0.723100
vt 0.630150 0.744442
vt 0.852309 0.742461
vt 0.855208 0.746227
vt 0.607896 0.717586
vt 0.617870 0.712033
vt 0.608640 0.721925
vt 0.609625 0.724930
vt 0.612400 0.730110
vt 0.610605 0.727092
vt 0.625076 0.716433
vt 0.618091 0.735868
vt 0.615441 0.733660
vt 0.635784 0.724361
vt 0.621002 0.737747
vt 0.625244 0.739581
vt 0.607800 0.714948
vt 0.620468 0.704944
vt 0.850413 0.722397
vt 0.636784 0.721228
vt 0.863672 0.705744
vt 0.866137 0.713043
vt 0.866745 0.706539
vt 0.870171 0.705809
vt 0.868833 0.703535
vt 0.880123 0.715357
vt 0.877142 0.715121
vt 0.880233 0.369435
vt 0.882960 0.719842
vt 0.875426 0.358915
vt 0.882864 0.363673
vt 0.864075 0.372070
vt 0.868182 0.373759
vt 0.866548 0.366721
vt 0.876465 0.366107
vt 0.870504 0.374348
vt 0.871830 0.351344
vt 0.868788 0.347826
vt 0.866143 0.345631
vt 0.874620 0.356428
vt 0.873636 0.354308
vt 0.875594 0.359441
vt 0.876361 0.363572
vt 0.876295 0.368902
vt 0.876174 0.369509
vt 0.875884 0.370978
vt 0.876305 0.363183
vt 0.876421 0.367441
vt 0.874429 0.355923
vt 0.874614 0.350451
vt 0.872345 0.352077
vt 0.865390 0.341649
vt 0.871134 0.341832
vt 0.441133 0.842637
vt 0.963795 0.842630
vt 0.963191 0.845573
vt 0.922142 0.289061
vt 0.919941 0.287480
vt 0.923678 0.287790
vt 0.549541 0.396199
vt 0.551138 0.400009
vt 0.549593 0.399561
vt 0.927211 0.289458
vt 0.927610 0.287817
vt 0.519263 0.319869
vt 0.516627 0.328019
vt 0.515434 0.325179
vt 0.517667 0.323535
vt 0.439206 0.847392
vt 0.439778 0.842757
vt 0.440825 0.846893
vt 0.549541 0.403643
vt 0.918596 0.288755
vt 0.965914 0.847550
vt 0.963035 0.849212
vt 0.858007 0.287404
vt 0.855479 0.287441
vt 0.853339 0.285015
vt 0.923218 0.804775
vt 0.924019 0.801876
vt 0.927391 0.803078
vt 0.567603 0.801132
vt 0.566401 0.803207
vt 0.563821 0.801138
vt 0.846909 0.281287
vt 0.919835 0.802961
vt 0.853731 0.281095
vt 0.850296 0.277637
vt 0.857933 0.283677
vt 0.920201 0.799145
vt 0.915760 0.797673
vt 0.876300 0.728807
vt 0.873313 0.736326
vt 0.844011 0.725985
vt 0.859931 0.740159
vt 0.867340 0.736218
vt 0.862644 0.742111
vt 0.874182 0.726837
vt 0.859015 0.719208
vt 0.862562 0.343404
vt 0.865402 0.345110
vt 0.870350 0.349498
vt 0.859365 0.714631
vt 0.629793 0.740636
vt 0.633433 0.740845
vt 0.630177 0.740679
vt 0.625808 0.739756
vt 0.618661 0.740612
vt 0.621671 0.738096
vt 0.618831 0.736390
vt 0.616195 0.734355
vt 0.613886 0.731970
vt 0.611898 0.729360
vt 0.601816 0.365859
vt 0.606322 0.365957
vt 0.608098 0.711382
vt 0.608393 0.709804
vt 0.613862 0.704817
vt 0.607978 0.712018
vt 0.617304 0.705587
vt 0.615161 0.702462
vt 0.633752 0.357655
vt 0.844989 0.354953
vt 0.854449 0.340828
vt 0.850812 0.340564
vt 0.854060 0.340767
vt 0.606959 0.354952
vt 0.626655 0.360358
vt 0.614274 0.373252
vt 0.606920 0.346896
vt 0.558926 0.802599
vt 0.489405 0.281355
vt 0.486658 0.284978
vt 0.853244 0.837066
vt 0.967530 0.843487
vt 0.814105 0.721394
vt 0.822911 0.716224
vt 0.811556 0.725652
vt 0.802502 0.725520
vt 0.793971 0.711620
vt 0.800210 0.706389
vt 0.807718 0.703558
vt 0.819817 0.715347
vt 0.814875 0.697091
vt 0.824390 0.706066
vt 0.828361 0.706692
vt 0.819585 0.724685
vt 0.826722 0.697389
vt 0.516642 0.876038
vt 0.517138 0.880510
vt 0.519085 0.885807
vt 0.402877 0.236028
vt 0.402611 0.231463
vt 0.403905 0.233104
vt 0.864226 0.825880
vt 0.865392 0.828693
vt 0.863357 0.830357
vt 0.404281 0.236118
vt 0.404158 0.229674
vt 0.402350 0.226896
vt 0.558414 0.287999
vt 0.559890 0.286187
vt 0.563399 0.286169
vt 0.689960 0.423364
vt 0.690372 0.419507
vt 0.691909 0.420648
vt 0.701388 0.415275
vt 0.701829 0.419748
vt 0.701388 0.425827
vt 0.880228 0.890359
vt 0.888028 0.889378
vt 0.881204 0.891643
vt 0.531254 0.890861
vt 0.916828 0.286591
vt 0.926990 0.232528
vt 0.925832 0.229976
vt 0.927871 0.228289
vt 0.404054 0.792041
vt 0.402310 0.792264
vt 0.860873 0.277637
vt 0.895235 0.327749
vt 0.919647 0.902296
vt 0.915594 0.910361
vt 0.918822 0.906577
vt 0.895925 0.878822
vt 0.448833 0.816508
vt 0.918186 0.909437
vt 0.919639 0.906990
vt 0.916263 0.911568
vt 0.527122 0.890899
vt 0.869431 0.779010
vt 0.578230 0.727410
vt 0.579001 0.730374
vt 0.563051 0.723528
vt 0.557510 0.715219
vt 0.553340 0.702775
vt 0.550516 0.702684
vt 0.565182 0.690021
vt 0.562610 0.689567
vt 0.564034 0.352752
vt 0.566581 0.697094
vt 0.559509 0.711836
vt 0.802692 0.728917
vt 0.573716 0.703551
vt 0.568417 0.690049
vt 0.570982 0.694724
vt 0.567371 0.350568
vt 0.574834 0.337140
vt 0.570407 0.346814
vt 0.569015 0.342350
vt 0.565355 0.321263
vt 0.581289 0.331784
vt 0.586610 0.333214
vt 0.564592 0.346983
vt 0.807960 0.336383
vt 0.574144 0.309652
vt 0.687231 0.481802
vt 0.687371 0.472614
vt 0.687371 0.492494
vt 0.562824 0.350585
vt 0.498087 0.848058
vt 0.493025 0.846763
vt 0.496923 0.846159
vt 0.847569 0.842767
vt 0.869544 0.255825
vt 0.869749 0.258020
vt 0.865146 0.254581
vt 0.812389 0.691251
vt 0.967694 0.071589
vt 0.967628 0.071492
vt 0.967732 0.025114
vt 0.926661 0.071509
vt 0.926338 0.071782
vt 0.926439 0.071614
vt 0.926565 0.071831
vt 0.955697 0.070212
vt 0.955512 0.070054
vt 0.955745 0.069981
vt 0.955896 0.024237
vt 0.955573 0.024246
vt 0.955815 0.024058
vt 0.944148 0.064573
vt 0.943904 0.064607
vt 0.944144 0.024375
vt 0.943650 0.064531
vt 0.943918 0.024351
vt 0.944373 0.064509
vt 0.944431 0.024409
vt 0.944077 0.064791
vt 0.943692 0.064630
vt 0.943865 0.064793
vt 0.944314 0.064706
vt 0.944196 0.024130
vt 0.944397 0.024250
vt 0.943901 0.024154
vt 0.956104 0.024210
vt 0.955990 0.023979
vt 0.918988 0.080700
vt 0.919079 0.080528
vt 0.919147 0.080718
vt 0.918871 0.080441
vt 0.918797 0.080554
vt 0.944079 0.023985
vt 0.920538 0.079145
vt 0.920467 0.078981
vt 0.958801 0.079045
vt 0.958748 0.079200
vt 0.958769 0.035241
vt 0.958882 0.035409
vt 0.920540 0.035359
vt 0.960293 0.033745
vt 0.942879 0.065315
vt 0.942644 0.065356
vt 0.942763 0.024241
vt 0.943263 0.065361
vt 0.943114 0.065368
vt 0.943200 0.024230
vt 0.955533 0.070297
vt 0.955378 0.070103
vt 0.919083 0.033680
vt 0.918899 0.033896
vt 0.918888 0.033694
vt 0.955929 0.070291
vt 0.955774 0.070445
vt 0.943098 0.023985
vt 0.942942 0.024127
vt 0.943360 0.024262
vt 0.968024 0.071579
vt 0.967971 0.071812
vt 0.967781 0.071758
vt 0.968024 0.025023
vt 0.967934 0.025125
vt 0.967760 0.024950
vt 0.952812 0.069567
vt 0.953027 0.069616
vt 0.952911 0.069798
vt 0.943161 0.065606
vt 0.942920 0.065649
vt 0.942876 0.065497
vt 0.942679 0.065574
vt 0.942514 0.065394
vt 0.953264 0.069634
vt 0.953503 0.069591
vt 0.953393 0.069816
vt 0.942995 0.024292
vt 0.942584 0.024242
vt 0.960263 0.033612
vt 0.920398 0.035413
vt 0.920596 0.035206
vt 0.960537 0.033932
vt 0.960232 0.080675
vt 0.960379 0.080423
vt 0.958942 0.078992
vt 0.960446 0.080627
vt 0.960537 0.080426
vt 0.953494 0.023099
vt 0.953319 0.023068
vt 0.953472 0.022896
vt 0.953113 0.023091
vt 0.953025 0.022857
vt 0.953236 0.022831
vt 0.952875 0.023022
vt 0.943767 0.024350
vt 0.967700 0.024812
vt 0.926489 0.024995
vt 0.926544 0.024833
vt 0.926641 0.025219
vt 0.926245 0.025089
vt 0.926432 0.025116
vt 0.955394 0.024229
vt 0.955546 0.024102
vt 0.956096 0.070230
vt 0.955960 0.070050
vt 0.956125 0.070051
vt 0.926278 0.071611
vt 0.926594 0.071607
vt 0.967838 0.071596
vt 0.967609 0.025202
vt 0.449717 0.811320
vt 0.448836 0.183504
vt 0.449679 0.183456
vt 0.454717 0.825291
vt 0.454676 0.828475
vt 0.454641 0.821123
vt 0.454717 0.193388
vt 0.935078 0.906834
vt 0.425386 0.906821
vt 0.453839 0.826212
vt 0.944067 0.906944
vt 0.940139 0.906845
vt 0.832915 0.297812
vt 0.839713 0.296632
vt 0.839334 0.295769
vt 0.831604 0.296975
vt 0.833835 0.296775
vt 0.453834 0.824011
vt 0.453838 0.821061
vt 0.453834 0.193389
vt 0.453846 0.188171
vt 0.453841 0.190410
vt 0.453861 0.184236
vt 0.453853 0.186096
vt 0.948046 0.907179
vt 0.789383 0.222209
vt 0.789383 0.219820
vt 0.790018 0.220908
vt 0.416343 0.906887
vt 0.412333 0.907018
vt 0.449689 0.180418
vt 0.907276 0.179284
vt 0.771481 0.694791
vt 0.757805 0.422100
vt 0.771510 0.437908
vt 0.908631 0.177551
vt 0.908824 0.182293
vt 0.907475 0.811310
vt 0.860028 0.838088
vt 0.787167 0.220041
vt 0.786976 0.222311
vt 0.786976 0.219819
vt 0.723712 0.663028
vt 0.723712 0.661828
vt 0.723806 0.662550
vt 0.638242 0.167742
vt 0.638242 0.166922
vt 0.638564 0.167262
vt 0.801690 0.500848
vt 0.801690 0.499736
vt 0.802037 0.500067
vt 0.724024 0.666306
vt 0.723712 0.666420
vt 0.723712 0.665244
vt 0.796178 0.219919
vt 0.796269 0.222486
vt 0.633679 0.166832
vt 0.633679 0.167881
vt 0.633372 0.166884
vt 0.925968 0.857469
vt 0.411079 0.185551
vt 0.413394 0.185779
vt 0.787145 0.219839
vt 0.793860 0.219820
vt 0.413715 0.585442
vt 0.411118 0.585209
vt 0.724002 0.662791
vt 0.414034 0.184912
vt 0.413392 0.185572
vt 0.406151 0.905765
vt 0.872148 0.193017
vt 0.833859 0.745829
vt 0.907500 0.183478
vt 0.448833 0.180559
vt 0.449676 0.173292
vt 0.448830 0.174483
vt 0.420314 0.906824
vt 0.454691 0.183025
vt 0.828647 0.297122
vt 0.495289 0.297120
vt 0.448833 0.814282
vt 0.408357 0.907179
vt 0.846193 0.848438
vt 0.517074 0.254240
vt 0.512113 0.779489
vt 0.732032 0.446919
vt 0.732433 0.799054
vt 0.732046 0.803024
vt 0.490756 0.159614
vt 0.472408 0.704624
vt 0.471918 0.707982
vt 0.471918 0.145339
vt 0.441104 0.282322
vt 0.440986 0.279091
vt 0.963622 0.282291
vt 0.441119 0.286634
vt 0.967387 0.286939
vt 0.929942 0.232882
vt 0.930490 0.229359
vt 0.855383 0.836575
vt 0.966503 0.282970
vt 0.963855 0.286512
vt 0.874761 0.254916
vt 0.874072 0.257636
vt 0.871670 0.254126
vt 0.967754 0.282414
vt 0.858218 0.835792
vt 0.858013 0.839853
vt 0.491768 0.278835
vt 0.930027 0.236629
vt 0.926969 0.236401
vt 0.930318 0.792070
vt 0.485804 0.288675
vt 0.527580 0.816190
vt 0.961574 0.949629
vt 0.941935 0.934137
vt 0.495118 0.911576
vt 0.497640 0.912306
vt 0.487684 0.843144
vt 0.928906 0.799128
vt 0.926723 0.803224
vt 0.505992 0.143799
vt 0.493240 0.909419
vt 0.497319 0.913409
vt 0.925151 0.895815
vt 0.924274 0.143986
vt 0.925151 0.143799
vt 0.490609 0.156252
vt 0.934991 0.424447
vt 0.934015 0.423735
vt 0.934177 0.421278
vt 0.934015 0.425986
vt 0.544357 0.114337
vt 0.911638 0.145720
vt 0.914096 0.147205
vt 0.544596 0.111684
vt 0.545865 0.114199
vt 0.926761 0.792260
vt 0.920816 0.156252
vt 0.921618 0.159747
vt 0.926736 0.796190
vt 0.930490 0.795249
vt 0.691727 0.502136
vt 0.690045 0.503494
vt 0.690045 0.499558
vt 0.720731 0.503236
vt 0.719389 0.500913
vt 0.720731 0.499558
vt 0.402392 0.801306
vt 0.508107 0.916864
vt 0.690384 0.426019
vt 0.507895 0.779404
vt 0.506712 0.258187
vt 0.567546 0.798746
vt 0.439607 0.282030
vt 0.439206 0.278370
vt 0.440584 0.851026
vt 0.925241 0.289774
vt 0.920961 0.286200
vt 0.439748 0.286562
vt 0.520266 0.320890
vt 0.439240 0.852550
vt 0.520398 0.885617
vt 0.917324 0.805084
vt 0.916207 0.801302
vt 0.965702 0.852048
vt 0.927610 0.799908
vt 0.962668 0.852774
vt 0.924594 0.798760
vt 0.868038 0.347138
vt 0.934230 0.391446
vt 0.934015 0.402185
vt 0.934015 0.384002
vt 0.858426 0.341729
vt 0.609816 0.725450
vt 0.441037 0.276324
vt 0.526782 0.314799
vt 0.860873 0.834884
vt 0.556145 0.288835
vt 0.556670 0.286469
vt 0.689960 0.415486
vt 0.527025 0.267312
vt 0.526854 0.621353
vt 0.526446 0.617221
vt 0.560068 0.285062
vt 0.403910 0.226882
vt 0.926259 0.226201
vt 0.921600 0.900877
vt 0.920758 0.904376
vt 0.531218 0.312949
vt 0.516471 0.779200
vt 0.967804 0.024822
vt 0.926343 0.024838
vt 0.943650 0.024260
vt 0.944347 0.024031
vt 0.943266 0.024038
vt 0.942702 0.024048
vt 0.953152 0.069831
vt 0.960476 0.033704
vt 0.952753 0.023122
vt 0.952851 0.022816
vt 0.967729 0.071878
vt 0.943355 0.065420
vt 0.416190 0.249133
vt 0.548497 0.242562
vt 0.416549 0.249037
vt 0.415525 0.310722
vt 0.309318 0.036674
vt 0.323499 0.050159
vt 0.325963 0.055383
vt 0.294609 0.041659
vt 0.278400 0.038346
vt 0.274441 0.042215
vt 0.311366 0.042046
vt 0.272728 0.037479
vt 0.311552 0.037221
vt 0.270701 0.042435
vt 0.309507 0.057277
vt 0.309516 0.060636
vt 0.270699 0.037481
vt 0.320672 0.061542
vt 0.325867 0.057879
vt 0.274739 0.042437
vt 0.322632 0.063110
vt 0.216529 0.049675
vt 0.221133 0.046232
vt 0.276447 0.039645
vt 0.272349 0.042239
vt 0.272395 0.038848
vt 0.272406 0.037677
vt 0.307799 0.057379
vt 0.323466 0.041381
vt 0.282824 0.042431
vt 0.325778 0.042357
vt 0.280874 0.037800
vt 0.325592 0.046970
vt 0.312182 0.063283
vt 0.323217 0.047766
vt 0.313756 0.063099
vt 0.282444 0.041055
vt 0.284467 0.037982
vt 0.290586 0.037820
vt 0.298575 0.036643
vt 0.298580 0.042505
vt 0.301478 0.038642
vt 0.214467 0.049515
vt 0.286552 0.038001
vt 0.314118 0.061357
vt 0.314119 0.063100
vt 0.280469 0.042247
vt 0.286857 0.037992
vt 0.286855 0.039249
vt 0.203826 0.045360
vt 0.278765 0.042433
vt 0.288567 0.042415
vt 0.284843 0.042429
vt 0.323012 0.748067
vt 0.319572 0.733568
vt 0.197206 0.764373
vt 0.304375 0.748450
vt 0.301060 0.748713
vt 0.315562 0.748365
vt 0.312122 0.754685
vt 0.212960 0.169811
vt 0.212983 0.169254
vt 0.213047 0.213095
vt 0.216667 0.169253
vt 0.216564 0.169218
vt 0.476164 0.341000
vt 0.188658 0.229509
vt 0.216741 0.212817
vt 0.429671 0.602388
vt 0.448831 0.811313
vt 0.453846 0.828235
vt 0.757879 0.710646
vt 0.724021 0.653851
vt 0.724021 0.656143
vt 0.723695 0.656094
vt 0.652583 0.167457
vt 0.652673 0.167457
vt 0.652644 0.167701
vt 0.454740 0.831188
vt 0.489864 0.159769
vt 0.439444 0.275571
vt 0.441320 0.852827
vt 0.220631 0.169246
vt 0.224382 0.169240
vt 0.224382 0.169247
vt 0.220631 0.169240
vt 0.220625 0.169234
vt 0.220631 0.169234
vt 0.220625 0.169228
vt 0.220619 0.169234
vt 0.220619 0.169229
vt 0.220614 0.169225
vt 0.220614 0.169230
vt 0.220609 0.169227
vt 0.220614 0.169221
vt 0.212891 0.169221
vt 0.212892 0.169227
vt 0.212889 0.169224
vt 0.212886 0.169228
vt 0.212885 0.169222
vt 0.212878 0.169230
vt 0.212883 0.169226
vt 0.212881 0.169231
vt 0.212875 0.169235
vt 0.212876 0.169229
vt 0.212873 0.169240
vt 0.212873 0.169234
vt 0.212873 0.169246
vt 0.212874 0.169240
vt 0.212875 0.169241
vt 0.212879 0.169246
vt 0.212879 0.169245
vt 0.212885 0.169244
vt 0.212879 0.169244
vt 0.212884 0.169243
vt 0.212885 0.169246
vt 0.212890 0.169243
vt 0.212890 0.169246
vt 0.212894 0.169239
vt 0.212895 0.169243
vt 0.212895 0.169246
vt 0.212899 0.169242
vt 0.212900 0.169246
vt 0.220604 0.169241
vt 0.220609 0.169236
vt 0.220609 0.169241
vt 0.220614 0.169245
vt 0.220609 0.169245
vt 0.220614 0.169240
vt 0.220619 0.169246
vt 0.220625 0.174143
vt 0.220625 0.169246
vt 0.220619 0.212782
vt 0.220614 0.212788
vt 0.220614 0.212782
vt 0.220610 0.212793
vt 0.220609 0.212788
vt 0.220605 0.212793
vt 0.220611 0.212799
vt 0.220607 0.212799
vt 0.212891 0.212810
vt 0.212897 0.212805
vt 0.212894 0.212810
vt 0.184804 0.212904
vt 0.184810 0.212903
vt 0.184808 0.212906
vt 0.184810 0.212912
vt 0.184806 0.212910
vt 0.184815 0.212916
vt 0.184810 0.212915
vt 0.184820 0.212919
vt 0.184814 0.212919
vt 0.184820 0.212917
vt 0.184826 0.212917
vt 0.184826 0.212918
vt 0.184831 0.212919
vt 0.184825 0.212919
vt 0.188580 0.212924
vt 0.184832 0.229458
vt 0.184826 0.229464
vt 0.184826 0.229458
vt 0.184820 0.229469
vt 0.184820 0.229464
vt 0.184826 0.229475
vt 0.184832 0.229470
vt 0.184832 0.229475
vt 0.184821 0.229474
vt 0.184826 0.229480
vt 0.184821 0.229479
vt 0.184827 0.229484
vt 0.184832 0.229480
vt 0.184832 0.229485
vt 0.220533 0.256099
vt 0.220538 0.256103
vt 0.220533 0.256104
vt 0.220527 0.256094
vt 0.220533 0.256094
vt 0.220532 0.256089
vt 0.220538 0.256094
vt 0.220527 0.256083
vt 0.220527 0.256089
vt 0.220533 0.256077
vt 0.220538 0.256083
vt 0.220532 0.256083
vt 0.220544 0.256082
vt 0.220538 0.256077
vt 0.220544 0.256077
vt 0.220549 0.256087
vt 0.220549 0.256082
vt 0.220544 0.256093
vt 0.220544 0.256088
vt 0.220549 0.256095
vt 0.220549 0.256091
vt 0.220549 0.256099
vt 0.220544 0.256097
vt 0.184810 0.229479
vt 0.184815 0.229478
vt 0.184815 0.229482
vt 0.184810 0.229472
vt 0.184810 0.229476
vt 0.184810 0.229467
vt 0.184815 0.229473
vt 0.184815 0.229463
vt 0.184815 0.229468
vt 0.184815 0.229458
vt 0.184810 0.229463
vt 0.184810 0.229458
vt 0.184806 0.229458
vt 0.184809 0.212919
vt 0.212873 0.212810
vt 0.212877 0.212814
vt 0.212873 0.212814
vt 0.212878 0.212810
vt 0.212883 0.212805
vt 0.212882 0.212810
vt 0.212889 0.212799
vt 0.212888 0.212805
vt 0.212890 0.212794
vt 0.212894 0.212799
vt 0.212895 0.212788
vt 0.212899 0.212793
vt 0.212895 0.212794
vt 0.212890 0.212788
vt 0.212885 0.212788
vt 0.212879 0.212788
vt 0.212885 0.212794
vt 0.212879 0.212794
vt 0.212879 0.212799
vt 0.212873 0.212794
vt 0.196332 0.212810
vt 0.196332 0.212816
vt -0.000045 0.059981
vt 0.357795 0.210569
vt -0.000045 0.216547
vt 0.197437 0.169267
vt 0.197264 0.169275
vt 0.197437 0.169261
vt 0.197092 0.169310
vt 0.197094 0.169316
vt 0.197437 0.169255
vt 0.197262 0.169263
vt 0.197437 0.169249
vt 0.197089 0.169300
vt 0.197261 0.169258
vt 0.197260 0.169254
vt 0.197437 0.169244
vt 0.179686 0.229672
vt 0.179683 0.229498
vt 0.179687 0.229498
vt 0.179678 0.229320
vt 0.179683 0.229320
vt 0.179676 0.229674
vt 0.179672 0.229499
vt 0.179678 0.229499
vt 0.179667 0.229320
vt 0.179667 0.229499
vt 0.179661 0.229499
vt 0.179665 0.229675
vt 0.179659 0.229675
vt 0.179661 0.229320
vt 0.175913 0.229495
vt 0.175913 0.229316
vt 0.175906 0.213880
vt 0.175907 0.229316
vt 0.175900 0.213880
vt 0.175901 0.229495
vt 0.175901 0.229316
vt 0.175899 0.229671
vt 0.175895 0.229495
vt 0.175896 0.229316
vt 0.175890 0.229494
vt 0.175890 0.229316
vt 0.175888 0.229669
vt 0.175885 0.229494
vt 0.195300 0.169232
vt 0.195123 0.169223
vt 0.195123 0.169218
vt 0.195471 0.169278
vt 0.195298 0.169242
vt 0.195299 0.169237
vt 0.195123 0.169233
vt 0.195123 0.169228
vt 0.195297 0.169247
vt 0.195466 0.169294
vt 0.195296 0.169253
vt 0.195295 0.169259
vt 0.195122 0.169239
vt 0.196228 0.170351
vt 0.191263 0.174146
vt 0.195122 0.169245
vt 0.179685 0.212820
vt 0.196228 0.212810
vt 0.196228 0.212816
vt 0.196234 0.212822
vt 0.196228 0.212822
vt 0.196233 0.212827
vt 0.196239 0.212822
vt 0.196239 0.212827
vt 0.196245 0.212816
vt 0.196244 0.212822
vt 0.196245 0.212810
vt 0.196250 0.212816
vt 0.196249 0.212822
vt 0.196255 0.212816
vt 0.196254 0.212822
vt 0.216749 0.256085
vt 0.216753 0.256078
vt 0.216754 0.256084
vt 0.216759 0.256090
vt 0.216759 0.256084
vt 0.216764 0.256078
vt 0.216759 0.256078
vt 0.216765 0.256090
vt 0.216770 0.256084
vt 0.216770 0.256090
vt 0.216776 0.256078
vt 0.216776 0.256084
vt 0.216776 0.249119
vt 0.220527 0.256077
vt 0.220527 0.213660
vt 0.220533 0.213482
vt 0.220533 0.213660
vt 0.220533 0.213310
vt 0.220538 0.213482
vt 0.220533 0.213147
vt 0.220527 0.213309
vt 0.220527 0.213147
vt 0.220540 0.212999
vt 0.220534 0.212998
vt 0.220529 0.212867
vt 0.220535 0.212867
vt 0.179665 0.229999
vt 0.179655 0.230141
vt 0.179659 0.230000
vt 0.179663 0.229843
vt 0.179653 0.230000
vt 0.179657 0.229844
vt 0.175909 0.229840
vt 0.175905 0.229996
vt 0.175905 0.229671
vt 0.175903 0.229840
vt 0.175899 0.229996
vt 0.175897 0.229839
vt 0.175888 0.229994
vt 0.175889 0.230136
vt 0.175883 0.230134
vt 0.175882 0.229992
vt 0.175891 0.229838
vt 0.195791 0.169431
vt 0.195924 0.169550
vt 0.195788 0.169434
vt 0.195635 0.169346
vt 0.195786 0.169438
vt 0.195916 0.169557
vt 0.195782 0.169442
vt 0.195632 0.169350
vt 0.195779 0.169447
vt 0.195630 0.169355
vt 0.195908 0.169565
vt 0.195776 0.169451
vt 0.195627 0.169360
vt 0.195772 0.169456
vt 0.195624 0.169366
vt 0.195904 0.169569
vt 0.196017 0.169701
vt 0.196113 0.169846
vt 0.196107 0.169849
vt 0.196118 0.169844
vt 0.196179 0.170007
vt 0.196174 0.170009
vt 0.196220 0.170177
vt 0.196214 0.170178
vt 0.196226 0.170176
vt 0.196234 0.170351
vt 0.196231 0.170175
vt 0.196240 0.170351
vt 0.196195 0.170002
vt 0.196237 0.170174
vt 0.196241 0.170174
vt 0.196251 0.170351
vt 0.216749 0.213315
vt 0.216754 0.213485
vt 0.216749 0.213485
vt 0.216759 0.213484
vt 0.216753 0.213662
vt 0.216764 0.213311
vt 0.216764 0.213484
vt 0.216770 0.213661
vt 0.216770 0.213483
vt 0.216776 0.213311
vt 0.216776 0.213483
vt 0.216771 0.213148
vt 0.216777 0.213148
vt 0.216771 0.213000
vt 0.216765 0.213149
vt 0.216766 0.213001
vt 0.216759 0.213150
vt 0.216754 0.213152
vt 0.216760 0.213002
vt 0.196039 0.169685
vt 0.196135 0.169835
vt 0.196132 0.169837
vt 0.196128 0.169839
vt 0.196031 0.169691
vt 0.196123 0.169841
vt 0.216777 0.212999
vt 0.216772 0.212869
vt 0.216778 0.212868
vt 0.216759 0.213312
vt 0.216770 0.213311
vt 0.216764 0.213662
vt 0.216750 0.213154
vt 0.216754 0.213313
vt 0.216749 0.213662
vt 0.196190 0.170004
vt 0.196200 0.170001
vt 0.196245 0.170351
vt 0.196234 0.205844
vt 0.196240 0.212810
vt 0.196234 0.212810
vt 0.196185 0.170006
vt 0.196022 0.169697
vt 0.195464 0.169299
vt 0.196026 0.169694
vt 0.195912 0.169561
vt 0.195920 0.169553
vt 0.196035 0.169688
vt 0.196042 0.169683
vt 0.175881 0.229835
vt 0.175878 0.229990
vt 0.216761 0.212871
vt 0.216755 0.213004
vt 0.216756 0.212874
vt 0.175878 0.230132
vt 0.175893 0.229995
vt 0.175895 0.230137
vt 0.175901 0.230137
vt 0.179668 0.229843
vt 0.179670 0.229998
vt 0.179660 0.230140
vt 0.220546 0.212870
vt 0.220551 0.213003
vt 0.220546 0.213001
vt 0.220550 0.213150
vt 0.220545 0.213149
vt 0.220549 0.213312
vt 0.220544 0.213311
vt 0.220549 0.213483
vt 0.220544 0.213483
vt 0.220549 0.213660
vt 0.220544 0.213660
vt 0.220554 0.213661
vt 0.220549 0.217451
vt 0.196305 0.212814
vt 0.196309 0.212809
vt 0.196310 0.212813
vt 0.196311 0.212816
vt 0.196308 0.212822
vt 0.196306 0.212818
vt 0.196312 0.212820
vt 0.196310 0.212825
vt 0.196316 0.212825
vt 0.196313 0.212828
vt 0.196316 0.212831
vt 0.196319 0.212828
vt 0.196322 0.212829
vt 0.196323 0.212835
vt 0.196319 0.212833
vt 0.196327 0.212836
vt 0.196325 0.212831
vt 0.196328 0.212832
vt 0.196332 0.212827
vt 0.196332 0.212832
vt 0.196330 0.212821
vt 0.196327 0.212826
vt 0.196328 0.212821
vt 0.196327 0.212820
vt 0.196324 0.212825
vt 0.196325 0.212819
vt 0.196322 0.212824
vt 0.196324 0.212818
vt 0.196320 0.212822
vt 0.196323 0.212817
vt 0.196318 0.212820
vt 0.196317 0.212817
vt 0.196322 0.212815
vt 0.196316 0.212815
vt 0.196321 0.212813
vt 0.196315 0.212812
vt 0.196320 0.212811
vt 0.196320 0.212810
vt 0.196315 0.212810
vt 0.196326 0.212810
vt 0.196320 0.205847
vt 0.196326 0.205847
vt 0.196334 0.170199
vt 0.196315 0.170374
vt 0.196329 0.170198
vt 0.196381 0.170030
vt 0.196375 0.170028
vt 0.196370 0.170026
vt 0.196442 0.169866
vt 0.196525 0.169710
vt 0.196437 0.169864
vt 0.196432 0.169861
vt 0.196521 0.169707
vt 0.196640 0.169575
vt 0.196636 0.169572
vt 0.196774 0.169460
vt 0.196921 0.169360
vt 0.196771 0.169457
vt 0.196769 0.169453
vt 0.196925 0.169368
vt 0.196928 0.169372
vt 0.196777 0.169465
vt 0.196647 0.169583
vt 0.196643 0.169579
vt 0.196538 0.169720
vt 0.196652 0.169587
vt 0.196453 0.169872
vt 0.196543 0.169724
vt 0.196386 0.170032
vt 0.196656 0.169592
vt 0.196788 0.169479
vt 0.196936 0.169388
vt 0.196784 0.169474
vt 0.196781 0.169469
vt 0.196933 0.169383
vt 0.196930 0.169377
vt 0.196360 0.170023
vt 0.196428 0.169859
vt 0.196319 0.170196
vt 0.196365 0.170025
vt 0.196323 0.170197
vt 0.196534 0.169717
vt 0.196529 0.169713
vt 0.196447 0.169869
vt 0.196340 0.170200
vt 0.196309 0.170373
vt 0.196326 0.170374
vt 0.196320 0.170374
vt 0.196315 0.174166
vt 0.196326 0.212811
vt 0.196326 0.212812
vt 0.196327 0.212812
vt 0.196327 0.212813
vt 0.196328 0.212814
vt 0.196329 0.212814
vt 0.196329 0.212815
vt 0.196330 0.212815
vt 0.196332 0.212821
vt 0.196329 0.212827
vt 0.196314 0.212823
vt 0.196309 0.174166
vt 0.196305 0.170373
vt 0.196305 0.212809
vt 0.196309 0.205847
vt 0.220554 0.213484
vt 0.220554 0.213313
vt 0.220555 0.213152
vt 0.196425 0.169857
vt 0.196518 0.169705
vt 0.196633 0.169569
vt 0.179671 0.230136
vt 0.179666 0.230138
vt 0.179674 0.229842
vt 0.179675 0.229996
vt 0.179649 0.230141
vt 0.220539 0.213148
vt 0.220541 0.212868
vt 0.220528 0.212998
vt 0.220538 0.213660
vt 0.220539 0.213310
vt 0.220527 0.213482
vt 0.216770 0.256078
vt 0.216765 0.256096
vt 0.216771 0.256096
vt 0.216766 0.256101
vt 0.216760 0.256096
vt 0.216762 0.256101
vt 0.216756 0.256096
vt 0.216758 0.256101
vt 0.216752 0.256096
vt 0.196250 0.212832
vt 0.196248 0.212827
vt 0.196252 0.212827
vt 0.196242 0.212832
vt 0.196246 0.212832
vt 0.196237 0.212837
vt 0.196238 0.212832
vt 0.196232 0.212837
vt 0.196228 0.212832
vt 0.196228 0.212837
vt 0.179685 0.212831
vt 0.179685 0.212837
vt 0.179680 0.212831
vt 0.179685 0.212826
vt 0.179679 0.212826
vt 0.179673 0.212820
vt 0.179679 0.212820
vt 0.179673 0.212814
vt 0.179668 0.212820
vt 0.179668 0.212814
vt 0.179664 0.212826
vt 0.179663 0.212820
vt 0.179663 0.212814
vt 0.179659 0.212820
vt 0.179658 0.212814
vt 0.224404 0.212789
vt 0.224407 0.212794
vt 0.224403 0.212794
vt 0.224399 0.212783
vt 0.224404 0.212783
vt 0.224398 0.212794
vt 0.224393 0.212789
vt 0.224399 0.212789
vt 0.224388 0.212783
vt 0.224394 0.212783
vt 0.224387 0.212795
vt 0.224382 0.212789
vt 0.224388 0.212789
vt 0.224382 0.212783
vt 0.220631 0.212788
vt 0.220631 0.212782
vt 0.220625 0.212794
vt 0.220631 0.212794
vt 0.220620 0.212794
vt 0.220626 0.212799
vt 0.220621 0.212799
vt 0.220616 0.212799
vt 0.220621 0.212804
vt 0.220617 0.212804
vt 0.184814 0.212893
vt 0.184820 0.212894
vt 0.184816 0.212897
vt 0.184816 0.212903
vt 0.184813 0.212899
vt 0.184819 0.212906
vt 0.184814 0.212905
vt 0.184816 0.212911
vt 0.184822 0.212912
vt 0.184821 0.212913
vt 0.184827 0.212915
vt 0.184823 0.212910
vt 0.184827 0.212915
vt 0.184828 0.212914
vt 0.184825 0.212909
vt 0.184826 0.212908
vt 0.184829 0.212914
vt 0.184828 0.212908
vt 0.184830 0.212907
vt 0.184830 0.212913
vt 0.184831 0.212913
vt 0.184832 0.212907
vt 0.188581 0.212912
vt 0.184832 0.212901
vt 0.188581 0.212906
vt 0.188582 0.212912
vt 0.188580 0.212918
vt 0.188583 0.212906
vt 0.188584 0.212912
vt 0.188588 0.212908
vt 0.188588 0.212902
vt 0.188591 0.212903
vt 0.188593 0.212899
vt 0.188594 0.212905
vt 0.188603 0.212901
vt 0.188597 0.212901
vt 0.188599 0.212898
vt 0.179667 0.212837
vt 0.179661 0.212832
vt 0.179665 0.212831
vt 0.179670 0.212831
vt 0.179675 0.212831
vt 0.179671 0.212837
vt 0.179681 0.212841
vt 0.179676 0.212837
vt 0.179680 0.212837
vt 0.188602 0.212916
vt 0.188605 0.212911
vt 0.188606 0.212915
vt 0.188599 0.212910
vt 0.188603 0.212907
vt 0.188597 0.212908
vt 0.188595 0.212913
vt 0.188593 0.212911
vt 0.188587 0.212914
vt 0.188591 0.212910
vt 0.188583 0.212918
vt 0.188584 0.212919
vt 0.188589 0.212915
vt 0.188585 0.212919
vt 0.188590 0.212917
vt 0.188585 0.212920
vt 0.188591 0.212918
vt 0.188592 0.212920
vt 0.188596 0.212916
vt 0.188597 0.212918
vt 0.188592 0.212922
vt 0.188598 0.212921
vt 0.188603 0.212920
vt 0.188598 0.212924
vt 0.188593 0.229463
vt 0.188592 0.212924
vt 0.188587 0.229463
vt 0.188593 0.229465
vt 0.188587 0.229464
vt 0.188598 0.229468
vt 0.188592 0.229466
vt 0.188601 0.229473
vt 0.188597 0.229471
vt 0.188595 0.229473
vt 0.188599 0.229476
vt 0.188603 0.229478
vt 0.188597 0.229478
vt 0.188597 0.229484
vt 0.188601 0.229482
vt 0.188592 0.229483
vt 0.188594 0.229487
vt 0.188588 0.229484
vt 0.188590 0.229488
vt 0.188586 0.229489
vt 0.216772 0.256106
vt 0.216776 0.256101
vt 0.216776 0.256106
vt 0.188581 0.229485
vt 0.188581 0.229489
vt 0.188585 0.229485
vt 0.188581 0.229480
vt 0.188584 0.229480
vt 0.188587 0.229479
vt 0.188583 0.229474
vt 0.188585 0.229474
vt 0.188587 0.229473
vt 0.188588 0.229472
vt 0.188589 0.229478
vt 0.188593 0.229475
vt 0.188591 0.229477
vt 0.188585 0.229467
vt 0.188591 0.229470
vt 0.188590 0.229471
vt 0.188586 0.229466
vt 0.188592 0.229468
vt 0.188585 0.229468
vt 0.188584 0.229468
vt 0.188583 0.229469
vt 0.188582 0.229469
vt 0.188581 0.229469
vt 0.188581 0.229475
vt 0.188595 0.229481
vt 0.188598 0.229465
vt 0.188603 0.229470
vt 0.188587 0.229465
vt 0.188599 0.229463
vt 0.188604 0.229466
vt 0.188586 0.212924
vt 0.188604 0.229463
vt 0.188586 0.212923
vt 0.188586 0.212921
vt 0.188601 0.212913
vt 0.188607 0.212919
vt 0.188603 0.212923
vt 0.179677 0.212841
vt 0.179673 0.212841
vt 0.188608 0.212909
vt 0.188606 0.212905
vt 0.224402 0.212800
vt 0.224396 0.212805
vt 0.224397 0.212800
vt 0.224391 0.212805
vt 0.224392 0.212800
vt 0.224387 0.212805
vt 0.224387 0.212800
vt 0.224382 0.212800
vt 0.224382 0.212805
vt 0.220631 0.212799
vt 0.220627 0.212809
vt 0.220631 0.212804
vt 0.220631 0.212809
vt 0.184828 0.212892
vt 0.184825 0.212897
vt 0.184823 0.212893
vt 0.184824 0.212903
vt 0.184822 0.212899
vt 0.184829 0.212902
vt 0.184826 0.212902
vt 0.184832 0.212896
vt 0.184828 0.212896
vt 0.188581 0.212901
vt 0.184832 0.212891
vt 0.188581 0.212896
vt 0.188585 0.212897
vt 0.188584 0.212901
vt 0.224382 0.212809
vt 0.224386 0.212809
vt 0.224390 0.212809
vt 0.224406 0.212800
vt 0.224400 0.212805
vt 0.188600 0.212904
vt 0.188590 0.212894
vt 0.188589 0.212898
vt 0.188595 0.212896
vt 0.188586 0.212907
vt 0.188586 0.212913
vt 0.188582 0.212918
vt 0.188581 0.212918
vt 0.184821 0.212905
vt 0.184826 0.212916
vt 0.184819 0.212900
vt 0.220626 0.212804
vt 0.220623 0.212809
vt 0.220619 0.212808
vt 0.224382 0.212795
vt 0.224394 0.205545
vt 0.224399 0.169240
vt 0.224394 0.169246
vt 0.224393 0.169240
vt 0.224403 0.169234
vt 0.224404 0.169240
vt 0.224408 0.169240
vt 0.224404 0.169246
vt 0.179659 0.169243
vt 0.179664 0.169237
vt 0.179663 0.169243
vt 0.179668 0.169249
vt 0.179663 0.169249
vt 0.179668 0.169243
vt 0.179674 0.169237
vt 0.179673 0.169243
vt 0.179679 0.169249
vt 0.179673 0.169249
vt 0.179679 0.169237
vt 0.179685 0.169243
vt 0.179679 0.169243
vt 0.179680 0.169232
vt 0.179685 0.169237
vt 0.179675 0.169232
vt 0.179680 0.169227
vt 0.179681 0.169222
vt 0.179685 0.169227
vt 0.175880 0.213872
vt 0.175883 0.213876
vt 0.175879 0.213876
vt 0.175888 0.213880
vt 0.175883 0.213880
vt 0.175889 0.213874
vt 0.175894 0.213878
vt 0.175889 0.213877
vt 0.175890 0.213872
vt 0.175895 0.213876
vt 0.175892 0.213870
vt 0.175886 0.213870
vt 0.175887 0.213867
vt 0.175886 0.213861
vt 0.175884 0.213864
vt 0.175890 0.213858
vt 0.175883 0.213858
vt 0.175887 0.213855
vt 0.224396 0.169224
vt 0.224402 0.169229
vt 0.224397 0.169229
vt 0.224391 0.169224
vt 0.224392 0.169229
vt 0.224387 0.169235
vt 0.224387 0.169229
vt 0.224382 0.169235
vt 0.224382 0.169229
vt 0.224382 0.169224
vt 0.220631 0.169228
vt 0.220631 0.169223
vt 0.224386 0.169219
vt 0.224382 0.169219
vt 0.175899 0.213859
vt 0.175901 0.213853
vt 0.175902 0.213858
vt 0.175893 0.213856
vt 0.175897 0.213854
vt 0.175892 0.213862
vt 0.175898 0.213864
vt 0.175895 0.213866
vt 0.175899 0.213870
vt 0.175893 0.213868
vt 0.175902 0.213875
vt 0.175896 0.213873
vt 0.175897 0.213871
vt 0.175902 0.213875
vt 0.175903 0.213874
vt 0.175900 0.213869
vt 0.175904 0.213874
vt 0.175902 0.213868
vt 0.175903 0.213863
vt 0.175904 0.213868
vt 0.175906 0.213868
vt 0.175906 0.213862
vt 0.175906 0.213874
vt 0.179654 0.213872
vt 0.179654 0.213877
vt 0.179654 0.213883
vt 0.179660 0.213877
vt 0.179660 0.213883
vt 0.179666 0.213878
vt 0.179660 0.213872
vt 0.179666 0.213872
vt 0.179671 0.213878
vt 0.179666 0.213883
vt 0.179676 0.213874
vt 0.179676 0.213879
vt 0.179676 0.213884
vt 0.179680 0.213880
vt 0.179680 0.213884
vt 0.212873 0.169224
vt 0.212877 0.169219
vt 0.212876 0.169224
vt 0.179680 0.213876
vt 0.179676 0.213870
vt 0.179671 0.213873
vt 0.179671 0.213868
vt 0.179665 0.213862
vt 0.179671 0.213864
vt 0.179659 0.213857
vt 0.179665 0.213858
vt 0.179654 0.213861
vt 0.179653 0.213857
vt 0.179654 0.213866
vt 0.179660 0.213862
vt 0.179660 0.213866
vt 0.179665 0.213867
vt 0.179671 0.213884
vt 0.175905 0.213874
vt 0.175900 0.213863
vt 0.175895 0.213860
vt 0.175906 0.213857
vt 0.175905 0.213853
vt 0.220625 0.169219
vt 0.220625 0.169223
vt 0.220631 0.169218
vt 0.224387 0.169224
vt 0.224390 0.169219
vt 0.224394 0.169219
vt 0.179661 0.169232
vt 0.179667 0.169227
vt 0.179665 0.169232
vt 0.179670 0.169232
vt 0.179671 0.169227
vt 0.224400 0.169224
vt 0.224406 0.169229
vt 0.224398 0.169219
vt 0.175878 0.213866
vt 0.175880 0.213862
vt 0.175890 0.213864
vt 0.175881 0.213868
vt 0.175901 0.213876
vt 0.175895 0.213874
vt 0.175900 0.213879
vt 0.175900 0.213878
vt 0.175900 0.213877
vt 0.175894 0.213880
vt 0.175884 0.213873
vt 0.175878 0.213880
vt 0.179676 0.169227
vt 0.179677 0.169222
vt 0.179685 0.169232
vt 0.179685 0.169249
vt 0.179669 0.169237
vt 0.179660 0.169237
vt 0.179658 0.169249
vt 0.224407 0.169234
vt 0.224398 0.169234
vt 0.224393 0.169235
vt 0.224388 0.169241
vt 0.224399 0.169246
vt 0.224388 0.169246
vt 0.224393 0.212795
vt 0.224404 0.174143
vt 0.224399 0.174144
vt 0.224408 0.212788
vt 0.224409 0.212782
vt 0.179663 0.174149
vt 0.224409 0.174143
vt 0.224409 0.169246
vt 0.179660 0.212826
vt 0.179669 0.212826
vt 0.179679 0.174149
vt 0.179673 0.174149
vt 0.179668 0.174149
vt 0.179679 0.212814
vt 0.179674 0.212826
vt 0.179685 0.212841
vt 0.188608 0.212923
vt 0.188608 0.229467
vt 0.188608 0.229462
vt 0.188607 0.229471
vt 0.188606 0.229475
vt 0.196241 0.212837
vt 0.188603 0.229484
vt 0.188607 0.229480
vt 0.188600 0.229487
vt 0.216764 0.256106
vt 0.216768 0.256106
vt 0.216771 0.256101
vt 0.216776 0.256096
vt 0.216776 0.256090
vt 0.216764 0.249119
vt 0.216764 0.256084
vt 0.216759 0.249119
vt 0.216755 0.256090
vt 0.216753 0.249119
vt 0.216753 0.217452
vt 0.216750 0.256090
vt 0.196251 0.205844
vt 0.196255 0.212810
vt 0.196251 0.212810
vt 0.196245 0.205844
vt 0.196240 0.212816
vt 0.196228 0.212827
vt 0.196233 0.212832
vt 0.196244 0.212827
vt 0.196234 0.212816
vt 0.179685 0.212814
vt 0.196228 0.174145
vt 0.192092 0.174146
vt 0.179685 0.205572
vt 0.183544 0.205571
vt 0.195468 0.169288
vt 0.195470 0.169283
vt 0.195637 0.169342
vt 0.195473 0.169274
vt 0.175884 0.229668
vt 0.175886 0.229837
vt 0.175886 0.229316
vt 0.175894 0.229670
vt 0.175907 0.229495
vt 0.175911 0.229671
vt 0.179673 0.229320
vt 0.179671 0.229675
vt 0.179681 0.229673
vt 0.179679 0.229841
vt 0.179683 0.229839
vt 0.212873 0.169219
vt 0.179688 0.229320
vt 0.197087 0.169295
vt 0.196923 0.169363
vt 0.197090 0.169305
vt 0.212873 0.169229
vt 0.197096 0.169321
vt 0.197264 0.169281
vt 0.197263 0.169269
vt 0.196332 0.170374
vt 0.196346 0.170201
vt 0.196331 0.212816
vt 0.196332 0.174166
vt 0.212873 0.212800
vt 0.212873 0.212788
vt 0.212884 0.212799
vt 0.212878 0.212805
vt 0.212873 0.212805
vt 0.196332 0.212836
vt 0.184806 0.229462
vt 0.184806 0.229466
vt 0.184806 0.229470
vt 0.196313 0.212834
vt 0.196318 0.212837
vt 0.196310 0.212831
vt 0.196307 0.212827
vt 0.220554 0.256090
vt 0.220554 0.256086
vt 0.220549 0.256077
vt 0.220554 0.256082
vt 0.220549 0.249118
vt 0.220538 0.217451
vt 0.220533 0.217451
vt 0.220533 0.249118
vt 0.220538 0.256088
vt 0.220527 0.256100
vt 0.220538 0.256098
vt 0.220544 0.256101
vt 0.220527 0.256104
vt 0.184821 0.229483
vt 0.184820 0.229458
vt 0.184826 0.229470
vt 0.184832 0.229464
vt 0.188581 0.229463
vt 0.188586 0.229466
vt 0.188586 0.212922
vt 0.184831 0.212913
vt 0.184820 0.212915
vt 0.184815 0.212913
vt 0.184805 0.212914
vt 0.184812 0.212908
vt 0.184818 0.212909
vt 0.212881 0.212814
vt 0.212885 0.212814
vt 0.212887 0.212810
vt 0.184810 0.212896
vt 0.184807 0.212900
vt 0.220613 0.212804
vt 0.220609 0.212804
vt 0.212893 0.212805
vt 0.212898 0.212799
vt 0.220615 0.212794
vt 0.220604 0.212788
vt 0.220609 0.212782
vt 0.220625 0.212788
vt 0.220619 0.212788
vt 0.220625 0.212782
vt 0.220609 0.205544
vt 0.220614 0.205544
vt 0.220614 0.174143
vt 0.220609 0.169231
vt 0.220604 0.169237
vt 0.220604 0.169233
vt 0.212891 0.169233
vt 0.212897 0.169234
vt 0.212893 0.169236
vt 0.212885 0.169234
vt 0.212887 0.169236
vt 0.212880 0.169237
vt 0.212881 0.169238
vt 0.212876 0.169241
vt 0.212877 0.169241
vt 0.212878 0.169243
vt 0.212883 0.169239
vt 0.212884 0.169241
vt 0.212878 0.169244
vt 0.212877 0.169242
vt 0.212888 0.169238
vt 0.220614 0.169235
vt 0.220604 0.169245
vt 0.212900 0.212787
vt 0.212895 0.205549
vt 0.212900 0.205549
vt 0.220604 0.212782
vt 0.212889 0.169241
vt 0.212898 0.169238
vt 0.212885 0.205549
vt 0.212890 0.205549
vt 0.212879 0.205549
vt 0.212877 0.169235
vt 0.212878 0.169236
vt 0.212883 0.169232
vt 0.212880 0.169225
vt 0.179680 0.213872
vt 0.212889 0.169230
vt 0.212895 0.169230
vt 0.212887 0.169218
vt 0.179676 0.213866
vt 0.212894 0.169224
vt 0.212897 0.169228
vt 0.179671 0.213860
vt 0.179676 0.213862
vt 0.220619 0.169220
vt 0.220619 0.169224
vt 0.220619 0.169240
vt 0.220625 0.169240
vt 0.220631 0.174143
vt 0.220631 0.205544
vt 0.224382 0.205545
vt 0.220625 0.205544
vt 0.220619 0.191597
vt 0.220625 0.191597
vt 0.357795 0.757921
vt -0.000045 0.518235
vt 0.357795 0.506280
vt 0.187956 0.192167
vt 0.187404 0.191614
vt 0.216776 0.233093
vt 0.220527 0.235452
vt 0.216776 0.235453
vt 0.196234 0.189802
vt 0.196240 0.192164
vt 0.196234 0.192164
vt 0.220554 0.249118
vt 0.220549 0.235452
vt 0.220554 0.235452
vt 0.196320 0.189814
vt 0.196326 0.192175
vt 0.196320 0.192175
vt 0.196315 0.192175
vt 0.196315 0.205847
vt 0.196309 0.192175
vt 0.196305 0.189814
vt 0.196305 0.192175
vt 0.216770 0.233093
vt 0.216770 0.235453
vt 0.224388 0.180518
vt 0.224394 0.191598
vt 0.224388 0.191598
vt 0.224404 0.205545
vt 0.224399 0.191598
vt 0.224404 0.191598
vt 0.224399 0.205545
vt 0.179663 0.205572
vt 0.179658 0.191616
vt 0.179663 0.191616
vt 0.224409 0.205545
vt 0.224409 0.191598
vt 0.179679 0.205572
vt 0.179673 0.191616
vt 0.179679 0.191616
vt 0.179673 0.205572
vt 0.179668 0.191616
vt 0.179668 0.205572
vt 0.216764 0.233093
vt 0.216764 0.235453
vt 0.216759 0.233093
vt 0.216759 0.235453
vt 0.216753 0.233094
vt 0.216753 0.235454
vt 0.216749 0.235454
vt 0.196251 0.189802
vt 0.196255 0.192165
vt 0.196251 0.192165
vt 0.196240 0.189802
vt 0.196245 0.192164
vt 0.196245 0.189802
vt 0.179685 0.191616
vt 0.196228 0.189802
vt 0.196228 0.192164
vt 0.196228 0.205844
vt 0.179685 0.180528
vt 0.196332 0.205847
vt 0.196332 0.192175
vt 0.220544 0.233092
vt 0.220544 0.235452
vt 0.220544 0.249118
vt 0.220538 0.235452
vt 0.220538 0.249118
vt 0.220533 0.235452
vt 0.220527 0.233092
vt 0.220609 0.180517
vt 0.220614 0.191597
vt 0.220609 0.191597
vt 0.212895 0.180519
vt 0.212900 0.191600
vt 0.212895 0.191601
vt 0.220604 0.180517
vt 0.220604 0.191597
vt 0.212885 0.180519
vt 0.212890 0.191601
vt 0.212885 0.191601
vt 0.212890 0.180519
vt 0.212879 0.180519
vt 0.212879 0.191601
vt 0.212873 0.180519
vt 0.212873 0.191601
vt 0.220631 0.191597
vt 0.224382 0.180518
vt 0.224382 0.191598
vt 0.220527 0.249118
vt 0.196240 0.205844
vt 0.196305 0.205847
vt 0.216770 0.249119
vt 0.224388 0.205545
vt 0.196255 0.205844
vt 0.220604 0.205544
vt 0.212873 0.205549
vt 0.220619 0.205544
vt 0.183821 0.205847
vt 0.220554 0.256077
vt 0.179658 0.205572
vt 0.216749 0.256079
vt 0.216749 0.249120
vt 0.220625 0.180517
vt 0.220619 0.174143
vt 0.189333 0.180526
vt 0.220554 0.233092
vt 0.220554 0.217451
vt 0.196320 0.174166
vt 0.196315 0.189814
vt 0.224404 0.180518
vt 0.224399 0.180518
vt 0.224394 0.174144
vt 0.179663 0.180528
vt 0.179658 0.174150
vt 0.224409 0.180518
vt 0.179679 0.180528
vt 0.179673 0.180528
vt 0.179668 0.180528
vt 0.216749 0.217452
vt 0.179685 0.174149
vt 0.196332 0.180541
vt 0.196326 0.174166
vt 0.220544 0.217451
vt 0.220538 0.233092
vt 0.220619 0.180517
vt 0.220631 0.180517
vt 0.212873 0.174144
vt 0.216776 0.213661
vt 0.220527 0.217451
vt 0.216776 0.217452
vt 0.196240 0.174145
vt 0.196234 0.174145
vt 0.196305 0.174166
vt 0.216770 0.217452
vt 0.224388 0.174144
vt 0.216764 0.217452
vt 0.216759 0.213662
vt 0.216759 0.217452
vt 0.196255 0.174145
vt 0.196251 0.174145
vt 0.196245 0.174145
vt 0.220609 0.174142
vt 0.212900 0.174144
vt 0.212895 0.174144
vt 0.220604 0.174142
vt 0.212890 0.174144
vt 0.212885 0.174144
vt 0.212879 0.174144
vt 0.224382 0.174144
vt 0.146267 0.218850
vt 0.145896 0.214070
vt 0.146267 0.213874
vt 0.196326 0.189814
vt 0.196309 0.189814
vt 0.224394 0.180518
vt 0.196255 0.189802
vt 0.220549 0.233092
vt 0.220533 0.233092
vt 0.220614 0.180517
vt 0.212900 0.180519
vt 0.190024 0.189804
vt 0.179658 0.180528
vt 0.216749 0.233094
vt 0.220609 0.169223
vt 0.184805 0.212918
vt 0.357795 0.059981
vt 0.197437 0.169239
vt 0.195926 0.169547
vt 0.196255 0.170351
vt 0.216767 0.212870
vt 0.220552 0.212872
vt 0.216754 0.256101
vt 0.184818 0.212891
vt 0.179664 0.212837
vt 0.224404 0.212805
vt 0.179685 0.169222
vt 0.179664 0.169227
vt 0.224404 0.169224
vt 0.179673 0.169222
vt 0.196244 0.212837
vt 0.216760 0.256106
vt 0.220554 0.256093
vt 0.212881 0.169220
vt 0.220604 0.169229
vt -0.000045 0.757921
vt 0.180883 0.223451
vt 0.180522 0.213101
vt 0.180883 0.212891
vt 0.209882 0.179825
vt 0.199323 0.179839
vt 0.199323 0.174860
vt 0.209882 0.174846
vt 0.335572 0.962090
vt 0.018903 0.819210
vt 0.335572 0.819210
vt 0.018903 0.962090
vt 0.145479 0.213874
vt 0.145847 0.218655
vt 0.145479 0.218852
vt 0.180110 0.212891
vt 0.180473 0.223240
vt 0.180110 0.223449
vt 0.145896 0.218636
vt 0.180522 0.223224
vt 0.145847 0.214088
vt 0.180473 0.213118
s 1
f 30/1/1 35/2/2 34/3/3
f 82/4/4 78/5/5 75/6/6
f 75/7/6 68/8/7 74/9/8
f 73/10/9 65/11/10 11/12/11
f 48/13/12 47/14/13 13/15/14
f 54/16/15 49/17/16 52/18/17
f 52/18/17 55/19/18 54/16/15
f 70/20/19 66/21/20 73/10/9
f 65/11/10 73/10/9 66/21/20
f 73/10/9 10/22/21 9/23/22
f 10/22/21 73/10/9 11/12/11
f 73/10/9 9/23/22 68/8/7
f 76/24/23 75/6/6 74/25/8
f 68/8/7 75/7/6 81/26/24
f 21/27/25 23/28/26 32/29/27
f 22/30/28 6/31/29 29/32/30
f 32/29/27 33/33/31 39/34/32
f 44/35/33 59/36/34 45/37/35
f 18/38/36 46/39/37 42/40/38
f 125/41/39 98/42/40 107/43/41
f 127/44/42 97/45/43 107/43/41
f 247/46/44 246/47/45 222/48/46
f 358/49/47 245/50/48 222/48/46
f 338/51/49 150/52/50 85/53/51
f 269/54/52 268/55/53 250/56/54
f 372/57/55 222/48/46 373/58/56
f 279/59/57 373/60/56 375/61/58
f 373/60/56 280/62/59 375/61/58
f 267/63/60 268/55/53 295/64/61
f 231/65/62 338/51/49 85/53/51
f 360/66/63 358/49/47 222/48/46
f 361/67/64 360/66/63 222/48/46
f 362/68/65 361/67/64 222/48/46
f 363/69/66 362/68/65 222/48/46
f 365/70/67 363/69/66 222/48/46
f 217/71/68 365/70/67 222/48/46
f 366/72/69 217/71/68 222/48/46
f 218/73/70 366/72/69 222/48/46
f 367/74/71 218/73/70 222/48/46
f 219/75/72 367/74/71 222/48/46
f 368/76/73 219/75/72 222/48/46
f 220/77/74 368/76/73 222/48/46
f 370/78/75 220/77/74 222/48/46
f 221/79/76 370/78/75 222/48/46
f 372/57/55 221/79/76 222/48/46
f 248/80/77 374/81/78 222/48/46
f 376/82/79 248/80/77 222/48/46
f 378/83/80 376/82/79 222/48/46
f 379/84/81 378/83/80 222/48/46
f 380/85/82 379/84/81 222/48/46
f 382/86/83 380/85/82 222/48/46
f 383/87/84 382/86/83 222/48/46
f 384/88/85 383/87/84 222/48/46
f 385/89/86 384/88/85 222/48/46
f 386/90/87 385/89/86 222/48/46
f 388/91/88 386/90/87 222/48/46
f 389/92/89 388/91/88 222/48/46
f 249/93/90 389/92/89 222/48/46
f 390/94/91 249/93/90 222/48/46
f 223/95/92 390/94/91 222/48/46
f 268/55/53 223/95/92 222/48/46
f 250/56/54 268/55/53 222/48/46
f 245/50/48 247/46/44 222/48/46
f 391/96/93 250/56/54 222/48/46
f 246/47/45 391/96/93 222/48/46
f 184/97/42 127/44/42 107/43/41
f 201/98/42 184/97/42 107/43/41
f 182/99/94 201/98/42 107/43/41
f 200/100/95 182/99/94 107/43/41
f 114/101/96 200/100/95 107/43/41
f 199/102/97 114/101/96 107/43/41
f 113/103/98 199/102/97 107/43/41
f 198/104/99 113/103/98 107/43/41
f 112/105/100 198/104/99 107/43/41
f 197/106/101 112/105/100 107/43/41
f 111/107/102 197/106/101 107/43/41
f 196/108/103 111/107/102 107/43/41
f 110/109/104 196/108/103 107/43/41
f 195/110/105 110/109/104 107/43/41
f 109/111/106 195/110/105 107/43/41
f 194/112/107 109/111/106 107/43/41
f 108/113/108 194/112/107 107/43/41
f 193/114/109 108/113/108 107/43/41
f 106/115/110 192/116/111 107/43/41
f 191/117/112 106/115/110 107/43/41
f 105/118/113 191/117/112 107/43/41
f 190/119/114 105/118/113 107/43/41
f 104/120/115 190/119/114 107/43/41
f 189/121/116 104/120/115 107/43/41
f 103/122/116 189/121/116 107/43/41
f 188/123/117 103/122/116 107/43/41
f 102/124/118 188/123/117 107/43/41
f 187/125/119 102/124/118 107/43/41
f 101/126/120 187/125/119 107/43/41
f 100/127/121 101/126/120 107/43/41
f 186/128/122 100/127/121 107/43/41
f 126/129/123 186/128/122 107/43/41
f 97/45/43 125/41/39 107/43/41
f 99/130/39 126/129/123 107/43/41
f 98/42/40 99/130/39 107/43/41
f 614/131/124 438/132/125 437/133/126
f 596/134/127 450/135/128 426/136/129
f 595/137/130 428/138/131 426/136/129
f 594/139/132 595/137/130 426/136/129
f 593/140/133 594/139/132 426/136/129
f 592/141/134 593/140/133 426/136/129
f 590/142/135 592/141/134 426/136/129
f 427/143/136 590/142/135 426/136/129
f 587/144/137 427/143/136 426/136/129
f 425/145/138 586/146/139 426/136/129
f 424/147/140 425/145/138 426/136/129
f 584/148/141 424/147/140 426/136/129
f 583/149/142 584/148/141 426/136/129
f 581/150/143 583/149/142 426/136/129
f 579/151/144 581/150/143 426/136/129
f 578/152/145 579/151/144 426/136/129
f 576/153/146 578/152/145 426/136/129
f 575/154/147 576/153/146 426/136/129
f 573/155/148 575/154/147 426/136/129
f 572/156/149 573/155/148 426/136/129
f 571/157/150 572/156/149 426/136/129
f 569/158/151 571/157/150 426/136/129
f 568/159/152 569/158/151 426/136/129
f 567/160/153 568/159/152 426/136/129
f 423/161/154 567/160/153 426/136/129
f 565/162/155 423/161/154 426/136/129
f 563/163/156 565/162/155 426/136/129
f 562/164/157 563/163/156 426/136/129
f 560/165/158 562/164/157 426/136/129
f 558/166/159 560/165/158 426/136/129
f 557/167/160 558/166/159 426/136/129
f 556/168/161 557/167/160 426/136/129
f 422/169/162 556/168/161 426/136/129
f 449/170/163 422/169/162 426/136/129
f 448/171/164 449/170/163 426/136/129
f 428/138/131 596/134/127 426/136/129
f 450/135/128 453/172/165 426/136/129
f 453/172/165 448/171/164 426/136/129
f 666/173/166 601/174/167 683/175/168
f 602/176/169 675/177/170 683/175/168
f 691/178/171 661/179/172 605/180/173
f 690/181/174 661/179/172 645/182/175
f 667/183/176 602/176/169 683/175/168
f 676/184/177 667/183/176 683/175/168
f 603/185/178 676/184/177 683/175/168
f 668/186/179 603/185/178 683/175/168
f 669/187/180 668/186/179 683/175/168
f 677/188/181 669/187/180 683/175/168
f 678/189/182 677/188/181 683/175/168
f 679/190/183 678/189/182 683/175/168
f 604/191/184 679/190/183 683/175/168
f 680/192/185 604/191/184 683/175/168
f 681/193/186 680/192/185 683/175/168
f 682/194/187 681/193/186 683/175/168
f 685/195/188 684/196/189 683/175/168
f 686/197/190 685/195/188 683/175/168
f 687/198/191 686/197/190 683/175/168
f 688/199/192 687/198/191 683/175/168
f 689/200/193 688/199/192 683/175/168
f 690/181/174 689/200/193 683/175/168
f 605/180/173 690/181/174 683/175/168
f 691/178/171 605/180/173 683/175/168
f 692/201/194 691/178/171 683/175/168
f 693/202/195 692/201/194 683/175/168
f 694/203/196 693/202/195 683/175/168
f 606/204/197 694/203/196 683/175/168
f 607/205/198 606/204/197 683/175/168
f 695/206/199 607/205/198 683/175/168
f 608/207/200 695/206/199 683/175/168
f 671/208/201 608/207/200 683/175/168
f 609/209/202 671/208/201 683/175/168
f 673/210/203 609/209/202 683/175/168
f 613/211/204 673/210/203 683/175/168
f 600/212/205 613/211/204 683/175/168
f 675/177/170 666/173/166 683/175/168
f 601/174/167 612/213/205 683/175/168
f 612/213/205 600/212/205 683/175/168
f 614/131/124 633/214/206 438/132/125
f 965/215/207 913/216/208 984/217/209
f 909/218/210 912/219/211 984/217/209
f 999/220/212 909/218/210 984/217/209
f 968/221/213 999/220/212 984/217/209
f 913/216/208 994/222/119 984/217/209
f 994/222/119 1000/223/214 984/217/209
f 1000/223/214 910/224/215 984/217/209
f 883/225/216 729/226/217 703/227/218
f 853/228/219 852/229/220 703/227/218
f 774/230/221 756/231/222 861/232/223
f 861/232/223 701/233/224 757/234/225
f 861/232/223 756/231/222 700/235/226
f 755/236/227 772/237/228 754/238/229
f 772/237/228 753/239/230 754/238/229
f 733/240/231 922/241/232 885/242/233
f 854/243/234 853/228/219 703/227/218
f 696/244/235 854/243/234 703/227/218
f 855/245/236 696/244/235 703/227/218
f 857/246/237 855/245/236 703/227/218
f 858/247/238 857/246/237 703/227/218
f 859/248/239 858/247/238 703/227/218
f 697/249/240 859/248/239 703/227/218
f 698/250/241 697/249/240 703/227/218
f 699/251/242 698/250/241 703/227/218
f 860/252/243 699/251/242 703/227/218
f 700/235/226 860/252/243 703/227/218
f 861/232/223 700/235/226 703/227/218
f 701/233/224 861/232/223 703/227/218
f 862/253/244 701/233/224 703/227/218
f 702/254/245 862/253/244 703/227/218
f 864/255/246 702/254/245 703/227/218
f 727/256/247 864/255/246 703/227/218
f 865/257/248 727/256/247 703/227/218
f 867/258/249 865/257/248 703/227/218
f 868/259/250 867/258/249 703/227/218
f 869/260/251 868/259/250 703/227/218
f 871/261/252 869/260/251 703/227/218
f 728/262/253 871/261/252 703/227/218
f 872/263/254 728/262/253 703/227/218
f 873/264/255 872/263/254 703/227/218
f 874/265/256 873/264/255 703/227/218
f 877/266/257 874/265/256 703/227/218
f 878/267/258 877/266/257 703/227/218
f 879/268/259 878/267/258 703/227/218
f 880/269/260 879/268/259 703/227/218
f 729/226/217 882/270/261 703/227/218
f 730/271/262 883/225/216 703/227/218
f 910/224/215 995/272/263 984/217/209
f 995/272/263 996/273/264 984/217/209
f 996/273/264 997/274/265 984/217/209
f 998/275/266 968/221/213 984/217/209
f 997/274/265 998/275/266 984/217/209
f 912/219/211 908/276/267 984/217/209
f 908/276/267 969/277/210 984/217/209
f 969/277/210 970/278/268 984/217/209
f 970/278/268 971/279/269 984/217/209
f 971/279/269 972/280/268 984/217/209
f 972/280/268 973/281/270 984/217/209
f 973/281/270 974/282/271 984/217/209
f 974/282/271 975/283/272 984/217/209
f 975/283/272 976/284/273 984/217/209
f 976/284/273 977/285/274 984/217/209
f 977/285/274 978/286/275 984/217/209
f 978/286/275 979/287/276 984/217/209
f 979/287/276 980/288/277 984/217/209
f 980/288/277 981/289/278 984/217/209
f 981/289/278 982/290/279 984/217/209
f 982/290/279 983/291/280 984/217/209
f 985/292/281 986/293/282 984/217/209
f 986/293/282 987/294/283 984/217/209
f 987/294/283 988/295/284 984/217/209
f 988/295/284 989/296/285 984/217/209
f 989/296/285 990/297/286 984/217/209
f 990/297/286 991/298/287 984/217/209
f 991/298/287 992/299/288 984/217/209
f 993/300/289 965/215/207 984/217/209
f 992/299/288 993/300/289 984/217/209
f 712/301/290 733/240/231 885/242/233
f 852/229/220 726/302/291 703/227/218
f 726/302/291 749/303/292 703/227/218
f 749/303/292 730/271/262 703/227/218
f 1227/304/293 1019/305/294 1133/306/295
f 1279/307/296 1215/308/297 1220/309/209
f 1216/310/298 1288/311/299 1220/309/209
f 1280/312/300 1216/310/298 1220/309/209
f 1289/313/301 1280/312/300 1220/309/209
f 1217/314/302 1289/313/301 1220/309/209
f 1281/315/303 1217/314/302 1220/309/209
f 1282/316/304 1281/315/303 1220/309/209
f 1290/317/305 1282/316/304 1220/309/209
f 1291/318/306 1290/317/305 1220/309/209
f 1292/319/307 1291/318/306 1220/309/209
f 1293/320/308 1292/319/307 1220/309/209
f 1294/321/309 1293/320/308 1220/309/209
f 1295/322/310 1294/321/309 1220/309/209
f 1218/323/311 1295/322/310 1220/309/209
f 1296/324/312 1218/323/311 1220/309/209
f 1297/325/313 1296/324/312 1220/309/209
f 1298/326/314 1297/325/313 1220/309/209
f 1299/327/315 1298/326/314 1220/309/209
f 1300/328/316 1299/327/315 1220/309/209
f 1301/329/317 1300/328/316 1220/309/209
f 1302/330/318 1301/329/317 1220/309/209
f 1303/331/319 1302/330/318 1220/309/209
f 1304/332/320 1303/331/319 1220/309/209
f 1305/333/321 1304/332/320 1220/309/209
f 1306/334/322 1305/333/321 1220/309/209
f 1307/335/323 1306/334/322 1220/309/209
f 1308/336/324 1307/335/323 1220/309/209
f 1219/337/325 1308/336/324 1220/309/209
f 1221/338/326 1309/339/327 1220/309/209
f 1284/340/328 1221/338/326 1220/309/209
f 1222/341/329 1284/340/328 1220/309/209
f 1286/342/330 1222/341/329 1220/309/209
f 1226/343/331 1286/342/330 1220/309/209
f 1214/344/332 1226/343/331 1220/309/209
f 1288/311/299 1279/307/296 1220/309/209
f 1215/308/297 1225/345/333 1220/309/209
f 1225/345/333 1214/344/332 1220/309/209
f 1175/346/334 1176/347/335 1008/348/336
f 1192/349/337 1011/350/338 1008/348/336
f 1034/351/339 1192/349/337 1008/348/336
f 1191/352/340 1034/351/339 1008/348/336
f 1189/353/341 1191/352/340 1008/348/336
f 1188/354/342 1189/353/341 1008/348/336
f 1187/355/343 1188/354/342 1008/348/336
f 1010/356/344 1187/355/343 1008/348/336
f 1185/357/345 1010/356/344 1008/348/336
f 1182/358/346 1185/357/345 1008/348/336
f 1009/359/347 1182/358/346 1008/348/336
f 1181/360/348 1009/359/347 1008/348/336
f 1179/361/349 1033/362/350 1008/348/336
f 1032/363/351 1174/364/352 1008/348/336
f 1160/365/353 1004/366/354 1058/367/355
f 1163/368/356 1058/369/355 1162/370/357
f 1074/371/358 1061/372/359 1060/373/360
f 1172/374/361 1032/363/351 1008/348/336
f 1171/375/362 1172/374/361 1008/348/336
f 1168/376/363 1171/375/362 1008/348/336
f 1007/377/364 1168/376/363 1008/348/336
f 1166/378/365 1007/377/364 1008/348/336
f 1006/379/366 1166/378/365 1008/348/336
f 1165/380/367 1006/379/366 1008/348/336
f 1005/381/368 1165/380/367 1008/348/336
f 1164/382/369 1005/381/368 1008/348/336
f 1161/383/370 1164/382/369 1008/348/336
f 1160/365/353 1161/383/370 1008/348/336
f 1004/366/354 1160/365/353 1008/348/336
f 1157/384/371 1004/366/354 1008/348/336
f 1003/385/372 1157/384/371 1008/348/336
f 1156/386/373 1003/385/372 1008/348/336
f 1002/387/374 1156/386/373 1008/348/336
f 1031/388/375 1002/387/374 1008/348/336
f 1174/364/352 1175/346/334 1008/348/336
f 1178/389/376 1179/361/349 1008/348/336
f 1176/347/335 1178/389/376 1008/348/336
f 1227/304/293 1246/390/377 1019/305/294
f 1011/350/338 1054/391/378 1008/348/336
f 1001/392/379 1031/388/375 1008/348/336
f 1054/391/378 1001/392/379 1008/348/336
f 1565/393/380 1311/394/381 1310/395/382
f 1548/396/383 1317/397/384 1311/394/381
f 1315/398/385 1317/397/384 1548/396/383
f 1548/396/383 1549/399/386 1314/400/387
f 1549/399/386 1524/401/388 1424/402/389
f 1547/403/390 1446/404/391 1445/405/392
f 1532/406/393 1521/407/394 1444/408/395
f 1444/408/395 1413/409/396 1434/410/397
f 1433/411/398 1442/412/399 1420/413/400
f 1416/414/401 1419/415/402 1505/416/403
f 1380/417/404 1404/418/405 1329/419/406
f 1381/420/407 1382/421/408 1545/422/409
f 1401/423/410 1405/424/411 1397/425/412
f 1517/426/413 1415/427/414 1412/428/415
f 1432/429/416 1517/426/413 1519/430/417
f 1414/431/418 1519/430/417 1511/432/419
f 1477/433/420 1466/434/421 1452/435/422
f 1451/436/423 1602/437/424 1601/438/425
f 1451/436/423 1603/439/426 1602/437/424
f 1451/436/423 1604/440/427 1603/439/426
f 1451/436/423 1595/441/428 1604/440/427
f 1451/436/423 1407/442/429 1595/441/428
f 1383/443/430 1406/444/431 1407/442/429
f 1312/445/432 1406/444/431 1383/443/430
f 1410/446/433 1411/447/434 1386/448/435
f 1507/449/436 1501/450/437 1398/451/438
f 1411/452/434 1509/453/439 1507/449/436
f 1411/452/434 1379/454/440 1389/455/441
f 1411/452/434 1507/449/436 1379/454/440
f 1409/456/442 1410/446/433 1385/457/443
f 1411/447/434 1389/458/441 1386/448/435
f 1410/446/433 1386/448/435 1385/457/443
f 1378/459/444 1383/443/430 1384/460/445
f 1455/461/446 1313/462/447 1312/445/432
f 1455/461/446 1596/463/448 1313/462/447
f 1312/445/432 1357/464/449 1455/461/446
f 1312/445/432 1383/443/430 1357/464/449
f 1451/436/423 1408/465/450 1407/442/429
f 1452/435/422 1475/466/451 1451/436/423
f 1455/461/446 1477/433/420 1596/463/448
f 1477/433/420 1597/467/452 1596/463/448
f 1477/433/420 1598/468/453 1597/467/452
f 1477/433/420 1599/469/454 1598/468/453
f 1477/433/420 1600/470/455 1599/469/454
f 1477/433/420 1601/438/425 1600/470/455
f 1477/433/420 1451/436/423 1601/438/425
f 1477/433/420 1452/435/422 1451/436/423
f 1455/461/446 1454/471/456 1477/433/420
f 1466/434/421 1453/472/457 1452/435/422
f 1408/465/450 1384/460/445 1383/443/430
f 1383/443/430 1407/442/429 1408/465/450
f 1409/456/442 1385/457/443 1384/460/445
f 1408/465/450 1409/456/442 1384/460/445
f 1509/453/439 1511/432/419 1519/430/417
f 1421/473/458 1432/429/416 1519/430/417
f 1420/413/400 1519/430/417 1414/431/418
f 1420/413/400 1421/473/458 1519/430/417
f 1431/474/459 1420/475/400 1414/476/418
f 1432/429/416 1434/410/397 1517/426/413
f 1434/410/397 1413/409/396 1517/426/413
f 1413/409/396 1415/427/414 1517/426/413
f 1501/450/437 1412/428/415 1387/477/460
f 1501/450/437 1387/477/460 1398/451/438
f 1507/449/436 1398/451/438 1379/454/440
f 1388/478/461 1402/479/462 1387/477/460
f 1394/480/463 1389/455/441 1379/454/440
f 1412/428/415 1388/478/461 1387/477/460
f 1412/428/415 1415/427/414 1388/478/461
f 1402/479/462 1401/423/410 1394/480/463
f 1381/420/407 1545/422/409 1544/481/464
f 1382/421/408 1546/482/465 1545/422/409
f 1382/421/408 1543/483/466 1546/482/465
f 1382/421/408 1405/484/411 1543/483/466
f 1405/424/411 1401/423/410 1543/485/466
f 1401/423/410 1520/486/467 1543/485/466
f 1401/423/410 1402/479/462 1520/486/467
f 1402/479/462 1539/487/468 1520/486/467
f 1402/479/462 1388/478/461 1521/407/394
f 1402/479/462 1521/407/394 1539/487/468
f 1546/488/465 1543/485/466 1542/489/469
f 1404/418/405 1381/420/407 1544/481/464
f 1404/418/405 1544/481/464 1329/419/406
f 1554/490/470 1448/491/471 1462/492/472
f 1554/490/470 1447/493/473 1448/491/471
f 1426/494/474 1416/414/401 1418/495/475
f 1504/496/476 1418/495/475 1417/497/477
f 1416/414/401 1417/497/477 1418/495/475
f 1416/414/401 1505/416/403 1417/497/477
f 1431/474/459 1414/476/418 1419/415/402
f 1416/414/401 1431/474/459 1419/415/402
f 1420/413/400 1431/498/459 1433/411/398
f 1521/407/394 1413/409/396 1444/408/395
f 1547/403/390 1532/406/393 1444/408/395
f 1523/499/478 1547/403/390 1445/405/392
f 1547/403/390 1444/408/395 1446/404/391
f 1523/499/478 1524/500/388 1530/501/479
f 1530/501/479 1531/502/480 1523/499/478
f 1363/503/481 1362/504/482 1364/505/483
f 1364/505/483 1366/506/484 1365/507/485
f 1523/508/478 1445/509/392 1425/510/486
f 1524/401/388 1523/508/478 1425/510/486
f 1524/401/388 1425/510/486 1424/402/389
f 1347/511/487 1348/512/488 1349/513/489
f 1341/514/490 1350/515/491 1351/516/492
f 1337/517/493 1351/516/492 1350/515/491
f 1350/515/491 1349/513/489 1337/517/493
f 1549/399/386 1424/402/389 1428/518/494
f 1549/399/386 1428/518/494 1314/400/387
f 1314/400/387 1315/398/385 1548/396/383
f 1316/519/495 1315/398/385 1564/520/496
f 1315/398/385 1314/400/387 1564/520/496
f 1310/395/382 1320/521/497 1565/393/380
f 1565/393/380 1333/522/498 1311/394/381
f 1333/522/498 1548/396/383 1311/394/381
f 1320/521/497 1319/523/499 1565/393/380
f 1320/521/497 1321/524/500 1319/523/499
f 1321/524/500 1322/525/501 1319/523/499
f 1322/525/501 1323/526/502 1319/523/499
f 1323/526/502 1324/527/503 1319/523/499
f 1324/527/503 1325/528/504 1319/523/499
f 1325/528/504 1326/529/505 1319/523/499
f 1326/529/505 1327/530/506 1319/523/499
f 1327/530/506 1316/519/495 1319/523/499
f 1316/519/495 1564/520/496 1319/523/499
f 1319/523/499 1594/531/507 1565/393/380
f 1319/523/499 1567/532/508 1594/531/507
f 1564/520/496 1318/533/509 1319/523/499
f 1318/533/509 1566/534/510 1319/523/499
f 1610/535/511 1712/536/512 1657/537/513
f 1628/538/514 1622/539/515 1623/540/516
f 1625/541/517 1626/542/518 1633/543/519
f 1692/544/520 1689/545/521 1690/546/522
f 1653/547/523 1656/548/524 1660/549/525
f 1655/550/526 1653/547/523 1660/549/525
f 1612/551/527 1719/552/528 1614/553/529
f 1732/554/530 1718/555/531 1719/552/528
f 1732/556/530 1716/557/532 1718/558/531
f 1615/559/533 1616/560/534 1701/561/535
f 1611/562/536 1723/563/537 1728/564/538
f 1618/565/539 1729/566/540 1722/567/541
f 1611/562/536 1713/568/542 1712/536/512
f 1611/562/536 1714/569/543 1713/568/542
f 1723/563/537 1724/570/544 1728/564/538
f 1728/564/538 1724/570/544 1732/556/530
f 1639/571/545 1643/572/546 1648/573/547
f 1617/574/548 1631/575/549 1624/576/550
f 1621/577/551 1617/574/548 1643/572/546
f 1639/571/545 1621/577/551 1643/572/546
f 1702/578/552 1696/579/553 1613/580/554
f 1699/581/555 1615/582/533 1702/578/552
f 1661/583/556 1660/549/525 1658/584/557
f 1655/550/526 1661/583/556 1654/585/558
f 1685/586/559 1689/545/521 1684/587/560
f 1670/588/561 1672/589/562 1666/590/563
f 1691/591/564 1694/592/565 1692/544/520
f 1693/593/566 1692/594/520 1695/595/567
f 1693/596/566 1688/597/568 1689/545/521
f 1693/596/566 1689/545/521 1692/544/520
f 1675/598/569 1681/599/570 1677/600/571
f 1648/601/547 1643/602/546 1650/603/572
f 1627/604/573 1650/603/572 1633/543/519
f 1633/543/519 1695/595/567 1651/605/574
f 1625/541/517 1633/543/519 1651/605/574
f 1651/605/574 1675/598/569 1625/541/517
f 1626/542/518 1627/604/573 1633/543/519
f 1626/542/518 1634/606/575 1627/604/573
f 1642/607/576 1644/608/577 1634/606/575
f 1642/607/576 1625/541/517 1623/609/516
f 1644/610/577 1636/611/578 1637/612/579
f 1708/613/580 1707/614/581 1609/615/582
f 1707/614/581 1708/613/580 1703/616/583
f 1709/617/584 1708/618/580 1710/619/585
f 1710/619/585 1708/618/580 1705/620/586
f 1705/621/586 1708/613/580 1609/615/582
f 1727/622/587 1729/623/540 1733/624/588
f 1727/622/587 1619/625/589 1717/626/590
f 1608/627/591 1609/615/582 1707/614/581
f 1712/536/512 1713/568/542 1725/628/592
f 1610/535/511 1611/562/536 1712/536/512
f 1610/535/511 1723/563/537 1611/562/536
f 1712/536/512 1707/614/581 1657/537/513
f 1657/537/513 1616/560/534 1610/535/511
f 1704/629/593 1709/617/584 1710/619/585
f 1852/630/594 1879/631/595 1822/632/596
f 1812/633/597 1898/634/598 1912/635/599
f 1897/636/600 1915/637/601 1918/638/602
f 1942/639/603 1768/640/604 1947/641/605
f 1838/642/606 1842/643/607 1841/644/608
f 1892/645/609 1887/646/610 1816/647/611
f 1875/648/612 1804/649/613 1800/650/614
f 1765/651/615 1767/652/616 1804/649/613
f 1941/653/617 1767/652/616 1755/654/618
f 1783/655/619 1807/656/620 1898/634/598
f 1810/657/621 1777/658/622 1781/659/623
f 1808/660/624 1787/661/625 1782/662/626
f 1919/663/627 1802/664/628 1787/665/625
f 1787/665/625 1808/666/624 1919/663/627
f 1786/667/629 1803/668/630 1781/659/623
f 1782/662/626 1777/658/622 1810/657/621
f 1810/657/621 1809/669/631 1782/662/626
f 1782/662/626 1809/669/631 1808/660/624
f 1919/663/627 1920/670/632 1807/656/620
f 1918/638/602 1915/637/601 1919/663/627
f 1802/664/628 1919/663/627 1807/656/620
f 1807/656/620 1783/655/619 1802/664/628
f 1943/671/633 1761/672/634 1762/673/635
f 1943/671/633 1760/674/636 1761/672/634
f 1943/671/633 1759/675/637 1760/674/636
f 1943/671/633 1758/676/638 1759/675/637
f 1943/671/633 1757/677/639 1758/676/638
f 1769/678/640 1970/679/641 1943/671/633
f 1943/671/633 1966/680/642 1944/681/643
f 1943/671/633 1941/653/617 1757/677/639
f 1941/653/617 1756/682/644 1757/677/639
f 1941/653/617 1754/683/645 1756/682/644
f 1941/653/617 1755/654/618 1754/683/645
f 1943/671/633 1944/681/643 1941/653/617
f 1941/653/617 1804/649/613 1767/652/616
f 1766/684/646 1765/651/615 1875/648/612
f 1814/685/647 1887/646/610 1880/686/648
f 1883/687/649 1880/686/648 1887/646/610
f 1883/687/649 1785/688/650 1798/689/651
f 1780/690/652 1873/691/653 1895/692/654
f 1882/693/655 1872/694/656 1886/695/657
f 1872/694/656 1801/696/658 1785/688/650
f 1801/696/658 1872/694/656 1873/697/653
f 1873/691/653 1780/690/652 1801/698/658
f 1785/688/650 1883/687/649 1872/694/656
f 1798/689/651 1880/686/648 1883/687/649
f 1887/646/610 1872/694/656 1883/687/649
f 1892/645/609 1886/695/657 1872/694/656
f 1871/699/659 1875/648/612 1876/700/660
f 1875/648/612 1765/651/615 1804/649/613
f 1800/650/614 1876/700/660 1875/648/612
f 1876/700/660 1800/650/614 1779/701/661
f 1779/701/661 1895/692/654 1876/700/660
f 1895/692/654 1779/701/661 1780/690/652
f 1797/702/662 1792/703/663 1802/664/628
f 1787/665/625 1802/664/628 1792/703/663
f 1898/634/598 1784/704/664 1783/655/619
f 1798/689/651 1799/705/665 1880/686/648
f 1799/705/665 1784/704/664 1811/706/666
f 1811/706/666 1880/686/648 1799/705/665
f 1875/648/612 1768/640/604 1766/684/646
f 1768/640/604 1942/639/603 1766/684/646
f 1942/639/603 1764/707/667 1766/684/646
f 1942/639/603 1763/708/668 1764/707/667
f 1942/639/603 1762/673/635 1763/708/668
f 1942/639/603 1943/671/633 1762/673/635
f 1942/639/603 1769/678/640 1943/671/633
f 1942/639/603 1967/709/669 1769/678/640
f 1916/710/670 1909/711/671 1913/712/672
f 1897/636/600 1858/713/673 1856/714/674
f 1902/715/675 1855/716/676 1858/717/673
f 1923/718/677 1847/719/678 1855/716/676
f 1901/720/679 1854/721/680 1847/719/678
f 1900/722/681 1870/723/682 1854/721/680
f 1870/723/682 1846/724/683 1854/721/680
f 1848/725/684 1912/635/599 1922/726/685
f 1812/633/597 1848/725/684 1866/727/686
f 1866/727/686 1813/728/687 1814/685/647
f 1813/728/687 1815/729/688 1816/647/611
f 1817/730/689 1818/731/690 1816/647/611
f 1988/732/691 1984/733/692 1985/734/693
f 1862/735/694 1858/713/673 1865/736/695
f 1820/737/696 1819/738/697 1869/739/698
f 1818/740/690 1817/741/689 1819/738/697
f 1816/647/611 1815/729/688 1817/730/689
f 1848/725/684 1856/714/674 1862/735/694
f 1988/742/691 1991/743/699 1738/744/700
f 1982/745/701 1738/744/700 1991/743/699
f 1992/746/702 1983/747/703 1973/748/704
f 1990/749/705 1972/750/706 1992/746/702
f 1870/723/682 1745/751/707 1744/752/708
f 1744/752/708 1743/753/709 1993/754/710
f 1753/755/711 1996/756/712 1995/757/713
f 1748/758/714 1749/759/715 1995/757/713
f 1749/759/715 1750/760/716 1995/757/713
f 1750/760/716 1751/761/717 1995/757/713
f 1751/761/717 1752/762/718 1995/757/713
f 1752/762/718 1753/755/711 1995/757/713
f 1753/755/711 1742/763/719 1996/756/712
f 1742/763/719 1900/722/681 1996/756/712
f 1996/756/712 2008/764/720 1995/757/713
f 1896/765/721 1900/722/681 1901/720/679
f 1743/753/709 1746/766/722 1993/754/710
f 1746/766/722 1747/767/723 1993/754/710
f 1747/767/723 1748/758/714 1993/754/710
f 1748/758/714 1995/757/713 1993/754/710
f 1995/757/713 1994/768/724 1993/754/710
f 1994/768/724 2006/769/725 1993/754/710
f 1900/722/681 1745/751/707 1870/723/682
f 1900/722/681 1742/763/719 1745/751/707
f 1854/721/680 1901/720/679 1900/722/681
f 1847/719/678 1923/718/677 1901/720/679
f 1855/716/676 1902/715/675 1923/718/677
f 1858/717/673 1897/770/600 1902/715/675
f 1856/714/674 1848/725/684 1922/726/685
f 1856/714/674 1922/726/685 1897/636/600
f 1803/668/630 1806/771/726 1805/772/727
f 1805/772/727 1781/659/623 1803/668/630
f 1781/659/623 1805/772/727 1810/657/621
f 1912/635/599 1848/725/684 1812/633/597
f 1893/773/728 1811/706/666 1812/633/597
f 1814/685/647 1893/773/728 1866/727/686
f 1812/633/597 1866/727/686 1893/773/728
f 1816/647/611 1814/685/647 1813/728/687
f 1821/774/729 1892/645/609 1818/731/690
f 1819/738/697 1821/775/729 1818/740/690
f 1822/632/596 1820/737/696 1823/776/730
f 1819/738/697 1820/737/696 1822/632/596
f 1822/632/596 1821/775/729 1819/738/697
f 1822/632/596 1823/776/730 1852/630/594
f 1879/631/595 1894/777/731 1822/632/596
f 1840/778/732 1834/779/733 1843/780/734
f 1840/778/732 1843/780/734 1839/781/735
f 1931/782/736 1930/783/737 1741/784/738
f 1931/782/736 1741/784/738 2002/785/739
f 1973/748/704 1870/723/682 1744/752/708
f 1744/752/708 1993/754/710 1973/748/704
f 1993/754/710 1736/786/740 1973/748/704
f 2199/787/741 2203/788/742 2202/789/743
f 2206/790/744 2174/791/745 2205/792/746
f 2180/793/747 2169/794/748 2036/795/749
f 2171/796/750 2176/797/751 2181/798/752
f 2113/799/753 2187/800/754 2095/801/755
f 2077/802/756 2078/803/757 2192/804/758
f 2078/803/757 2077/802/756 2073/805/759
f 2078/803/757 2073/805/759 2074/806/760
f 2075/807/761 2076/808/762 2094/809/763
f 2138/810/764 2135/811/765 2069/812/766
f 2127/813/767 2142/814/768 2120/815/769
f 2057/816/770 2054/817/771 2055/818/772
f 2149/819/773 2152/820/774 2172/821/775
f 2148/822/776 2149/819/773 2172/821/775
f 2150/823/777 2146/824/778 2147/825/779
f 2158/826/780 2155/827/781 2160/828/782
f 2127/813/767 2120/815/769 2116/829/783
f 2116/829/783 2157/830/784 2127/813/767
f 2101/831/785 2125/832/786 2124/833/787
f 2123/834/788 2096/835/789 2100/836/790
f 2123/834/788 2122/837/791 2096/835/789
f 2119/838/792 2127/839/767 2157/840/784
f 2157/840/784 2121/841/793 2119/838/792
f 2121/841/793 2161/842/794 2117/843/795
f 2117/843/795 2119/838/792 2121/841/793
f 2159/844/796 2154/845/797 2158/846/780
f 2038/847/798 2156/848/799 2037/849/800
f 2144/850/801 2155/827/781 2116/829/783
f 2116/829/783 2153/851/802 2144/850/801
f 2051/852/803 2037/853/800 2156/854/799
f 2037/853/800 2051/852/803 2054/817/771
f 2037/849/800 2145/855/804 2038/847/798
f 2037/849/800 2041/856/805 2145/855/804
f 2176/797/751 2171/796/750 2151/857/806
f 2150/823/777 2151/857/806 2171/796/750
f 2151/857/806 2172/858/775 2176/797/751
f 2175/859/807 2176/860/751 2172/821/775
f 2172/821/775 2152/820/774 2175/859/807
f 2169/794/748 2175/859/807 2152/820/774
f 2198/861/808 2173/862/809 2044/863/810
f 2049/864/811 2045/865/812 2174/866/745
f 2174/791/745 2048/867/813 2049/868/811
f 2174/791/745 2206/790/744 2048/867/813
f 2173/862/809 2174/866/745 2045/865/812
f 2031/869/814 2199/787/741 2200/870/815
f 2029/871/816 2199/787/741 2033/872/817
f 2173/862/809 2045/865/812 2046/873/818
f 2173/862/809 2046/873/818 2044/863/810
f 2082/874/819 2083/875/820 2081/876/821
f 2083/877/820 2086/878/822 2081/879/821
f 2067/880/823 2042/881/824 2066/882/825
f 2066/882/825 2055/883/772 2065/884/826
f 2081/879/821 2067/880/823 2066/882/825
f 2081/879/821 2066/882/825 2065/884/826
f 2065/885/826 2053/886/827 2080/887/828
f 2080/887/828 2081/876/821 2065/885/826
f 2067/880/823 2070/888/829 2042/881/824
f 2081/876/821 2080/887/828 2082/874/819
f 2141/889/830 2085/890/831 2068/891/832
f 2141/892/830 2138/810/764 2085/893/831
f 2068/891/832 2082/874/819 2080/887/828
f 2082/874/819 2084/894/833 2083/875/820
f 2056/895/834 2037/849/800 2054/896/771
f 2054/896/771 2057/897/770 2056/895/834
f 2055/818/772 2058/898/835 2057/816/770
f 2055/818/772 2052/899/836 2065/885/826
f 2142/814/768 2127/813/767 2139/900/837
f 2069/812/766 2085/893/831 2138/810/764
f 2085/890/831 2087/901/838 2082/874/819
f 2192/804/758 2197/902/839 2077/802/756
f 2195/903/840 2194/904/841 2033/872/817
f 2105/905/842 2106/906/843 2098/907/844
f 2177/908/845 2103/909/846 2108/910/847
f 2114/911/848 2102/912/849 2179/913/850
f 2108/910/847 2114/914/848 2183/915/851
f 2183/915/851 2114/914/848 2179/916/850
f 2184/917/852 2108/910/847 2183/915/851
f 2183/915/851 2182/918/853 2184/917/852
f 2182/918/853 2180/919/747 2034/920/854
f 2034/920/854 2180/919/747 2204/921/855
f 2204/921/855 2180/919/747 2036/922/749
f 2035/923/856 2206/790/744 2036/795/749
f 2204/921/855 2030/924/857 2034/920/854
f 2177/908/845 2034/920/854 2030/924/857
f 2108/910/847 2184/917/852 2177/908/845
f 2105/905/842 2104/925/858 2111/926/859
f 2192/804/758 2195/927/840 2196/928/860
f 2106/929/843 2112/930/861 2186/931/862
f 2112/930/861 2188/932/863 2186/931/862
f 2186/931/862 2193/933/864 2187/934/754
f 2106/906/843 2186/935/862 2187/800/754
f 2113/799/753 2106/906/843 2187/800/754
f 2110/936/865 2106/906/843 2105/905/842
f 2108/910/847 2112/930/861 2110/937/865
f 2112/930/861 2103/909/846 2188/932/863
f 2078/803/757 2094/938/763 2192/804/758
f 2191/939/866 2193/933/864 2195/903/840
f 2190/940/867 2191/941/866 2094/809/763
f 2094/809/763 2076/808/762 2190/940/867
f 2095/801/755 2190/940/867 2076/808/762
f 2076/808/762 2072/942/868 2095/801/755
f 2098/907/844 2125/832/786 2101/831/785
f 2105/905/842 2098/907/844 2101/831/785
f 2105/905/842 2101/831/785 2104/925/858
f 2101/831/785 2100/943/790 2104/925/858
f 2104/944/858 2100/836/790 2096/835/789
f 2097/945/869 2104/944/858 2096/835/789
f 2097/945/869 2111/946/859 2104/944/858
f 2107/947/870 2097/945/869 2122/837/791
f 2097/945/869 2096/835/789 2122/837/791
f 2178/948/871 2179/913/850 2107/947/870
f 2179/913/850 2102/912/849 2107/947/870
f 2171/796/750 2170/949/872 2150/823/777
f 2170/949/872 2178/948/871 2146/824/778
f 2146/824/778 2150/823/777 2170/949/872
f 2185/950/873 2181/951/752 2183/915/851
f 2181/951/752 2180/919/747 2182/918/853
f 2175/859/807 2169/794/748 2180/793/747
f 2035/923/856 2036/795/749 2169/794/748
f 2206/790/744 2047/952/874 2048/867/813
f 2200/870/815 2202/789/743 2201/953/875
f 2202/789/743 2200/870/815 2199/787/741
f 2203/788/742 2199/787/741 2030/924/857
f 2032/954/876 2030/924/857 2029/871/816
f 2103/909/846 2189/955/877 2188/932/863
f 2032/954/876 2189/955/877 2030/924/857
f 2032/954/876 2029/871/816 2033/872/817
f 2031/869/814 2033/872/817 2199/787/741
f 2031/956/814 2200/957/815 2198/861/808
f 2197/902/839 2031/956/814 2198/861/808
f 2213/958/878 2207/959/878 2212/960/878
f 2217/961/879 2220/962/880 2221/963/879
f 2216/964/881 2222/965/881 2223/966/881
f 2240/967/882 2218/968/882 2238/969/882
f 2241/970/883 2228/971/883 2229/972/883
f 50/973/884 56/974/885 53/975/886
f 24/976/887 42/40/38 43/977/888
f 60/978/889 59/979/34 53/980/886
f 60/978/889 53/980/886 61/981/890
f 59/979/34 44/982/33 53/980/886
f 32/983/27 39/984/32 31/985/891
f 28/986/892 1/987/893 22/30/28
f 34/3/3 3/988/894 30/1/1
f 83/989/895 82/990/4 79/991/896
f 81/992/24 80/993/897 70/994/19
f 50/973/884 16/995/898 51/996/899
f 16/995/898 17/997/900 51/996/899
f 14/998/901 12/999/902 13/15/14
f 47/14/13 49/17/16 54/16/15
f 51/1000/899 47/14/13 54/16/15
f 48/13/12 49/17/16 47/14/13
f 66/1001/20 70/1002/19 71/1003/903
f 81/1004/24 75/1005/6 77/1006/904
f 76/24/23 82/4/4 75/6/6
f 77/1006/904 75/1005/6 78/1007/5
f 34/3/3 5/1008/905 3/988/894
f 21/1009/25 29/32/30 19/1010/906
f 30/1/1 28/986/892 29/32/30
f 29/32/30 31/985/891 30/1/1
f 37/1011/907 31/1012/891 38/1013/908
f 32/29/27 23/28/26 33/33/31
f 40/1014/909 33/1015/31 41/1016/910
f 43/977/888 42/40/38 46/39/37
f 50/973/884 46/39/37 16/995/898
f 56/1017/885 51/1000/899 54/16/15
f 62/1018/911 56/1019/885 63/1020/912
f 54/1021/15 57/1022/913 56/1019/885
f 226/1023/914 322/1024/915 297/1025/916
f 270/1026/917 225/1027/918 359/1028/919
f 270/1026/917 271/1029/920 298/1030/921
f 295/64/61 268/55/53 269/54/52
f 44/1031/33 24/976/887 43/977/888
f 347/1032/922 348/1033/923 236/1034/924
f 345/1035/925 346/1036/926 235/1037/927
f 341/1038/928 324/1039/929 300/1040/930
f 303/1041/931 342/1042/932 302/1043/933
f 347/1032/922 307/1044/934 308/1045/935
f 349/1046/936 309/1047/937 310/1048/938
f 369/1049/939 260/1050/940 277/1051/941
f 257/1052/942 258/1053/943 275/1054/944
f 256/1055/945 275/1054/944 302/1043/933
f 372/57/55 373/58/56 279/1056/57
f 374/81/78 373/58/56 222/48/46
f 373/58/56 374/81/78 280/1057/59
f 272/1058/946 364/1059/947 273/1060/948
f 300/1040/930 273/1061/948 255/1062/949
f 275/1054/944 256/1055/945 257/1052/942
f 277/1051/941 259/1063/950 369/1049/939
f 308/1045/935 277/1051/941 260/1050/940
f 278/1064/951 310/1048/938 309/1047/937
f 308/1045/935 278/1065/951 309/1066/937
f 306/1067/952 277/1051/941 307/1044/934
f 304/1068/953 303/1041/931 275/1054/944
f 273/1061/948 300/1040/930 324/1039/929
f 299/1069/954 273/1060/948 324/1070/929
f 324/1070/929 339/1071/955 299/1069/954
f 317/1072/956 287/1073/957 332/1074/958
f 355/1075/959 356/1076/960 213/1077/961
f 354/1078/962 333/1079/963 318/1080/964
f 140/1081/965 119/1082/966 168/1083/967
f 174/1084/968 173/1085/969 119/1082/966
f 353/1086/970 241/1087/971 332/1074/958
f 318/1080/964 288/1088/972 387/1089/973
f 266/1090/974 293/1091/975 292/1092/976
f 321/1093/977 292/1092/976 293/1091/975
f 292/1092/976 321/1093/977 320/1094/978
f 179/1095/979 153/1096/980 154/1097/981
f 178/1098/982 177/1099/983 152/1100/984
f 87/1101/985 154/1097/981 153/1096/980
f 343/1102/986 344/1103/987 234/1104/988
f 346/1036/926 345/1035/925 307/1044/934
f 347/1032/922 309/1066/937 348/1033/923
f 208/1105/989 351/1106/990 330/1107/991
f 268/55/53 267/63/60 223/95/92
f 336/1108/992 335/1109/993 294/1110/994
f 335/1109/993 215/1111/995 243/1112/996
f 338/51/49 231/65/62 323/1113/997
f 227/1114/998 323/1113/997 229/1115/999
f 270/1026/917 227/1114/998 225/1027/918
f 359/1028/919 271/1029/920 270/1026/917
f 297/1025/916 224/1116/1000 226/1023/914
f 230/1117/1001 216/1118/1002 228/1119/1003
f 175/1120/1004 149/1121/1005 150/52/50
f 451/1122/1006 431/1123/1007 452/1124/1008
f 591/1125/1009 493/1126/1010 466/1127/1011
f 589/1128/1012 588/1129/1013 490/1130/1014
f 553/1131/1015 527/1132/1016 552/1133/1017
f 524/1134/1018 513/1135/1019 550/1136/1020
f 523/1137/1021 513/1135/1019 489/1138/1022
f 487/1139/1023 486/1140/1024 511/1141/1025
f 512/1142/1026 511/1141/1025 522/1143/1027
f 481/1144/1028 482/1145/1029 580/1146/1030
f 505/1147/1031 478/1148/1032 460/1149/1033
f 541/1150/1034 506/1151/1035 540/1152/1036
f 543/1153/1037 544/1154/1038 509/1155/1039
f 437/133/126 438/132/125 498/1156/1040
f 472/1157/1041 498/1156/1040 438/132/125
f 533/1158/1042 502/1159/1043 501/1160/1044
f 475/1161/1045 501/1160/1044 502/1159/1043
f 458/1162/1046 475/1161/1045 503/1163/1047
f 507/1164/1048 506/1151/1035 541/1150/1034
f 506/1151/1035 505/1147/1031 539/1165/1049
f 478/1148/1032 505/1147/1031 506/1151/1035
f 462/1166/1050 478/1148/1032 507/1164/1048
f 543/1153/1037 509/1155/1039 508/1167/1051
f 480/1168/1052 508/1167/1051 509/1155/1039
f 511/1141/1025 486/1140/1024 521/1169/1053
f 577/1170/1054 463/1171/1055 480/1168/1052
f 462/1166/1050 461/1172/1056 478/1148/1032
f 460/1149/1033 478/1148/1032 461/1172/1056
f 564/1173/1057 457/1174/1058 475/1161/1045
f 487/1139/1023 485/1175/1059 486/1140/1024
f 488/1176/1060 487/1139/1023 512/1142/1026
f 523/1137/1021 512/1142/1026 522/1143/1027
f 523/1137/1021 550/1136/1020 513/1135/1019
f 550/1136/1020 551/1177/1061 524/1134/1018
f 492/1178/1062 524/1134/1018 525/1179/1063
f 490/1130/1014 513/1135/1019 524/1134/1018
f 513/1135/1019 490/1130/1014 588/1129/1013
f 588/1129/1013 489/1138/1022 513/1135/1019
f 489/1138/1022 588/1129/1013 465/1180/1064
f 490/1130/1014 491/1181/1065 589/1128/1012
f 493/1126/1010 591/1125/1009 514/1182/1066
f 527/1132/1016 553/1131/1015 494/1183/1067
f 494/1183/1067 493/1126/1010 527/1132/1016
f 451/1122/1006 429/1184/1068 431/1123/1007
f 497/1185/1069 431/1123/1007 429/1184/1068
f 517/1186/1070 431/1123/1007 497/1185/1069
f 433/1187/1071 452/1124/1008 431/1123/1007
f 431/1123/1007 517/1186/1070 433/1187/1071
f 498/1156/1040 432/1188/1072 434/1189/1073
f 393/1190/1074 436/1191/1075 434/1189/1073
f 435/1192/1076 393/1190/1074 433/1187/1071
f 555/1193/1077 435/1192/1076 433/1187/1071
f 633/214/206 614/131/124 632/1194/1078
f 657/1195/1079 658/1196/1080 407/1197/1081
f 672/1198/1082 649/1199/1083 671/208/201
f 671/208/201 609/209/202 672/1198/1082
f 690/181/174 605/180/173 661/179/172
f 661/179/172 691/178/171 646/1200/1084
f 663/1201/1085 664/1202/1086 417/1203/1087
f 661/1204/172 646/1205/1084 625/1206/1088
f 656/1207/1089 657/1195/1079 407/1197/1081
f 672/1198/1082 609/209/202 673/210/203
f 672/1208/1082 635/1209/1090 630/1210/1091
f 631/1211/1092 630/1210/1091 635/1209/1090
f 630/1210/1091 419/1212/1093 649/1213/1083
f 628/1214/1094 417/1203/1087 665/1215/1095
f 417/1203/1087 627/1216/1096 663/1201/1085
f 625/1206/1088 412/1217/1097 645/1218/175
f 622/1219/1098 407/1197/1081 658/1196/1080
f 407/1197/1081 621/1220/1099 656/1207/1089
f 400/1221/1100 617/1222/1101 639/1223/1102
f 617/1222/1101 398/1224/1103 638/1225/1104
f 616/1226/1105 397/1227/1106 637/1228/1107
f 397/1227/1106 615/1229/1108 634/1230/1109
f 395/1231/1110 633/214/206 636/1232/1111
f 650/1233/1112 636/1232/1111 633/214/206
f 554/1234/1113 553/1131/1015 445/1235/1114
f 552/1133/1017 445/1235/1114 553/1131/1015
f 548/1236/1115 521/1169/1053 411/1237/1116
f 409/1238/1117 520/1239/1118 547/1240/1119
f 545/1241/1120 443/1242/1121 546/1243/1122
f 544/1154/1038 543/1153/1037 406/1244/1123
f 537/1245/1124 441/1246/1125 538/1247/1126
f 533/1158/1042 532/1248/1127 439/1249/1128
f 530/1250/1129 396/1251/1130 531/1252/1131
f 438/132/125 394/1253/1132 518/1254/1133
f 704/1255/1134 751/1256/1135 706/1257/1136
f 750/1258/1137 706/1257/1136 731/1259/1138
f 765/1260/1139 708/1261/1140 706/1257/1136
f 819/1262/1141 710/1263/1142 708/1261/1140
f 967/1264/1143 966/1265/1144 920/1266/1145
f 824/1267/1146 842/1268/1147 778/1269/1148
f 837/1270/1149 717/1271/1150 836/1272/1151
f 714/1273/1152 821/1274/1153 737/1275/1154
f 835/1276/1155 802/1277/1156 803/1278/1157
f 806/1279/1158 836/1272/1151 805/1280/1159
f 808/1281/1160 809/1282/1161 840/1283/1162
f 759/1284/1163 866/1285/1164 776/1286/1165
f 753/239/230 772/237/228 801/1287/1166
f 755/1288/227 754/1289/229 699/251/242
f 699/251/242 754/1289/229 698/250/241
f 697/249/240 698/250/241 754/1289/229
f 757/234/225 774/230/221 861/232/223
f 811/1290/1167 810/1291/1168 776/1286/1165
f 807/1292/1169 775/1293/1170 808/1281/1160
f 803/1278/1157 802/1277/1156 772/237/228
f 801/1287/1166 772/237/228 802/1277/1156
f 961/1294/1171 935/1295/1172 936/1296/1173
f 937/1297/1174 961/1294/1171 936/1296/1173
f 881/1298/1175 763/1299/1176 790/1300/1177
f 876/1301/1178 785/1302/1179 875/1303/1180
f 740/1304/1181 721/1305/1182 843/1306/1183
f 826/1307/1184 815/1308/1185 846/1309/1186
f 846/1309/1186 743/1310/1187 826/1307/1184
f 723/1311/1188 743/1310/1187 846/1309/1186
f 785/1302/1179 815/1308/1185 826/1307/1184
f 826/1307/1184 784/1312/1189 785/1302/1179
f 785/1302/1179 876/1301/1178 815/1308/1185
f 790/1300/1177 762/1313/1190 881/1298/1175
f 762/1313/1190 790/1300/1177 789/1314/1191
f 789/1314/1191 790/1300/1177 828/1315/1192
f 828/1315/1192 848/1316/1193 789/1314/1191
f 849/1317/1194 848/1316/1193 828/1315/1192
f 834/1318/1195 833/1319/1196 802/1277/1156
f 716/1320/1197 834/1318/1195 835/1276/1155
f 836/1272/1151 806/1279/1158 837/1270/1149
f 839/1321/1198 838/1322/1199 808/1281/1160
f 719/1323/1200 839/1321/1198 840/1283/1162
f 841/1324/1201 840/1283/1162 810/1291/1168
f 840/1283/1162 839/1321/1198 808/1281/1160
f 720/1325/1202 841/1324/1201 823/1326/1203
f 810/1291/1168 823/1326/1203 841/1324/1201
f 721/1305/1182 739/1327/1204 824/1267/1146
f 842/1268/1147 824/1267/1146 739/1327/1204
f 842/1268/1147 823/1326/1203 778/1269/1148
f 778/1269/1148 823/1326/1203 811/1290/1167
f 778/1269/1148 780/1328/1205 824/1267/1146
f 783/1329/1206 875/1303/1180 785/1302/1179
f 746/1330/1207 849/1317/1194 829/1331/1208
f 713/1332/1209 734/1333/1210 831/1334/1211
f 709/1335/1212 732/1336/1213 711/1337/1214
f 710/1263/1142 732/1336/1213 708/1261/1140
f 819/1262/1141 708/1261/1140 765/1260/1139
f 765/1260/1139 706/1257/1136 751/1256/1135
f 1037/1338/1215 1016/1339/1216 1013/1340/1217
f 1246/390/377 1227/304/293 1245/1341/1218
f 1283/1342/1219 1269/1343/1220 1200/1344/1221
f 1270/1345/1222 1271/1346/1223 1201/1347/1224
f 1262/1348/1225 1285/1349/1226 1243/1350/1227
f 1218/323/311 1283/1351/1219 1295/322/310
f 1296/324/312 1283/1351/1219 1218/323/311
f 1283/1351/1219 1268/1352/1228 1295/322/310
f 1269/1343/1220 1270/1345/1222 1201/1347/1224
f 1268/1353/1228 1283/1342/1219 1200/1344/1221
f 1285/1349/1226 1248/1354/1229 1243/1350/1227
f 1244/1355/1230 1243/1350/1227 1248/1354/1229
f 1243/1350/1227 1209/1356/1231 1262/1348/1225
f 1235/1357/1232 1201/1347/1224 1271/1346/1223
f 1201/1347/1224 1234/1358/1233 1269/1343/1220
f 1197/1359/1234 1230/1360/1235 1252/1361/1236
f 1230/1360/1235 1196/1362/1237 1251/1363/1238
f 1229/1364/1239 1195/1365/1240 1250/1366/1241
f 1195/1365/1240 1228/1367/1242 1247/1368/1243
f 1194/1369/1244 1246/390/377 1249/1370/1245
f 1263/1371/1246 1249/1370/1245 1246/390/377
f 1096/1372/1247 1115/1373/1248 1132/1374/1249
f 1066/1375/1250 1092/1376/1251 1093/1377/1252
f 1184/1378/1253 1183/1379/1254 1089/1380/1255
f 1130/1381/1256 1131/1382/1257 1114/1383/1258
f 1152/1384/1259 1131/1382/1257 1151/1385/1260
f 1130/1381/1256 1151/1385/1260 1131/1382/1257
f 1129/1386/1261 1128/1387/1262 1150/1388/1263
f 1128/1387/1262 1113/1389/1264 1149/1390/1265
f 1060/1391/360 1165/380/367 1005/381/368
f 1164/382/369 1060/1391/360 1005/381/368
f 1110/1392/1266 1082/1393/1267 1123/1394/1268
f 1074/371/358 1060/373/360 1059/1395/1269
f 1122/1396/1270 1146/1397/1271 1123/1394/1268
f 1106/1398/1272 1075/1399/1273 1105/1400/1274
f 1104/1401/1275 1075/1399/1273 1061/372/359
f 1103/1402/1276 1104/1401/1275 1074/371/358
f 1074/371/358 1059/1395/1269 1102/1403/1277
f 1163/368/356 1162/370/357 1073/1404/1278
f 1136/1405/1279 1137/1406/1280 1118/1407/1281
f 1139/1408/1282 1140/1409/1283 1103/1402/1276
f 1133/306/295 1019/305/294 1099/1410/1284
f 1070/1411/1285 1099/1410/1284 1019/305/294
f 1072/1412/1286 1162/370/357 1159/1413/1287
f 1073/1404/1278 1118/1407/1281 1138/1414/1288
f 1103/1402/1276 1141/1415/1289 1104/1401/1275
f 1103/1402/1276 1102/1403/1277 1139/1408/1282
f 1074/371/358 1102/1403/1277 1103/1402/1276
f 1106/1398/1272 1105/1400/1274 1143/1416/1290
f 1105/1400/1274 1104/1401/1275 1141/1415/1289
f 1075/1399/1273 1104/1401/1275 1105/1400/1274
f 1075/1399/1273 1106/1398/1272 1062/1417/1291
f 1061/372/359 1075/1399/1273 1167/1418/1292
f 1159/1413/1287 1162/370/357 1058/369/355
f 1159/1419/1287 1058/367/355 1004/366/354
f 1165/380/367 1060/1391/360 1061/1420/359
f 1122/1396/1270 1123/1394/1268 1109/1421/1293
f 1082/1393/1267 1109/1421/1293 1123/1394/1268
f 1146/1397/1271 1147/1422/1294 1123/1394/1268
f 1082/1393/1267 1177/1423/1295 1063/1424/1296
f 1128/1387/1262 1149/1390/1265 1150/1388/1263
f 1091/1425/1297 1128/1387/1262 1129/1386/1261
f 1091/1425/1297 1089/1380/1255 1128/1387/1262
f 1089/1380/1255 1113/1389/1264 1128/1387/1262
f 1066/1426/1250 1094/1427/1298 1190/1428/1299
f 1114/1383/1258 1092/1376/1251 1186/1429/1300
f 1093/1430/1252 1094/1427/1298 1066/1426/1250
f 1093/1377/1252 1131/1382/1257 1152/1384/1259
f 1093/1377/1252 1092/1376/1251 1131/1382/1257
f 1096/1372/1247 1094/1427/1298 1115/1373/1248
f 1153/1431/1301 1132/1374/1249 1115/1373/1248
f 1153/1431/1301 1029/1432/1302 1132/1374/1249
f 1152/1384/1259 1151/1385/1260 1028/1433/1303
f 1150/1388/1263 1149/1390/1265 1050/1434/1304
f 1146/1397/1271 1047/1435/1305 1147/1422/1294
f 1146/1397/1271 1122/1396/1270 1046/1436/1306
f 1144/1437/1307 1044/1438/1308 1145/1439/1309
f 1144/1437/1307 1143/1440/1290 1043/1441/1310
f 1142/1442/1311 1043/1443/1310 1143/1416/1290
f 1142/1442/1311 1141/1415/1289 1042/1444/1312
f 1140/1409/1283 1139/1408/1282 1041/1445/1313
f 1138/1414/1288 1137/1406/1280 1021/1446/1314
f 1134/1447/1315 1040/1448/1316 1135/1449/1317
f 1133/306/295 1016/1339/1216 1018/1450/1318
f 1155/1451/1319 1017/1452/1320 1015/1453/1321
f 1038/1454/1322 1016/1339/1216 1037/1338/1215
f 1099/1410/1284 1013/1340/1217 1016/1339/1216
f 1014/1455/1323 1116/1456/1324 1015/1453/1321
f 1012/1457/1325 1098/1458/1326 1014/1455/1323
f 1316/1459/1327 1604/1460/1328 1595/1461/1329
f 1319/523/499 1566/534/510 1593/1462/1330
f 1314/400/387 1423/1463/1331 1422/1464/1332
f 1314/400/387 1428/518/494 1423/1463/1331
f 1593/1462/1330 1586/1465/1333 1587/1466/1334
f 1588/1467/1335 1589/1468/1336 1567/532/508
f 1551/1469/1337 1337/1470/493 1339/1471/1338
f 1583/1472/1339 1582/1473/1340 1578/1474/1341
f 1569/1475/1342 1563/1476/1343 1570/1477/1344
f 1574/1478/1345 1583/1479/1339 1573/1480/1346
f 1575/1481/1347 1576/1482/1348 1579/1483/1349
f 1556/1484/1350 1557/1485/1351 1559/1486/1352
f 1341/514/490 1362/504/482 1363/503/481
f 1347/511/487 1349/513/489 1350/515/491
f 1343/1487/1353 1332/1488/1354 1335/1489/1355
f 1348/1490/488 1347/1491/487 1344/1492/1356
f 1522/1493/1357 1548/396/383 1525/1494/1358
f 1522/1493/1357 1549/399/386 1548/396/383
f 1426/494/474 1568/1495/1359 1427/1496/1360
f 1473/1497/1361 1355/1498/1362 1474/1499/1363
f 1358/1500/1364 1364/505/483 1355/1498/1362
f 1364/505/483 1365/507/485 1369/1501/1365
f 1494/1502/1366 1462/492/472 1460/1503/1367
f 1496/1504/1368 1463/1505/1369 1495/1506/1370
f 1493/1507/1371 1497/1508/1372 1492/1509/1373
f 1458/1510/1374 1469/1511/1375 1471/1512/1376
f 1489/1513/1377 1487/1514/1378 1479/1515/1379
f 1485/1516/1380 1486/1517/1381 1495/1506/1370
f 1495/1506/1370 1491/1518/1382 1485/1516/1380
f 1456/1519/1383 1480/1520/1384 1457/1521/1385
f 1476/1522/1386 1477/433/420 1479/1515/1379
f 1366/1523/484 1356/1524/1387 1365/1525/485
f 1361/1526/1388 1360/1527/1389 1373/1528/1390
f 1329/419/406 1527/1529/1391 1330/1530/1392
f 1531/502/480 1533/1531/1393 1542/489/469
f 1532/406/393 1547/403/390 1534/1532/1394
f 1532/406/393 1539/487/468 1521/407/394
f 1534/1532/1394 1538/1533/1395 1520/486/467
f 1396/1534/1396 1393/1535/1397 1399/1536/1398
f 1502/1537/1399 1508/1538/1400 1500/1539/1401
f 1515/1540/1402 1514/1541/1403 1513/1542/1404
f 1515/1540/1402 1498/1543/1405 1504/496/476
f 1514/1541/1403 1515/1540/1402 1518/1544/1406
f 1512/1545/1407 1503/1546/1408 1515/1540/1402
f 1499/1547/1409 1512/1545/1407 1508/1548/1400
f 1502/1537/1399 1468/1549/1410 1470/1550/1411
f 1456/1551/1383 1470/1550/1411 1468/1549/1410
f 1456/1551/1383 1475/466/451 1480/1552/1384
f 1475/466/451 1481/1553/1412 1480/1552/1384
f 1383/443/430 1378/459/444 1377/1554/1413
f 1377/1554/1413 1390/1555/1414 1376/1556/1415
f 1384/460/445 1392/1557/1416 1391/1558/1417
f 1507/449/436 1509/453/439 1501/450/437
f 1509/453/439 1517/426/413 1501/450/437
f 1411/452/434 1511/432/419 1509/453/439
f 1357/464/449 1377/1554/1413 1361/1526/1388
f 1468/1549/1410 1408/465/450 1451/436/423
f 1451/436/423 1475/466/451 1456/1551/1383
f 1408/465/450 1468/1549/1410 1502/1537/1399
f 1410/446/433 1409/456/442 1506/1559/1418
f 1500/1539/1401 1409/456/442 1408/465/450
f 1510/1560/1419 1514/1541/1403 1516/1561/1420
f 1517/426/413 1509/453/439 1519/430/417
f 1517/426/413 1412/428/415 1501/450/437
f 1398/451/438 1402/479/462 1394/480/463
f 1379/454/440 1398/451/438 1394/480/463
f 1394/480/463 1397/425/412 1389/455/441
f 1381/420/407 1399/1562/1398 1382/421/408
f 1394/480/463 1401/423/410 1397/425/412
f 1520/486/467 1539/487/468 1534/1532/1394
f 1542/489/469 1543/485/466 1531/502/480
f 1329/419/406 1544/481/464 1527/1529/1391
f 1403/1563/1421 1404/418/405 1380/417/404
f 1361/1526/1388 1376/1556/1415 1360/1527/1389
f 1360/1527/1389 1371/1564/1422 1373/1528/1390
f 1373/1528/1390 1372/1565/1423 1374/1566/1424
f 1374/1566/1424 1372/1565/1423 1356/1524/1387
f 1357/464/449 1467/1567/1425 1455/461/446
f 1478/1568/1426 1453/472/457 1466/434/421
f 1503/1546/1408 1472/1569/1427 1498/1543/1405
f 1470/1570/1411 1457/1521/1385 1472/1569/1427
f 1457/1521/1385 1480/1520/1384 1491/1518/1382
f 1485/1516/1380 1491/1518/1382 1480/1520/1384
f 1482/1571/1428 1483/1572/1429 1486/1517/1381
f 1458/1510/1374 1490/1573/1430 1484/1574/1431
f 1358/1500/1364 1473/1497/1361 1471/1575/1376
f 1489/1576/1377 1492/1509/1373 1487/1577/1378
f 1495/1506/1370 1486/1517/1381 1496/1504/1368
f 1495/1506/1370 1494/1502/1366 1491/1518/1382
f 1472/1569/1427 1460/1503/1367 1448/491/471
f 1429/1578/1432 1430/1579/1433 1416/414/401
f 1445/405/392 1446/404/391 1442/412/399
f 1442/412/399 1440/1580/1434 1443/1581/1435
f 1443/1581/1435 1445/405/392 1442/412/399
f 1435/1582/1436 1436/1583/1437 1430/1579/1433
f 1435/1582/1436 1430/1579/1433 1429/1578/1432
f 1429/1578/1432 1416/414/401 1426/494/474
f 1418/495/475 1504/496/476 1498/1543/1405
f 1518/1544/1406 1504/496/476 1417/497/477
f 1438/1584/1438 1421/473/458 1420/413/400
f 1420/413/400 1442/412/399 1438/1584/1438
f 1433/411/398 1440/1580/1434 1442/412/399
f 1434/410/397 1432/429/416 1444/408/395
f 1534/1532/1394 1547/403/390 1538/1533/1395
f 1445/405/392 1443/1581/1435 1425/1585/486
f 1530/501/479 1533/1531/1393 1531/502/480
f 1541/1586/1439 1537/1587/1440 1536/1588/1441
f 1536/1588/1441 1537/1587/1440 1533/1589/1393
f 1535/1590/1442 1540/1591/1443 1541/1586/1439
f 1540/1591/1443 1330/1530/1392 1527/1529/1391
f 1380/417/404 1352/1592/1444 1359/1593/1445
f 1370/1594/1446 1360/1595/1389 1359/1593/1445
f 1367/1596/1447 1354/1597/1448 1363/503/481
f 1370/1594/1446 1368/1598/1449 1360/1595/1389
f 1371/1564/1422 1368/1599/1449 1369/1600/1365
f 1368/1601/1449 1367/1596/1447 1369/1501/1365
f 1363/503/481 1364/505/483 1369/1501/1365
f 1364/505/483 1362/504/482 1355/1498/1362
f 1474/1499/1363 1461/1602/1450 1473/1497/1361
f 1493/1507/1371 1465/1603/1451 1449/1604/1452
f 1525/1494/1358 1529/1605/1453 1522/1493/1357
f 1353/1606/1454 1338/1607/1455 1340/1608/1456
f 1340/1608/1456 1338/1607/1455 1346/1609/1457
f 1344/1492/1356 1347/1491/487 1346/1609/1457
f 1338/1607/1455 1344/1492/1356 1346/1609/1457
f 1345/1610/1458 1343/1487/1353 1335/1489/1355
f 1343/1487/1353 1345/1610/1458 1348/1611/488
f 1350/515/491 1346/1612/1457 1347/511/487
f 1342/1613/1459 1341/514/490 1351/516/492
f 1450/1614/1460 1575/1481/1347 1574/1615/1345
f 1558/1616/1461 1571/1617/1462 1577/1618/1463
f 1585/1619/1464 1563/1476/1343 1560/1620/1465
f 1560/1620/1465 1577/1621/1463 1585/1619/1464
f 1583/1622/1339 1574/1615/1345 1584/1623/1466
f 1580/1624/1467 1579/1483/1349 1576/1482/1348
f 1581/1625/1468 1580/1624/1467 1576/1482/1348
f 1559/1486/1352 1581/1625/1468 1556/1484/1350
f 1559/1486/1352 1552/1626/1469 1561/1627/1470
f 1552/1626/1469 1351/516/492 1337/517/493
f 1551/1469/1337 1562/1628/1471 1561/1629/1470
f 1562/1628/1471 1589/1468/1336 1561/1629/1470
f 1584/1630/1466 1587/1466/1334 1586/1465/1333
f 1590/1631/1472 1592/1632/1473 1582/1473/1340
f 1314/400/387 1570/1477/1344 1564/520/496
f 1570/1477/1344 1422/1464/1332 1569/1475/1342
f 1439/1633/1474 1422/1464/1332 1423/1463/1331
f 1594/531/507 1567/532/508 1589/1468/1336
f 1567/532/508 1319/523/499 1593/1462/1330
f 1590/1631/1472 1318/533/509 1592/1632/1473
f 1606/1634/1475 1706/1635/1476 1711/1636/1477
f 1727/622/587 1720/1637/1478 1619/625/589
f 1623/609/516 1625/541/517 1630/1638/1479
f 1642/607/576 1626/542/518 1625/541/517
f 1646/1639/1480 1649/1640/1481 1645/1641/1482
f 1691/591/564 1690/546/522 1686/1642/1483
f 1691/591/564 1686/1642/1483 1687/1643/1484
f 1686/1642/1483 1696/579/553 1697/1644/1485
f 1658/1645/557 1698/1646/1486 1657/537/513
f 1699/581/555 1702/578/552 1613/580/554
f 1734/1647/1487 1732/554/530 1735/1648/1488
f 1614/1649/529 1615/559/533 1699/1650/555
f 1713/568/542 1722/567/541 1729/566/540
f 1714/569/543 1722/567/541 1713/568/542
f 1716/557/532 1615/559/533 1614/1649/529
f 1616/560/534 1615/559/533 1716/557/532
f 1724/570/544 1716/557/532 1732/556/530
f 1618/1651/539 1726/1652/1489 1731/1653/1490
f 1730/1654/1491 1611/562/536 1728/564/538
f 1618/565/539 1722/567/541 1726/1655/1489
f 1618/1651/539 1733/624/588 1729/623/540
f 1643/572/546 1617/574/548 1624/576/550
f 1700/1656/1492 1701/1657/535 1698/1658/1486
f 1684/587/560 1613/580/554 1685/586/559
f 1629/1659/1493 1631/575/549 1617/574/548
f 1734/1647/1487 1728/1660/538 1732/554/530
f 1735/1648/1488 1732/554/530 1719/552/528
f 1719/552/528 1718/555/531 1614/553/529
f 1615/559/533 1701/561/535 1702/1661/552
f 1700/1656/1492 1702/578/552 1701/1657/535
f 1701/561/535 1616/560/534 1698/1646/1486
f 1661/583/556 1655/550/526 1660/549/525
f 1689/545/521 1688/597/568 1684/587/560
f 1695/595/567 1692/594/520 1694/1662/565
f 1666/590/563 1669/1663/1494 1670/588/561
f 1670/588/561 1652/1664/1495 1672/589/562
f 1694/592/565 1691/591/564 1687/1643/1484
f 1667/1665/1496 1668/1666/1497 1669/1667/1494
f 1692/544/520 1690/546/522 1691/591/564
f 1690/546/522 1689/545/521 1686/1642/1483
f 1687/1643/1484 1664/1668/1498 1668/1669/1497
f 1655/550/526 1665/1670/1499 1653/547/523
f 1652/1664/1495 1670/588/561 1671/1671/1500
f 1682/1672/1501 1676/1673/1502 1678/1674/1503
f 1680/1675/1504 1673/1676/1505 1682/1672/1501
f 1680/1675/1504 1683/1677/1506 1681/1678/570
f 1673/1676/1505 1680/1675/1504 1674/1679/1507
f 1683/1677/1506 1678/1674/1503 1679/1680/1508
f 1677/600/571 1681/599/570 1683/1681/1506
f 1674/1679/1507 1680/1675/1504 1681/1678/570
f 1674/1682/1507 1672/589/562 1673/1683/1505
f 1681/599/570 1666/1684/563 1674/1685/1507
f 1675/598/569 1651/605/574 1681/599/570
f 1693/593/566 1631/1686/549 1688/1687/568
f 1648/601/547 1647/1688/1509 1641/1689/1510
f 1645/1641/1482 1640/1690/1511 1646/1639/1480
f 1632/1691/1512 1624/1692/550 1631/1686/549
f 1647/1688/1509 1648/601/547 1650/603/572
f 1695/595/567 1633/543/519 1632/1691/1512
f 1693/593/566 1695/595/567 1632/1691/1512
f 1626/542/518 1642/607/576 1634/606/575
f 1623/540/516 1636/611/578 1642/1693/576
f 1642/1693/576 1636/611/578 1644/610/577
f 1630/1694/1479 1628/538/514 1623/540/516
f 1628/538/514 1678/1695/1503 1676/1696/1502
f 1720/1637/1478 1727/622/587 1733/624/588
f 1703/1697/583 1708/618/580 1709/617/584
f 1729/566/540 1727/1698/587 1725/628/592
f 1725/628/592 1713/568/542 1729/566/540
f 1725/628/592 1715/1699/1513 1712/536/512
f 1712/536/512 1715/1699/1513 1608/627/591
f 1657/537/513 1698/1646/1486 1616/560/534
f 1661/1700/556 1658/1645/557 1663/1701/1514
f 1654/585/558 1661/583/556 1662/1702/1515
f 1605/1703/1516 1606/1704/1475 1711/1705/1477
f 1824/1706/1517 1844/1707/1518 1845/1708/1519
f 1842/643/607 1845/1708/1519 1844/1707/1518
f 1842/643/607 1843/780/734 1845/1708/1519
f 1921/1709/1520 1805/772/727 1806/771/726
f 2024/1710/1521 2028/1711/1522 2004/1712/1523
f 2003/1713/1524 2023/1714/1525 1927/1715/1526
f 1833/1716/1527 1836/1717/1528 1832/1718/1529
f 1838/1719/606 1835/1720/1530 1830/1721/1531
f 1842/643/607 1838/642/606 1839/781/735
f 1839/781/735 1843/780/734 1842/643/607
f 1838/1719/606 1830/1721/1531 1839/1722/735
f 1878/1723/1532 1885/1724/1533 1889/1725/1534
f 1811/706/666 1893/773/728 1880/686/648
f 1821/774/729 1891/1726/1535 1892/645/609
f 1816/647/611 1887/646/610 1814/685/647
f 1783/655/619 1797/702/662 1802/664/628
f 1969/1727/1536 1769/678/640 1968/1728/1537
f 1800/650/614 1795/1729/1538 1779/701/661
f 1795/1729/1538 1791/1730/1539 1794/1731/1540
f 1773/1732/1541 1778/1733/1542 1791/1730/1539
f 1773/1732/1541 1791/1730/1539 1793/1734/1543
f 1786/667/629 1781/659/623 1790/1735/1544
f 1778/1736/1542 1774/1737/1545 1775/1738/1546
f 1774/1737/1545 1936/1739/1547 1776/1740/1548
f 1952/1741/1549 1924/1742/1550 1936/1739/1547
f 1958/1743/1551 1961/1744/1552 1956/1745/1553
f 1950/1746/1554 1958/1743/1551 1949/1747/1555
f 1937/1748/1556 1964/1749/1557 1954/1750/1558
f 1963/1751/1559 1957/1752/1560 1953/1753/1561
f 1953/1754/1561 1951/1755/1562 1926/1756/1563
f 1936/1739/1547 1954/1750/1558 1952/1741/1549
f 1778/1736/1542 1775/1738/1546 1786/667/629
f 1803/668/630 1786/667/629 1775/1738/1546
f 1924/1742/1550 1776/1740/1548 1936/1739/1547
f 1808/666/624 1918/638/602 1919/663/627
f 1807/656/620 1912/635/599 1898/634/598
f 1919/663/627 1915/637/601 1920/670/632
f 1790/1735/1544 1788/1757/1564 1794/1758/1540
f 1774/1759/1545 1773/1732/1541 1772/1760/1565
f 1771/1761/1566 1772/1760/1565 1773/1732/1541
f 1963/1751/1559 1962/1762/1567 1957/1752/1560
f 1969/1727/1536 1968/1728/1537 1961/1763/1552
f 1966/680/642 1943/671/633 1962/1762/1567
f 1891/1726/1535 1886/695/657 1892/645/609
f 1882/1764/655 1895/692/654 1873/691/653
f 1872/694/656 1882/693/655 1873/697/653
f 1797/702/662 1785/688/650 1801/696/658
f 1784/704/664 1799/705/665 1783/655/619
f 1887/646/610 1892/645/609 1872/694/656
f 1801/696/658 1792/703/663 1797/702/662
f 1796/1765/1568 1788/1766/1564 1789/1767/1569
f 1783/655/619 1799/705/665 1798/689/651
f 1797/702/662 1783/655/619 1798/689/651
f 1893/773/728 1814/685/647 1880/686/648
f 1839/1768/735 1830/1769/1531 1832/1718/1529
f 1840/1770/732 1836/1717/1528 1831/1771/1570
f 1836/1717/1528 1840/1770/732 1832/1718/1529
f 1968/1728/1537 1967/709/669 1960/1772/1571
f 1967/709/669 1940/1773/1572 1960/1772/1571
f 1946/1774/1573 1940/1773/1572 1947/641/605
f 1961/1763/1552 1960/1772/1571 1955/1775/1574
f 1948/1776/1575 1956/1745/1553 1955/1777/1574
f 1949/1747/1555 1956/1745/1553 1932/1778/1576
f 2003/1713/1524 1928/1779/1577 2027/1780/1578
f 2014/1781/1579 1997/1782/1580 2022/1783/1581
f 1899/1784/1582 1916/710/670 1921/1709/1520
f 1902/715/675 1897/770/600 1906/1785/1583
f 1991/743/699 1992/746/702 1982/745/701
f 1989/1786/1584 1990/749/705 1992/746/702
f 1858/713/673 1855/1787/676 1857/1788/1585
f 1868/1789/1586 1861/1790/1587 1869/739/698
f 1823/776/730 1869/739/698 1864/1791/1588
f 1852/630/594 1823/776/730 1853/1792/1589
f 1852/630/594 1853/1792/1589 1851/1793/1590
f 1987/1794/1591 1986/1795/1592 1828/1796/1593
f 1989/1797/1584 1985/1798/693 1986/1795/1592
f 1985/734/693 1979/1799/1594 1827/1800/1595
f 1979/1799/1594 1985/734/693 1984/733/692
f 1984/733/692 1978/1801/1596 1979/1799/1594
f 1978/1801/1596 1984/733/692 1980/1802/1597
f 1738/1803/700 1980/1802/1597 1984/733/692
f 1828/1796/1593 1986/1795/1592 1827/1804/1595
f 1863/1805/1598 1850/1806/1599 1867/1807/1600
f 1862/735/694 1813/728/687 1848/725/684
f 1864/1791/1588 1869/739/698 1861/1790/1587
f 1813/728/687 1862/735/694 1815/729/688
f 1865/736/695 1815/729/688 1862/735/694
f 1815/729/688 1865/736/695 1817/730/689
f 1866/727/686 1848/725/684 1813/728/687
f 1862/735/694 1856/714/674 1858/713/673
f 1847/719/678 1857/1808/1585 1855/716/676
f 1850/1809/1599 1863/1810/1598 1859/1811/1601
f 1850/1806/1599 1972/1812/706 1981/1813/1602
f 1987/1794/1591 1981/1813/1602 1990/1814/705
f 2013/1815/1603 2012/1816/1604 2006/769/725
f 1996/756/712 1977/1817/1605 1997/1782/1580
f 1911/1818/1606 1904/1819/1607 1907/1820/1608
f 1911/1818/1606 1907/1820/1608 1909/1821/671
f 1908/1822/1609 1896/765/721 1901/720/679
f 1907/1820/1608 1903/1823/1610 1896/765/721
f 1900/722/681 1896/765/721 1903/1823/1610
f 1994/768/724 1995/757/713 2010/1824/1611
f 1906/1785/1583 1923/718/677 1902/715/675
f 1916/710/670 1911/1825/1606 1909/711/671
f 1899/1784/1582 1905/1826/1612 1916/710/670
f 2014/1781/1579 2016/1827/1613 2007/1828/1614
f 2020/1829/1615 2019/1830/1616 2009/1831/1617
f 2023/1714/1525 2015/1832/1618 2019/1833/1616
f 2015/1832/1618 2027/1780/1578 2018/1834/1619
f 2003/1713/1524 2027/1780/1578 2015/1832/1618
f 2028/1711/1522 2024/1710/1521 2021/1835/1620
f 2021/1835/1620 2024/1710/1521 2020/1836/1615
f 2025/1837/1621 2001/1838/1622 1925/1839/1623
f 1974/1840/1624 2001/1838/1622 1975/1841/1625
f 1810/657/621 1805/772/727 1917/1842/1626
f 1917/1842/1626 1916/710/670 1913/712/672
f 1910/1843/1627 1913/712/672 1909/711/671
f 1918/638/602 1914/1844/1628 1910/1845/1627
f 1897/636/600 1922/726/685 1915/637/601
f 1821/775/729 1822/632/596 1890/1846/1629
f 1818/731/690 1892/645/609 1816/647/611
f 1841/644/608 1842/643/607 1844/1707/1518
f 1845/1708/1519 1843/780/734 1834/779/733
f 1837/1847/1630 1838/1719/606 1841/1848/608
f 1978/1801/1596 1826/1849/1631 1979/1799/1594
f 1978/1801/1596 1825/1850/1632 1826/1849/1631
f 2026/1851/1633 2027/1780/1578 1928/1779/1577
f 2002/785/739 1741/784/738 1740/1852/1634
f 1739/1853/1635 2000/1854/1636 1740/1852/1634
f 2012/1816/1604 2011/1855/1637 2005/1856/1638
f 1998/1857/1639 2005/1856/1638 2011/1855/1637
f 1993/754/710 2012/1816/1604 2005/1856/1638
f 1737/1858/1640 1736/786/740 1998/1857/1639
f 1753/1859/1641 1754/1860/1642 1755/1861/1643
f 2029/871/816 2030/924/857 2199/787/741
f 2201/1862/875 2202/1863/743 2205/792/746
f 2171/796/750 2185/1864/873 2170/949/872
f 2087/1865/838 2085/893/831 2090/1866/1644
f 2090/1866/1644 2085/893/831 2069/812/766
f 2131/1867/1645 2135/811/765 2134/1868/1646
f 2140/1869/1647 2137/1870/1648 2134/1868/1646
f 2056/895/834 2059/1871/1649 2041/856/805
f 2039/1872/1650 2041/856/805 2063/1873/1651
f 2148/1874/776 2172/858/775 2151/857/806
f 2150/823/777 2147/825/779 2151/857/806
f 2144/850/801 2156/854/799 2155/827/781
f 2116/829/783 2154/1875/797 2157/830/784
f 2101/831/785 2124/833/787 2100/943/790
f 2117/843/795 2161/842/794 2118/1876/1652
f 2118/1876/1652 2122/837/791 2129/1877/1653
f 2128/1878/1654 2133/1879/1655 2132/1880/1656
f 2132/1880/1656 2129/1877/1653 2128/1878/1654
f 2157/840/784 2159/844/796 2121/841/793
f 2159/844/796 2157/840/784 2154/845/797
f 2158/826/780 2154/1875/797 2155/827/781
f 2160/828/782 2155/827/781 2038/1881/798
f 2116/829/783 2155/827/781 2154/1875/797
f 2038/1881/798 2155/827/781 2156/854/799
f 2050/1882/1657 2052/899/836 2051/852/803
f 2051/852/803 2052/899/836 2054/817/771
f 2160/1883/782 2163/1884/1658 2158/846/780
f 2158/846/780 2162/1885/1659 2159/844/796
f 2048/867/813 2064/1886/1660 2049/868/811
f 2173/862/809 2200/957/815 2201/1887/875
f 2201/1887/875 2174/866/745 2173/862/809
f 2198/861/808 2200/957/815 2173/862/809
f 2092/1888/1661 2073/805/759 2070/888/829
f 2082/874/819 2087/901/838 2084/894/833
f 2085/890/831 2082/874/819 2068/891/832
f 2143/1889/1662 2142/814/768 2140/1890/1647
f 2142/814/768 2143/1889/1662 2115/1891/1663
f 2079/1892/1664 2068/891/832 2080/887/828
f 2066/882/825 2042/881/824 2061/1893/1665
f 2060/1894/1666 2062/1895/1667 2064/1896/1660
f 2066/882/825 2058/1897/835 2055/883/772
f 2062/1895/1667 2060/1894/1666 2061/1893/1665
f 2081/879/821 2086/878/822 2067/880/823
f 2079/1892/1664 2115/1891/1663 2143/1889/1662
f 2141/892/830 2140/1869/1647 2138/810/764
f 2139/900/837 2140/1890/1647 2142/814/768
f 2140/1890/1647 2141/889/830 2143/1889/1662
f 2083/877/820 2084/1898/833 2086/878/822
f 2070/888/829 2086/878/822 2088/1899/1668
f 2070/888/829 2088/1899/1668 2092/1888/1661
f 2077/802/756 2043/1900/1669 2070/888/829
f 2046/873/818 2043/1900/1669 2044/863/810
f 2047/952/874 2063/1873/1651 2048/867/813
f 2055/818/772 2054/817/771 2052/899/836
f 2065/885/826 2052/899/836 2053/886/827
f 2130/1901/1670 2134/1868/1646 2133/1902/1655
f 2134/1868/1646 2130/1901/1670 2131/1867/1645
f 2087/1903/838 2089/1904/1671 2084/1898/833
f 2075/1905/761 2094/938/763 2074/806/760
f 2031/956/814 2197/902/839 2196/928/860
f 2110/937/865 2112/930/861 2106/929/843
f 2109/1906/1672 2108/910/847 2110/937/865
f 2183/915/851 2181/951/752 2182/918/853
f 2184/917/852 2182/918/853 2034/920/854
f 2036/795/749 2206/790/744 2205/792/746
f 2205/1907/746 2204/921/855 2036/922/749
f 2204/921/855 2205/1907/746 2203/788/742
f 2184/917/852 2034/920/854 2177/908/845
f 2110/937/865 2111/1908/859 2109/1906/1672
f 2111/926/859 2110/936/865 2105/905/842
f 2193/933/864 2186/931/862 2194/904/841
f 2195/903/840 2193/933/864 2194/904/841
f 2108/910/847 2103/909/846 2112/930/861
f 2194/904/841 2186/931/862 2188/932/863
f 2192/804/758 2191/1909/866 2195/927/840
f 2098/907/844 2106/906/843 2113/799/753
f 2097/945/869 2109/1910/1672 2111/946/859
f 2102/912/849 2109/1910/1672 2097/945/869
f 2097/945/869 2107/947/870 2102/912/849
f 2185/1864/873 2171/796/750 2181/798/752
f 2181/951/752 2176/1911/751 2180/919/747
f 2176/860/751 2175/859/807 2180/793/747
f 2205/792/746 2174/791/745 2201/1862/875
f 2202/789/743 2203/788/742 2205/1907/746
f 2030/924/857 2204/921/855 2203/788/742
f 2033/872/817 2194/904/841 2032/954/876
f 27/1912/1673 44/1913/33 45/1914/35
f 3/988/894 1/987/893 28/986/892
f 53/975/886 44/1031/33 43/977/888
f 39/1915/32 33/1015/31 40/1014/909
f 31/985/891 29/32/30 32/983/27
f 28/986/892 22/30/28 29/32/30
f 2/1916/1674 5/1008/905 4/1917/1675
f 36/1918/1676 31/1012/891 37/1011/907
f 30/1/1 3/988/894 28/986/892
f 16/995/898 18/38/36 17/997/900
f 30/1/1 36/1919/1676 35/2/2
f 71/1920/903 70/1921/19 80/1922/897
f 13/15/14 15/1923/1677 14/998/901
f 47/14/13 17/1924/900 15/1923/1677
f 74/9/8 9/23/22 8/1925/1678
f 67/1926/1679 66/1927/20 71/1928/903
f 7/1929/1680 22/30/28 1/987/893
f 8/1930/1678 76/24/23 74/25/8
f 69/1931/1681 8/1930/1678 7/1929/1680
f 7/1929/1680 1/987/893 69/1931/1681
f 68/8/7 70/20/19 73/10/9
f 76/24/23 79/1932/896 82/4/4
f 2/1916/1674 84/1933/1682 79/1932/896
f 79/1932/896 84/1933/1682 83/1934/895
f 4/1917/1675 72/1935/1683 2/1916/1674
f 79/1932/896 1/987/893 2/1916/1674
f 21/27/25 20/1936/1684 23/28/26
f 6/31/29 19/1010/906 29/32/30
f 20/1936/1684 24/976/887 23/28/26
f 41/1016/910 25/1937/1685 26/1938/1686
f 21/1009/25 32/983/27 29/32/30
f 38/1013/908 31/1012/891 39/1939/32
f 27/1912/1673 26/1938/1686 25/1937/1685
f 24/976/887 33/33/31 23/28/26
f 42/40/38 20/1936/1684 18/38/36
f 56/1019/885 61/981/890 53/980/886
f 46/39/37 50/973/884 43/977/888
f 43/977/888 50/973/884 53/975/886
f 56/974/885 50/973/884 51/996/899
f 57/1940/913 55/1941/18 58/1942/1687
f 149/1121/1005 94/1943/1688 85/53/51
f 125/41/39 96/1944/1689 98/42/40
f 97/45/43 185/1945/1690 95/1946/1691
f 123/1947/1692 185/1948/1690 144/1949/1693
f 144/1949/1693 230/1117/1001 123/1947/1692
f 391/96/93 224/1950/1000 297/1951/916
f 230/1117/1001 228/1119/1003 253/1952/1694
f 228/1119/1003 216/1118/1002 322/1024/915
f 228/1119/1003 226/1023/914 252/1953/1695
f 251/1954/1696 226/1023/914 224/1116/1000
f 360/66/63 359/1955/919 358/49/47
f 176/1956/1697 86/1957/1698 151/1958/1699
f 270/1026/917 323/1113/997 227/1114/998
f 298/1030/921 338/51/49 323/1113/997
f 229/1115/999 323/1113/997 231/65/62
f 186/128/122 175/1959/1004 176/1960/1697
f 184/97/42 183/1961/1700 148/1962/1701
f 122/1963/1702 183/1964/1700 143/1965/1703
f 143/1965/1703 244/1966/1704 122/1963/1702
f 296/1967/1705 295/1968/61 269/1969/52
f 337/1970/1706 244/1966/1704 215/1971/995
f 215/1971/995 336/1972/992 337/1970/1706
f 296/1967/1705 337/1970/1706 336/1972/992
f 387/1973/973 385/89/86 386/90/87
f 262/1974/1707 316/1975/1708 285/1976/1709
f 330/1107/991 315/1977/1710 240/1978/1711
f 207/1979/1712 350/1980/1713 328/1981/1714
f 351/1106/990 239/1982/1715 329/1983/1716
f 206/1984/1717 349/1046/936 327/1985/1718
f 205/1986/1719 344/1103/987 326/1987/1720
f 204/1988/1721 341/1038/928 325/1989/1722
f 233/1990/1723 342/1042/932 343/1102/986
f 300/1040/930 325/1989/1722 341/1038/928
f 203/1991/1724 339/1071/955 340/1992/1725
f 339/1071/955 324/1070/929 340/1992/1725
f 325/1989/1722 302/1043/933 342/1042/932
f 344/1103/987 305/1993/1726 326/1987/1720
f 304/1068/953 344/1103/987 303/1041/931
f 326/1987/1720 306/1067/952 345/1035/925
f 349/1046/936 311/1994/1727 327/1985/1718
f 307/1044/934 345/1035/925 306/1067/952
f 309/1066/937 347/1032/922 308/1045/935
f 327/1985/1718 312/1995/1728 350/1980/1713
f 350/1980/1713 313/1996/1729 328/1981/1714
f 313/1996/1729 329/1983/1716 328/1981/1714
f 281/1997/1730 284/1998/1731 282/1999/1732
f 383/87/84 286/2000/1733 382/86/83
f 379/84/81 283/2001/1734 378/83/80
f 375/61/58 313/1996/1729 312/1995/1728
f 310/1048/938 279/59/57 311/1994/1727
f 305/1993/1726 258/1053/943 276/2002/1735
f 278/1064/951 371/2003/1736 261/2004/1737
f 308/1045/935 260/1050/940 278/1065/951
f 306/1067/952 259/1063/950 277/1051/941
f 255/1062/949 301/2005/1738 300/1040/930
f 217/71/68 274/2006/1739 365/70/67
f 255/1062/949 273/1061/948 364/2007/947
f 299/1069/954 272/1058/946 273/1060/948
f 258/2008/943 366/72/69 218/73/70
f 219/75/72 276/2009/1735 367/74/71
f 220/77/74 369/2010/939 368/76/73
f 221/79/76 371/2011/1736 370/78/75
f 248/80/77 280/1057/59 374/81/78
f 362/68/65 272/2012/946 361/67/64
f 372/57/55 261/2013/1737 221/79/76
f 371/2011/1736 220/77/74 370/78/75
f 368/76/73 259/2014/950 219/75/72
f 367/74/71 258/2008/943 218/73/70
f 217/71/68 257/2015/942 256/2016/945
f 255/2017/949 365/70/67 274/2006/1739
f 364/2018/947 363/69/66 255/2017/949
f 302/1043/933 274/2019/1739 256/1055/945
f 305/1993/1726 259/1063/950 306/1067/952
f 275/1054/944 258/1053/943 304/1068/953
f 312/1995/1728 279/59/57 375/61/58
f 371/2020/1736 278/1065/951 260/1050/940
f 261/2004/1737 310/1048/938 278/1064/951
f 376/82/79 377/2021/1740 248/80/77
f 378/83/80 281/2022/1730 376/82/79
f 262/2023/1707 382/86/83 286/2000/1733
f 380/85/82 381/2024/1741 379/84/81
f 281/1997/1730 314/2025/1742 377/2026/1740
f 313/1996/1729 377/2026/1740 314/2025/1742
f 232/2027/1743 86/2028/1698 340/2029/1725
f 307/1044/934 277/1051/941 308/1045/935
f 275/1054/944 303/1041/931 302/1043/933
f 178/1098/982 87/1101/985 153/1096/980
f 187/125/119 177/2030/983 178/2031/982
f 200/100/95 147/2032/1744 182/99/94
f 142/2033/1745 147/2034/1744 181/2035/1746
f 214/2036/1747 121/2037/1748 142/2033/1745
f 243/1112/996 357/2038/1749 335/1109/993
f 357/2038/1749 294/1110/994 335/1109/993
f 293/1091/975 294/1110/994 321/1093/977
f 293/2039/975 223/95/92 267/63/60
f 291/2040/1750 249/93/90 266/2041/974
f 331/2042/1751 317/2043/956 241/2044/971
f 288/1088/972 265/2045/1752 387/1089/973
f 208/1105/989 137/2046/1753 351/1106/990
f 240/1978/1711 352/2047/1754 209/2048/1755
f 171/2049/1756 90/2050/1757 117/2051/1758
f 145/2052/1759 136/2053/1760 169/2054/1761
f 156/2055/1762 88/2056/1763 116/2057/1764
f 180/2058/1765 88/2056/1763 155/2059/1766
f 131/2060/1767 145/2052/1759 157/2061/1768
f 130/2062/1769 180/2058/1765 154/1097/981
f 116/2057/1764 157/2061/1768 156/2055/1762
f 120/2063/1770 174/1084/968 141/2064/1771
f 179/1095/979 154/1097/981 180/2058/1765
f 120/2063/1770 213/1077/961 356/1076/960
f 289/2065/1772 319/2066/1773 290/2067/1774
f 355/1075/959 320/1094/978 356/1076/960
f 320/1094/978 355/1075/959 319/2066/1773
f 319/2066/1773 292/1092/976 320/1094/978
f 292/1092/976 319/2066/1773 291/2068/1750
f 291/2068/1750 266/1090/974 292/1092/976
f 332/1074/958 211/2069/1775 353/1086/970
f 210/2070/1776 138/2071/1777 209/2048/1755
f 172/2072/1778 137/2046/1753 160/2073/1779
f 140/1081/965 242/2074/1780 119/1082/966
f 168/1083/967 119/1082/966 173/1085/969
f 242/2074/1780 354/1078/962 334/2075/1781
f 139/2076/1782 211/2069/1775 118/2077/1783
f 162/2078/1784 138/2071/1777 163/2079/1785
f 135/2080/1786 165/2081/1787 164/2082/1788
f 165/2083/1787 139/2076/1782 166/2084/1789
f 166/2084/1789 118/2077/1783 167/2085/1790
f 138/2071/1777 164/2082/1788 163/2079/1785
f 118/2077/1783 212/2086/1791 140/1081/965
f 168/1083/967 118/2077/1783 140/1081/965
f 161/2087/1792 92/2088/1793 162/2078/1784
f 134/2089/1794 160/2073/1779 137/2046/1753
f 353/1086/970 93/2090/1795 241/1087/971
f 93/2091/1795 210/2070/1776 241/2044/971
f 318/1080/964 334/2075/1781 354/1078/962
f 211/2069/1775 354/1078/962 212/2086/1791
f 211/2069/1775 333/1079/963 354/1078/962
f 290/2067/1774 355/1075/959 334/2075/1781
f 213/1077/961 334/2075/1781 355/1075/959
f 242/2074/1780 141/2064/1771 119/1082/966
f 158/2092/1796 136/2093/1760 132/2094/1797
f 141/2064/1771 174/1084/968 119/1082/966
f 132/2094/1797 170/2095/1798 158/2092/1796
f 159/2096/1799 91/2097/1800 172/2072/1778
f 171/2049/1756 133/2098/1801 159/2096/1799
f 209/2048/1755 92/2088/1793 240/1978/1711
f 92/2088/1793 208/1105/989 240/1978/1711
f 210/2070/1776 352/2047/1754 331/2042/1751
f 210/2070/1776 331/2042/1751 241/2044/971
f 288/1088/972 332/1074/958 287/1073/957
f 332/1074/958 241/1087/971 317/1072/956
f 333/1079/963 288/1088/972 318/1080/964
f 290/2067/1774 387/1089/973 289/2065/1772
f 266/2041/974 390/94/91 293/2039/975
f 120/2063/1770 214/2036/1747 142/2033/1745
f 321/1093/977 357/2038/1749 320/1094/978
f 356/1076/960 320/1094/978 357/2038/1749
f 356/1076/960 357/2038/1749 214/2036/1747
f 142/2033/1745 146/2099/1802 120/2063/1770
f 114/101/96 181/2100/1746 200/100/95
f 114/101/96 174/2101/968 146/2102/1802
f 199/102/97 173/2103/969 174/2101/968
f 173/2103/969 198/104/99 168/2104/967
f 112/105/100 168/2104/967 198/104/99
f 112/105/100 166/2105/1789 167/2106/1790
f 197/106/101 165/2107/1787 166/2105/1789
f 196/108/103 165/2107/1787 111/107/102
f 164/2108/1788 110/109/104 163/2109/1785
f 110/109/104 162/2110/1784 163/2109/1785
f 195/110/105 161/2111/1792 162/2110/1784
f 109/111/106 160/2112/1779 161/2111/1792
f 194/112/107 172/2113/1778 160/2112/1779
f 159/2114/1799 108/113/108 193/114/109
f 193/114/109 171/2115/1756 159/2114/1799
f 192/116/111 171/2115/1756 107/43/41
f 158/2116/1796 192/116/111 106/115/110
f 106/115/110 169/2117/1761 158/2116/1796
f 145/2118/1759 191/117/112 105/118/113
f 105/118/113 157/2119/1768 145/2118/1759
f 104/120/115 157/2119/1768 190/119/114
f 189/121/116 156/2120/1762 104/120/115
f 189/121/116 180/2121/1765 155/2122/1766
f 179/2123/979 103/122/116 188/123/117
f 188/123/117 153/2124/980 179/2123/979
f 102/124/118 178/2031/982 153/2124/980
f 129/2125/1803 232/2027/1743 204/1988/1721
f 129/2125/1803 178/1098/982 152/1100/984
f 340/2029/1725 341/1038/928 232/2027/1743
f 340/2029/1725 324/1039/929 341/1038/928
f 87/1101/985 204/1988/1721 233/1990/1723
f 204/1988/1721 342/1042/932 233/1990/1723
f 87/1101/985 343/1102/986 154/1097/981
f 342/1042/932 303/1041/931 343/1102/986
f 343/1102/986 130/2062/1769 154/1097/981
f 205/1986/1719 130/2062/1769 234/1104/988
f 343/1102/986 303/1041/931 344/1103/987
f 235/1037/927 88/2056/1763 205/1986/1719
f 235/1037/927 326/1987/1720 345/1035/925
f 131/2060/1767 235/1037/927 346/1036/926
f 236/1034/924 131/2060/1767 346/1036/926
f 136/2053/1760 236/1034/924 348/1033/923
f 346/1036/926 347/1032/922 236/1034/924
f 346/1036/926 307/1044/934 347/1032/922
f 237/2126/1804 136/2093/1760 348/2127/923
f 206/1984/1717 132/2094/1797 237/2126/1804
f 348/2127/923 349/1046/936 237/2126/1804
f 348/2127/923 309/1047/937 349/1046/936
f 117/2051/1758 206/1984/1717 238/2128/1805
f 238/2128/1805 327/1985/1718 350/1980/1713
f 117/2051/1758 207/1979/1712 133/2098/1801
f 137/2046/1753 239/1982/1715 351/1106/990
f 91/2097/1800 207/1979/1712 239/1982/1715
f 239/1982/1715 328/1981/1714 329/1983/1716
f 282/1999/1732 329/1983/1716 314/2025/1742
f 240/1978/1711 208/1105/989 330/1107/991
f 351/1106/990 284/1998/1731 330/1107/991
f 352/2047/1754 316/1975/1708 331/2042/1751
f 240/1978/1711 285/1976/1709 352/2047/1754
f 283/2129/1734 315/1977/1710 284/1998/1731
f 381/2130/1741 285/1976/1709 315/1977/1710
f 286/2131/1733 317/2043/956 316/1975/1708
f 287/1073/957 317/1072/956 263/2132/1806
f 288/1088/972 264/2133/1807 265/2045/1752
f 384/88/85 263/2134/1806 383/87/84
f 263/2132/1806 264/2133/1807 287/1073/957
f 385/89/86 264/2135/1807 384/88/85
f 289/2136/1772 389/92/89 291/2040/1750
f 386/90/87 289/2136/1772 387/1973/973
f 294/1110/994 295/2137/61 336/1108/992
f 243/1112/996 143/2138/1703 121/2037/1748
f 335/1109/993 336/1108/992 215/1111/995
f 121/2037/1748 183/2139/1700 147/2034/1744
f 147/2032/1744 201/98/42 182/99/94
f 100/127/121 177/2030/983 101/126/120
f 176/1960/1697 100/127/121 186/128/122
f 86/1957/1698 203/1991/1724 340/1992/1725
f 151/2140/1699 152/1100/984 177/1099/983
f 175/1120/1004 150/52/50 176/1956/1697
f 152/1100/984 151/2140/1699 86/2028/1698
f 128/2141/1808 176/1956/1697 150/52/50
f 203/1991/1724 150/52/50 338/51/49
f 298/1030/921 339/1071/955 338/51/49
f 338/51/49 339/1071/955 203/1991/1724
f 231/65/62 202/2142/1809 229/1115/999
f 271/1029/920 299/1069/954 298/1030/921
f 323/1113/997 270/1026/917 298/1030/921
f 361/67/64 271/2143/920 360/66/63
f 358/49/47 225/2144/918 245/50/48
f 297/1951/916 250/56/54 391/96/93
f 224/1950/1000 247/46/44 251/2145/1696
f 245/50/48 251/2145/1696 247/46/44
f 322/1024/915 269/1969/52 297/1025/916
f 227/1114/998 251/1954/1696 225/1027/918
f 251/1954/1696 252/1953/1695 226/1023/914
f 322/1024/915 337/1970/1706 296/1967/1705
f 252/1953/1695 229/1115/999 253/1952/1694
f 226/1023/914 228/1119/1003 322/1024/915
f 228/1119/1003 252/1953/1695 253/1952/1694
f 254/2146/1810 229/1115/999 202/2142/1809
f 244/1966/1704 337/1970/1706 216/1118/1002
f 230/1117/1001 253/1952/1694 254/2146/1810
f 144/1949/1693 244/1966/1704 216/1118/1002
f 148/2147/1701 144/1949/1693 185/1948/1690
f 127/44/42 148/1962/1701 185/1945/1690
f 95/1946/1691 125/41/39 97/45/43
f 99/130/39 175/1959/1004 126/129/123
f 98/42/40 149/2148/1005 99/130/39
f 95/2149/1691 115/2150/1811 124/2151/1812
f 150/52/50 149/1121/1005 85/53/51
f 115/2150/1811 96/2152/1689 124/2151/1812
f 85/53/51 202/2142/1809 231/65/62
f 254/2146/1810 123/1947/1692 230/1117/1001
f 115/2150/1811 202/2142/1809 94/1943/1688
f 436/1191/1075 610/2153/1813 392/2154/1814
f 394/2155/1132 615/1229/1108 530/1250/1129
f 616/1226/1105 396/1251/1130 397/1227/1106
f 398/1224/1103 534/2156/1815 533/1158/1042
f 400/1221/1100 440/2157/1816 399/2158/1817
f 401/2159/1818 441/1246/1125 537/1245/1124
f 402/2160/1819 620/2161/1820 540/1152/1036
f 621/1220/1099 404/2162/1821 405/2163/1822
f 622/1219/1098 406/1244/1123 407/1197/1081
f 408/2164/1823 443/1242/1121 545/1241/1120
f 409/1238/1117 624/2165/1824 520/1239/1118
f 412/1217/1097 548/1236/1115 411/1237/1116
f 413/2166/1825 549/2167/1826 522/1143/1027
f 414/2168/1827 627/1216/1096 551/1177/1061
f 628/1214/1094 416/2169/1828 417/1203/1087
f 418/2170/1829 445/1235/1114 552/1133/1017
f 419/1212/1093 446/2171/1830 554/2172/1113
f 420/2173/1831 421/2174/1832 447/2175/1833
f 453/172/165 429/2176/1068 451/2177/1006
f 433/1187/1071 393/1190/1074 452/1124/1008
f 497/2178/1069 428/138/131 469/2179/1834
f 497/1185/1069 496/2180/1835 517/1186/1070
f 496/2180/1835 555/1193/1077 517/1186/1070
f 528/2181/1836 515/2182/1837 554/2172/1113
f 426/136/129 589/2183/1012 587/144/137
f 494/1183/1067 467/2184/1838 493/1126/1010
f 424/147/140 488/2185/1060 425/145/138
f 583/149/142 582/2186/1839 483/2187/1840
f 492/1178/1062 491/1181/1065 490/1130/1014
f 514/1182/1066 526/2188/1841 527/1132/1016
f 526/2188/1841 552/1133/1017 527/1132/1016
f 525/1179/1063 524/1134/1018 551/1177/1061
f 489/1138/1022 488/1176/1060 512/1142/1026
f 585/2189/1842 487/1139/1023 488/1176/1060
f 471/2190/1843 449/170/163 454/2191/1844
f 486/2192/1024 483/2193/1840 484/2194/1845
f 547/1240/1119 484/2194/1845 510/2195/1846
f 549/2167/1826 523/1137/1021 522/1143/1027
f 511/1141/1025 548/1236/1115 522/1143/1027
f 521/1169/1053 548/1236/1115 511/1141/1025
f 480/1168/1052 519/2196/1847 481/1144/1028
f 462/1166/1050 479/2197/1848 574/2198/1849
f 480/1168/1052 463/1171/1055 508/1167/1051
f 570/2199/1850 504/2200/1851 477/2201/1852
f 478/1148/1032 506/1151/1035 507/1164/1048
f 476/2202/1853 458/1162/1046 503/1163/1047
f 456/2203/1854 474/2204/1855 561/2205/1856
f 475/1161/1045 502/1159/1043 503/1163/1047
f 475/1161/1045 457/1174/1058 501/1160/1044
f 559/2206/1857 499/2207/1858 473/2208/1859
f 472/1157/1041 518/1254/1133 499/2209/1858
f 470/2210/1860 472/1157/1041 471/2211/1843
f 471/2211/1843 454/2212/1844 470/2210/1860
f 509/1155/1039 545/1241/1120 519/2196/1847
f 534/2156/1815 502/1159/1043 533/1158/1042
f 535/2213/1861 502/1159/1043 534/2156/1815
f 539/1165/1049 540/1152/1036 506/1151/1035
f 455/2214/1862 472/1157/1041 499/2209/1858
f 546/1243/1122 519/2196/1847 545/1241/1120
f 472/1157/1041 470/2210/1860 498/1156/1040
f 473/2208/1859 531/1252/1131 500/2215/1863
f 518/2216/1133 473/2208/1859 499/2207/1858
f 559/2206/1857 500/2215/1863 456/2203/1854
f 532/1248/1127 501/1160/1044 474/2204/1855
f 531/1252/1131 474/2204/1855 500/2215/1863
f 457/1174/1058 474/2204/1855 501/1160/1044
f 504/2200/1851 536/2217/1864 537/1245/1124
f 502/1159/1043 535/2213/1861 503/1163/1047
f 535/2213/1861 476/2202/1853 503/1163/1047
f 459/2218/1865 476/2202/1853 504/2200/1851
f 477/2219/1852 539/1165/1049 505/1147/1031
f 504/2200/1851 538/1247/1126 477/2201/1852
f 460/1149/1033 477/2219/1852 505/1147/1031
f 508/1167/1051 542/2220/1866 543/1153/1037
f 541/1150/1034 479/2197/1848 507/1164/1048
f 574/2198/1849 508/1167/1051 463/1171/1055
f 510/2195/1846 546/1243/1122 547/1240/1119
f 519/2196/1847 546/1243/1122 482/1145/1029
f 481/1144/1028 519/2196/1847 482/1145/1029
f 484/2194/1845 521/2221/1053 486/2192/1024
f 582/2222/1839 484/2194/1845 483/2193/1840
f 580/1146/1030 510/2195/1846 582/2222/1839
f 480/1168/1052 464/2223/1867 577/1170/1054
f 580/1146/1030 464/2223/1867 481/1144/1028
f 422/169/162 455/2224/1862 556/168/161
f 564/1173/1057 475/1161/1045 458/1162/1046
f 455/2224/1862 557/167/160 556/168/161
f 559/2225/1857 558/166/159 557/167/160
f 558/166/159 561/2226/1856 560/165/158
f 457/2227/1058 560/165/158 561/2226/1856
f 562/164/157 564/2228/1057 563/163/156
f 564/2228/1057 565/162/155 563/163/156
f 423/161/154 458/2229/1046 566/2230/1868
f 567/160/153 566/2230/1868 459/2231/1865
f 459/2231/1865 568/159/152 567/160/153
f 570/2232/1850 569/158/151 568/159/152
f 460/2233/1033 571/157/150 569/158/151
f 572/156/149 461/2234/1056 462/2235/1050
f 573/155/148 462/2235/1050 574/2236/1849
f 463/2237/1055 573/155/148 574/2236/1849
f 575/154/147 577/2238/1054 576/153/146
f 576/153/146 464/2239/1867 578/152/145
f 579/151/144 464/2239/1867 580/2240/1030
f 580/2240/1030 581/150/143 579/151/144
f 492/1178/1062 526/2188/1841 514/1182/1066
f 487/1139/1023 585/2189/1842 485/1175/1059
f 487/1139/1023 511/1141/1025 512/1142/1026
f 512/1142/1026 523/1137/1021 489/1138/1022
f 523/1137/1021 549/2167/1826 550/1136/1020
f 584/148/141 585/2241/1842 424/147/140
f 492/1178/1062 490/1130/1014 524/1134/1018
f 489/1138/1022 465/1180/1064 488/1176/1060
f 483/2187/1840 584/148/141 583/149/142
f 468/2242/1869 595/137/130 594/139/132
f 592/141/134 591/2243/1009 466/2244/1011
f 466/2244/1011 593/140/133 592/141/134
f 467/2245/1838 594/139/132 593/140/133
f 465/2246/1064 425/145/138 488/2185/1060
f 588/2247/1013 586/146/139 465/2246/1064
f 591/2243/1009 427/143/136 491/2248/1065
f 491/2248/1065 587/144/137 589/2183/1012
f 491/1181/1065 514/1182/1066 591/1125/1009
f 468/2249/1869 516/2250/1870 495/2251/1871
f 466/1127/1011 493/1126/1010 467/2184/1838
f 514/1182/1066 527/1132/1016 493/1126/1010
f 515/2252/1837 467/2184/1838 494/1183/1067
f 553/1131/1015 515/2252/1837 494/1183/1067
f 516/2250/1870 529/2253/1872 496/2180/1835
f 516/2250/1870 469/2254/1834 495/2251/1871
f 469/2179/1834 595/137/130 495/2255/1871
f 497/2178/1069 450/135/128 596/134/127
f 448/171/164 454/2191/1844 449/170/163
f 451/2177/1006 448/171/164 453/172/165
f 432/1188/1072 451/1122/1006 452/1124/1008
f 470/2210/1860 454/2212/1844 430/2256/1873
f 430/2256/1873 432/1188/1072 470/2210/1860
f 452/1124/1008 434/1189/1073 432/1188/1072
f 432/1188/1072 498/1156/1040 470/2210/1860
f 433/1187/1071 517/1186/1070 555/1193/1077
f 599/2257/1874 610/2153/1813 611/2258/1875
f 434/1189/1073 436/1191/1075 437/133/126
f 437/133/126 498/1156/1040 434/1189/1073
f 555/1193/1077 447/2175/1833 435/1192/1076
f 612/213/205 598/2259/1876 600/212/205
f 650/2260/1112 602/176/169 636/2261/1111
f 635/1209/1090 421/2174/1832 631/1211/1092
f 650/1233/1112 633/214/206 632/1194/1078
f 613/211/204 635/2262/1090 673/210/203
f 603/185/178 651/2263/1877 676/184/177
f 664/2264/1086 607/205/198 665/2265/1095
f 651/2266/1877 397/1227/1106 634/1230/1109
f 652/2267/1878 617/1222/1101 638/1225/1104
f 645/1218/175 661/1204/172 625/1206/1088
f 665/1215/1095 417/1203/1087 664/1202/1086
f 649/1213/1083 672/1208/1082 630/1210/1091
f 638/2268/1104 669/187/180 652/2269/1878
f 677/188/181 652/2269/1878 669/187/180
f 678/189/182 639/2270/1102 677/188/181
f 640/2271/1879 678/189/182 679/190/183
f 654/2272/1880 679/190/183 604/191/184
f 654/2272/1880 680/192/185 641/2273/1881
f 641/2273/1881 681/193/186 655/2274/1882
f 655/2274/1882 682/194/187 642/2275/1883
f 656/2276/1089 682/194/187 683/175/168
f 657/2277/1079 683/175/168 684/196/189
f 657/2277/1079 685/195/188 658/2278/1080
f 686/197/190 658/2278/1080 685/195/188
f 643/2279/1884 687/198/191 659/2280/1885
f 659/2280/1885 688/199/192 644/2281/1886
f 644/2281/1886 689/200/193 660/2282/1887
f 660/2282/1887 690/181/174 645/182/175
f 692/201/194 646/1200/1084 691/178/171
f 693/202/195 662/2283/1888 692/201/194
f 663/2284/1085 693/202/195 694/203/196
f 694/203/196 664/2264/1086 663/2284/1085
f 695/206/199 670/2285/1889 648/2286/1890
f 665/2265/1095 695/206/199 648/2286/1890
f 608/207/200 649/1199/1083 670/2285/1889
f 637/2287/1107 668/186/179 638/2268/1104
f 639/1223/1102 617/1222/1101 652/2267/1878
f 637/1228/1107 397/1227/1106 651/2266/1877
f 634/2288/1109 676/184/177 651/2263/1877
f 629/2289/1891 649/2290/1083 419/2291/1093
f 673/210/203 635/2262/1090 672/1198/1082
f 418/2170/1829 670/2292/1889 629/2289/1891
f 648/2293/1890 628/1214/1094 665/1215/1095
f 415/2294/1892 663/1201/1085 627/1216/1096
f 662/2295/1888 415/2294/1892 626/2296/1893
f 646/1205/1084 626/2296/1893 413/2166/1825
f 645/2297/175 624/2165/1824 660/2298/1887
f 646/1205/1084 413/2166/1825 625/1206/1088
f 644/2299/1886 624/2165/1824 410/2300/1894
f 659/2301/1885 410/2300/1894 623/2302/1895
f 643/2303/1884 623/2302/1895 408/2164/1823
f 658/1196/1080 408/2164/1823 622/1219/1098
f 405/2163/1822 656/1207/1089 621/1220/1099
f 655/2304/1882 405/2163/1822 620/2161/1820
f 641/2305/1881 620/2161/1820 403/2306/1896
f 619/2307/1897 641/2305/1881 403/2306/1896
f 401/2159/1818 654/2308/1880 619/2309/1897
f 618/2310/1898 640/2311/1879 401/2159/1818
f 639/1223/1102 618/2310/1898 400/1221/1100
f 637/1228/1107 398/1224/1103 616/1226/1105
f 636/2312/1111 615/1229/1108 395/2313/1110
f 667/183/176 636/2261/1111 602/176/169
f 650/2260/1112 666/173/166 675/177/170
f 674/2314/1899 600/212/205 598/2259/1876
f 601/174/167 632/2315/1078 599/2316/1874
f 612/213/205 599/2316/1874 611/2317/1875
f 392/2154/1814 632/1194/1078 614/131/124
f 598/2318/1876 610/2153/1813 597/2319/1900
f 597/2319/1900 674/2320/1899 598/2318/1876
f 597/2319/1900 447/2175/1833 421/2174/1832
f 555/1193/1077 420/2173/1831 447/2175/1833
f 446/2171/1830 529/2253/1872 528/2181/1836
f 446/2171/1830 631/1211/1092 420/2173/1831
f 419/2291/1093 445/1235/1114 629/2289/1891
f 446/2171/1830 528/2181/1836 554/2172/1113
f 444/2321/1901 418/2170/1829 552/1133/1017
f 552/1133/1017 526/2188/1841 444/2321/1901
f 444/2321/1901 525/1179/1063 416/2169/1828
f 627/1216/1096 416/2169/1828 551/1177/1061
f 416/2169/1828 525/1179/1063 551/1177/1061
f 626/2296/1893 414/2168/1827 549/2167/1826
f 550/1136/1020 414/2168/1827 551/1177/1061
f 414/2168/1827 550/1136/1020 549/2167/1826
f 548/1236/1115 413/2166/1825 522/1143/1027
f 624/2165/1824 411/2322/1116 520/1239/1118
f 520/1239/1118 411/2322/1116 521/2221/1053
f 409/1238/1117 546/1243/1122 443/1242/1121
f 623/2302/1895 409/1238/1117 443/1242/1121
f 544/1154/1038 408/2164/1823 545/1241/1120
f 542/2220/1866 406/1244/1123 543/1153/1037
f 621/1220/1099 406/1244/1123 442/2323/1902
f 541/1150/1034 442/2323/1902 542/2220/1866
f 620/2161/1820 404/2162/1821 540/1152/1036
f 404/2162/1821 541/1150/1034 540/1152/1036
f 402/2160/1819 538/2324/1126 441/2325/1125
f 539/1165/1049 402/2160/1819 540/1152/1036
f 619/2307/1897 402/2160/1819 441/2325/1125
f 401/2159/1818 440/2157/1816 618/2310/1898
f 536/2217/1864 440/2157/1816 537/1245/1124
f 535/2213/1861 440/2157/1816 536/2217/1864
f 534/2156/1815 400/1221/1100 399/2158/1817
f 534/2156/1815 399/2158/1817 535/2213/1861
f 439/1249/1128 398/1224/1103 533/1158/1042
f 531/1252/1131 439/1249/1128 532/1248/1127
f 615/1229/1108 396/1251/1130 530/1250/1129
f 633/214/206 394/1253/1132 438/132/125
f 530/1250/1129 518/2216/1133 394/2155/1132
f 435/1192/1076 610/2153/1813 393/1190/1074
f 436/1191/1075 614/131/124 437/133/126
f 726/302/291 750/2326/1137 749/303/292
f 884/2327/1903 710/1263/1142 905/2328/1904
f 708/1261/1140 732/1336/1213 731/1259/1138
f 964/2329/1905 887/2330/1906 958/2331/1907
f 957/2332/1908 910/224/215 1000/223/214
f 958/2333/1907 999/220/212 968/221/213
f 912/219/211 906/2334/1909 911/2335/1910
f 965/215/207 953/2336/1911 913/216/208
f 902/2337/1912 966/1265/1144 930/2338/1913
f 921/2339/1914 747/2340/1915 748/2341/1916
f 709/1335/1212 748/2341/1916 851/2342/1917
f 709/1335/1212 818/2343/1918 707/2344/1919
f 818/2343/1918 705/2345/1920 707/2344/1919
f 705/2346/1920 883/225/216 730/271/262
f 853/228/219 767/2347/1921 766/2348/1922
f 767/2349/1921 795/2350/1923 766/2351/1922
f 795/2350/1923 831/1334/1211 733/240/231
f 734/1333/1210 922/241/232 733/240/231
f 733/240/231 831/1334/1211 734/1333/1210
f 905/2328/1904 931/2352/1924 907/2353/1925
f 901/2354/1926 957/2355/1908 963/2356/1927
f 746/1330/1207 929/2357/1928 849/1317/1194
f 830/2358/1929 725/2359/1930 850/2360/1931
f 830/2358/1929 817/2361/1932 793/2362/1933
f 817/2361/1932 764/2363/1934 793/2362/1933
f 764/2364/1934 882/270/261 729/226/217
f 876/2365/1178 873/264/255 874/265/256
f 782/2366/1935 781/2367/1936 760/2368/1937
f 824/1267/1146 812/2369/1938 721/1305/1182
f 835/1276/1155 738/2370/1939 716/1320/1197
f 720/1325/1202 823/1326/1203 842/1268/1147
f 841/1324/1201 719/1323/1200 840/1283/1162
f 839/1321/1198 718/2371/1940 838/1322/1199
f 832/2372/1941 736/2373/1942 735/2374/1943
f 834/1318/1195 715/2375/1944 833/1319/1196
f 799/2376/1945 820/2377/1946 798/2378/1947
f 799/2376/1945 821/1274/1153 714/1273/1152
f 800/2379/1948 833/1319/1196 821/1274/1153
f 804/2380/1949 835/1276/1155 803/1278/1157
f 802/1277/1156 833/1319/1196 801/1287/1166
f 836/1272/1151 804/2380/1949 805/1280/1159
f 780/1328/1205 777/2381/1950 779/2382/1951
f 807/1292/1169 838/1322/1199 806/2383/1158
f 838/1322/1199 807/1292/1169 808/1281/1160
f 810/1291/1168 840/1283/1162 809/1282/1161
f 811/1290/1167 823/1326/1203 810/1291/1168
f 761/2384/1952 871/261/252 728/262/253
f 870/2385/1953 867/258/249 868/259/250
f 805/1280/1159 774/2386/221 806/1279/1158
f 776/1286/1165 809/1282/1161 758/2387/1954
f 775/1293/1170 863/2388/1955 758/2387/1954
f 775/1293/1170 807/1292/1169 757/2389/225
f 803/1278/1157 773/2390/1956 804/2380/1949
f 771/2391/1957 799/2376/1945 752/2392/1958
f 798/2378/1947 769/2393/1959 770/2394/1960
f 859/248/239 753/2395/230 771/2396/1957
f 860/252/243 756/231/222 773/2397/1956
f 758/2398/1954 862/253/244 702/254/245
f 727/256/247 759/2399/1163 864/255/246
f 855/245/236 770/2400/1960 769/2401/1959
f 702/254/245 759/2399/1163 758/2398/1954
f 701/233/224 863/2402/1955 757/234/225
f 773/2397/1956 699/251/242 860/252/243
f 859/248/239 752/2403/1958 858/247/238
f 754/1289/229 753/2395/230 697/249/240
f 858/247/238 770/2400/1960 857/246/237
f 798/2378/1947 752/2392/1958 799/2376/1945
f 771/2391/1957 801/1287/1166 800/2379/1948
f 756/2404/222 804/2380/1949 773/2390/1956
f 755/236/227 803/1278/1157 772/237/228
f 807/1292/1169 774/2405/221 757/2389/225
f 866/1285/1164 865/2406/248 777/2381/1950
f 863/2388/1955 775/1293/1170 757/2389/225
f 775/1293/1170 758/2387/1954 809/1282/1161
f 759/1284/1163 776/1286/1165 758/2387/1954
f 865/257/248 779/2407/1951 777/2408/1950
f 871/261/252 760/2409/1937 869/260/251
f 870/2385/1953 869/260/251 760/2409/1937
f 778/1269/1148 866/1285/1164 777/2381/1950
f 832/2372/1941 798/2378/1947 820/2377/1946
f 776/1286/1165 866/1285/1164 811/1290/1167
f 776/1286/1165 810/1291/1168 809/1282/1161
f 808/1281/1160 775/1293/1170 809/1282/1161
f 915/2410/1961 735/2374/1943 736/2373/1942
f 960/2411/1962 888/2412/1963 932/2413/1964
f 962/2414/1965 927/2415/1966 956/2416/1967
f 928/2417/1968 745/2418/1969 919/2419/1970
f 703/227/218 881/2420/1175 880/269/260
f 849/1317/1194 724/2421/1971 848/1316/1193
f 829/1331/1208 849/1317/1194 828/1315/1192
f 791/2422/1972 829/1331/1208 828/1315/1192
f 791/2422/1972 828/1315/1192 790/1300/1177
f 790/1300/1177 763/1299/1176 791/2422/1972
f 879/268/259 788/2423/1973 878/267/258
f 844/2424/1974 813/2425/1975 814/2426/1976
f 785/1302/1179 784/1312/1189 783/1329/1206
f 739/1327/1204 924/2427/1977 842/1268/1147
f 897/2428/1978 945/2429/1979 944/2430/1980
f 897/2428/1978 943/2431/1981 896/2432/1982
f 942/2433/1983 896/2432/1982 943/2431/1981
f 941/2434/1984 895/2435/1985 942/2436/1983
f 940/2437/1986 894/2438/1987 941/2434/1984
f 892/2439/1988 940/2437/1986 939/2440/1989
f 891/2441/1990 939/2440/1989 938/2442/1991
f 937/1297/1174 891/2441/1990 938/2442/1991
f 934/2443/1992 889/2444/1993 935/1295/1172
f 890/2445/1994 937/1297/1174 936/1296/1173
f 936/1296/1173 935/1295/1172 889/2444/1993
f 933/2446/1995 915/2410/1961 934/2443/1992
f 946/2447/1996 898/2448/1997 947/2449/1998
f 947/2449/1998 924/2427/1977 948/2450/1999
f 948/2450/1999 925/2451/2000 949/2452/2001
f 949/2452/2001 899/2453/2002 950/2454/2003
f 950/2454/2003 926/2455/2004 951/2456/2005
f 918/2457/2006 742/2458/2007 743/1310/1187
f 846/1309/1186 744/2459/2008 723/1311/1188
f 789/1314/1191 827/2460/2009 816/2461/2010
f 788/2462/1973 789/1314/1191 816/2461/2010
f 816/2461/2010 786/2463/2011 788/2462/1973
f 844/2424/1974 742/2458/2007 722/2464/2012
f 845/2465/2013 826/1307/1184 743/1310/1187
f 926/2455/2004 741/2466/2014 917/2467/2015
f 816/2461/2010 847/2468/2016 787/2469/2017
f 846/1309/1186 787/2469/2017 847/2468/2016
f 742/2458/2007 900/2470/2018 722/2464/2012
f 743/1310/1187 742/2458/2007 845/2465/2013
f 741/2471/2014 900/2470/2018 917/2472/2015
f 945/2429/1979 916/2473/2019 946/2447/1996
f 740/1304/1181 899/2453/2002 721/1305/1182
f 739/1327/1204 899/2453/2002 925/2451/2000
f 825/2474/2020 722/2464/2012 741/2471/2014
f 843/1306/1183 741/2466/2014 740/1304/1181
f 844/2424/1974 784/1312/1189 845/2465/2013
f 845/2465/2013 784/1312/1189 826/1307/1184
f 787/2469/2017 876/1301/1178 786/2463/2011
f 880/269/260 762/2475/1190 879/268/259
f 827/2460/2009 724/2421/1971 745/2418/1969
f 847/2468/2016 745/2418/1969 744/2459/2008
f 744/2459/2008 901/2354/1926 723/1311/1188
f 723/1311/1188 918/2457/2006 743/1310/1187
f 917/2472/2015 962/2414/1965 952/2476/2021
f 926/2455/2004 952/2477/2021 951/2456/2005
f 888/2412/1963 933/2478/1995 932/2413/1964
f 959/2479/2022 914/2480/2023 960/2411/1962
f 736/2373/1942 889/2444/1993 915/2410/1961
f 737/1275/1154 889/2444/1993 714/1273/1152
f 736/2373/1942 820/2377/1946 714/1273/1152
f 737/1275/1154 890/2445/1994 936/1296/1173
f 833/1319/1196 737/1275/1154 821/1274/1153
f 891/2441/1990 715/2375/1944 834/1318/1195
f 716/1320/1197 891/2441/1990 834/1318/1195
f 893/2481/2024 716/1320/1197 738/2370/1939
f 834/1318/1195 802/1277/1156 835/1276/1155
f 893/2481/2024 717/1271/1150 894/2438/1987
f 717/1271/1150 822/2482/2025 836/1272/1151
f 717/1271/1150 895/2435/1985 894/2438/1987
f 718/2371/1940 895/2483/1985 837/2484/1149
f 897/2428/1978 718/2371/1940 839/1321/1198
f 837/2484/1149 838/1322/1199 718/2371/1940
f 837/2484/1149 806/2383/1158 838/1322/1199
f 719/1323/1200 897/2428/1978 839/1321/1198
f 916/2473/2019 719/1323/1200 841/1324/1201
f 720/1325/1202 924/2427/1977 898/2448/1997
f 720/1325/1202 916/2473/2019 841/1324/1201
f 781/2367/1936 825/2485/2020 843/1306/1183
f 843/1306/1183 812/2369/1938 781/2367/1936
f 780/1328/1205 870/2486/1953 812/2369/1938
f 760/2368/1937 812/2369/1938 870/2486/1953
f 814/2426/1976 783/1329/1206 784/1312/1189
f 813/2425/1975 761/2487/1952 814/2426/1976
f 783/2488/1206 728/262/253 872/263/254
f 875/2489/1180 872/263/254 873/264/255
f 786/2490/2011 878/267/258 788/2423/1973
f 876/2365/1178 877/266/257 786/2490/2011
f 882/270/261 763/2491/1176 703/227/218
f 791/2422/1972 792/2492/2026 817/2493/1932
f 791/2422/1972 850/2494/1931 829/1331/1208
f 725/2495/1930 829/1331/1208 850/2494/1931
f 929/2357/1928 724/2421/1971 849/1317/1194
f 745/2418/1969 902/2337/1912 919/2419/1970
f 918/2457/2006 963/2356/1927 953/2496/1911
f 956/2416/1967 918/2457/2006 953/2496/1911
f 885/242/233 959/2479/2022 931/2352/1924
f 906/2497/1909 884/2327/1903 911/2498/1910
f 884/2327/1903 907/2353/1925 911/2498/1910
f 735/2499/1943 888/2412/1963 713/1332/1209
f 734/1333/1210 888/2412/1963 914/2480/2023
f 832/2500/1941 768/2501/2027 797/2502/2028
f 713/1332/1209 832/2500/1941 735/2499/1943
f 831/1334/1211 768/2501/2027 713/1332/1209
f 797/2502/2028 856/2503/2029 769/2504/1959
f 796/2505/2030 856/2503/2029 768/2501/2027
f 696/244/235 769/2401/1959 856/2506/2029
f 856/2506/2029 854/243/234 696/244/235
f 729/226/217 794/2507/2031 764/2364/1934
f 793/2362/1933 794/2508/2031 818/2343/1918
f 793/2362/1933 851/2342/1917 830/2358/1929
f 851/2342/1917 747/2340/1915 830/2358/1929
f 725/2359/1930 887/2330/1906 903/2509/2032
f 903/2510/2032 746/1330/1207 725/2495/1930
f 954/2511/2033 902/2337/1912 930/2338/1913
f 957/2355/1908 919/2419/1970 954/2511/2033
f 965/215/207 962/2512/1965 956/2513/1967
f 992/299/288 962/2512/1965 993/300/289
f 991/298/287 952/2514/2021 992/299/288
f 950/2515/2003 991/298/287 990/297/286
f 949/2516/2001 990/297/286 989/296/285
f 948/2517/1999 989/296/285 988/295/284
f 988/295/284 947/2518/1998 948/2517/1999
f 946/2519/1996 987/294/283 986/293/282
f 945/2520/1979 986/293/282 985/292/281
f 945/2520/1979 984/217/209 944/2521/1980
f 944/2521/1980 983/291/280 943/2522/1981
f 943/2522/1981 982/290/279 942/2523/1983
f 942/2523/1983 981/289/278 941/2524/1984
f 941/2524/1984 980/288/277 940/2525/1986
f 940/2525/1986 979/287/276 939/2526/1989
f 939/2526/1989 978/286/275 938/2527/1991
f 937/2528/1174 978/286/275 977/285/274
f 961/2529/1171 977/285/274 976/284/273
f 976/284/273 935/2530/1172 961/2529/1171
f 934/2531/1992 975/283/272 974/282/271
f 974/282/271 933/2532/1995 934/2531/1992
f 972/280/268 933/2532/1995 973/281/270
f 960/2533/1962 972/280/268 971/279/269
f 971/279/269 959/2534/2022 960/2533/1962
f 959/2534/2022 969/277/210 931/2535/1924
f 908/276/267 931/2535/1924 969/277/210
f 912/219/211 907/2536/1925 908/276/267
f 955/2537/2034 909/218/210 999/220/212
f 964/2538/1905 968/221/213 998/275/266
f 997/274/265 964/2538/1905 998/275/266
f 996/273/264 967/2539/1143 997/274/265
f 913/216/208 963/2540/1927 994/222/119
f 994/222/119 957/2332/1908 1000/223/214
f 995/272/263 966/2541/1144 996/273/264
f 954/2542/2033 995/272/263 910/224/215
f 921/2339/1914 906/2497/1909 955/2543/2034
f 967/1264/1143 920/1266/1145 964/2544/1905
f 920/1266/1145 966/1265/1144 929/2357/1928
f 903/2510/2032 964/2544/1905 920/1266/1145
f 887/2330/1906 955/2543/2034 958/2331/1907
f 921/2339/1914 711/1337/1214 904/2545/2035
f 884/2327/1903 711/1337/1214 732/1336/1213
f 712/301/290 905/2328/1904 710/1263/1142
f 709/1335/1212 731/1259/1138 732/1336/1213
f 733/240/231 712/301/290 819/1262/1141
f 710/1263/1142 819/1262/1141 712/301/290
f 819/1262/1141 795/2350/1923 733/240/231
f 707/2344/1919 750/1258/1137 731/1259/1138
f 731/1259/1138 706/1257/1136 708/1261/1140
f 765/1260/1139 766/2351/1922 795/2350/1923
f 749/303/292 705/2346/1920 730/271/262
f 750/1258/1137 704/1255/1134 706/1257/1136
f 766/2348/1922 852/229/220 853/228/219
f 751/2546/1135 726/302/291 852/229/220
f 1035/2547/2036 1001/392/379 1054/391/378
f 1012/1457/1325 1036/2548/2037 1035/2549/2036
f 1015/1453/1321 1036/2548/2037 1014/1455/1323
f 1013/1340/1217 1030/2550/2038 1036/2548/2037
f 1017/1452/1320 1037/1338/1215 1015/1453/1321
f 1018/1450/1318 1223/2551/2039 1193/2552/2040
f 1018/1450/1318 1016/1339/1216 1038/1454/1322
f 1228/1367/1242 1039/2553/2041 1194/2554/1244
f 1040/1448/1316 1229/1364/1239 1020/2555/2042
f 1021/1446/1314 1196/1362/1237 1230/1360/1235
f 1041/1445/1313 1231/2556/2043 1140/1409/1283
f 1042/1444/1312 1232/2557/2044 1142/1442/1311
f 1233/2558/2045 1043/1441/1310 1199/2559/2046
f 1044/1438/1308 1234/1358/1233 1022/2560/2047
f 1045/2561/2048 1235/1357/1232 1023/2562/2049
f 1236/2563/2050 1046/1436/1306 1202/2564/2051
f 1237/2565/2052 1047/1435/1305 1203/2566/2053
f 1204/2567/2054 1025/2568/2055 1048/2569/2056
f 1026/2570/2057 1205/2571/2058 1239/2572/2059
f 1240/2573/2060 1050/1434/1304 1206/2574/2061
f 1207/2575/2062 1027/2576/2063 1051/2577/2064
f 1028/1433/1303 1208/2578/2065 1242/2579/2066
f 1029/1432/1302 1209/1356/1231 1243/1350/1227
f 1210/2580/2067 1052/2581/2068 1244/1355/1230
f 1213/2582/2069 1223/2551/2039 1224/2583/2070
f 1225/345/333 1212/2584/2071 1214/344/332
f 1263/2585/1246 1216/310/298 1249/2586/1245
f 1248/1354/1229 1210/2580/2067 1244/1355/1230
f 1263/1371/1246 1246/390/377 1245/1341/1218
f 1226/343/331 1248/2587/1229 1286/342/330
f 1217/314/302 1264/2588/2072 1289/313/301
f 1284/340/328 1285/2589/1226 1262/2590/1225
f 1264/2591/2072 1195/1365/1240 1247/1368/1243
f 1265/2592/2073 1230/1360/1235 1251/1363/1238
f 1219/337/325 1277/2593/2074 1260/2594/2075
f 1251/2595/1238 1282/316/304 1265/2596/2073
f 1290/317/305 1265/2596/2073 1282/316/304
f 1291/318/306 1252/2597/1236 1290/317/305
f 1253/2598/2076 1291/318/306 1292/319/307
f 1267/2599/2077 1292/319/307 1293/320/308
f 1294/321/309 1267/2599/2077 1293/320/308
f 1254/2600/2078 1295/322/310 1268/1352/1228
f 1270/2601/1222 1296/324/312 1297/325/313
f 1283/1351/1219 1296/324/312 1269/2602/1220
f 1270/2601/1222 1298/326/314 1271/2603/1223
f 1299/327/315 1271/2603/1223 1298/326/314
f 1255/2604/2079 1300/328/316 1272/2605/2080
f 1272/2605/2080 1301/329/317 1256/2606/2081
f 1256/2606/2081 1302/330/318 1273/2607/2082
f 1273/2607/2082 1303/331/319 1257/2608/2083
f 1303/331/319 1274/2609/2084 1257/2608/2083
f 1304/332/320 1258/2610/2085 1274/2609/2084
f 1306/334/322 1258/2610/2085 1305/333/321
f 1306/334/322 1259/2611/2086 1275/2612/2087
f 1276/2613/2088 1307/335/323 1308/336/324
f 1308/336/324 1260/2594/2075 1276/2613/2088
f 1309/339/327 1278/2614/2089 1261/2615/2090
f 1220/309/209 1261/2615/2090 1277/2593/2074
f 1221/338/326 1262/2590/1225 1278/2614/2089
f 1250/2616/1241 1281/315/303 1251/2595/1238
f 1252/1361/1236 1230/1360/1235 1265/2592/2073
f 1250/1366/1241 1195/1365/1240 1264/2591/2072
f 1247/2617/1243 1289/313/301 1264/2588/2072
f 1285/2589/1226 1286/342/330 1248/2587/1229
f 1242/2618/2066 1262/1348/1225 1209/1356/1231
f 1278/2619/2089 1208/2578/2065 1261/2620/2090
f 1277/2621/2074 1208/2578/2065 1241/2622/2091
f 1260/2623/2075 1241/2622/2091 1207/2575/2062
f 1240/2573/2060 1260/2623/2075 1207/2575/2062
f 1206/2574/2061 1276/2624/2088 1240/2573/2060
f 1275/2625/2087 1206/2574/2061 1239/2572/2059
f 1258/2626/2085 1239/2572/2059 1205/2571/2058
f 1238/2627/2092 1258/2626/2085 1205/2571/2058
f 1204/2567/2054 1274/2628/2084 1238/2627/2092
f 1273/2629/2082 1204/2630/2054 1237/2565/2052
f 1256/2631/2081 1237/2565/2052 1203/2566/2053
f 1272/2632/2080 1203/2566/2053 1236/2563/2050
f 1255/2633/2079 1236/2563/2050 1202/2564/2051
f 1271/1346/1223 1202/2564/2051 1235/1357/1232
f 1254/2634/2078 1233/2558/2045 1199/2559/2046
f 1269/1343/1220 1234/1358/1233 1200/1344/1221
f 1200/1344/1221 1233/2558/2045 1268/1353/1228
f 1267/2635/2077 1199/2636/2046 1232/2557/2044
f 1267/2635/2077 1198/2637/2093 1253/2638/2076
f 1231/2556/2043 1253/2638/2076 1198/2637/2093
f 1252/1361/1236 1231/2556/2043 1197/1359/1234
f 1250/1366/1241 1196/1362/1237 1229/1364/1239
f 1249/2639/1245 1228/1367/1242 1194/2554/1244
f 1280/312/300 1249/2586/1245 1216/310/298
f 1263/2585/1246 1279/307/296 1288/311/299
f 1287/2640/2094 1214/344/332 1212/2584/2071
f 1215/308/297 1245/2641/1218 1213/2642/2069
f 1225/345/333 1213/2642/2069 1224/2643/2070
f 1193/2552/2040 1245/1341/1218 1227/304/293
f 1212/2644/2071 1223/2551/2039 1211/2645/2095
f 1211/2645/2095 1287/2646/2094 1212/2644/2071
f 1155/1451/1319 1052/2581/2068 1053/2647/2096
f 1184/2648/1253 1009/359/347 1183/2649/1254
f 1115/1373/1248 1094/1427/1298 1093/1430/1252
f 1092/1376/1251 1065/2650/2097 1186/1429/1300
f 1034/351/339 1098/2651/1326 1192/349/337
f 1098/1458/1326 1097/2652/2098 1116/1456/1324
f 1096/1372/1247 1067/2653/2099 1095/2654/2100
f 1186/2655/1300 1187/355/343 1010/356/344
f 1190/1428/1299 1094/1427/1298 1095/2654/2100
f 1190/2656/1299 1191/352/340 1189/353/341
f 1066/2657/1250 1189/353/341 1188/354/342
f 1188/354/342 1065/2658/2097 1066/2657/1250
f 1095/2659/2100 1034/351/339 1191/352/340
f 1087/2660/2101 1033/362/350 1180/2661/2102
f 1064/2662/2103 1112/2663/2104 1088/2664/2105
f 1091/1425/1297 1090/2665/2106 1089/1380/1255
f 1083/2666/2107 1176/347/335 1177/2667/1295
f 1173/2668/2108 1174/364/352 1032/363/351
f 1161/383/370 1160/365/353 1058/367/355
f 1086/2669/2109 1083/2670/2107 1084/2671/2110
f 1111/2672/2111 1127/2673/2112 1112/2663/2104
f 1147/1422/1294 1084/2671/2110 1110/1392/1266
f 1077/2674/2113 1168/376/363 1170/2675/2114
f 1081/2676/2115 1109/1421/1293 1082/1393/1267
f 1002/387/374 1055/2677/2116 1069/2678/2117
f 1078/2679/2118 1079/2680/2119 1077/2681/2113
f 1121/2682/2120 1109/1421/1293 1108/2683/2121
f 1145/1439/1309 1078/2679/2118 1107/2684/2122
f 1062/2685/1291 1076/2686/2123 1169/2687/2124
f 1057/2688/2125 1072/1412/1286 1159/1413/1287
f 1072/1412/1286 1118/1407/1281 1162/370/357
f 1158/2689/2126 1100/2690/2127 1071/2691/2128
f 1070/1411/1285 1117/2692/2129 1100/2693/2127
f 1068/2694/2130 1070/1411/1285 1069/2695/2117
f 1055/2696/2116 1068/2694/2130 1069/2695/2117
f 1100/2693/2127 1069/2695/2117 1070/1411/1285
f 1138/1414/1288 1118/1407/1281 1137/1406/1280
f 1141/1415/1289 1103/1402/1276 1140/1409/1283
f 1141/1415/1289 1142/1442/1311 1105/1400/1274
f 1143/1416/1290 1105/1400/1274 1142/1442/1311
f 1070/1411/1285 1068/2694/2130 1099/1410/1284
f 1071/2691/2128 1135/1449/1317 1101/2697/2131
f 1117/2698/2129 1071/2691/2128 1100/2690/2127
f 1158/2689/2126 1101/2697/2131 1057/2688/2125
f 1135/1449/1317 1072/1412/1286 1101/2697/2131
f 1118/1407/1281 1072/1412/1286 1136/1405/1279
f 1073/1404/1278 1139/1408/1282 1102/1403/1277
f 1163/368/356 1102/1403/1277 1059/1395/1269
f 1073/1404/1278 1162/370/357 1118/1407/1281
f 1143/1440/1290 1076/2686/2123 1106/2699/1272
f 1074/371/358 1104/1401/1275 1061/372/359
f 1076/2686/2123 1145/1439/1309 1107/2684/2122
f 1108/2683/2121 1120/2700/2132 1121/2682/2120
f 1119/2701/2133 1080/2702/2134 1078/2679/2118
f 1107/2684/2122 1077/2681/2113 1170/2703/2114
f 1169/2687/2124 1107/2684/2122 1170/2703/2114
f 1156/386/373 1069/2678/2117 1056/2704/2135
f 1062/1417/1291 1167/1418/1292 1075/1399/1273
f 1003/385/372 1056/2704/2135 1158/2705/2126
f 1157/384/371 1158/2705/2126 1057/2706/2125
f 1004/366/354 1057/2706/2125 1159/1419/1287
f 1059/2707/1269 1161/383/370 1163/2708/356
f 1058/367/355 1163/2708/356 1161/383/370
f 1061/1420/359 1006/379/366 1165/380/367
f 1164/382/369 1059/2707/1269 1060/1391/360
f 1166/378/365 1167/2709/1292 1062/2710/1291
f 1062/2710/1291 1007/377/364 1166/378/365
f 1168/376/363 1169/2711/2124 1170/2675/2114
f 1108/2683/2121 1079/2680/2119 1080/2702/2134
f 1173/2712/2108 1109/1421/1293 1081/2676/2115
f 1125/2713/2136 1111/2672/2111 1086/2714/2109
f 1123/1394/1268 1147/1422/1294 1110/1392/1266
f 1124/2715/2137 1086/2669/2109 1084/2671/2110
f 1177/1423/1295 1084/2671/2110 1083/2670/2107
f 1032/363/351 1079/2716/2119 1173/2668/2108
f 1110/1392/1266 1177/1423/1295 1082/1393/1267
f 1082/1393/1267 1063/1424/1296 1081/2676/2115
f 1077/2674/2113 1172/374/361 1171/375/362
f 1175/346/334 1081/2717/2115 1063/2718/1296
f 1175/346/334 1177/2667/1295 1176/347/335
f 1086/2714/2109 1180/2719/2102 1085/2720/2138
f 1111/2672/2111 1087/2721/2101 1180/2719/2102
f 1127/2673/2112 1088/2664/2105 1112/2663/2104
f 1148/2722/2139 1113/1389/1264 1088/2664/2105
f 1129/1386/1261 1114/1383/1258 1091/1425/1297
f 1183/1379/1254 1088/2664/2105 1113/1389/1264
f 1089/1380/1255 1183/1379/1254 1113/1389/1264
f 1180/2661/2102 1179/361/349 1085/2723/2138
f 1178/389/376 1085/2723/2138 1179/361/349
f 1064/2724/2103 1008/348/336 1087/2660/2101
f 1183/2649/1254 1181/360/348 1064/2724/2103
f 1090/2725/2106 1010/356/344 1185/357/345
f 1184/2648/1253 1185/357/345 1182/358/346
f 1090/2665/2106 1114/1383/1258 1186/1429/1300
f 1184/1378/1253 1089/1380/1255 1090/2665/2106
f 1097/2652/2098 1155/1451/1319 1116/1456/1324
f 1065/2650/2097 1092/1376/1251 1066/1375/1250
f 1114/1383/1258 1131/1382/1257 1092/1376/1251
f 1094/1427/1298 1096/1372/1247 1095/2654/2100
f 1153/1431/1301 1115/1373/1248 1152/2726/1259
f 1115/1373/1248 1093/1430/1252 1152/2726/1259
f 1154/2727/2140 1096/1372/1247 1132/1374/1249
f 1154/2727/2140 1029/1432/1302 1052/2581/2068
f 1029/1432/1302 1244/1355/1230 1052/2581/2068
f 1028/2728/1303 1209/1356/1231 1153/1431/1301
f 1152/2726/1259 1028/2728/1303 1153/1431/1301
f 1208/2578/2065 1027/2576/2063 1241/2622/2091
f 1151/1385/1260 1130/1381/1256 1027/2576/2063
f 1129/1386/1261 1027/2576/2063 1130/1381/1256
f 1051/2577/2064 1240/2573/2060 1207/2575/2062
f 1051/2577/2064 1129/1386/1261 1150/1388/1263
f 1050/1434/1304 1148/2722/2139 1026/2570/2057
f 1050/1434/1304 1239/2572/2059 1206/2574/2061
f 1049/2729/2141 1148/2722/2139 1127/2673/2112
f 1127/2673/2112 1025/2568/2055 1049/2729/2141
f 1205/2571/2058 1025/2568/2055 1238/2627/2092
f 1048/2569/2056 1126/2730/2142 1125/2713/2136
f 1124/2715/2137 1048/2731/2056 1125/2732/2136
f 1237/2565/2052 1048/2731/2056 1024/2733/2143
f 1147/1422/1294 1024/2733/2143 1124/2715/2137
f 1047/1435/1305 1236/2563/2050 1203/2566/2053
f 1121/2682/2120 1046/1436/1306 1122/1396/1270
f 1202/2564/2051 1023/2562/2049 1235/1357/1232
f 1120/2700/2132 1023/2562/2049 1121/2682/2120
f 1119/2701/2133 1045/2561/2048 1120/2700/2132
f 1045/2561/2048 1234/1358/1233 1201/1347/1224
f 1145/1439/1309 1022/2560/2047 1119/2701/2133
f 1044/1438/1308 1233/2558/2045 1200/1344/1221
f 1043/1443/1310 1232/2557/2044 1199/2636/2046
f 1042/1444/1312 1231/2556/2043 1198/2637/2093
f 1042/1444/1312 1141/1415/1289 1140/1409/1283
f 1138/1414/1288 1041/1445/1313 1139/1408/1282
f 1197/1359/1234 1021/1446/1314 1230/1360/1235
f 1196/1362/1237 1020/2555/2042 1229/1364/1239
f 1137/1406/1280 1136/1405/1279 1020/2555/2042
f 1135/1449/1317 1020/2555/2042 1136/1405/1279
f 1040/1448/1316 1228/1367/1242 1195/1365/1240
f 1039/2734/2041 1246/390/377 1194/1369/1244
f 1134/1447/1315 1117/2698/2129 1039/2553/2041
f 1039/2734/2041 1117/2692/2129 1019/305/294
f 1018/1450/1318 1227/304/293 1133/306/295
f 1017/1452/1320 1223/2551/2039 1038/1454/1322
f 1053/2647/2096 1211/2645/2095 1017/1452/1320
f 1030/2735/2038 1031/388/375 1001/392/379
f 1017/1452/1320 1155/1451/1319 1053/2647/2096
f 1133/306/295 1099/1410/1284 1016/1339/1216
f 1116/1456/1324 1155/1451/1319 1015/1453/1321
f 1013/1340/1217 1099/1410/1284 1068/2694/2130
f 1036/2548/2037 1037/1338/1215 1013/1340/1217
f 1068/2694/2130 1030/2550/2038 1013/1340/1217
f 1014/1455/1323 1098/1458/1326 1116/1456/1324
f 1068/2694/2130 1055/2696/2116 1030/2550/2038
f 1035/2549/2036 1036/2548/2037 1030/2550/2038
f 1054/391/378 1012/2736/1325 1035/2547/2036
f 1192/349/337 1012/2736/1325 1011/350/338
f 1310/2737/2144 1312/2738/2145 1313/2739/2144
f 1596/2740/2146 1310/2737/2144 1313/2739/2144
f 1320/2741/2146 1597/2742/2147 1321/2743/2147
f 1598/2744/2148 1321/2743/2147 1597/2742/2147
f 1322/2745/2148 1599/2746/2149 1323/2747/2149
f 1599/2746/2149 1324/2748/2150 1323/2747/2149
f 1325/2749/2151 1600/2750/2150 1601/2751/2151
f 1325/2749/2151 1602/2752/2152 1326/2753/2152
f 1327/2754/2153 1602/2752/2152 1603/2755/2154
f 1327/2754/2153 1604/1460/1328 1316/1459/1327
f 1315/2756/2155 1595/1461/1329 1407/2757/2156
f 1591/2758/2157 1318/533/509 1564/520/496
f 1333/522/498 1565/393/380 1550/2759/2158
f 1570/1477/1344 1314/400/387 1422/1464/1332
f 1564/520/496 1563/1476/1343 1591/2758/2157
f 1593/1462/1330 1588/1467/1335 1567/532/508
f 1588/2760/1335 1581/1625/1468 1589/2761/1336
f 1552/1626/1469 1551/2762/1337 1561/1627/1470
f 1559/1486/1352 1561/1627/1470 1581/1625/1468
f 1587/1466/1334 1580/2763/1467 1588/1467/1335
f 1578/2764/1341 1571/1617/1462 1572/2765/2159
f 1584/1630/1466 1579/2766/1349 1587/1466/1334
f 1563/1476/1343 1585/1619/1464 1591/2758/2157
f 1569/1475/1342 1422/1464/1332 1427/2767/1360
f 1560/2768/1465 1558/1616/1461 1577/1618/1463
f 1578/2764/1341 1573/1480/1346 1583/1479/1339
f 1552/1626/1469 1557/1485/1351 1553/2769/2160
f 1574/1615/1345 1575/1481/1347 1579/1483/1349
f 1576/1482/1348 1555/2770/2161 1556/1484/1350
f 1549/399/386 1530/2771/479 1524/401/388
f 1336/2772/2162 1346/1612/1457 1341/514/490
f 1341/514/490 1346/1612/1457 1350/515/491
f 1349/2773/489 1345/1610/1458 1339/1471/1338
f 1335/1489/1355 1332/1488/1354 1333/522/498
f 1343/1487/1353 1331/2774/2163 1332/1488/1354
f 1346/1609/1457 1336/2775/2162 1340/1608/1456
f 1354/2776/1448 1353/1606/1454 1340/1608/1456
f 1526/2777/2164 1525/1494/1358 1331/2774/2163
f 1528/2778/2165 1549/399/386 1522/1493/1357
f 1554/490/470 1568/1495/1359 1447/493/473
f 1428/518/494 1424/402/389 1443/2779/1435
f 1437/2780/2166 1435/2781/1436 1427/2767/1360
f 1449/1604/1452 1575/1481/1347 1497/1508/1372
f 1557/1485/1351 1474/1499/1363 1553/2769/2160
f 1352/1592/1444 1370/1594/1446 1359/1593/1445
f 1370/1594/1446 1367/2782/1447 1368/1598/1449
f 1352/1592/1444 1329/419/406 1328/2783/2167
f 1533/2784/1393 1528/2778/2165 1536/2785/1441
f 1526/2786/2164 1540/1591/1443 1535/1590/1442
f 1536/2785/1441 1528/2778/2165 1529/1605/1453
f 1446/404/391 1432/429/416 1438/1584/1438
f 1418/495/475 1447/493/473 1426/494/474
f 1490/1573/1430 1479/1515/1379 1484/1574/1431
f 1490/2787/1430 1493/1507/1371 1489/1576/1377
f 1471/1575/1376 1473/1497/1361 1459/2788/2168
f 1471/1575/1376 1366/506/484 1358/1500/1364
f 1488/2789/2169 1487/2790/1378 1492/2791/1373
f 1472/1569/1427 1499/1547/1409 1470/1570/1411
f 1491/1518/1382 1460/1503/1367 1457/1521/1385
f 1472/1569/1427 1457/1521/1385 1460/1503/1367
f 1481/2792/1412 1486/1517/1381 1485/1516/1380
f 1456/1519/1383 1457/1521/1385 1470/1570/1411
f 1481/2792/1412 1485/1516/1380 1480/1520/1384
f 1467/1567/1425 1356/1524/1387 1469/1511/1375
f 1482/2793/1428 1478/1568/1426 1483/2794/1429
f 1404/418/405 1400/2795/2170 1396/2796/1396
f 1371/1564/1422 1372/1565/1423 1373/1528/1390
f 1359/1593/1445 1360/1595/1389 1375/2797/2171
f 1399/2798/1398 1393/2799/1397 1397/425/412
f 1395/2800/2172 1375/2801/2171 1376/1556/1415
f 1510/2802/1419 1506/1559/1418 1513/2803/1404
f 1506/1559/1418 1409/456/442 1500/1539/1401
f 1408/465/450 1502/1537/1399 1500/1539/1401
f 1518/1544/1406 1505/416/403 1514/1541/1403
f 1515/1540/1402 1504/496/476 1518/1544/1406
f 1512/1545/1407 1499/1547/1409 1503/1546/1408
f 1498/1543/1405 1515/1540/1402 1503/1546/1408
f 1515/1540/1402 1513/1542/1404 1512/1545/1407
f 1512/1545/1407 1513/1542/1404 1508/1548/1400
f 1502/1537/1399 1499/2804/1409 1508/1538/1400
f 1453/472/457 1481/1553/1412 1452/435/422
f 1395/2800/2172 1391/1558/1417 1396/1534/1396
f 1510/2805/1419 1511/432/419 1411/452/434
f 1378/459/444 1391/1558/1417 1390/1555/1414
f 1410/2806/433 1510/2805/1419 1411/452/434
f 1384/460/445 1385/457/443 1392/1557/1416
f 1514/1541/1403 1419/415/402 1516/1561/1420
f 1376/1556/1415 1390/1555/1414 1395/2800/2172
f 1377/1554/1413 1376/1556/1415 1361/1526/1388
f 1377/1554/1413 1378/459/444 1390/1555/1414
f 1383/443/430 1377/1554/1413 1357/464/449
f 1452/435/422 1481/1553/1412 1475/466/451
f 1451/436/423 1456/1551/1383 1468/1549/1410
f 1513/2803/1404 1506/1559/1418 1508/1538/1400
f 1506/1559/1418 1500/1539/1401 1508/1538/1400
f 1510/2802/1419 1410/446/433 1506/1559/1418
f 1514/1541/1403 1510/1560/1419 1513/1542/1404
f 1419/2807/402 1511/432/419 1516/2808/1420
f 1381/420/407 1396/2796/1396 1399/1562/1398
f 1421/473/458 1438/1584/1438 1432/429/416
f 1385/457/443 1386/448/435 1392/1557/1416
f 1389/458/441 1392/1557/1416 1386/448/435
f 1392/1557/1416 1393/1535/1397 1391/1558/1417
f 1393/1535/1397 1396/1534/1396 1391/1558/1417
f 1396/2796/1396 1400/2795/2170 1395/2809/2172
f 1397/425/412 1392/2810/1416 1389/455/441
f 1402/479/462 1398/451/438 1387/477/460
f 1397/425/412 1382/2811/408 1399/2798/1398
f 1538/1533/1395 1543/485/466 1520/486/467
f 1539/487/468 1532/406/393 1534/1532/1394
f 1542/2812/469 1545/422/409 1546/482/465
f 1544/481/464 1537/1587/1440 1541/1586/1439
f 1541/1586/1439 1527/1529/1391 1544/481/464
f 1400/2795/2170 1380/417/404 1375/2797/2171
f 1361/1526/1388 1374/1566/1424 1357/464/449
f 1359/1593/1445 1375/2797/2171 1380/417/404
f 1360/1527/1389 1376/1556/1415 1375/2801/2171
f 1371/1564/1422 1365/1525/485 1372/1565/1423
f 1478/1568/1426 1487/1514/1378 1483/2794/1429
f 1366/506/484 1364/505/483 1358/1500/1364
f 1372/1565/1423 1365/1525/485 1356/1524/1387
f 1357/464/449 1374/1566/1424 1467/1567/1425
f 1477/433/420 1476/1522/1386 1466/434/421
f 1476/1522/1386 1478/1568/1426 1466/434/421
f 1482/2793/1428 1453/472/457 1478/1568/1426
f 1453/472/457 1482/2793/1428 1481/1553/1412
f 1470/1550/1411 1499/2804/1409 1502/1537/1399
f 1498/1543/1405 1472/1569/1427 1448/491/471
f 1483/1572/1429 1488/2789/2169 1486/1517/1381
f 1455/461/446 1469/1511/1375 1458/1510/1374
f 1479/1515/1379 1487/1514/1378 1476/1522/1386
f 1484/1574/1431 1455/461/446 1458/1510/1374
f 1479/1515/1379 1454/471/456 1484/1574/1431
f 1356/1524/1387 1471/1512/1376 1469/1511/1375
f 1464/2813/2173 1492/1509/1373 1497/1508/1372
f 1471/1575/1376 1459/2788/2168 1458/2814/1374
f 1458/2814/1374 1459/2788/2168 1490/2787/1430
f 1489/1576/1377 1493/1507/1371 1492/1509/1373
f 1496/1504/1368 1488/2789/2169 1464/2815/2173
f 1521/407/394 1415/427/414 1413/409/396
f 1495/1506/1370 1463/1505/1369 1494/1502/1366
f 1491/1518/1382 1494/1502/1366 1460/1503/1367
f 1460/1503/1367 1462/492/472 1448/491/471
f 1433/2816/398 1430/1579/1433 1436/1583/1437
f 1440/2817/1434 1436/2818/1437 1441/2819/2174
f 1440/1580/1434 1433/411/398 1436/2820/1437
f 1418/495/475 1498/1543/1405 1448/491/471
f 1505/416/403 1518/1544/1406 1417/497/477
f 1433/2816/398 1431/474/459 1430/1579/1433
f 1416/414/401 1430/1579/1433 1431/474/459
f 1442/412/399 1446/404/391 1438/1584/1438
f 1523/499/478 1538/1533/1395 1547/403/390
f 1328/2783/2167 1330/1530/1392 1334/2821/2175
f 1537/2822/1440 1542/489/469 1533/1531/1393
f 1541/1586/1439 1536/1588/1441 1535/1590/1442
f 1536/2785/1441 1529/1605/1453 1535/2823/1442
f 1540/1591/1443 1526/2786/2164 1330/1530/1392
f 1353/1606/1454 1367/2782/1447 1370/1594/1446
f 1459/2788/2168 1465/1603/1451 1490/2787/1430
f 1368/1599/1449 1371/1564/1422 1360/1527/1389
f 1363/503/481 1369/1501/1365 1367/1596/1447
f 1473/1497/1361 1358/1500/1364 1355/1498/1362
f 1461/1602/1450 1459/2788/2168 1473/1497/1361
f 1465/1603/1451 1557/1485/1351 1556/1484/1350
f 1493/1507/1371 1490/2787/1430 1465/1603/1451
f 1497/1508/1372 1493/1507/1371 1449/1604/1452
f 1449/1604/1452 1556/1484/1350 1555/2770/2161
f 1497/1508/1372 1450/1614/1460 1464/2813/2173
f 1496/1504/1368 1450/2824/1460 1573/1480/1346
f 1463/1505/1369 1573/1480/1346 1572/2765/2159
f 1463/1505/1369 1571/1617/1462 1494/1502/1366
f 1494/1502/1366 1554/490/470 1462/492/472
f 1435/1582/1436 1426/494/474 1427/1496/1360
f 1447/493/473 1568/1495/1359 1426/494/474
f 1422/1464/1332 1437/2780/2166 1427/2767/1360
f 1436/2818/1437 1435/2781/1436 1437/2780/2166
f 1441/2819/2174 1437/2780/2166 1439/1633/1474
f 1423/1463/1331 1441/2819/2174 1439/1633/1474
f 1443/2779/1435 1440/2817/1434 1441/2819/2174
f 1333/522/498 1525/1494/1358 1548/396/383
f 1443/2779/1435 1441/2819/2174 1428/518/494
f 1424/402/389 1425/510/486 1443/2779/1435
f 1528/2778/2165 1522/1493/1357 1529/1605/1453
f 1535/2823/1442 1525/1494/1358 1526/2777/2164
f 1328/2783/2167 1353/1606/1454 1352/1592/1444
f 1525/1494/1358 1332/1488/1354 1331/2774/2163
f 1526/2786/2164 1331/2825/2163 1334/2821/2175
f 1330/1530/1392 1526/2786/2164 1334/2821/2175
f 1334/2821/2175 1344/1492/1356 1338/1607/1455
f 1328/2783/2167 1334/2821/2175 1338/1607/1455
f 1331/2825/2163 1344/1492/1356 1334/2821/2175
f 1354/2776/1448 1340/1608/1456 1336/2775/2162
f 1343/2826/1353 1348/1490/488 1344/1492/1356
f 1341/514/490 1354/1597/1448 1336/2772/2162
f 1335/1489/1355 1339/1471/1338 1345/1610/1458
f 1348/1611/488 1345/1610/1458 1349/2773/489
f 1342/1613/1459 1362/504/482 1341/514/490
f 1355/1498/1362 1553/2769/2160 1474/1499/1363
f 1553/2769/2160 1351/516/492 1552/1626/1469
f 1349/2773/489 1339/1471/1338 1337/1470/493
f 1558/1616/1461 1569/2827/1342 1568/1495/1359
f 1575/1481/1347 1555/2770/2161 1576/1482/1348
f 1450/2824/1460 1574/1478/1345 1573/1480/1346
f 1558/1616/1461 1554/490/470 1571/1617/1462
f 1568/1495/1359 1569/2827/1342 1427/1496/1360
f 1585/1619/1464 1578/1474/1341 1582/1473/1340
f 1569/1475/1342 1560/1620/1465 1563/1476/1343
f 1583/1472/1339 1586/1465/1333 1590/1631/1472
f 1579/1483/1349 1584/1623/1466 1574/1615/1345
f 1556/1484/1350 1581/1625/1468 1576/1482/1348
f 1589/2761/1336 1581/1625/1468 1561/1627/1470
f 1551/2762/1337 1552/1626/1469 1337/517/493
f 1591/2758/2157 1582/1473/1340 1592/1632/1473
f 1583/1472/1339 1590/1631/1472 1582/1473/1340
f 1565/393/380 1551/1469/1337 1550/2759/2158
f 1570/1477/1344 1563/1476/1343 1564/520/496
f 1550/2759/2158 1339/1471/1338 1335/1489/1355
f 1565/393/380 1589/1468/1336 1562/1628/1471
f 1550/2759/2158 1335/1489/1355 1333/522/498
f 1317/2828/2176 1407/2829/2176 1406/2830/2176
f 1593/1462/1330 1566/534/510 1586/1465/1333
f 1590/1631/1472 1586/1465/1333 1566/534/510
f 1566/534/510 1318/533/509 1590/1631/1472
f 1312/2831/2177 1317/2832/2177 1406/2833/2177
f 1608/627/591 1717/2834/590 1607/2835/2178
f 1704/629/593 1710/619/585 1706/1635/1476
f 1661/583/556 1663/2836/1514 1662/1702/1515
f 1607/2837/2178 1619/625/589 1605/1703/1516
f 1622/539/515 1720/1637/1478 1636/611/578
f 1656/2838/524 1697/1644/1485 1700/1656/1492
f 1646/1639/1480 1647/1688/1509 1627/604/573
f 1693/593/566 1632/1691/1512 1631/1686/549
f 1651/605/574 1669/1667/1494 1666/1684/563
f 1689/545/521 1685/586/559 1686/1642/1483
f 1731/1653/1490 1730/2839/1491 1721/2840/2179
f 1714/569/543 1730/1654/1491 1726/1655/1489
f 1614/1649/529 1718/558/531 1716/557/532
f 1716/557/532 1610/535/511 1616/560/534
f 1610/535/511 1724/570/544 1723/563/537
f 1722/567/541 1714/569/543 1726/1655/1489
f 1620/2841/2180 1733/624/588 1618/1651/539
f 1644/610/577 1620/2841/2180 1645/2842/1482
f 1641/2843/1510 1639/571/545 1648/573/547
f 1696/579/553 1700/1656/1492 1697/1644/1485
f 1613/580/554 1696/579/553 1685/586/559
f 1698/1646/1486 1656/2844/524 1700/2845/1492
f 1612/551/527 1617/574/548 1719/552/528
f 1660/549/525 1656/548/524 1658/584/557
f 1621/577/551 1734/1647/1487 1735/1648/1488
f 1617/574/548 1735/1648/1488 1719/552/528
f 1684/587/560 1631/2846/549 1629/2847/1493
f 1640/2848/1511 1638/2849/2181 1641/2843/1510
f 1645/2842/1482 1635/2850/2182 1640/2848/1511
f 1731/1653/1490 1620/2841/2180 1618/1651/539
f 1638/2849/2181 1731/1653/1490 1721/2840/2179
f 1638/2849/2181 1734/1647/1487 1639/571/545
f 1721/2840/2179 1728/1660/538 1734/1647/1487
f 1699/581/555 1612/2851/527 1614/2852/529
f 1684/587/560 1612/2851/527 1613/580/554
f 1665/1670/1499 1670/588/561 1668/2853/1497
f 1686/1642/1483 1685/586/559 1696/579/553
f 1653/2854/523 1687/1643/1484 1697/1644/1485
f 1694/592/565 1687/1643/1484 1668/1669/1497
f 1669/1663/1494 1668/2853/1497 1670/588/561
f 1694/1662/565 1668/1666/1497 1667/1665/1496
f 1687/1643/1484 1686/1642/1483 1697/1644/1485
f 1652/1664/1495 1655/550/526 1654/585/558
f 1668/2853/1497 1664/2855/1498 1665/1670/1499
f 1665/1670/1499 1664/2855/1498 1653/547/523
f 1671/1671/1500 1665/1670/1499 1655/550/526
f 1695/595/567 1667/1665/1496 1651/605/574
f 1652/1664/1495 1654/585/558 1659/2856/2183
f 1678/1674/1503 1683/1677/1506 1682/1672/1501
f 1682/1672/1501 1683/1677/1506 1680/1675/1504
f 1677/600/571 1683/1681/1506 1679/2857/1508
f 1673/1683/1505 1672/589/562 1652/1664/1495
f 1666/590/563 1672/589/562 1674/1682/1507
f 1651/605/574 1666/1684/563 1681/599/570
f 1669/1667/1494 1651/605/574 1667/1665/1496
f 1641/1689/1510 1646/1639/1480 1640/1690/1511
f 1634/606/575 1645/1641/1482 1649/1640/1481
f 1627/604/573 1649/1640/1481 1646/1639/1480
f 1632/1691/1512 1643/602/546 1624/1692/550
f 1627/604/573 1647/1688/1509 1650/603/572
f 1630/1638/1479 1675/598/569 1677/600/571
f 1632/1691/1512 1633/543/519 1650/603/572
f 1679/2858/1508 1628/538/514 1630/1694/1479
f 1630/1638/1479 1677/600/571 1679/2857/1508
f 1637/612/579 1720/1637/1478 1733/624/588
f 1636/611/578 1623/540/516 1622/539/515
f 1605/1703/1516 1705/2859/586 1607/2837/2178
f 1607/2835/2178 1609/615/582 1608/627/591
f 1705/620/586 1711/1636/1477 1710/619/585
f 1725/628/592 1717/2834/590 1715/1699/1513
f 1663/1701/1514 1703/616/583 1662/2860/1515
f 1707/614/581 1712/536/512 1608/627/591
f 1707/614/581 1663/1701/1514 1657/537/513
f 1663/1701/1514 1658/1645/557 1657/537/513
f 1659/2856/2183 1703/2861/583 1704/2862/593
f 1662/1702/1515 1659/2856/2183 1654/585/558
f 1673/1683/1505 1659/2856/2183 1704/2862/593
f 1706/1635/1476 1673/1676/1505 1704/629/593
f 1704/629/593 1703/1697/583 1709/617/584
f 1606/1704/1475 1628/538/514 1676/1696/1502
f 1676/1673/1502 1682/1672/1501 1706/1635/1476
f 1676/1673/1502 1706/1635/1476 1606/1634/1475
f 1710/619/585 1711/1636/1477 1706/1635/1476
f 1622/539/515 1605/1703/1516 1619/625/589
f 1741/784/738 1825/1850/1632 1978/1801/1596
f 2005/1856/1638 1998/1857/1639 1736/786/740
f 1739/2863/1635 1737/1858/1640 1998/1857/1639
f 1739/1853/1635 1998/2864/1639 2000/1854/1636
f 1740/1852/1634 2000/1854/1636 2002/785/739
f 1835/1720/1530 1825/1850/1632 1829/2865/2184
f 1874/2866/2185 1834/779/733 1878/1723/1532
f 1826/1849/1631 1835/1720/1530 1837/1847/1630
f 1806/771/726 1975/1841/1625 1899/1784/1582
f 1879/631/595 1874/2866/2185 1894/777/731
f 1920/670/632 1915/637/601 1922/726/685
f 1910/1843/1627 1914/2867/1628 1913/712/672
f 1913/712/672 1810/657/621 1917/1842/1626
f 1928/1779/1577 1929/2868/2186 2026/1851/1633
f 2001/1838/1622 1999/2869/2187 1975/1841/1625
f 2025/1837/1621 2022/2870/1581 1999/2869/2187
f 2025/1837/1621 2028/1711/1522 2021/1835/1620
f 1932/1778/1576 1948/1776/1575 1929/2868/2186
f 1935/2871/2188 1946/2872/1573 1945/2873/2189
f 1877/2874/2190 1885/2875/1533 1878/2876/1532
f 1946/1774/1573 1938/2877/2191 1940/1773/1572
f 1942/639/603 1940/1773/1572 1967/709/669
f 1840/1770/732 1839/1768/735 1832/1718/1529
f 1835/1720/1530 1829/2865/2184 1830/1721/1531
f 1831/1771/1570 1836/1717/1528 1877/2874/2190
f 1782/2878/626 1792/703/663 1789/2879/1569
f 1890/1846/1629 1894/777/731 1889/1725/1534
f 1891/2880/1535 1821/775/729 1890/1846/1629
f 1779/701/661 1795/1729/1538 1780/690/652
f 1970/679/641 1769/678/640 1969/1727/1536
f 1969/1727/1536 1965/2881/2192 1970/679/641
f 1963/1751/1559 1966/680/642 1962/1762/1567
f 1964/2882/1557 1966/680/642 1963/1751/1559
f 1771/1761/1566 1770/2883/2193 1772/1760/1565
f 1804/649/613 1771/1761/1566 1800/650/614
f 1795/1729/1538 1800/650/614 1793/1734/1543
f 1788/1766/1564 1796/1765/1568 1794/1731/1540
f 1781/659/623 1788/1757/1564 1790/1735/1544
f 1771/1761/1566 1773/1732/1541 1793/1734/1543
f 1790/1735/1544 1794/1758/1540 1791/2884/1539
f 1953/1754/1561 1952/1741/1549 1954/1750/1558
f 1778/1736/1542 1790/1735/1544 1791/2884/1539
f 1933/2885/2194 1951/1755/1562 1950/2886/1554
f 1953/1754/1561 1957/2887/1560 1951/1755/1562
f 1958/2888/1551 1969/1727/1536 1961/1763/1552
f 1926/1756/1563 1925/1839/1623 1952/1741/1549
f 1924/1742/1550 1925/1839/1623 2001/1838/1622
f 1963/1751/1559 1954/2889/1558 1964/2882/1557
f 1933/2890/2194 1950/1746/1554 1949/1747/1555
f 1950/1746/1554 1959/2891/2195 1958/1743/1551
f 1957/2887/1560 1950/2886/1554 1951/1755/1562
f 1974/1840/1624 1924/1742/1550 2001/1838/1622
f 1926/1756/1563 1951/1755/1562 1934/2892/2196
f 1936/1739/1547 1937/1748/1556 1954/1750/1558
f 1774/1737/1545 1937/1748/1556 1936/1739/1547
f 1778/1736/1542 1773/2893/1541 1774/1737/1545
f 1790/1735/1544 1778/1736/1542 1786/667/629
f 1775/1738/1546 1774/1737/1545 1776/1740/1548
f 1914/1844/1628 1808/666/624 1809/2894/631
f 1776/1740/1548 1803/668/630 1775/1738/1546
f 1782/662/626 1788/1757/1564 1777/658/622
f 1912/635/599 1807/656/620 1920/670/632
f 1939/2895/2197 1774/1759/1545 1772/1760/1565
f 1791/1730/1539 1795/1729/1538 1793/1734/1543
f 1793/1734/1543 1800/650/614 1771/1761/1566
f 1959/2896/2195 1962/1762/1567 1965/2881/2192
f 1964/2882/1557 1937/2897/1556 1939/2895/2197
f 1958/2888/1551 1965/2881/2192 1969/1727/1536
f 1943/671/633 1965/2881/2192 1962/1762/1567
f 1941/653/617 1772/1760/1565 1770/2883/2193
f 1941/653/617 1964/2882/1557 1939/2895/2197
f 1881/2898/2198 1885/2875/1533 1884/2899/2199
f 1966/680/642 1964/2882/1557 1944/681/643
f 1771/1761/1566 1804/649/613 1770/2883/2193
f 1804/649/613 1941/653/617 1770/2883/2193
f 1871/699/659 1877/2874/2190 1875/648/612
f 1895/692/654 1881/2898/2198 1876/700/660
f 1886/2900/657 1891/2880/1535 1888/2901/2200
f 1882/1764/655 1886/2902/657 1881/2898/2198
f 1796/2903/1568 1792/703/663 1801/696/658
f 1780/2904/652 1796/2903/1568 1801/696/658
f 1785/688/650 1797/702/662 1798/689/651
f 1886/2902/657 1888/2905/2200 1881/2898/2198
f 1884/2899/2199 1871/699/659 1881/2898/2198
f 1871/699/659 1876/700/660 1881/2898/2198
f 1796/1765/1568 1780/690/652 1795/1729/1538
f 1796/1765/1568 1795/1729/1538 1794/1731/1540
f 1877/2874/2190 1768/640/604 1875/648/612
f 1891/2880/1535 1890/1846/1629 1888/2901/2200
f 1888/2901/2200 1890/1846/1629 1889/1725/1534
f 1885/1724/1533 1888/2901/2200 1889/1725/1534
f 1877/2874/2190 1871/699/659 1884/2899/2199
f 1946/1774/1573 1833/1716/1527 1832/1718/1529
f 1836/1717/1528 1833/1716/1527 1768/640/604
f 1968/1728/1537 1769/678/640 1967/709/669
f 1768/640/604 1833/1716/1527 1947/641/605
f 1947/641/605 1940/1773/1572 1942/639/603
f 1961/1763/1552 1968/1728/1537 1960/1772/1571
f 1955/1775/1574 1940/1773/1572 1938/2877/2191
f 1832/1718/1529 1830/1769/1531 1946/1774/1573
f 1829/2865/2184 1946/2872/1573 1830/1721/1531
f 1956/1745/1553 1961/1744/1552 1955/1777/1574
f 1935/2871/2188 1955/1777/1574 1938/2906/2191
f 1931/782/736 1945/2873/2189 1930/783/737
f 1929/2868/2186 1935/2871/2188 1931/782/736
f 1949/1747/1555 1958/1743/1551 1956/1745/1553
f 1949/1747/1555 1928/1779/1577 2003/1713/1524
f 2023/2907/1525 2020/1836/1615 2024/1710/1521
f 2003/1713/1524 2015/1832/1618 2023/1714/1525
f 1983/747/703 1870/723/682 1973/748/704
f 2020/1829/1615 2016/1827/1613 2021/2908/1620
f 2014/1781/1579 2022/1783/1581 2016/1827/1613
f 1904/2909/1607 1905/1826/1612 1976/2910/2201
f 1860/2911/2202 1846/724/683 1859/1811/1601
f 1981/1813/1602 1972/1812/706 1990/1814/705
f 1859/1811/1601 1846/724/683 1849/2912/2203
f 1819/2913/697 1865/736/695 1868/2914/1586
f 1854/721/680 1860/2911/2202 1857/1808/1585
f 1860/2911/2202 1863/1810/1598 1864/2915/1588
f 1860/2911/2202 1864/2915/1588 1861/2916/1587
f 1864/1791/1588 1853/1792/1589 1823/776/730
f 1867/1807/1600 1850/1806/1599 1851/1793/1590
f 1823/776/730 1820/737/696 1869/739/698
f 1971/2917/2204 1851/1793/1590 1981/1813/1602
f 1865/736/695 1857/1788/1585 1868/2914/1586
f 1971/2917/2204 1981/1813/1602 1828/1796/1593
f 1984/733/692 1988/732/691 1738/1803/700
f 1985/1798/693 1989/1797/1584 1988/2918/691
f 1827/1804/1595 1986/1795/1592 1985/1798/693
f 1987/1794/1591 1828/1796/1593 1981/1813/1602
f 1851/1793/1590 1853/1792/1589 1867/1807/1600
f 1863/1805/1598 1867/1807/1600 1864/1791/1588
f 1869/2919/698 1819/2913/697 1868/2914/1586
f 1989/1797/1584 1987/1794/1591 1990/1814/705
f 1857/1788/1585 1861/2920/1587 1868/2914/1586
f 1860/2911/2202 1861/2916/1587 1857/1808/1585
f 1857/1808/1585 1847/719/678 1854/721/680
f 1849/2912/2203 1850/1809/1599 1859/1811/1601
f 1851/1793/1590 1850/1806/1599 1981/1813/1602
f 1991/743/699 1989/1786/1584 1992/746/702
f 1983/747/703 1850/1809/1599 1849/2912/2203
f 1982/745/701 1992/746/702 1973/748/704
f 1992/746/702 1972/750/706 1983/747/703
f 2018/2921/1619 2013/1815/1603 2015/2922/1618
f 1870/723/682 1849/2912/2203 1846/724/683
f 2015/2922/1618 2009/1831/1617 2019/1830/1616
f 2014/1781/1579 1996/756/712 1997/1782/1580
f 2010/1824/1611 2020/1829/1615 2009/1831/1617
f 2008/764/720 2014/1781/1579 2007/1828/1614
f 1923/718/677 1908/1822/1609 1901/720/679
f 1977/1817/1605 1900/722/681 1903/1823/1610
f 1907/1820/1608 1904/1819/1607 1903/1823/1610
f 1907/1820/1608 1908/1822/1609 1909/1821/671
f 2006/769/725 2009/1831/1617 2013/1815/1603
f 1907/1820/1608 1896/765/721 1908/1822/1609
f 1977/1817/1605 1996/756/712 1900/722/681
f 2008/764/720 2007/1828/1614 1995/757/713
f 1995/757/713 2007/1828/1614 2010/1824/1611
f 2010/1824/1611 2009/1831/1617 1994/768/724
f 1908/1822/1609 1910/2923/1627 1909/1821/671
f 2012/1816/1604 1993/754/710 2006/769/725
f 1977/1817/1605 1904/1819/1607 1976/2924/2201
f 1911/1825/1606 1916/710/670 1905/1826/1612
f 1905/1826/1612 1904/2909/1607 1911/1825/1606
f 2020/1829/1615 2007/1828/1614 2016/1827/1613
f 1997/1782/1580 1977/1817/1605 1976/2924/2201
f 1949/1747/1555 1927/1715/1526 1933/2890/2194
f 1933/2885/2194 2004/1712/1523 1934/2892/2196
f 1934/2892/2196 2028/1711/1522 1926/1756/1563
f 2004/1712/1523 2023/2907/1525 2024/1710/1521
f 1976/2910/2201 1899/1784/1582 1975/1841/1625
f 2028/1711/1522 2025/1837/1621 1925/1839/1623
f 1976/2910/2201 1999/2869/2187 1997/2925/1580
f 2022/2870/1581 2025/1837/1621 2021/1835/1620
f 2022/2870/1581 1997/2925/1580 1999/2869/2187
f 2022/2870/1581 2021/1835/1620 2016/2926/1613
f 1999/2869/2187 2001/1838/1622 2025/1837/1621
f 1976/2910/2201 1975/1841/1625 1999/2869/2187
f 1776/1740/1548 1806/771/726 1803/668/630
f 1810/657/621 1914/2867/1628 1809/669/631
f 1806/771/726 1899/1784/1582 1921/1709/1520
f 1917/1842/1626 1805/772/727 1921/1709/1520
f 1917/1842/1626 1921/1709/1520 1916/710/670
f 1918/638/602 1906/2927/1583 1897/636/600
f 1812/633/597 1784/704/664 1898/634/598
f 1912/635/599 1920/670/632 1922/726/685
f 1831/1771/1570 1878/2876/1532 1834/2928/733
f 1890/1846/1629 1822/632/596 1894/777/731
f 1889/1725/1534 1894/777/731 1874/2866/2185
f 1874/2866/2185 1878/1723/1532 1889/1725/1534
f 1874/2866/2185 1824/1706/1517 1845/1708/1519
f 1834/2928/733 1840/1770/732 1831/1771/1570
f 1971/2917/2204 1879/631/595 1852/630/594
f 1971/2917/2204 1844/1707/1518 1824/1706/1517
f 1844/1707/1518 1827/1804/1595 1841/644/608
f 1930/783/737 1829/2865/2184 1825/1850/1632
f 1827/1804/1595 1837/2929/1630 1841/644/608
f 1837/1847/1630 1827/1800/1595 1979/1799/1594
f 1837/1847/1630 1835/1720/1530 1838/1719/606
f 1979/1799/1594 1826/1849/1631 1837/1847/1630
f 57/1022/913 63/1020/912 56/1019/885
f 1931/782/736 2026/1851/1633 1929/2868/2186
f 1741/784/738 1980/1802/1597 1740/1852/1634
f 2002/785/739 2017/2930/2205 2026/1851/1633
f 2026/1851/1633 2017/2930/2205 2027/1780/1578
f 1980/1802/1597 1739/1853/1635 1740/1852/1634
f 2018/1834/1619 2027/1780/1578 2017/2930/2205
f 1998/2864/1639 2017/2930/2205 2000/1854/1636
f 2018/1834/1619 2017/2930/2205 2011/2931/1637
f 1742/2932/2206 1755/1861/1643 1767/2933/2207
f 2012/1816/1604 2018/2921/1619 2011/1855/1637
f 1738/744/700 1982/745/701 1739/2863/1635
f 1982/745/701 1737/1858/1640 1739/2863/1635
f 1736/786/740 1993/754/710 2005/1856/1638
f 1982/745/701 1973/748/704 1737/1858/1640
f 1973/748/704 1736/786/740 1737/1858/1640
f 1752/2934/2208 1754/1860/1642 1753/1859/1641
f 1751/2935/2209 1756/2936/2210 1752/2934/2208
f 1750/2937/2211 1757/2938/2209 1751/2935/2209
f 1758/2939/2211 1749/2940/2212 1759/2941/2212
f 1748/2942/2213 1759/2943/2212 1749/2944/2212
f 1747/2945/2214 1760/2946/2213 1748/2942/2213
f 1746/2947/2215 1761/2948/2214 1747/2945/2214
f 1746/2947/2215 1763/2949/2216 1762/2950/2217
f 1764/2951/2218 1744/2952/2219 1766/2953/2220
f 1764/2951/2218 1763/2949/2216 1743/2954/2221
f 1742/2955/2145 1765/2956/2145 1745/2957/2145
f 1745/2958/2177 1766/2959/2177 1744/2960/2177
f 2185/1864/873 2178/948/871 2170/949/872
f 2075/1905/761 2092/1888/1661 2093/2961/2222
f 2187/800/754 2190/940/867 2095/801/755
f 2191/941/866 2190/940/867 2193/2962/864
f 2074/806/760 2094/938/763 2078/803/757
f 2099/2963/2223 2071/2964/2224 2126/2965/2225
f 2069/812/766 2091/2966/2226 2090/1866/1644
f 2115/1891/1663 2050/1882/1657 2153/851/802
f 2087/1865/838 2090/1866/1644 2089/2967/1671
f 2148/1874/776 2166/2968/2227 2168/2969/2228
f 2047/952/874 2039/1872/1650 2063/1873/1651
f 2166/2968/2227 2163/1884/1658 2168/2969/2228
f 2163/2970/1658 2167/2971/2229 2168/2972/2228
f 2132/1880/1656 2137/2973/1648 2136/2974/2230
f 2121/841/793 2159/844/796 2161/842/794
f 2119/838/792 2136/2974/2230 2127/839/767
f 2125/832/786 2130/1901/1670 2124/833/787
f 2128/2975/1654 2130/1901/1670 2133/1902/1655
f 2129/1877/1653 2117/843/795 2118/1876/1652
f 2124/833/787 2123/2976/788 2100/943/790
f 2129/1877/1653 2123/834/788 2128/1878/1654
f 2124/833/787 2128/2975/1654 2123/2976/788
f 2117/843/795 2136/2974/2230 2119/838/792
f 2051/852/803 2153/851/802 2050/1882/1657
f 2165/2977/2231 2162/1885/1659 2166/2968/2227
f 2051/852/803 2156/854/799 2144/850/801
f 2145/855/804 2164/2978/2232 2038/847/798
f 2038/847/798 2164/2978/2232 2160/2979/782
f 2160/2979/782 2164/2978/2232 2163/2970/1658
f 2158/846/780 2163/1884/1658 2162/1885/1659
f 2159/844/796 2162/1885/1659 2161/842/794
f 2146/824/778 2118/1876/1652 2165/2977/2231
f 2161/842/794 2165/2977/2231 2118/1876/1652
f 2107/947/870 2146/824/778 2178/948/871
f 2147/825/779 2165/2977/2231 2166/2968/2227
f 2149/819/773 2168/2972/2228 2167/2971/2229
f 2151/857/806 2147/825/779 2148/1874/776
f 2164/2978/2232 2040/2980/2233 2167/2971/2229
f 2167/2971/2229 2152/820/774 2149/819/773
f 2046/873/818 2062/1895/1667 2043/1900/1669
f 2073/805/759 2077/802/756 2070/888/829
f 2088/1899/1668 2086/878/822 2084/1898/833
f 2115/1891/1663 2120/815/769 2142/814/768
f 2068/891/832 2079/1892/1664 2143/1889/1662
f 2043/1900/1669 2062/1895/1667 2061/1893/1665
f 2059/1871/1649 2060/2981/1666 2064/1886/1660
f 2057/2982/770 2058/1897/835 2060/1894/1666
f 2061/1893/1665 2060/1894/1666 2058/1897/835
f 2043/1900/1669 2061/1893/1665 2042/881/824
f 2058/1897/835 2066/882/825 2061/1893/1665
f 2070/888/829 2043/1900/1669 2042/881/824
f 2067/880/823 2086/878/822 2070/888/829
f 2068/891/832 2143/1889/1662 2141/889/830
f 2044/863/810 2043/1900/1669 2077/802/756
f 2062/1895/1667 2049/864/811 2064/1896/1660
f 2039/1872/1650 2145/855/804 2041/856/805
f 2048/867/813 2063/1873/1651 2064/1886/1660
f 2039/1872/1650 2152/820/774 2040/2980/2233
f 2053/886/827 2079/1892/1664 2080/887/828
f 2064/1886/1660 2063/1873/1651 2059/1871/1649
f 2041/856/805 2059/1871/1649 2063/1873/1651
f 2056/895/834 2041/856/805 2037/849/800
f 2060/2981/1666 2059/1871/1649 2057/897/770
f 2056/895/834 2057/897/770 2059/1871/1649
f 2052/899/836 2050/1882/1657 2053/886/827
f 2120/815/769 2153/851/802 2116/829/783
f 2136/2983/2230 2139/900/837 2127/813/767
f 2131/1867/1645 2099/2963/2223 2126/2965/2225
f 2140/1890/1647 2139/900/837 2137/2984/1648
f 2138/810/764 2140/1869/1647 2134/1868/1646
f 2134/1868/1646 2137/1870/1648 2133/1902/1655
f 2134/1868/1646 2135/811/765 2138/810/764
f 2089/1904/1671 2092/1888/1661 2088/1899/1668
f 2131/1867/1645 2126/2965/2225 2135/811/765
f 2091/2966/2226 2089/2967/1671 2090/1866/1644
f 2084/1898/833 2089/1904/1671 2088/1899/1668
f 2126/2965/2225 2069/812/766 2135/811/765
f 2072/942/868 2091/2966/2226 2071/2964/2224
f 2075/807/761 2091/2966/2226 2076/808/762
f 2033/872/817 2196/2985/860 2195/903/840
f 2073/805/759 2092/1888/1661 2074/806/760
f 2099/2963/2223 2095/801/755 2072/942/868
f 2183/2986/851 2179/913/850 2185/1864/873
f 2109/1910/1672 2102/912/849 2114/911/848
f 2109/1906/1672 2114/914/848 2108/910/847
f 2196/928/860 2197/902/839 2192/804/758
f 2094/938/763 2191/1909/866 2192/804/758
f 2187/800/754 2193/2962/864 2190/940/867
f 2098/907/844 2099/2963/2223 2125/832/786
f 2035/923/856 2152/820/774 2047/952/874
f 2177/908/845 2189/955/877 2103/909/846
f 2047/952/874 2206/790/744 2035/923/856
f 2189/955/877 2194/904/841 2188/932/863
f 2198/861/808 2077/802/756 2197/902/839
f 2321/2987/2234 2377/2988/2235 2320/2989/2236
f 2288/2990/2237 2429/2991/2238 2430/2992/2239
f 2260/2993/2240 2248/2994/2241 2252/2995/2242
f 2280/2996/2177 2283/2997/2177 2285/2998/2243
f 2283/2997/2177 2280/2996/2177 2284/2999/2177
f 2281/3000/2244 2265/3001/2245 2287/3002/2246
f 2265/3001/2245 2292/3003/2247 2295/3004/2248
f 2297/3005/2249 2255/3006/2250 2293/3007/2251
f 2253/3008/2252 2263/3009/2253 2255/3006/2250
f 2267/3010/2254 2263/3009/2253 2269/3011/2255
f 2273/3012/2256 2276/3013/2257 2271/3014/2258
f 2271/3015/2258 2276/3016/2257 2272/3017/2259
f 2264/3018/2260 2275/3019/2261 2265/3001/2245
f 2272/3020/2259 2275/3021/2261 2264/3022/2260
f 2270/3023/2262 2271/3024/2258 2269/3011/2255
f 2258/3025/2263 2252/2995/2242 2253/3026/2252
f 2257/3027/2264 2309/3028/2265 2251/3029/2266
f 2364/3030/2267 2312/3031/2268 2359/3032/2269
f 2365/3033/2270 2359/3032/2269 2358/3034/2271
f 2365/3033/2270 2358/3034/2271 2348/3035/2272
f 2361/3036/2273 2347/3037/2274 2346/3038/2275
f 2358/3034/2271 2361/3036/2273 2348/3035/2272
f 2368/3039/2276 2355/3040/2277 2356/3041/2278
f 2368/3039/2276 2367/3042/2279 2324/3043/2280
f 2351/3044/2281 2350/3045/2282 2365/3033/2270
f 2351/3044/2281 2352/3046/2283 2349/3047/2284
f 2346/3038/2275 2353/3048/2285 2345/3049/2286
f 2353/3048/2285 2346/3038/2275 2351/3044/2281
f 2347/3037/2274 2351/3044/2281 2346/3038/2275
f 2347/3037/2274 2362/3050/2287 2344/3051/2288
f 2361/3036/2273 2359/3032/2269 2360/3052/2289
f 2337/3053/2290 2341/3054/2291 2340/3055/2292
f 2341/3054/2291 2338/3056/2293 2343/3057/2294
f 2356/3041/2278 2343/3057/2294 2354/3058/2295
f 2343/3057/2294 2356/3041/2278 2341/3054/2291
f 2341/3054/2291 2342/3059/2296 2340/3055/2292
f 2341/3054/2291 2337/3053/2290 2336/3060/2297
f 2341/3054/2291 2336/3060/2297 2338/3056/2293
f 2331/3061/2298 2405/3062/2299 2412/3063/2300
f 2414/3064/2301 2333/3065/2302 2334/3066/2303
f 2328/3067/2304 2407/3068/2305 2397/3069/2306
f 2332/3070/2307 2330/3071/2308 2409/3072/2309
f 2415/3073/2310 2325/3074/2310 2335/3075/2310
f 2325/3076/2311 2390/3077/2312 2326/3078/2313
f 2404/3079/2314 2329/3080/2315 2326/3081/2313
f 2331/3082/2298 2329/3083/2316 2405/3084/2299
f 2413/3085/2317 2331/3061/2298 2412/3063/2300
f 2330/3071/2308 2339/3086/2318 2322/3087/2319
f 2330/3071/2308 2322/3087/2319 2331/3088/2320
f 2360/3052/2289 2326/3089/2321 2329/3090/2322
f 2360/3052/2289 2329/3090/2322 2331/3088/2320
f 2360/3052/2289 2331/3088/2320 2322/3087/2319
f 2359/3032/2269 2326/3089/2321 2360/3052/2289
f 2361/3036/2273 2360/3052/2289 2362/3050/2287
f 2342/3059/2296 2352/3046/2283 2347/3037/2274
f 2347/3037/2274 2352/3046/2283 2351/3044/2281
f 2355/3040/2277 2352/3046/2283 2356/3041/2278
f 2366/3091/2323 2351/3044/2281 2349/3047/2284
f 2351/3044/2281 2366/3091/2323 2350/3045/2282
f 2351/3044/2281 2365/3033/2270 2353/3048/2285
f 2350/3045/2282 2364/3030/2267 2365/3033/2270
f 2350/3045/2282 2363/3092/2324 2364/3030/2267
f 2363/3092/2324 2323/3093/2325 2364/3030/2267
f 2259/3094/2326 2256/3095/2327 2261/3096/2328
f 2256/3097/2327 2259/3098/2326 2255/3006/2250
f 2257/3027/2264 2251/3029/2266 2262/3099/2329
f 2250/3100/2330 2262/3101/2329 2251/3102/2266
f 2262/3101/2329 2261/3096/2328 2256/3095/2327
f 2257/3027/2264 2256/3097/2327 2255/3006/2250
f 2259/3098/2326 2258/3103/2263 2255/3006/2250
f 2249/3104/2331 2261/3096/2328 2246/3105/2332
f 2324/3043/2280 2247/3106/2333 2323/3093/2325
f 2366/3091/2323 2357/3107/2334 2324/3043/2280
f 2366/3091/2323 2324/3043/2280 2323/3093/2325
f 2367/3042/2279 2247/3106/2333 2324/3043/2280
f 2369/3108/2335 2367/3042/2279 2368/3039/2276
f 2355/3040/2277 2368/3039/2276 2357/3107/2334
f 2356/3041/2278 2369/3108/2335 2368/3039/2276
f 2369/3108/2335 2356/3041/2278 2354/3058/2295
f 2339/3086/2318 2369/3108/2335 2338/3056/2293
f 2369/3108/2335 2339/3086/2318 2367/3042/2279
f 2332/3070/2307 2339/3086/2318 2330/3071/2308
f 2359/3032/2269 2325/3109/2336 2326/3089/2321
f 2361/3036/2273 2358/3034/2271 2359/3032/2269
f 2347/3037/2274 2361/3036/2273 2362/3050/2287
f 2346/3038/2275 2348/3035/2272 2361/3036/2273
f 2348/3035/2272 2346/3038/2275 2345/3049/2286
f 2364/3030/2267 2359/3032/2269 2365/3033/2270
f 2359/3032/2269 2312/3031/2268 2325/3109/2336
f 2325/3109/2336 2312/3031/2268 2335/3110/2337
f 2312/3031/2268 2364/3030/2267 2250/3100/2330
f 2250/3100/2330 2364/3030/2267 2323/3093/2325
f 2250/3100/2330 2323/3093/2325 2247/3106/2333
f 2308/3111/2338 2297/3005/2249 2294/3112/2339
f 2307/3113/2340 2313/3114/2341 2311/3115/2342
f 2313/3114/2341 2318/3116/2343 2315/3117/2344
f 2315/3118/2344 2308/3111/2338 2311/3119/2342
f 2315/3118/2344 2314/3120/2345 2308/3111/2338
f 2314/3120/2345 2318/3121/2343 2317/3122/2346
f 2318/3116/2343 2321/3123/2234 2317/3124/2346
f 2311/3115/2342 2313/3114/2341 2315/3117/2344
f 2297/3005/2249 2293/3007/2251 2298/3125/2347
f 2293/3007/2251 2301/3126/2348 2298/3125/2347
f 2306/3127/2349 2305/3128/2350 2299/3129/2351
f 2298/3125/2347 2299/3130/2351 2302/3131/2352
f 2305/3132/2350 2304/3133/2353 2302/3134/2352
f 2305/3132/2350 2302/3134/2352 2299/3135/2351
f 2298/3125/2347 2301/3126/2348 2299/3130/2351
f 2296/3136/2354 2300/3137/2355 2303/3138/2356
f 2296/3136/2354 2311/3115/2342 2294/3139/2339
f 2294/3139/2339 2300/3137/2355 2296/3136/2354
f 2309/3028/2265 2308/3111/2338 2314/3120/2345
f 2309/3028/2265 2314/3120/2345 2316/3140/2357
f 2317/3141/2346 2321/2987/2234 2320/2989/2236
f 2319/3142/2358 2310/3143/2359 2316/3144/2357
f 2257/3027/2264 2308/3111/2338 2309/3028/2265
f 2263/3009/2253 2253/3008/2252 2268/3145/2360
f 2255/3006/2250 2297/3005/2249 2257/3027/2264
f 2257/3027/2264 2297/3005/2249 2308/3111/2338
f 2293/3007/2251 2255/3006/2250 2263/3009/2253
f 2293/3007/2251 2263/3009/2253 2267/3010/2254
f 2301/3126/2348 2293/3007/2251 2295/3146/2248
f 2265/3147/2245 2295/3146/2248 2264/3022/2260
f 2292/3003/2247 2306/3127/2349 2295/3004/2248
f 2422/3148/2361 2371/3149/2362 2421/3150/2363
f 2420/3151/2364 2277/3152/2365 2419/3153/2366
f 2372/3154/2367 2423/3155/2368 2424/3156/2369
f 2244/3157/2370 2260/2993/2240 2259/3158/2326
f 2367/3042/2279 2379/3159/2371 2247/3106/2333
f 2379/3159/2371 2367/3042/2279 2339/3086/2318
f 2379/3159/2371 2339/3086/2318 2332/3070/2307
f 2379/3159/2371 2332/3070/2307 2333/3160/2302
f 2379/3159/2371 2333/3160/2302 2312/3031/2268
f 2335/3110/2337 2312/3031/2268 2333/3160/2302
f 2291/3161/2372 2320/2989/2236 2377/2988/2235
f 2313/3114/2341 2290/3162/2373 2380/3163/2374
f 2281/3000/2244 2292/3003/2247 2265/3001/2245
f 2292/3003/2247 2281/3000/2244 2282/3164/2375
f 2292/3003/2247 2282/3164/2375 2373/3165/2376
f 2286/3166/2377 2373/3165/2376 2282/3164/2375
f 2287/3002/2246 2373/3165/2376 2286/3166/2377
f 2287/3002/2246 2370/3167/2378 2373/3165/2376
f 2370/3167/2378 2287/3002/2246 2265/3001/2245
f 2244/3157/2370 2386/3168/2379 2385/3169/2380
f 2393/3170/2381 2391/3171/2381 2392/3172/2381
f 2393/3170/2381 2401/3173/2381 2391/3171/2381
f 2401/3173/2381 2400/3174/2381 2403/3175/2382
f 2400/3174/2381 2327/3176/2381 2399/3177/2381
f 2399/3177/2381 2327/3176/2381 2396/3178/2381
f 2399/3177/2381 2396/3178/2381 2398/3179/2381
f 2401/3173/2381 2403/3175/2382 2402/3180/2383
f 2327/3176/2381 2400/3174/2381 2393/3170/2381
f 2393/3170/2381 2400/3174/2381 2401/3173/2381
f 2463/3181/2384 2491/3182/2385 2490/3183/2386
f 2491/3182/2385 2484/3184/2387 2483/3185/2388
f 2459/3186/2389 2471/3187/2390 2463/3181/2384
f 2459/3186/2389 2790/3188/2391 2505/3189/2392
f 2790/3188/2391 2768/3190/2393 2772/3191/2394
f 2776/3192/2395 2772/3191/2394 2768/3190/2393
f 2503/3193/2396 2928/3194/2397 2929/3195/2398
f 2926/3196/2399 2448/3197/2400 2925/3198/2401
f 2930/3199/2402 2925/3198/2401 2928/3194/2397
f 2926/3196/2399 2925/3198/2401 2930/3199/2402
f 2930/3199/2402 2493/3200/2403 2926/3196/2399
f 2450/3201/2404 2924/3202/2405 2927/3203/2406
f 2455/3204/2407 2927/3203/2406 2454/3205/2408
f 2927/3203/2406 2455/3204/2407 2449/3206/2409
f 2489/3207/2410 2460/3208/2411 2461/3209/2412
f 2456/3210/2413 2454/3205/2408 2458/3211/2414
f 2460/3208/2411 2456/3210/2413 2461/3209/2412
f 2458/3211/2414 2462/3212/2415 2456/3210/2413
f 2462/3212/2415 2461/3209/2412 2456/3210/2413
f 2462/3212/2415 2458/3211/2414 2459/3186/2389
f 2459/3186/2389 2457/3213/2416 2462/3212/2415
f 2465/3214/2417 2485/3215/2418 2487/3216/2419
f 2488/3217/2420 2486/3218/2421 2935/3219/2422
f 2941/3220/2423 2501/3221/2424 2498/3222/2425
f 2943/3223/2426 2443/3224/2427 2501/3221/2424
f 2481/3225/2428 2940/3226/2429 2938/3227/2430
f 2940/3226/2429 2941/3220/2423 2938/3227/2430
f 2504/3228/2431 2505/3189/2392 2910/3229/2432
f 2848/3230/2433 2513/3231/2434 2905/3232/2435
f 2865/3233/2436 2862/3234/2437 2863/3235/2438
f 2819/3236/2439 2525/3237/2440 2831/3238/2441
f 2837/3239/2442 2827/3240/2443 2828/3241/2444
f 2509/3242/2445 2510/3243/2446 2915/3244/2447
f 2915/3245/2447 2913/3246/2448 2907/3247/2449
f 2797/3248/2450 2796/3249/2451 2793/3250/2452
f 2798/3251/2453 2795/3252/2454 2796/3249/2451
f 2799/3253/2455 2798/3251/2453 2796/3249/2451
f 2799/3253/2455 2796/3249/2451 2797/3248/2450
f 2792/3254/2456 2788/3255/2457 2795/3256/2454
f 2814/3257/2458 2811/3258/2459 2826/3259/2460
f 2814/3257/2458 2826/3259/2460 2825/3260/2461
f 2816/3261/2462 2825/3260/2461 2824/3262/2463
f 2824/3262/2463 2825/3260/2461 2826/3259/2460
f 2662/3263/2464 2765/3264/2465 2755/3265/2466
f 2726/3266/2467 2720/3267/2468 2725/3268/2469
f 2725/3268/2469 2721/3269/2470 2724/3270/2471
f 2749/3271/2472 2744/3272/2473 2750/3273/2474
f 2750/3273/2474 2745/3274/2475 2753/3275/2476
f 2755/3265/2466 2763/3276/2477 2754/3277/2478
f 2766/3278/2479 2755/3265/2466 2765/3264/2465
f 2716/3279/2480 2684/3280/2481 2689/3281/2482
f 2685/3282/2483 2713/3283/2484 2689/3281/2482
f 2691/3284/2485 2684/3280/2481 2693/3285/2486
f 2660/3286/2487 2693/3287/2486 2684/3288/2481
f 2660/3289/2487 2686/3290/2488 2693/3285/2486
f 2718/3291/2489 2686/3290/2488 2717/3292/2490
f 2722/3293/2491 2717/3292/2490 2660/3289/2487
f 2727/3294/2492 2718/3291/2489 2717/3292/2490
f 2728/3295/2493 2719/3296/2494 2723/3297/2495
f 2719/3296/2494 2687/3298/2496 2718/3291/2489
f 2728/3295/2493 2723/3297/2495 2724/3270/2471
f 2732/3299/2497 2724/3270/2471 2729/3300/2498
f 2676/3301/2499 2696/3302/2500 2675/3303/2501
f 2733/3304/2502 2677/3305/2503 2730/3306/2504
f 2677/3305/2503 2733/3304/2502 2734/3307/2505
f 2679/3308/2506 2676/3301/2499 2677/3305/2503
f 2738/3309/2507 2746/3310/2508 2741/3311/2509
f 2741/3311/2509 2746/3310/2508 2743/3312/2510
f 2671/3313/2511 2672/3314/2512 2670/3315/2513
f 2706/3316/2514 2672/3317/2512 2703/3318/2515
f 2673/3319/2516 2747/3320/2517 2751/3321/2518
f 2747/3320/2517 2749/3271/2472 2751/3321/2518
f 2673/3319/2516 2751/3321/2518 2674/3322/2519
f 2674/3323/2519 2703/3324/2515 2673/3325/2516
f 2752/3326/2520 2674/3323/2519 2751/3327/2518
f 2758/3328/2521 2664/3329/2522 2669/3330/2523
f 2748/3331/2524 2757/3332/2525 2758/3328/2521
f 2708/3333/2526 2707/3334/2527 2705/3335/2528
f 2666/3336/2529 2665/3337/2530 2664/3329/2522
f 2761/3338/2531 2667/3339/2532 2760/3340/2533
f 2765/3264/2465 2767/3341/2534 2766/3278/2479
f 2667/3342/2532 2762/3343/2535 2661/3344/2536
f 2710/3345/2537 2667/3339/2532 2668/3346/2538
f 2716/3279/2480 2668/3346/2538 2714/3347/2539
f 2712/3348/2540 2715/3349/2541 2716/3279/2480
f 2661/3344/2536 2668/3350/2538 2667/3342/2532
f 2767/3341/2534 2663/3351/2542 2659/3352/2543
f 2762/3353/2535 2766/3278/2479 2767/3341/2534
f 2762/3353/2535 2667/3339/2532 2761/3338/2531
f 2760/3340/2533 2764/3354/2544 2761/3338/2531
f 2760/3340/2533 2667/3339/2532 2666/3355/2529
f 2667/3339/2532 2709/3356/2545 2666/3355/2529
f 2709/3356/2545 2667/3339/2532 2710/3345/2537
f 2760/3357/2533 2666/3358/2529 2759/3359/2546
f 2666/3336/2529 2709/3360/2545 2665/3337/2530
f 2759/3361/2546 2757/3362/2525 2764/3363/2544
f 2759/3364/2546 2666/3365/2529 2664/3366/2522
f 2711/3367/2547 2665/3368/2530 2709/3356/2545
f 2708/3333/2526 2711/3367/2547 2715/3349/2541
f 2715/3349/2541 2711/3367/2547 2709/3356/2545
f 2715/3349/2541 2713/3283/2484 2708/3333/2526
f 2713/3283/2484 2707/3334/2527 2708/3333/2526
f 2697/3369/2548 2699/3370/2549 2700/3371/2550
f 2681/3372/2551 2701/3373/2552 2700/3371/2550
f 2670/3374/2513 2701/3373/2552 2681/3372/2551
f 2678/3375/2553 2680/3376/2554 2681/3377/2551
f 2699/3370/2549 2678/3378/2553 2681/3372/2551
f 2697/3369/2548 2700/3371/2550 2701/3373/2552
f 2694/3379/2555 2697/3369/2548 2701/3373/2552
f 2704/3380/2556 2665/3337/2530 2702/3381/2557
f 2708/3333/2526 2705/3335/2528 2711/3367/2547
f 2711/3367/2547 2705/3335/2528 2702/3382/2557
f 2702/3381/2557 2665/3337/2530 2711/3383/2547
f 2759/3384/2546 2664/3329/2522 2758/3328/2521
f 2758/3385/2521 2757/3386/2525 2759/3387/2546
f 2757/3388/2525 2753/3275/2476 2756/3389/2558
f 2748/3331/2524 2674/3323/2519 2752/3326/2520
f 2748/3390/2524 2752/3391/2520 2753/3275/2476
f 2753/3275/2476 2757/3388/2525 2748/3390/2524
f 2748/3331/2524 2758/3328/2521 2669/3330/2523
f 2705/3392/2528 2703/3324/2515 2702/3381/2557
f 2704/3380/2556 2702/3381/2557 2703/3324/2515
f 2674/3323/2519 2748/3331/2524 2669/3330/2523
f 2669/3330/2523 2704/3380/2556 2674/3323/2519
f 2703/3324/2515 2674/3323/2519 2704/3380/2556
f 2707/3334/2527 2706/3316/2514 2705/3335/2528
f 2706/3316/2514 2703/3318/2515 2705/3335/2528
f 2672/3317/2512 2673/3319/2516 2703/3318/2515
f 2670/3374/2513 2672/3317/2512 2701/3373/2552
f 2673/3393/2516 2672/3314/2512 2671/3313/2511
f 2747/3394/2517 2671/3395/2511 2743/3396/2510
f 2746/3310/2508 2747/3320/2517 2743/3312/2510
f 2742/3397/2559 2671/3398/2511 2680/3399/2554
f 2741/3311/2509 2743/3312/2510 2742/3397/2559
f 2743/3312/2510 2671/3398/2511 2742/3397/2559
f 2738/3309/2507 2741/3311/2509 2740/3400/2560
f 2742/3397/2559 2740/3400/2560 2741/3311/2509
f 2742/3401/2559 2680/3402/2554 2736/3403/2561
f 2735/3404/2562 2736/3405/2561 2679/3308/2506
f 2736/3405/2561 2676/3301/2499 2679/3308/2506
f 2680/3399/2554 2678/3378/2553 2736/3405/2561
f 2676/3301/2499 2736/3405/2561 2678/3378/2553
f 2678/3378/2553 2699/3370/2549 2676/3301/2499
f 2695/3406/2563 2698/3407/2564 2699/3370/2549
f 2698/3407/2564 2676/3301/2499 2699/3370/2549
f 2735/3404/2562 2679/3308/2506 2734/3307/2505
f 2734/3307/2505 2679/3308/2506 2677/3305/2503
f 2734/3307/2505 2739/3408/2565 2735/3404/2562
f 2733/3304/2502 2739/3408/2565 2734/3307/2505
f 2696/3302/2500 2676/3301/2499 2698/3407/2564
f 2683/3409/2566 2696/3302/2500 2698/3407/2564
f 2683/3409/2566 2698/3407/2564 2695/3406/2563
f 2695/3406/2563 2685/3282/2483 2683/3409/2566
f 2688/3410/2567 2719/3411/2494 2682/3412/2568
f 2724/3270/2471 2733/3304/2502 2728/3295/2493
f 2690/3413/2569 2685/3282/2483 2689/3281/2482
f 2690/3413/2569 2687/3298/2496 2692/3414/2570
f 2685/3282/2483 2690/3413/2569 2692/3414/2570
f 2683/3409/2566 2685/3282/2483 2692/3414/2570
f 2692/3414/2570 2682/3415/2568 2683/3409/2566
f 2683/3409/2566 2682/3415/2568 2696/3302/2500
f 2682/3415/2568 2675/3303/2501 2696/3302/2500
f 2677/3305/2503 2676/3301/2499 2675/3303/2501
f 2677/3305/2503 2675/3303/2501 2730/3306/2504
f 2728/3295/2493 2730/3306/2504 2719/3296/2494
f 2733/3304/2502 2730/3306/2504 2728/3295/2493
f 2732/3299/2497 2739/3408/2565 2733/3304/2502
f 2732/3299/2497 2733/3304/2502 2724/3270/2471
f 2688/3416/2567 2682/3415/2568 2692/3414/2570
f 2692/3414/2570 2687/3298/2496 2688/3416/2567
f 2687/3298/2496 2719/3296/2494 2688/3416/2567
f 2718/3291/2489 2723/3297/2495 2719/3296/2494
f 2723/3297/2495 2718/3291/2489 2727/3294/2492
f 2727/3294/2492 2717/3292/2490 2722/3293/2491
f 2686/3290/2488 2718/3291/2489 2687/3298/2496
f 2690/3413/2569 2686/3290/2488 2687/3298/2496
f 2717/3292/2490 2686/3290/2488 2660/3289/2487
f 2722/3417/2491 2660/3418/2487 2659/3419/2543
f 2691/3284/2485 2686/3290/2488 2690/3413/2569
f 2691/3284/2485 2693/3285/2486 2686/3290/2488
f 2691/3284/2485 2689/3281/2482 2684/3280/2481
f 2713/3283/2484 2697/3369/2548 2694/3379/2555
f 2713/3283/2484 2694/3379/2555 2707/3334/2527
f 2713/3283/2484 2685/3282/2483 2697/3369/2548
f 2697/3369/2548 2685/3282/2483 2695/3406/2563
f 2689/3281/2482 2713/3283/2484 2712/3348/2540
f 2716/3279/2480 2689/3281/2482 2712/3348/2540
f 2714/3347/2539 2684/3280/2481 2716/3279/2480
f 2668/3350/2538 2661/3344/2536 2714/3420/2539
f 2661/3421/2536 2659/3422/2543 2660/3423/2487
f 2762/3343/2535 2659/3424/2543 2661/3344/2536
f 2767/3341/2534 2659/3352/2543 2762/3353/2535
f 2765/3264/2465 2663/3351/2542 2767/3341/2534
f 2763/3276/2477 2755/3265/2466 2766/3278/2479
f 2764/3354/2544 2754/3277/2478 2763/3276/2477
f 2757/3388/2525 2754/3277/2478 2764/3354/2544
f 2757/3388/2525 2756/3389/2558 2754/3277/2478
f 2654/3425/2571 2754/3277/2478 2756/3389/2558
f 2756/3389/2558 2745/3274/2475 2654/3425/2571
f 2753/3275/2476 2745/3274/2475 2756/3389/2558
f 2752/3391/2520 2750/3273/2474 2753/3275/2476
f 2750/3273/2474 2744/3272/2473 2745/3274/2475
f 2750/3273/2474 2751/3321/2518 2749/3271/2472
f 2747/3320/2517 2746/3310/2508 2749/3271/2472
f 2746/3310/2508 2658/3426/2572 2655/3427/2573
f 2746/3310/2508 2738/3309/2507 2658/3426/2572
f 2738/3309/2507 2740/3400/2560 2737/3428/2574
f 2735/3404/2562 2739/3408/2565 2737/3428/2574
f 2731/3429/2575 2737/3428/2574 2739/3408/2565
f 2724/3270/2471 2721/3269/2470 2729/3300/2498
f 2723/3297/2495 2725/3268/2469 2724/3270/2471
f 2725/3268/2469 2720/3267/2468 2721/3269/2470
f 2725/3268/2469 2727/3294/2492 2726/3266/2467
f 2722/3293/2491 2663/3351/2542 2726/3266/2467
f 2659/3352/2543 2663/3351/2542 2722/3293/2491
f 2663/3351/2542 2765/3264/2465 2662/3263/2464
f 2662/3263/2464 2755/3265/2466 2656/3430/2576
f 2656/3430/2576 2784/3431/2577 2824/3262/2463
f 2769/3432/2578 2919/3433/2579 2916/3434/2580
f 2917/3435/2581 2506/3436/2582 2504/3437/2431
f 2507/3438/2583 2883/3439/2584 2866/3440/2585
f 2866/3441/2585 2880/3442/2586 2869/3443/2587
f 2886/3444/2588 2889/3445/2589 2884/3446/2590
f 2884/3446/2590 2885/3447/2591 2883/3439/2584
f 2901/3448/2592 2899/3449/2593 2904/3450/2594
f 2892/3451/2595 2905/3232/2435 2899/3449/2593
f 2891/3452/2596 2879/3453/2597 2881/3454/2598
f 2883/3455/2584 2885/3456/2591 2887/3457/2599
f 2886/3444/2588 2882/3458/2600 2890/3459/2601
f 2899/3449/2593 2894/3460/2602 2892/3451/2595
f 2896/3461/2603 2902/3462/2604 2513/3231/2434
f 2513/3231/2434 2893/3463/2605 2896/3461/2603
f 2860/3464/2606 2853/3465/2607 2855/3466/2608
f 2875/3467/2609 2873/3468/2610 2870/3469/2611
f 2867/3470/2612 2871/3471/2613 2870/3469/2611
f 2867/3470/2612 2507/3438/2583 2871/3471/2613
f 2923/3472/2614 2867/3470/2612 2511/3473/2615
f 2920/3474/2616 2511/3473/2615 2922/3475/2617
f 2918/3476/2618 2916/3434/2580 2921/3477/2619
f 2921/3478/2619 2922/3475/2617 2512/3479/2620
f 2511/3473/2615 2867/3470/2612 2512/3479/2620
f 2874/3480/2621 2875/3467/2609 2871/3471/2613
f 2504/3481/2431 2923/3472/2614 2920/3474/2616
f 2920/3482/2616 2917/3483/2581 2504/3484/2431
f 2919/3485/2579 2917/3486/2581 2920/3487/2616
f 2779/3488/2622 2778/3489/2623 2777/3490/2624
f 2782/3491/2625 2784/3431/2577 2775/3492/2626
f 2656/3430/2576 2824/3262/2463 2662/3263/2464
f 2824/3262/2463 2784/3431/2577 2783/3493/2627
f 2773/3494/2628 2783/3493/2627 2781/3495/2629
f 2816/3261/2462 2783/3493/2627 2773/3494/2628
f 2822/3496/2630 2817/3497/2631 2524/3498/2632
f 2526/3499/2633 2532/3500/2634 2628/3501/2635
f 2554/3502/2636 2557/3503/2637 2616/3504/2638
f 2620/3505/2639 2615/3506/2640 2618/3507/2641
f 2618/3507/2641 2614/3508/2642 2617/3509/2643
f 2623/3510/2644 2617/3509/2643 2619/3511/2645
f 2536/3512/2646 2529/3513/2647 2620/3505/2639
f 2588/3514/2648 2586/3515/2649 2599/3516/2650
f 2599/3516/2650 2586/3515/2649 2585/3517/2651
f 2597/3518/2652 2599/3516/2650 2594/3519/2653
f 2613/3520/2654 2615/3506/2640 2588/3514/2648
f 2631/3521/2655 2625/3522/2656 2630/3523/2657
f 2632/3524/2658 2626/3525/2659 2631/3521/2655
f 2627/3526/2660 2642/3527/2661 2531/3528/2662
f 2572/3529/2663 2566/3530/2664 2571/3531/2665
f 2565/3532/2666 2569/3533/2667 2570/3534/2668
f 2609/3535/2669 2564/3536/2670 2568/3537/2671
f 2561/3538/2672 2563/3539/2673 2564/3536/2670
f 2561/3538/2672 2562/3540/2674 2563/3539/2673
f 2566/3530/2664 2572/3529/2663 2567/3541/2675
f 2566/3530/2664 2610/3542/2676 2609/3535/2669
f 2554/3502/2636 2575/3543/2677 2608/3544/2678
f 2554/3502/2636 2604/3545/2679 2575/3543/2677
f 2576/3546/2680 2607/3547/2681 2577/3548/2682
f 2605/3549/2683 2577/3548/2682 2607/3547/2681
f 2647/3550/2684 2644/3551/2685 2553/3552/2686
f 2646/3553/2687 2647/3550/2684 2553/3552/2686
f 2553/3552/2686 2542/3554/2688 2535/3555/2689
f 2607/3547/2681 2598/3556/2690 2602/3557/2691
f 2591/3558/2692 2582/3559/2693 2601/3560/2694
f 2594/3519/2653 2595/3561/2695 2591/3558/2692
f 2595/3561/2695 2594/3519/2653 2596/3562/2696
f 2594/3519/2653 2584/3563/2697 2596/3562/2696
f 2583/3564/2698 2595/3561/2695 2593/3565/2699
f 2592/3566/2700 2591/3558/2692 2583/3564/2698
f 2583/3564/2698 2591/3558/2692 2595/3561/2695
f 2602/3557/2691 2598/3556/2690 2591/3558/2692
f 2602/3557/2691 2591/3558/2692 2601/3560/2694
f 2591/3558/2692 2592/3566/2700 2590/3567/2701
f 2591/3558/2692 2590/3567/2701 2582/3559/2693
f 2589/3568/2702 2601/3560/2694 2582/3559/2693
f 2602/3557/2691 2601/3560/2694 2605/3549/2683
f 2607/3547/2681 2602/3557/2691 2605/3549/2683
f 2604/3545/2679 2598/3556/2690 2607/3547/2681
f 2605/3549/2683 2601/3560/2694 2577/3548/2682
f 2552/3569/2703 2644/3551/2685 2539/3570/2704
f 2601/3560/2694 2589/3568/2702 2539/3570/2704
f 2541/3571/2705 2553/3552/2686 2540/3572/2706
f 2542/3554/2688 2543/3573/2707 2537/3574/2708
f 2544/3575/2709 2537/3574/2708 2543/3573/2707
f 2538/3576/2710 2534/3577/2711 2537/3574/2708
f 2538/3576/2710 2529/3513/2647 2534/3577/2711
f 2838/3578/2712 2651/3579/2713 2650/3580/2714
f 2648/3581/2715 2847/3582/2716 2845/3583/2717
f 2839/3584/2718 2851/3585/2719 2847/3586/2716
f 2844/3587/2720 2845/3583/2717 2846/3588/2721
f 2914/3589/2722 2509/3242/2445 2915/3244/2447
f 2852/3590/2723 2508/3591/2724 2912/3592/2725
f 2849/3593/2726 2840/3594/2727 2843/3595/2728
f 2847/3586/2716 2851/3585/2719 2845/3596/2717
f 2847/3582/2716 2648/3581/2715 2842/3597/2729
f 2838/3578/2712 2843/3595/2728 2840/3594/2727
f 2838/3578/2712 2650/3580/2714 2843/3595/2728
f 2650/3580/2714 2805/3598/2730 2804/3599/2731
f 2809/3600/2732 2810/3601/2733 2801/3602/2734
f 2808/3603/2735 2806/3604/2736 2805/3605/2730
f 2813/3606/2737 2814/3607/2458 2823/3608/2738
f 2811/3258/2459 2801/3602/2734 2657/3609/2739
f 2807/3610/2740 2806/3604/2736 2808/3603/2735
f 2808/3611/2735 2811/3258/2459 2807/3612/2740
f 2801/3602/2734 2808/3611/2735 2809/3600/2732
f 2808/3611/2735 2805/3613/2730 2809/3600/2732
f 2843/3595/2728 2650/3580/2714 2804/3599/2731
f 2842/3597/2729 2803/3614/2741 2527/3615/2742
f 2645/3616/2743 2646/3553/2687 2530/3617/2744
f 2642/3527/2661 2578/3618/2745 2579/3619/2746
f 2579/3619/2746 2580/3620/2747 2643/3621/2748
f 2647/3550/2684 2645/3616/2743 2644/3551/2685
f 2645/3616/2743 2581/3622/2749 2644/3551/2685
f 2581/3622/2749 2645/3616/2743 2580/3620/2747
f 2581/3622/2749 2603/3623/2750 2576/3546/2680
f 2603/3623/2750 2581/3622/2749 2580/3620/2747
f 2579/3619/2746 2575/3543/2677 2580/3620/2747
f 2580/3620/2747 2575/3543/2677 2603/3623/2750
f 2579/3619/2746 2578/3618/2745 2575/3543/2677
f 2642/3527/2661 2579/3619/2746 2643/3621/2748
f 2531/3528/2662 2642/3527/2661 2643/3621/2748
f 2643/3621/2748 2580/3620/2747 2530/3617/2744
f 2530/3617/2744 2580/3620/2747 2645/3616/2743
f 2646/3553/2687 2645/3616/2743 2647/3550/2684
f 2548/3624/2751 2529/3513/2647 2538/3576/2710
f 2548/3624/2751 2538/3576/2710 2547/3625/2752
f 2545/3626/2753 2537/3574/2708 2544/3575/2709
f 2535/3555/2689 2537/3574/2708 2534/3577/2711
f 2535/3555/2689 2542/3554/2688 2537/3574/2708
f 2842/3597/2729 2527/3615/2742 2837/3239/2442
f 2837/3239/2442 2535/3555/2689 2534/3577/2711
f 2837/3239/2442 2534/3577/2711 2529/3513/2647
f 2535/3555/2689 2837/3239/2442 2527/3615/2742
f 2527/3615/2742 2646/3553/2687 2535/3555/2689
f 2646/3553/2687 2553/3552/2686 2535/3555/2689
f 2553/3552/2686 2644/3551/2685 2552/3569/2703
f 2576/3546/2680 2644/3551/2685 2581/3622/2749
f 2644/3551/2685 2576/3546/2680 2577/3548/2682
f 2576/3546/2680 2604/3545/2679 2607/3547/2681
f 2604/3545/2679 2576/3546/2680 2606/3627/2754
f 2575/3543/2677 2604/3545/2679 2606/3627/2754
f 2561/3538/2672 2608/3544/2678 2578/3618/2745
f 2554/3502/2636 2608/3544/2678 2610/3542/2676
f 2571/3531/2665 2566/3530/2664 2565/3532/2666
f 2565/3532/2666 2566/3530/2664 2569/3533/2667
f 2609/3535/2669 2569/3533/2667 2566/3530/2664
f 2569/3533/2667 2609/3535/2669 2568/3537/2671
f 2561/3538/2672 2564/3536/2670 2609/3535/2669
f 2561/3538/2672 2560/3628/2755 2562/3540/2674
f 2641/3629/2756 2560/3628/2755 2561/3538/2672
f 2641/3629/2756 2561/3538/2672 2578/3618/2745
f 2627/3526/2660 2640/3630/2757 2641/3629/2756
f 2639/3631/2758 2627/3526/2660 2629/3632/2759
f 2638/3633/2760 2629/3632/2759 2637/3634/2761
f 2636/3635/2762 2628/3501/2635 2635/3636/2763
f 2635/3636/2763 2628/3501/2635 2634/3637/2764
f 2642/3527/2661 2627/3526/2660 2641/3629/2756
f 2532/3500/2634 2626/3525/2659 2628/3501/2635
f 2625/3522/2656 2528/3638/2765 2622/3639/2766
f 2625/3522/2656 2622/3639/2766 2624/3640/2767
f 2624/3640/2767 2622/3639/2766 2559/3641/2768
f 2559/3641/2768 2573/3642/2769 2574/3643/2770
f 2574/3643/2770 2573/3642/2769 2567/3541/2675
f 2566/3530/2664 2567/3541/2675 2573/3642/2769
f 2556/3644/2771 2566/3530/2664 2573/3642/2769
f 2573/3642/2769 2611/3645/2772 2556/3644/2771
f 2610/3542/2676 2566/3530/2664 2556/3644/2771
f 2556/3644/2771 2554/3502/2636 2610/3542/2676
f 2612/3646/2773 2604/3545/2679 2554/3502/2636
f 2613/3520/2654 2600/3647/2774 2612/3646/2773
f 2612/3646/2773 2600/3647/2774 2597/3518/2652
f 2604/3545/2679 2612/3646/2773 2598/3556/2690
f 2598/3556/2690 2612/3646/2773 2597/3518/2652
f 2599/3516/2650 2584/3563/2697 2594/3519/2653
f 2599/3516/2650 2585/3517/2651 2584/3563/2697
f 2588/3514/2648 2587/3648/2775 2586/3515/2649
f 2599/3516/2650 2600/3647/2774 2588/3514/2648
f 2588/3514/2648 2600/3647/2774 2613/3520/2654
f 2588/3514/2648 2551/3649/2776 2587/3648/2775
f 2529/3513/2647 2550/3650/2777 2551/3649/2776
f 2615/3506/2640 2620/3505/2639 2588/3514/2648
f 2620/3505/2639 2529/3513/2647 2551/3649/2776
f 2619/3511/2645 2621/3651/2778 2623/3510/2644
f 2623/3510/2644 2536/3512/2646 2617/3509/2643
f 2618/3507/2641 2536/3512/2646 2620/3505/2639
f 2618/3507/2641 2615/3506/2640 2614/3508/2642
f 2613/3520/2654 2614/3508/2642 2615/3506/2640
f 2617/3509/2643 2614/3508/2642 2555/3652/2779
f 2614/3508/2642 2612/3646/2773 2555/3652/2779
f 2555/3652/2779 2619/3511/2645 2617/3509/2643
f 2619/3511/2645 2555/3652/2779 2616/3504/2638
f 2616/3504/2638 2555/3652/2779 2554/3502/2636
f 2557/3503/2637 2554/3502/2636 2556/3644/2771
f 2611/3645/2772 2557/3503/2637 2556/3644/2771
f 2573/3642/2769 2558/3653/2780 2611/3645/2772
f 2611/3645/2772 2558/3653/2780 2557/3503/2637
f 2616/3504/2638 2557/3503/2637 2558/3653/2780
f 2622/3639/2766 2616/3504/2638 2558/3653/2780
f 2619/3511/2645 2616/3504/2638 2622/3639/2766
f 2528/3638/2765 2621/3651/2778 2622/3639/2766
f 2621/3651/2778 2619/3511/2645 2622/3639/2766
f 2528/3638/2765 2533/3654/2781 2621/3651/2778
f 2528/3638/2765 2625/3522/2656 2532/3500/2634
f 2526/3499/2633 2628/3501/2635 2629/3632/2759
f 2526/3499/2633 2629/3632/2759 2627/3526/2660
f 2526/3499/2633 2627/3526/2660 2527/3615/2742
f 2527/3615/2742 2627/3526/2660 2531/3528/2662
f 2527/3615/2742 2531/3528/2662 2530/3617/2744
f 2527/3615/2742 2530/3617/2744 2646/3553/2687
f 2822/3496/2630 2821/3655/2782 2817/3497/2631
f 2821/3656/2782 2816/3261/2462 2820/3657/2783
f 2826/3259/2460 2721/3269/2470 2720/3267/2468
f 2826/3259/2460 2720/3267/2468 2662/3263/2464
f 2826/3259/2460 2662/3263/2464 2824/3262/2463
f 2657/3609/2739 2721/3269/2470 2826/3259/2460
f 2721/3269/2470 2657/3609/2739 2729/3300/2498
f 2729/3300/2498 2657/3609/2739 2731/3429/2575
f 2731/3429/2575 2657/3609/2739 2658/3426/2572
f 2658/3426/2572 2657/3609/2739 2801/3602/2734
f 2787/3658/2784 2655/3427/2573 2801/3602/2734
f 2801/3602/2734 2655/3427/2573 2658/3426/2572
f 2805/3598/2730 2651/3579/2713 2809/3659/2732
f 2650/3580/2714 2651/3579/2713 2805/3598/2730
f 2476/3660/2785 2472/3661/2786 2473/3662/2787
f 2469/3663/2788 2470/3664/2789 2480/3665/2790
f 2481/3225/2428 2480/3665/2790 2470/3664/2789
f 2476/3660/2785 2468/3666/2791 2467/3667/2792
f 2482/3668/2793 2466/3669/2794 2467/3667/2792
f 2467/3667/2792 2468/3666/2791 2482/3668/2793
f 2476/3660/2785 2480/3665/2790 2468/3666/2791
f 2469/3663/2788 2480/3665/2790 2476/3660/2785
f 2467/3667/2792 2472/3661/2786 2476/3660/2785
f 2472/3661/2786 2475/3670/2795 2477/3671/2796
f 2472/3661/2786 2467/3667/2792 2466/3669/2794
f 2472/3661/2786 2466/3669/2794 2475/3670/2795
f 2471/3187/2390 2475/3670/2795 2474/3672/2797
f 2505/3189/2392 2477/3671/2796 2475/3670/2795
f 2505/3189/2392 2475/3670/2795 2471/3187/2390
f 2914/3589/2722 2508/3591/2724 2509/3242/2445
f 2848/3230/2433 2508/3591/2724 2840/3673/2727
f 2840/3673/2727 2849/3674/2726 2848/3230/2433
f 2850/3675/2798 2848/3230/2433 2849/3674/2726
f 2516/3676/2799 2834/3677/2800 2520/3678/2801
f 2516/3679/2799 2829/3680/2802 2834/3681/2800
f 2520/3678/2801 2518/3682/2803 2516/3676/2799
f 2520/3678/2801 2834/3677/2800 2521/3683/2804
f 2521/3683/2804 2834/3677/2800 2836/3684/2805
f 2523/3685/2806 2833/3686/2807 2525/3237/2440
f 2833/3686/2807 2832/3687/2808 2525/3237/2440
f 2832/3688/2808 2833/3689/2807 2835/3690/2809
f 2835/3691/2810 2836/3692/2810 2829/3693/2810
f 2828/3694/2444 2835/3695/2809 2830/3696/2811
f 2830/3696/2811 2839/3697/2718 2828/3694/2444
f 2842/3597/2729 2837/3239/2442 2839/3698/2718
f 2827/3240/2443 2831/3238/2441 2828/3241/2444
f 2525/3237/2440 2819/3236/2439 2524/3498/2632
f 2818/3699/2812 2522/3700/2813 2817/3701/2631
f 2517/3702/2814 2918/3476/2618 2921/3477/2619
f 2517/3702/2814 2921/3477/2619 2515/3703/2815
f 2515/3704/2815 2829/3680/2802 2516/3679/2799
f 2512/3479/2620 2515/3705/2815 2921/3478/2619
f 2865/3233/2436 2854/3706/2816 2514/3707/2817
f 2514/3707/2817 2854/3706/2816 2864/3708/2818
f 2854/3706/2816 2829/3709/2802 2512/3479/2620
f 2512/3479/2620 2867/3470/2612 2854/3706/2816
f 2384/3710/2819 2244/3157/2370 2385/3169/2380
f 2861/3711/2820 2864/3708/2818 2858/3712/2821
f 2862/3234/2437 2514/3707/2817 2859/3713/2822
f 2514/3707/2817 2862/3234/2437 2865/3233/2436
f 2860/3464/2606 2865/3233/2436 2863/3235/2438
f 2855/3466/2608 2851/3714/2719 2830/3696/2811
f 2855/3466/2608 2830/3696/2811 2835/3695/2809
f 2855/3466/2608 2835/3695/2809 2829/3709/2802
f 2855/3466/2608 2829/3709/2802 2854/3706/2816
f 2855/3466/2608 2854/3706/2816 2865/3233/2436
f 2513/3231/2434 2851/3714/2719 2855/3466/2608
f 2851/3714/2719 2513/3231/2434 2850/3675/2798
f 2850/3675/2798 2513/3231/2434 2848/3230/2433
f 2905/3232/2435 2513/3231/2434 2904/3450/2594
f 2905/3232/2435 2508/3591/2724 2848/3230/2433
f 2882/3458/2600 2510/3243/2446 2509/3242/2445
f 2882/3458/2600 2509/3242/2445 2508/3591/2724
f 2882/3458/2600 2508/3591/2724 2905/3232/2435
f 2505/3189/2392 2906/3715/2823 2913/3246/2448
f 2497/3716/2824 2492/3717/2825 2495/3718/2826
f 2497/3716/2824 2501/3221/2424 2443/3224/2427
f 2495/3718/2826 2499/3719/2827 2498/3222/2425
f 2500/3720/2828 2499/3719/2827 2496/3721/2829
f 2446/3722/2830 2942/3723/2831 2447/3724/2832
f 2446/3722/2830 2944/3725/2833 2942/3723/2831
f 2944/3725/2833 2503/3193/2396 2942/3723/2831
f 2502/3726/2834 2500/3720/2828 2503/3193/2396
f 2478/3727/2835 2469/3663/2788 2473/3662/2787
f 2941/3220/2423 2940/3226/2429 2943/3223/2426
f 2943/3223/2426 2501/3221/2424 2941/3220/2423
f 2497/3716/2824 2495/3718/2826 2498/3222/2425
f 2941/3220/2423 2498/3222/2425 2939/3728/2836
f 2498/3222/2425 2499/3719/2827 2502/3726/2834
f 2502/3726/2834 2939/3728/2836 2498/3222/2425
f 2939/3728/2836 2502/3726/2834 2944/3725/2833
f 2500/3720/2828 2502/3726/2834 2499/3719/2827
f 2503/3193/2396 2944/3725/2833 2502/3726/2834
f 2446/3722/2830 2937/3729/2837 2944/3725/2833
f 2944/3725/2833 2937/3729/2837 2444/3730/2838
f 2445/3731/2839 2446/3722/2830 2447/3724/2832
f 2445/3731/2839 2937/3729/2837 2446/3722/2830
f 2932/3732/2840 2933/3733/2841 2452/3734/2842
f 2932/3732/2840 2448/3197/2400 2451/3735/2843
f 2450/3201/2404 2934/3736/2844 2451/3735/2843
f 2449/3206/2409 2935/3219/2422 2450/3201/2404
f 2450/3201/2404 2935/3219/2422 2934/3736/2844
f 2931/3737/2845 2934/3736/2844 2935/3219/2422
f 2451/3735/2843 2934/3736/2844 2932/3732/2840
f 2452/3734/2842 2933/3733/2841 2936/3738/2846
f 2936/3738/2846 2933/3733/2841 2445/3731/2839
f 2937/3729/2837 2445/3731/2839 2444/3730/2838
f 2444/3730/2838 2445/3731/2839 2933/3733/2841
f 2931/3737/2845 2935/3219/2422 2486/3218/2421
f 2931/3737/2845 2444/3730/2838 2933/3733/2841
f 2486/3218/2421 2481/3225/2428 2931/3737/2845
f 2487/3216/2419 2481/3225/2428 2486/3218/2421
f 2457/3213/2416 2490/3183/2386 2462/3212/2415
f 2465/3214/2417 2462/3212/2415 2490/3183/2386
f 2464/3739/2847 2462/3212/2415 2465/3214/2417
f 2487/3216/2419 2464/3739/2847 2465/3214/2417
f 2462/3212/2415 2464/3739/2847 2461/3209/2412
f 2489/3207/2410 2461/3209/2412 2464/3739/2847
f 2486/3218/2421 2489/3207/2410 2464/3739/2847
f 2489/3207/2410 2486/3218/2421 2488/3217/2420
f 2488/3217/2420 2460/3208/2411 2489/3207/2410
f 2455/3204/2407 2454/3205/2408 2456/3210/2413
f 2488/3217/2420 2455/3204/2407 2460/3208/2411
f 2494/3740/2848 2454/3205/2408 2927/3203/2406
f 2924/3202/2405 2450/3201/2404 2451/3735/2843
f 2924/3741/2849 2493/3742/2849 2494/3743/2849
f 2924/3202/2405 2451/3735/2843 2926/3196/2399
f 2448/3197/2400 2932/3732/2840 2452/3734/2842
f 2448/3197/2400 2452/3734/2842 2936/3738/2846
f 2936/3738/2846 2925/3198/2401 2448/3197/2400
f 2925/3198/2401 2936/3738/2846 2929/3195/2398
f 2929/3195/2398 2936/3738/2846 2453/3744/2850
f 2447/3724/2832 2942/3723/2831 2453/3744/2850
f 2500/3720/2828 2928/3194/2397 2503/3193/2396
f 2930/3199/2402 2928/3194/2397 2500/3720/2828
f 2777/3490/2624 2778/3489/2623 2776/3192/2395
f 2774/3745/2851 2778/3746/2623 2780/3747/2852
f 2654/3425/2571 2775/3492/2626 2656/3430/2576
f 2656/3430/2576 2775/3492/2626 2784/3431/2577
f 2775/3492/2626 2654/3425/2571 2786/3748/2853
f 2786/3748/2853 2654/3425/2571 2745/3274/2475
f 2786/3748/2853 2745/3274/2475 2744/3272/2473
f 2786/3748/2853 2744/3272/2473 2655/3427/2573
f 2786/3748/2853 2655/3427/2573 2787/3658/2784
f 2790/3188/2391 2793/3749/2452 2789/3750/2854
f 2790/3188/2391 2772/3191/2394 2785/3751/2855
f 2768/3190/2393 2454/3205/2408 2494/3740/2848
f 2768/3190/2393 2494/3740/2848 2493/3200/2403
f 2768/3190/2393 2493/3200/2403 2930/3199/2402
f 2790/3188/2391 2459/3186/2389 2458/3211/2414
f 2790/3188/2391 2458/3211/2414 2454/3205/2408
f 2790/3188/2391 2454/3205/2408 2768/3190/2393
f 2459/3186/2389 2505/3189/2392 2471/3187/2390
f 2463/3181/2384 2471/3187/2390 2474/3672/2797
f 2466/3669/2794 2474/3672/2797 2475/3670/2795
f 2491/3182/2385 2483/3185/2388 2485/3215/2418
f 2490/3183/2386 2457/3213/2416 2463/3181/2384
f 2490/3183/2386 2485/3215/2418 2465/3214/2417
f 2485/3215/2418 2490/3183/2386 2491/3182/2385
f 2479/3752/2856 2487/3216/2419 2485/3215/2418
f 2483/3185/2388 2479/3752/2856 2485/3215/2418
f 2482/3668/2793 2483/3185/2388 2484/3184/2387
f 2466/3669/2794 2482/3668/2793 2474/3672/2797
f 2474/3672/2797 2482/3668/2793 2484/3184/2387
f 2479/3752/2856 2483/3185/2388 2482/3668/2793
f 2481/3225/2428 2487/3216/2419 2479/3752/2856
f 2481/3225/2428 2479/3752/2856 2480/3665/2790
f 2470/3664/2789 2940/3226/2429 2481/3225/2428
f 2443/3224/2427 2470/3664/2789 2469/3663/2788
f 2478/3727/2835 2497/3716/2824 2443/3224/2427
f 2478/3727/2835 2443/3224/2427 2469/3663/2788
f 3006/3753/2857 2947/3754/2858 2982/3755/2859
f 2946/3756/2860 2947/3754/2858 3006/3753/2857
f 2960/3757/2861 2952/3758/2862 2958/3759/2863
f 2963/3760/2864 2955/3761/2865 2949/3762/2866
f 3013/3763/2867 3011/3764/2868 3021/3765/2869
f 2981/3766/2870 2987/3767/2871 3012/3768/2872
f 2987/3767/2871 2980/3769/2873 3014/3770/2874
f 2978/3771/2875 2981/3766/2870 3023/3772/2876
f 2988/3773/2877 2987/3767/2871 2981/3766/2870
f 2985/3774/2878 2987/3767/2871 2986/3775/2879
f 2989/3776/2880 2981/3766/2870 2978/3771/2875
f 3019/3777/2881 3010/3778/2882 3012/3768/2872
f 3012/3768/2872 3014/3770/2874 3020/3779/2883
f 3015/3780/2884 3021/3765/2869 3020/3781/2883
f 3010/3782/2882 2971/3783/2885 3023/3784/2876
f 2971/3783/2885 3010/3782/2882 3009/3785/2886
f 3018/3786/2887 3009/3785/2886 3010/3782/2882
f 3021/3787/2869 3019/3777/2881 3020/3779/2883
f 2970/3788/2888 3023/3784/2876 2971/3783/2885
f 2969/3789/2889 2970/3788/2888 2971/3783/2885
f 2971/3783/2885 3009/3785/2886 2969/3789/2889
f 3007/3790/2890 2972/3791/2891 2970/3788/2888
f 3008/3792/2892 2990/3793/2893 2968/3794/2894
f 2990/3793/2893 3008/3792/2892 2991/3795/2895
f 2993/3796/2896 2998/3797/2897 2954/3798/2898
f 3003/3799/2899 2994/3800/2900 2961/3801/2901
f 2963/3760/2864 2965/3802/2902 2955/3761/2865
f 2965/3802/2902 2957/3803/2903 2955/3761/2865
f 2956/3804/2904 2957/3805/2903 2965/3806/2902
f 2963/3760/2864 2962/3807/2905 2964/3808/2906
f 2962/3809/2905 2961/3801/2901 2964/3810/2906
f 3003/3799/2899 2961/3801/2901 2958/3811/2863
f 3002/3812/2907 3001/3813/2908 3005/3814/2909
f 2979/3815/2910 2983/3816/2911 2984/3817/2912
f 3002/3818/2907 2995/3819/2913 3001/3820/2908
f 3001/3821/2908 2999/3822/2914 3000/3823/2915
f 3000/3823/2915 2994/3800/2900 3001/3821/2908
f 2996/3824/2916 2991/3825/2895 2998/3797/2897
f 2996/3824/2916 3000/3823/2915 2999/3822/2914
f 2997/3826/2917 2992/3827/2918 2996/3828/2916
f 2953/3829/2919 2961/3801/2901 2994/3800/2900
f 2993/3796/2896 2953/3829/2919 2994/3800/2900
f 2954/3798/2898 2953/3829/2919 2993/3796/2896
f 2956/3830/2904 2954/3798/2898 2998/3797/2897
f 2991/3795/2895 2956/3804/2904 2998/3831/2897
f 2969/3789/2889 2967/3832/2920 2968/3794/2894
f 2957/3805/2903 2956/3804/2904 2968/3794/2894
f 2968/3794/2894 2967/3832/2920 2957/3805/2903
f 2966/3833/2921 2968/3794/2894 2956/3804/2904
f 2991/3795/2895 2992/3834/2918 2990/3793/2893
f 2972/3791/2891 3007/3790/2890 2978/3835/2875
f 2974/3836/2922 2978/3835/2875 3007/3790/2890
f 3007/3790/2890 2973/3837/2923 2974/3836/2922
f 2990/3793/2893 2973/3837/2923 3007/3790/2890
f 2968/3794/2894 2966/3833/2921 3008/3792/2892
f 2970/3788/2888 2969/3789/2889 3007/3790/2890
f 2978/3835/2875 2974/3836/2922 2989/3838/2880
f 2974/3836/2922 2977/3839/2924 2989/3838/2880
f 2977/3840/2924 2976/3841/2925 2989/3842/2880
f 2977/3840/2924 2992/3827/2918 2976/3841/2925
f 2976/3841/2925 2997/3826/2917 2975/3843/2926
f 2975/3843/2926 2986/3844/2879 2988/3845/2877
f 2979/3846/2910 2986/3844/2879 2975/3843/2926
f 3012/3768/2872 3023/3772/2876 2981/3766/2870
f 3010/3778/2882 3023/3772/2876 3012/3768/2872
f 3014/3770/2874 3012/3768/2872 2987/3767/2871
f 3016/3847/2927 3014/3770/2874 2980/3769/2873
f 2980/3848/2873 3022/3849/2928 3016/3850/2927
f 2984/3817/2912 3022/3849/2928 2980/3848/2873
f 2982/3755/2859 2945/3851/2929 3022/3849/2928
f 3015/3852/2884 3022/3849/2928 3017/3853/2930
f 3015/3780/2884 3013/3763/2867 3021/3765/2869
f 3011/3764/2868 3009/3854/2886 3018/3855/2887
f 3013/3763/2867 2949/3762/2866 3011/3764/2868
f 2960/3856/2861 2962/3807/2905 2950/3857/2931
f 2959/3858/2932 2960/3856/2861 2950/3857/2931
f 2952/3758/2862 2960/3757/2861 2959/3859/2932
f 2952/3758/2862 2951/3860/2933 2958/3759/2863
f 3005/3814/2909 3004/3861/2934 3002/3812/2907
f 2951/3860/2933 2946/3756/2860 3006/3753/2857
f 2945/3851/2929 2946/3756/2860 2951/3860/2933
f 2947/3754/2858 2948/3862/2935 2982/3755/2859
f 2245/3863/2936 2416/3864/2937 2279/3865/2938
f 2376/3866/2939 2304/3133/2353 2375/3867/2940
f 2303/3138/2356 2374/3868/2941 2296/3136/2354
f 2374/3868/2941 2307/3113/2340 2296/3136/2354
f 2290/3162/2373 2307/3113/2340 2378/3869/2942
f 2247/3106/2333 2435/3870/2943 2382/3871/2944
f 2321/3123/2234 2313/3114/2341 2380/3163/2374
f 2319/3142/2358 2320/2989/2236 2291/3161/2372
f 2375/3867/2940 2432/3872/2945 2376/3866/2939
f 2291/3161/2372 2437/3873/2946 2436/3874/2947
f 2289/3875/2948 2429/2991/2238 2288/2990/2237
f 2375/3876/2940 2430/2992/2239 2431/3877/2949
f 2427/3878/2950 2428/3879/2951 2289/3875/2948
f 2433/3880/2952 2374/3868/2941 2376/3866/2939
f 2426/3881/2953 2378/3869/2942 2374/3868/2941
f 2432/3872/2945 2433/3880/2952 2376/3866/2939
f 2434/3882/2954 2290/3162/2373 2378/3869/2942
f 2441/3883/2955 2290/3162/2373 2442/3884/2956
f 2439/3885/2957 2380/3163/2374 2440/3886/2958
f 2441/3883/2955 2440/3886/2958 2380/3163/2374
f 2437/3873/2946 2377/2988/2235 2438/3887/2959
f 2439/3888/2957 2438/3889/2959 2377/3890/2235
f 2436/3874/2947 2379/3159/2371 2291/3161/2372
f 2249/3104/2331 2388/3891/2960 2387/3892/2961
f 2277/3152/2365 2276/3013/2257 2273/3012/2256
f 2278/3893/2962 2277/3152/2365 2274/3894/2963
f 2372/3154/2367 2276/3016/2257 2371/3149/2362
f 2275/3019/2261 2370/3167/2378 2265/3001/2245
f 2286/3166/2964 2283/2997/2965 2284/2999/2964
f 2283/3895/2966 2281/3896/2967 2285/3897/2966
f 2284/2999/2968 2287/3002/2969 2286/3166/2970
f 2285/2998/2971 2287/3002/2971 2280/2996/2972
f 2251/3102/2266 2312/3031/2268 2250/3100/2330
f 2270/3898/2262 2268/3899/2360 2274/3894/2963
f 2271/3024/2258 2272/3020/2259 2269/3011/2255
f 2268/3145/2360 2270/3023/2262 2263/3009/2253
f 2272/3017/2259 2276/3016/2257 2275/3019/2261
f 2269/3011/2255 2272/3020/2259 2264/3022/2260
f 2269/3011/2255 2264/3022/2260 2267/3010/2254
f 2263/3009/2253 2270/3023/2262 2269/3011/2255
f 2271/3014/2258 2270/3898/2262 2273/3012/2256
f 2270/3898/2262 2274/3894/2963 2273/3012/2256
f 2254/3900/2973 2253/3026/2252 2252/2995/2242
f 2309/3028/2265 2310/3901/2359 2251/3029/2266
f 2357/3107/2334 2349/3047/2284 2355/3040/2277
f 2324/3043/2280 2357/3107/2334 2368/3039/2276
f 2363/3092/2324 2366/3091/2323 2323/3093/2325
f 2360/3052/2289 2337/3053/2290 2362/3050/2287
f 2349/3047/2284 2352/3046/2283 2355/3040/2277
f 2407/3902/2305 2332/3903/2307 2409/3904/2309
f 2339/3086/2318 2338/3056/2293 2336/3060/2297
f 2336/3060/2297 2322/3087/2319 2339/3086/2318
f 2336/3060/2297 2337/3053/2290 2322/3087/2319
f 2330/3905/2974 2331/3906/2298 2413/3907/2317
f 2390/3908/2312 2404/3909/2314 2326/3910/2313
f 2414/3911/2975 2415/3912/2975 2335/3913/2975
f 2334/3914/2303 2333/3915/2302 2328/3916/2304
f 2328/3067/2304 2396/3917/2976 2327/3918/2977
f 2328/3919/2304 2333/3920/2302 2332/3921/2307
f 2409/3072/2309 2330/3071/2308 2411/3922/2978
f 2334/3066/2303 2393/3923/2979 2395/3924/2980
f 2407/3902/2305 2409/3904/2309 2408/3925/2981
f 2407/3068/2305 2406/3926/2982 2397/3069/2306
f 2334/3066/2303 2328/3927/2304 2327/3928/2977
f 2413/3907/2317 2411/3929/2983 2330/3905/2974
f 2333/3065/2302 2414/3064/2301 2335/3930/2337
f 2334/3066/2303 2395/3924/2980 2414/3064/2984
f 2393/3923/2979 2394/3931/2985 2395/3924/2980
f 2362/3050/2287 2340/3055/2292 2344/3051/2288
f 2342/3059/2296 2344/3051/2288 2340/3055/2292
f 2244/3932/2370 2261/3096/2328 2249/3104/2331
f 2366/3091/2323 2363/3092/2324 2350/3045/2282
f 2246/3105/2332 2261/3096/2328 2262/3101/2329
f 2250/3100/2330 2246/3105/2332 2262/3101/2329
f 2262/3099/2329 2256/3097/2327 2257/3027/2264
f 2338/3056/2293 2354/3058/2295 2343/3057/2294
f 2353/3048/2285 2348/3035/2272 2345/3049/2286
f 2304/3133/2353 2300/3137/2355 2302/3134/2352
f 2312/3031/2268 2310/3143/2359 2319/3142/2358
f 2311/3119/2342 2308/3111/2338 2294/3112/2339
f 2318/3121/2343 2314/3120/2345 2315/3118/2344
f 2321/3123/2234 2318/3116/2343 2313/3114/2341
f 2302/3131/2352 2300/3933/2355 2297/3005/2249
f 2301/3934/2348 2306/3127/2349 2299/3129/2351
f 2298/3125/2347 2302/3131/2352 2297/3005/2249
f 2253/3026/2252 2266/3935/2986 2268/3899/2360
f 2297/3005/2249 2300/3933/2355 2294/3112/2339
f 2314/3120/2345 2317/3122/2346 2316/3140/2357
f 2317/3141/2346 2320/2989/2236 2316/3144/2357
f 2316/3144/2357 2320/2989/2236 2319/3142/2358
f 2310/3901/2359 2309/3028/2265 2316/3140/2357
f 2255/3006/2250 2258/3103/2263 2253/3008/2252
f 2259/3158/2326 2260/2993/2240 2258/3025/2263
f 2258/3025/2263 2260/2993/2240 2252/2995/2242
f 2266/3935/2986 2274/3894/2963 2268/3899/2360
f 2295/3146/2248 2267/3010/2254 2264/3022/2260
f 2424/3156/2369 2370/3167/2378 2372/3154/2367
f 2295/3004/2248 2306/3127/2349 2301/3934/2348
f 2419/3153/2366 2278/3893/2962 2418/3936/2987
f 2371/3937/2362 2420/3151/2364 2421/3938/2363
f 2422/3148/2361 2372/3154/2367 2371/3149/2362
f 2279/3865/2938 2274/3894/2963 2266/3935/2986
f 2273/3012/2256 2274/3894/2963 2277/3152/2365
f 2389/3939/2988 2247/3106/2333 2382/3871/2944
f 2260/2993/2240 2244/3157/2370 2248/2994/2241
f 2389/3939/2988 2388/3891/2960 2246/3105/2332
f 2312/3031/2268 2291/3161/2372 2379/3159/2371
f 2305/3132/2350 2375/3867/2940 2304/3133/2353
f 2380/3163/2374 2377/3940/2235 2321/3123/2234
f 2296/3136/2354 2307/3113/2340 2311/3115/2342
f 2305/3128/2350 2289/3875/2948 2288/2990/2237
f 2292/3003/2247 2289/3875/2948 2306/3127/2349
f 2427/3878/2950 2373/3165/2376 2425/3941/2989
f 2417/3942/2990 2373/3165/2376 2370/3167/2378
f 2278/3893/2962 2416/3864/2937 2418/3936/2987
f 2245/3863/2936 2266/3935/2986 2254/3900/2973
f 2248/2994/2241 2254/3900/2973 2252/2995/2242
f 2383/3943/2991 2245/3863/2936 2248/2994/2241
f 2386/3944/2379 2249/3104/2331 2387/3892/2961
f 2248/2994/2241 2384/3710/2819 2383/3943/2991
f 2785/3945/2855 2780/3747/2852 2797/3248/2450
f 2943/3223/2426 2470/3664/2789 2443/3224/2427
f 2785/3751/2855 2772/3191/2394 2774/3946/2851
f 2786/3748/2853 2780/3747/2852 2775/3492/2626
f 2774/3946/2851 2776/3192/2395 2778/3489/2623
f 2780/3747/2852 2782/3491/2625 2775/3492/2626
f 2768/3190/2393 2917/3947/2581 2776/3192/2395
f 2923/3948/2614 2910/3949/2432 2510/3950/2446
f 2488/3217/2420 2935/3219/2422 2455/3204/2407
f 2455/3204/2407 2456/3210/2413 2460/3208/2411
f 2459/3186/2389 2463/3181/2384 2457/3213/2416
f 2941/3220/2423 2939/3728/2836 2938/3227/2430
f 2444/3730/2838 2938/3227/2430 2939/3728/2836
f 2478/3727/2835 2492/3717/2825 2497/3716/2824
f 2879/3951/2597 2905/3232/2435 2892/3451/2595
f 2818/3699/2812 2518/3682/2803 2520/3678/2801
f 2860/3464/2606 2855/3466/2608 2865/3233/2436
f 2861/3711/2820 2859/3713/2822 2514/3707/2817
f 2515/3952/2815 2512/3953/2620 2829/3954/2802
f 2790/3188/2391 2906/3715/2823 2505/3189/2392
f 2523/3685/2806 2525/3237/2440 2524/3498/2632
f 2792/3254/2456 2908/3955/2992 2911/3956/2993
f 2791/3957/2994 2909/3958/2995 2908/3955/2992
f 2651/3579/2713 2653/3959/2996 2809/3659/2732
f 2820/3960/2783 2817/3701/2631 2821/3961/2782
f 2798/3251/2453 2799/3253/2455 2800/3962/2997
f 2794/3963/2998 2653/3959/2996 2652/3964/2999
f 2792/3254/2456 2795/3256/2454 2791/3957/2994
f 2795/3965/2454 2788/3966/2457 2796/3967/2451
f 2791/3957/2994 2794/3963/2998 2652/3964/2999
f 2794/3963/2998 2791/3957/2994 2795/3256/2454
f 2794/3963/2998 2795/3256/2454 2798/3968/2453
f 2653/3969/2996 2794/3970/2998 2798/3251/2453
f 2800/3962/2997 2653/3969/2996 2798/3251/2453
f 2799/3253/2455 2786/3748/2853 2787/3658/2784
f 2800/3962/2997 2799/3253/2455 2787/3658/2784
f 2822/3971/2630 2814/3257/2458 2825/3260/2461
f 2818/3699/2812 2815/3972/3000 2519/3973/3001
f 2773/3974/2628 2519/3973/3001 2815/3972/3000
f 2662/3263/2464 2726/3266/2467 2663/3351/2542
f 2815/3975/3000 2816/3261/2462 2773/3494/2628
f 2816/3261/2462 2824/3262/2463 2783/3493/2627
f 2816/3261/2462 2815/3975/3000 2820/3657/2783
f 2821/3656/2782 2825/3260/2461 2816/3261/2462
f 2710/3345/2537 2716/3279/2480 2715/3349/2541
f 2727/3294/2492 2722/3293/2491 2726/3266/2467
f 2672/3317/2512 2706/3316/2514 2701/3373/2552
f 2750/3273/2474 2752/3391/2520 2751/3321/2518
f 2673/3319/2516 2671/3398/2511 2747/3320/2517
f 2709/3356/2545 2710/3345/2537 2715/3349/2541
f 2712/3348/2540 2713/3283/2484 2715/3349/2541
f 2766/3278/2479 2762/3353/2535 2761/3338/2531
f 2760/3340/2533 2759/3976/2546 2764/3354/2544
f 2706/3316/2514 2694/3379/2555 2701/3373/2552
f 2699/3370/2549 2681/3372/2551 2700/3371/2550
f 2664/3329/2522 2704/3380/2556 2669/3330/2523
f 2671/3313/2511 2681/3377/2551 2680/3376/2554
f 2682/3412/2568 2730/3977/2504 2675/3978/2501
f 2740/3400/2560 2742/3397/2559 2736/3405/2561
f 2740/3400/2560 2736/3405/2561 2735/3404/2562
f 2697/3369/2548 2695/3406/2563 2699/3370/2549
f 2661/3344/2536 2684/3288/2481 2714/3420/2539
f 2725/3268/2469 2723/3297/2495 2727/3294/2492
f 2689/3281/2482 2691/3284/2485 2690/3413/2569
f 2655/3427/2573 2749/3271/2472 2746/3310/2508
f 2761/3338/2531 2763/3276/2477 2766/3278/2479
f 2656/3430/2576 2755/3265/2466 2754/3277/2478
f 2763/3276/2477 2761/3338/2531 2764/3354/2544
f 2654/3425/2571 2656/3430/2576 2754/3277/2478
f 2737/3428/2574 2658/3426/2572 2738/3309/2507
f 2739/3408/2565 2729/3300/2498 2731/3429/2575
f 2737/3428/2574 2740/3400/2560 2735/3404/2562
f 2900/3979/3002 2904/3450/2594 2903/3980/3003
f 2778/3746/2623 2779/3981/2622 2782/3491/2625
f 2769/3432/2578 2779/3982/2622 2777/3983/2624
f 2866/3440/2585 2883/3439/2584 2880/3984/2586
f 2899/3449/2593 2905/3232/2435 2904/3450/2594
f 2898/3985/3004 2901/3448/2592 2904/3450/2594
f 2513/3231/2434 2902/3462/2604 2903/3980/3003
f 2904/3450/2594 2513/3231/2434 2903/3980/3003
f 2900/3979/3002 2903/3980/3003 2897/3986/3005
f 2881/3987/2598 2892/3988/2595 2894/3989/2602
f 2890/3459/2601 2882/3458/2600 2891/3990/2596
f 2891/3990/2596 2882/3458/2600 2879/3951/2597
f 2882/3458/2600 2884/3446/2590 2883/3439/2584
f 2884/3446/2590 2882/3458/2600 2886/3444/2588
f 2884/3991/2590 2888/3992/3006 2885/3993/2591
f 2889/3994/2589 2888/3992/3006 2884/3991/2590
f 2878/3995/3007 2866/3441/2585 2869/3443/2587
f 2897/3986/3005 2903/3980/3003 2902/3462/2604
f 2871/3471/2613 2877/3996/3008 2876/3997/3009
f 2877/3998/3008 2507/3999/2583 2878/3995/3007
f 2771/4000/3010 2918/3476/2618 2517/3702/2814
f 2512/3479/2620 2922/3475/2617 2511/3473/2615
f 2867/3470/2612 2872/4001/3011 2868/4002/3012
f 2770/4003/3013 2781/4004/2629 2779/3982/2622
f 2919/4005/2579 2920/4006/2616 2922/4007/2617
f 2919/4008/2579 2922/4009/2617 2916/4010/2580
f 2921/3477/2619 2916/3434/2580 2922/4011/2617
f 2923/3472/2614 2511/3473/2615 2920/3474/2616
f 2918/3476/2618 2769/3432/2578 2916/3434/2580
f 2871/3471/2613 2875/3467/2609 2870/3469/2611
f 2872/4001/3011 2870/3469/2611 2873/3468/2610
f 2871/3471/2613 2876/3997/3009 2874/3480/2621
f 2895/4012/3014 2893/3463/2605 2853/3465/2607
f 2887/3457/2599 2880/4013/2586 2883/3455/2584
f 2784/3431/2577 2781/3495/2629 2783/3493/2627
f 2919/4014/2579 2769/4015/2578 2777/3490/2624
f 2770/4003/3013 2779/3982/2622 2769/3432/2578
f 2782/3491/2625 2779/3981/2622 2781/3495/2629
f 2770/4003/3013 2773/3974/2628 2781/4004/2629
f 2823/3608/2738 2812/4016/3015 2813/3606/2737
f 2822/3496/2630 2819/3236/2439 2823/3608/2738
f 2527/3615/2742 2812/4016/3015 2526/3499/2633
f 2539/3570/2704 2577/3548/2682 2601/3560/2694
f 2618/3507/2641 2617/3509/2643 2536/3512/2646
f 2630/3523/2657 2625/3522/2656 2624/3640/2767
f 2911/3956/2993 2912/4017/2725 2914/4018/2722
f 2540/3572/2706 2553/3552/2686 2552/3569/2703
f 2541/3571/2705 2542/3554/2688 2553/3552/2686
f 2842/3597/2729 2648/3581/2715 2803/3614/2741
f 2844/4019/2720 2843/3595/2728 2804/3599/2731
f 2648/3581/2715 2845/3583/2717 2841/4020/3016
f 2851/4021/2719 2846/3588/2721 2845/3583/2717
f 2840/3673/2727 2508/3591/2724 2852/3590/2723
f 2852/4022/2723 2908/3955/2992 2909/3958/2995
f 2915/3244/2447 2911/4023/2993 2914/3589/2722
f 2838/3578/2712 2852/4022/2723 2909/3958/2995
f 2914/3589/2722 2912/3592/2725 2508/3591/2724
f 2849/3593/2726 2844/4019/2720 2846/4024/2721
f 2849/3674/2726 2846/4025/2721 2850/3675/2798
f 2909/3958/2995 2651/3579/2713 2838/3578/2712
f 2842/3597/2729 2839/3698/2718 2847/3582/2716
f 2841/4020/3016 2845/3583/2717 2844/3587/2720
f 2811/4026/2459 2813/3606/2737 2802/4027/3017
f 2802/4027/3017 2803/3614/2741 2807/3610/2740
f 2802/4027/3017 2527/3615/2742 2803/3614/2741
f 2806/3604/2736 2807/3610/2740 2803/3614/2741
f 2806/4028/2736 2804/3599/2731 2805/3598/2730
f 2804/4029/2731 2841/4020/3016 2844/3587/2720
f 2811/4026/2459 2802/4027/3017 2807/3610/2740
f 2808/3611/2735 2801/3602/2734 2811/3258/2459
f 2804/3599/2731 2806/4028/2736 2649/4030/3018
f 2648/3581/2715 2649/4031/3018 2803/3614/2741
f 2803/3614/2741 2649/4031/3018 2806/3604/2736
f 2546/4032/3019 2537/3574/2708 2545/3626/2753
f 2643/4033/3020 2530/4034/3020 2531/4035/3020
f 2606/3627/2754 2603/3623/2750 2575/3543/2677
f 2549/4036/3021 2550/3650/2777 2529/3513/2647
f 2548/3624/2751 2549/4036/3021 2529/3513/2647
f 2538/3576/2710 2546/4032/3019 2547/3625/2752
f 2629/3632/2759 2636/3635/2762 2637/3634/2761
f 2606/3627/2754 2576/3546/2680 2603/3623/2750
f 2578/3618/2745 2608/3544/2678 2575/3543/2677
f 2610/3542/2676 2608/3544/2678 2609/3535/2669
f 2609/3535/2669 2608/3544/2678 2561/3538/2672
f 2578/3618/2745 2642/3527/2661 2641/3629/2756
f 2639/3631/2758 2640/3630/2757 2627/3526/2660
f 2638/3633/2760 2639/3631/2758 2629/3632/2759
f 2628/3501/2635 2633/4037/3022 2634/3637/2764
f 2594/3519/2653 2598/3556/2690 2597/3518/2652
f 2626/3525/2659 2632/3524/2658 2633/4037/3022
f 2631/3521/2655 2626/3525/2659 2625/3522/2656
f 2532/3500/2634 2625/3522/2656 2626/3525/2659
f 2559/3641/2768 2558/3653/2780 2573/3642/2769
f 2599/3516/2650 2597/3518/2652 2600/3647/2774
f 2620/3505/2639 2551/3649/2776 2588/3514/2648
f 2623/3510/2644 2533/3654/2781 2536/3512/2646
f 2613/3520/2654 2612/3646/2773 2614/3508/2642
f 2810/3601/2733 2787/3658/2784 2801/3602/2734
f 2623/3510/2644 2621/3651/2778 2533/3654/2781
f 2802/4027/3017 2813/3606/2737 2812/4016/3015
f 2819/3236/2439 2822/3496/2630 2524/3498/2632
f 2814/3607/2458 2822/3496/2630 2823/3608/2738
f 2821/3656/2782 2822/3971/2630 2825/3260/2461
f 2826/3259/2460 2811/3258/2459 2657/3609/2739
f 2810/3601/2733 2653/3969/2996 2800/3962/2997
f 2792/3254/2456 2907/4038/2449 2788/3255/2457
f 2789/3750/2854 2907/3247/2449 2906/3715/2823
f 2793/3749/2452 2796/3967/2451 2788/3966/2457
f 2789/3750/2854 2793/3749/2452 2788/3966/2457
f 2473/3662/2787 2469/3663/2788 2476/3660/2785
f 2473/3662/2787 2472/3661/2786 2477/3671/2796
f 2831/3238/2441 2526/3499/2633 2819/3236/2439
f 2907/3247/2449 2913/3246/2448 2906/3715/2823
f 2915/3244/2447 2510/3243/2446 2913/4039/2448
f 2850/3675/2798 2846/4025/2721 2851/3714/2719
f 2836/4040/2805 2834/3681/2800 2829/3680/2802
f 2521/4041/2804 2836/4042/2805 2523/3685/2806
f 2831/3238/2441 2525/3237/2440 2832/3687/2808
f 2523/3685/2806 2836/4042/2805 2833/3686/2807
f 2836/4043/2805 2835/3690/2809 2833/3689/2807
f 2830/4044/2811 2851/4045/2719 2839/4046/2718
f 2828/3241/2444 2832/3687/2808 2835/4047/2809
f 2839/3698/2718 2837/3239/2442 2828/3241/2444
f 2828/3241/2444 2831/3238/2441 2832/3687/2808
f 2526/3499/2633 2812/4016/3015 2819/3236/2439
f 2523/4048/2806 2522/3700/2813 2521/3683/2804
f 2817/3701/2631 2522/3700/2813 2524/4049/2632
f 2522/3700/2813 2520/3678/2801 2521/3683/2804
f 2771/4000/3010 2518/3682/2803 2519/3973/3001
f 2517/3702/2814 2516/3676/2799 2518/3682/2803
f 2867/3470/2612 2856/4050/3023 2854/3706/2816
f 2861/3711/2820 2514/3707/2817 2864/3708/2818
f 2864/3708/2818 2854/3706/2816 2857/4051/3024
f 2893/3463/2605 2855/3466/2608 2853/3465/2607
f 2856/4050/3023 2857/4051/3024 2854/3706/2816
f 2858/3712/2821 2864/3708/2818 2857/4051/3024
f 2942/3723/2831 2929/3195/2398 2453/3744/2850
f 2910/4052/2432 2913/4039/2448 2510/3243/2446
f 2913/3246/2448 2910/3229/2432 2505/3189/2392
f 2505/3189/2392 2504/3228/2431 2506/4053/2582
f 2473/3662/2787 2477/3671/2796 2478/3727/2835
f 2497/3716/2824 2498/3222/2425 2501/3221/2424
f 2939/3728/2836 2944/3725/2833 2444/3730/2838
f 2445/3731/2839 2447/3724/2832 2936/3738/2846
f 2931/3737/2845 2932/3732/2840 2934/3736/2844
f 2932/3732/2840 2931/3737/2845 2933/3733/2841
f 2487/3216/2419 2486/3218/2421 2464/3739/2847
f 2935/3219/2422 2449/3206/2409 2455/3204/2407
f 2927/3203/2406 2449/3206/2409 2450/3201/2404
f 2494/3740/2848 2927/3203/2406 2924/3202/2405
f 2924/3202/2405 2926/3196/2399 2493/3200/2403
f 2451/3735/2843 2448/3197/2400 2926/3196/2399
f 2925/3198/2401 2929/3195/2398 2928/3194/2397
f 2453/3744/2850 2936/3738/2846 2447/3724/2832
f 2776/3192/2395 2919/4014/2579 2777/3490/2624
f 2491/3182/2385 2474/3672/2797 2484/3184/2387
f 2778/3746/2623 2782/3491/2625 2780/3747/2852
f 2786/3748/2853 2799/3253/2455 2797/3248/2450
f 2797/3248/2450 2793/3250/2452 2785/3945/2855
f 2793/3749/2452 2790/3188/2391 2785/3751/2855
f 2468/3666/2791 2479/3752/2856 2482/3668/2793
f 3009/3785/2886 2967/3832/2920 2969/3789/2889
f 2470/3664/2789 2943/3223/2426 2940/3226/2429
f 3008/3792/2892 2956/3804/2904 2991/3795/2895
f 2984/3817/2912 2980/3848/2873 2985/4054/2878
f 2985/4054/2878 2979/3815/2910 2984/3817/2912
f 2987/3767/2871 2985/3774/2878 2980/3769/2873
f 2976/3841/2925 2975/3843/2926 2988/3845/2877
f 2986/3775/2879 2987/3767/2871 2988/3773/2877
f 2976/3841/2925 2988/3845/2877 2989/3842/2880
f 2988/3773/2877 2981/3766/2870 2989/3776/2880
f 3022/3849/2928 3015/3852/2884 3020/4055/2883
f 3017/3853/2930 3022/3849/2928 2945/3851/2929
f 3020/3779/2883 3014/3770/2874 3016/3847/2927
f 3022/4056/2928 3020/3779/2883 3016/3847/2927
f 3019/3777/2881 3012/3768/2872 3020/3779/2883
f 3021/3787/2869 3018/4057/2887 3019/3777/2881
f 3019/3777/2881 3018/4057/2887 3010/3778/2882
f 2960/4058/2861 2961/3801/2901 2962/3809/2905
f 2964/3810/2906 2953/3829/2919 2954/3798/2898
f 2954/3798/2898 2965/4059/2902 2964/3810/2906
f 2964/3810/2906 2961/3801/2901 2953/3829/2919
f 2956/3830/2904 2965/4059/2902 2954/3798/2898
f 2963/3760/2864 2964/3808/2906 2965/3802/2902
f 2975/3843/2926 3002/3818/2907 2979/3846/2910
f 3001/3821/2908 2994/3800/2900 3003/3799/2899
f 2983/3816/2911 2982/3755/2859 2984/3817/2912
f 2994/3800/2900 3000/3823/2915 2993/3796/2896
f 2993/3796/2896 3000/3823/2915 2998/3797/2897
f 2995/3819/2913 2997/3826/2917 2999/4060/2914
f 2999/4060/2914 2997/3826/2917 2996/3828/2916
f 2996/3824/2916 2998/3797/2897 3000/3823/2915
f 2991/3795/2895 2996/4061/2916 2992/3834/2918
f 2995/3819/2913 2999/4060/2914 3001/3820/2908
f 2973/3837/2923 2992/3834/2918 2974/3836/2922
f 2983/4062/2911 2979/3846/2910 3002/3818/2907
f 2972/3791/2891 3023/3784/2876 2970/3788/2888
f 2945/3851/2929 2952/3758/2862 3017/3853/2930
f 2977/3839/2924 2974/3836/2922 2992/3834/2918
f 2976/3841/2925 2992/3827/2918 2997/3826/2917
f 2997/3826/2917 2995/3819/2913 2975/3843/2926
f 2986/3844/2879 2979/3846/2910 2985/4063/2878
f 3022/3849/2928 2984/3817/2912 2982/3755/2859
f 2959/3859/2932 3017/3853/2930 2952/3758/2862
f 2959/3858/2932 3013/3763/2867 3015/3780/2884
f 2957/3803/2903 3011/3764/2868 2955/3761/2865
f 3021/3765/2869 3011/3764/2868 3018/3855/2887
f 2982/3755/2859 3002/3812/2907 3004/3861/2934
f 3011/3764/2868 2949/3762/2866 2955/3761/2865
f 3013/3763/2867 2950/3857/2931 2949/3762/2866
f 2950/3857/2931 2962/3807/2905 2963/3760/2864
f 2950/3857/2931 2963/3760/2864 2949/3762/2866
f 2958/3759/2863 3005/3814/2909 3003/4064/2899
f 3005/4065/2909 3001/3821/2908 3003/3799/2899
f 2958/3759/2863 3006/3753/2857 3005/3814/2909
f 3006/3753/2857 3004/3861/2934 3005/3814/2909
f 3007/3790/2890 2968/3794/2894 2990/3793/2893
f 2982/3755/2859 3004/3861/2934 3006/3753/2857
f 2945/3851/2929 2982/3755/2859 2948/3862/2935
f 2555/3652/2779 2612/3646/2773 2554/3502/2636
f 2827/3240/2443 2533/3654/2781 2528/3638/2765
f 2481/3225/2428 2444/3730/2838 2931/3737/2845
f 2506/4053/2582 2499/3719/2827 2495/3718/2826
f 2883/3439/2584 2507/3438/2583 2923/3472/2614
f 2342/3059/2296 2356/3041/2278 2352/3046/2283
f 44/1031/33 25/4066/1685 24/976/887
f 27/1912/1673 25/1937/1685 44/1913/33
f 3/988/894 2/1916/1674 1/987/893
f 2/1916/1674 3/988/894 5/1008/905
f 36/1918/1676 30/4067/1 31/1012/891
f 16/995/898 46/39/37 18/38/36
f 13/15/14 47/14/13 15/1923/1677
f 47/14/13 51/1000/899 17/1924/900
f 74/9/8 68/8/7 9/23/22
f 7/1929/1680 6/31/29 22/30/28
f 69/1931/1681 76/24/23 8/1930/1678
f 68/8/7 81/26/24 70/20/19
f 76/24/23 69/1931/1681 79/1932/896
f 2/1916/1674 72/1935/1683 84/1933/1682
f 79/1932/896 69/1931/1681 1/987/893
f 21/27/25 19/4068/906 20/1936/1684
f 41/1016/910 33/1015/31 25/1937/1685
f 24/976/887 25/4066/1685 33/33/31
f 42/40/38 24/976/887 20/1936/1684
f 56/1019/885 62/1018/911 61/981/890
f 57/4069/913 54/16/15 55/19/18
f 149/1121/1005 96/2152/1689 94/1943/1688
f 125/41/39 124/4070/1812 96/1944/1689
f 97/45/43 127/44/42 185/1945/1690
f 123/1947/1692 95/2149/1691 185/1948/1690
f 144/1949/1693 216/1118/1002 230/1117/1001
f 391/96/93 246/47/45 224/1950/1000
f 360/66/63 271/2143/920 359/1955/919
f 176/1956/1697 128/2141/1808 86/1957/1698
f 186/128/122 126/129/123 175/1959/1004
f 184/97/42 201/98/42 183/1961/1700
f 122/1963/1702 148/2147/1701 183/1964/1700
f 143/1965/1703 215/1971/995 244/1966/1704
f 296/1967/1705 336/1972/992 295/1968/61
f 387/1973/973 265/4071/1752 385/89/86
f 262/1974/1707 286/2131/1733 316/1975/1708
f 330/1107/991 284/1998/1731 315/1977/1710
f 207/1979/1712 238/2128/1805 350/1980/1713
f 206/1984/1717 237/2126/1804 349/1046/936
f 205/1986/1719 234/1104/988 344/1103/987
f 204/1988/1721 232/2027/1743 341/1038/928
f 300/1040/930 301/2005/1738 325/1989/1722
f 325/1989/1722 301/2005/1738 302/1043/933
f 344/1103/987 304/1068/953 305/1993/1726
f 326/1987/1720 305/1993/1726 306/1067/952
f 349/1046/936 310/1048/938 311/1994/1727
f 327/1985/1718 311/1994/1727 312/1995/1728
f 350/1980/1713 312/1995/1728 313/1996/1729
f 313/1996/1729 314/2025/1742 329/1983/1716
f 281/1997/1730 283/2129/1734 284/1998/1731
f 383/87/84 263/2134/1806 286/2000/1733
f 379/84/81 381/2024/1741 283/2001/1734
f 375/61/58 280/62/59 313/1996/1729
f 310/1048/938 261/2004/1737 279/59/57
f 305/1993/1726 304/1068/953 258/1053/943
f 255/1062/949 274/2019/1739 301/2005/1738
f 217/71/68 256/2016/945 274/2006/1739
f 258/2008/943 257/2015/942 366/72/69
f 219/75/72 259/2014/950 276/2009/1735
f 220/77/74 260/4072/940 369/2010/939
f 221/79/76 261/2013/1737 371/2011/1736
f 248/80/77 377/2021/1740 280/1057/59
f 362/68/65 364/2018/947 272/2012/946
f 372/57/55 279/1056/57 261/2013/1737
f 371/2011/1736 260/4072/940 220/77/74
f 368/76/73 369/2010/939 259/2014/950
f 367/74/71 276/2009/1735 258/2008/943
f 217/71/68 366/72/69 257/2015/942
f 255/2017/949 363/69/66 365/70/67
f 364/2018/947 362/68/65 363/69/66
f 302/1043/933 301/2005/1738 274/2019/1739
f 305/1993/1726 276/2002/1735 259/1063/950
f 312/1995/1728 311/1994/1727 279/59/57
f 376/82/79 281/2022/1730 377/2021/1740
f 378/83/80 283/2001/1734 281/2022/1730
f 262/2023/1707 380/85/82 382/86/83
f 380/85/82 262/2023/1707 381/2024/1741
f 281/1997/1730 282/1999/1732 314/2025/1742
f 313/1996/1729 280/62/59 377/2026/1740
f 232/2027/1743 152/1100/984 86/2028/1698
f 178/1098/982 129/2125/1803 87/1101/985
f 187/125/119 101/126/120 177/2030/983
f 200/100/95 181/2100/1746 147/2032/1744
f 142/2033/1745 121/2037/1748 147/2034/1744
f 214/2036/1747 243/1112/996 121/2037/1748
f 243/1112/996 214/2036/1747 357/2038/1749
f 357/2038/1749 321/1093/977 294/1110/994
f 293/1091/975 267/4073/60 294/1110/994
f 293/2039/975 390/94/91 223/95/92
f 291/2040/1750 389/92/89 249/93/90
f 331/2042/1751 316/1975/1708 317/2043/956
f 208/1105/989 134/2089/1794 137/2046/1753
f 171/2049/1756 170/2095/1798 90/2050/1757
f 145/2052/1759 89/4074/3025 136/2053/1760
f 156/2055/1762 155/2059/1766 88/2056/1763
f 180/2058/1765 130/2062/1769 88/2056/1763
f 131/2060/1767 89/4074/3025 145/2052/1759
f 116/2057/1764 131/2060/1767 157/2061/1768
f 120/2063/1770 146/2099/1802 174/1084/968
f 120/2063/1770 141/2064/1771 213/1077/961
f 289/2065/1772 291/2068/1750 319/2066/1773
f 332/1074/958 333/1079/963 211/2069/1775
f 210/2070/1776 135/2080/1786 138/2071/1777
f 172/2072/1778 91/2097/1800 137/2046/1753
f 140/1081/965 212/2086/1791 242/2074/1780
f 242/2074/1780 212/2086/1791 354/1078/962
f 139/2076/1782 353/1086/970 211/2069/1775
f 162/2078/1784 92/2088/1793 138/2071/1777
f 135/2080/1786 93/2091/1795 165/2081/1787
f 165/2083/1787 93/2090/1795 139/2076/1782
f 166/2084/1789 139/2076/1782 118/2077/1783
f 138/2071/1777 135/2080/1786 164/2082/1788
f 118/2077/1783 211/2069/1775 212/2086/1791
f 168/1083/967 167/2085/1790 118/2077/1783
f 161/2087/1792 134/2089/1794 92/2088/1793
f 134/2089/1794 161/2087/1792 160/2073/1779
f 353/1086/970 139/2076/1782 93/2090/1795
f 93/2091/1795 135/2080/1786 210/2070/1776
f 318/1080/964 290/2067/1774 334/2075/1781
f 290/2067/1774 319/2066/1773 355/1075/959
f 213/1077/961 242/2074/1780 334/2075/1781
f 242/2074/1780 213/1077/961 141/2064/1771
f 158/2092/1796 169/4075/1761 136/2093/1760
f 132/2094/1797 90/2050/1757 170/2095/1798
f 159/2096/1799 133/2098/1801 91/2097/1800
f 171/2049/1756 117/2051/1758 133/2098/1801
f 209/2048/1755 138/2071/1777 92/2088/1793
f 92/2088/1793 134/2089/1794 208/1105/989
f 210/2070/1776 209/2048/1755 352/2047/1754
f 288/1088/972 333/1079/963 332/1074/958
f 290/2067/1774 318/1080/964 387/1089/973
f 266/2041/974 249/93/90 390/94/91
f 120/2063/1770 356/1076/960 214/2036/1747
f 142/2033/1745 181/2035/1746 146/2099/1802
f 114/101/96 146/2102/1802 181/2100/1746
f 114/101/96 199/102/97 174/2101/968
f 199/102/97 113/103/98 173/2103/969
f 173/2103/969 113/103/98 198/104/99
f 112/105/100 167/2106/1790 168/2104/967
f 112/105/100 197/106/101 166/2105/1789
f 197/106/101 111/107/102 165/2107/1787
f 196/108/103 164/2108/1788 165/2107/1787
f 164/2108/1788 196/108/103 110/109/104
f 110/109/104 195/110/105 162/2110/1784
f 195/110/105 109/111/106 161/2111/1792
f 109/111/106 194/112/107 160/2112/1779
f 194/112/107 108/113/108 172/2113/1778
f 159/2114/1799 172/2113/1778 108/113/108
f 193/114/109 107/43/41 171/2115/1756
f 192/116/111 170/4076/1798 171/2115/1756
f 158/2116/1796 170/4076/1798 192/116/111
f 106/115/110 191/117/112 169/2117/1761
f 145/2118/1759 169/2117/1761 191/117/112
f 105/118/113 190/119/114 157/2119/1768
f 104/120/115 156/2120/1762 157/2119/1768
f 189/121/116 155/2122/1766 156/2120/1762
f 189/121/116 103/122/116 180/2121/1765
f 179/2123/979 180/2121/1765 103/122/116
f 188/123/117 102/124/118 153/2124/980
f 102/124/118 187/125/119 178/2031/982
f 129/2125/1803 152/1100/984 232/2027/1743
f 87/1101/985 129/2125/1803 204/1988/1721
f 204/1988/1721 325/1989/1722 342/1042/932
f 87/1101/985 233/1990/1723 343/1102/986
f 343/1102/986 234/1104/988 130/2062/1769
f 205/1986/1719 88/2056/1763 130/2062/1769
f 235/1037/927 116/2057/1764 88/2056/1763
f 235/1037/927 205/1986/1719 326/1987/1720
f 131/2060/1767 116/2057/1764 235/1037/927
f 236/1034/924 89/4074/3025 131/2060/1767
f 136/2053/1760 89/4074/3025 236/1034/924
f 237/2126/1804 132/2094/1797 136/2093/1760
f 206/1984/1717 90/2050/1757 132/2094/1797
f 117/2051/1758 90/2050/1757 206/1984/1717
f 238/2128/1805 206/1984/1717 327/1985/1718
f 117/2051/1758 238/2128/1805 207/1979/1712
f 137/2046/1753 91/2097/1800 239/1982/1715
f 91/2097/1800 133/2098/1801 207/1979/1712
f 239/1982/1715 207/1979/1712 328/1981/1714
f 282/1999/1732 351/1106/990 329/1983/1716
f 351/1106/990 282/1999/1732 284/1998/1731
f 352/2047/1754 285/1976/1709 316/1975/1708
f 240/1978/1711 315/1977/1710 285/1976/1709
f 283/2129/1734 381/2130/1741 315/1977/1710
f 381/2130/1741 262/1974/1707 285/1976/1709
f 286/2131/1733 263/4077/1806 317/2043/956
f 288/1088/972 287/1073/957 264/2133/1807
f 384/88/85 264/2135/1807 263/2134/1806
f 385/89/86 265/4071/1752 264/2135/1807
f 289/2136/1772 388/91/88 389/92/89
f 386/90/87 388/91/88 289/2136/1772
f 294/1110/994 267/4073/60 295/2137/61
f 243/1112/996 215/1111/995 143/2138/1703
f 121/2037/1748 143/2138/1703 183/2139/1700
f 147/2032/1744 183/1961/1700 201/98/42
f 100/127/121 151/4078/1699 177/2030/983
f 176/1960/1697 151/4078/1699 100/127/121
f 86/1957/1698 128/2141/1808 203/1991/1724
f 203/1991/1724 128/2141/1808 150/52/50
f 298/1030/921 299/1069/954 339/1071/955
f 271/1029/920 272/1058/946 299/1069/954
f 361/67/64 272/2012/946 271/2143/920
f 358/49/47 359/1955/919 225/2144/918
f 297/1951/916 269/54/52 250/56/54
f 224/1950/1000 246/47/45 247/46/44
f 245/50/48 225/2144/918 251/2145/1696
f 322/1024/915 296/1967/1705 269/1969/52
f 227/1114/998 252/1953/1695 251/1954/1696
f 322/1024/915 216/1118/1002 337/1970/1706
f 252/1953/1695 227/1114/998 229/1115/999
f 254/2146/1810 253/1952/1694 229/1115/999
f 144/1949/1693 122/1963/1702 244/1966/1704
f 148/2147/1701 122/1963/1702 144/1949/1693
f 127/44/42 184/97/42 148/1962/1701
f 95/1946/1691 124/4070/1812 125/41/39
f 99/130/39 149/2148/1005 175/1959/1004
f 98/42/40 96/1944/1689 149/2148/1005
f 95/2149/1691 123/1947/1692 115/2150/1811
f 115/2150/1811 94/1943/1688 96/2152/1689
f 85/53/51 94/1943/1688 202/2142/1809
f 254/2146/1810 115/2150/1811 123/1947/1692
f 115/2150/1811 254/2146/1810 202/2142/1809
f 436/1191/1075 393/1190/1074 610/2153/1813
f 394/2155/1132 395/2313/1110 615/1229/1108
f 616/1226/1105 439/1249/1128 396/1251/1130
f 398/1224/1103 617/1222/1101 534/2156/1815
f 400/1221/1100 618/2310/1898 440/2157/1816
f 401/2159/1818 619/2309/1897 441/1246/1125
f 402/2160/1819 403/2306/1896 620/2161/1820
f 621/1220/1099 442/2323/1902 404/2162/1821
f 622/1219/1098 544/1154/1038 406/1244/1123
f 408/2164/1823 623/2302/1895 443/1242/1121
f 409/1238/1117 410/2300/1894 624/2165/1824
f 412/1217/1097 625/1206/1088 548/1236/1115
f 413/2166/1825 626/2296/1893 549/2167/1826
f 414/2168/1827 415/2294/1892 627/1216/1096
f 628/1214/1094 444/2321/1901 416/2169/1828
f 418/2170/1829 629/2289/1891 445/1235/1114
f 419/1212/1093 630/1210/1091 446/2171/1830
f 420/2173/1831 631/1211/1092 421/2174/1832
f 453/172/165 450/135/128 429/2176/1068
f 497/2178/1069 596/134/127 428/138/131
f 497/1185/1069 469/2254/1834 496/2180/1835
f 496/2180/1835 529/2253/1872 555/1193/1077
f 528/2181/1836 516/2250/1870 515/2182/1837
f 426/136/129 588/2247/1013 589/2183/1012
f 424/147/140 585/2241/1842 488/2185/1060
f 583/149/142 581/150/143 582/2186/1839
f 471/2190/1843 422/169/162 449/170/163
f 486/2192/1024 485/4079/1059 483/2193/1840
f 547/1240/1119 520/1239/1118 484/2194/1845
f 480/1168/1052 509/1155/1039 519/2196/1847
f 462/1166/1050 507/1164/1048 479/2197/1848
f 570/2199/1850 459/2218/1865 504/2200/1851
f 476/2202/1853 566/4080/1868 458/1162/1046
f 456/2203/1854 500/2215/1863 474/2204/1855
f 559/2206/1857 455/4081/1862 499/2207/1858
f 472/1157/1041 438/132/125 518/1254/1133
f 509/1155/1039 544/1154/1038 545/1241/1120
f 455/2214/1862 471/2211/1843 472/1157/1041
f 473/2208/1859 530/1250/1129 531/1252/1131
f 518/2216/1133 530/1250/1129 473/2208/1859
f 559/2206/1857 473/2208/1859 500/2215/1863
f 532/1248/1127 533/1158/1042 501/1160/1044
f 531/1252/1131 532/1248/1127 474/2204/1855
f 457/1174/1058 561/2205/1856 474/2204/1855
f 504/2200/1851 476/2202/1853 536/2217/1864
f 535/2213/1861 536/2217/1864 476/2202/1853
f 459/2218/1865 566/4080/1868 476/2202/1853
f 477/2219/1852 538/2324/1126 539/1165/1049
f 504/2200/1851 537/1245/1124 538/1247/1126
f 460/1149/1033 570/4082/1850 477/2219/1852
f 508/1167/1051 479/2197/1848 542/2220/1866
f 541/1150/1034 542/2220/1866 479/2197/1848
f 574/2198/1849 479/2197/1848 508/1167/1051
f 510/2195/1846 482/1145/1029 546/1243/1122
f 484/2194/1845 520/1239/1118 521/2221/1053
f 582/2222/1839 510/2195/1846 484/2194/1845
f 580/1146/1030 482/1145/1029 510/2195/1846
f 480/1168/1052 481/1144/1028 464/2223/1867
f 422/169/162 471/2190/1843 455/2224/1862
f 455/2224/1862 559/2225/1857 557/167/160
f 559/2225/1857 456/4083/1854 558/166/159
f 558/166/159 456/4083/1854 561/2226/1856
f 457/2227/1058 562/164/157 560/165/158
f 562/164/157 457/2227/1058 564/2228/1057
f 564/2228/1057 458/2229/1046 565/162/155
f 423/161/154 565/162/155 458/2229/1046
f 567/160/153 423/161/154 566/2230/1868
f 459/2231/1865 570/2232/1850 568/159/152
f 570/2232/1850 460/2233/1033 569/158/151
f 460/2233/1033 461/2234/1056 571/157/150
f 572/156/149 571/157/150 461/2234/1056
f 573/155/148 572/156/149 462/2235/1050
f 463/2237/1055 575/154/147 573/155/148
f 575/154/147 463/2237/1055 577/2238/1054
f 576/153/146 577/2238/1054 464/2239/1867
f 579/151/144 578/152/145 464/2239/1867
f 580/2240/1030 582/2186/1839 581/150/143
f 492/1178/1062 525/1179/1063 526/2188/1841
f 584/148/141 485/4084/1059 585/2241/1842
f 483/2187/1840 485/4084/1059 584/148/141
f 468/2242/1869 495/2255/1871 595/137/130
f 592/141/134 590/142/135 591/2243/1009
f 466/2244/1011 467/2245/1838 593/140/133
f 467/2245/1838 468/2242/1869 594/139/132
f 465/2246/1064 586/146/139 425/145/138
f 588/2247/1013 426/136/129 586/146/139
f 591/2243/1009 590/142/135 427/143/136
f 491/2248/1065 427/143/136 587/144/137
f 491/1181/1065 492/1178/1062 514/1182/1066
f 468/2249/1869 515/2182/1837 516/2250/1870
f 515/2252/1837 468/4085/1869 467/2184/1838
f 553/1131/1015 554/1234/1113 515/2252/1837
f 516/2250/1870 528/2181/1836 529/2253/1872
f 516/2250/1870 496/2180/1835 469/2254/1834
f 469/2179/1834 428/138/131 595/137/130
f 497/2178/1069 429/2176/1068 450/135/128
f 448/171/164 430/4086/1873 454/2191/1844
f 451/2177/1006 430/4086/1873 448/171/164
f 432/1188/1072 430/2256/1873 451/1122/1006
f 452/1124/1008 393/1190/1074 434/1189/1073
f 599/2257/1874 392/2154/1814 610/2153/1813
f 612/213/205 611/2317/1875 598/2259/1876
f 650/2260/1112 675/177/170 602/176/169
f 635/1209/1090 674/2320/1899 421/2174/1832
f 613/211/204 674/2314/1899 635/2262/1090
f 603/185/178 637/2287/1107 651/2263/1877
f 664/2264/1086 606/204/197 607/205/198
f 638/2268/1104 668/186/179 669/187/180
f 677/188/181 639/2270/1102 652/2269/1878
f 678/189/182 653/4087/3026 639/2270/1102
f 640/2271/1879 653/4087/3026 678/189/182
f 654/2272/1880 640/2271/1879 679/190/183
f 654/2272/1880 604/191/184 680/192/185
f 641/2273/1881 680/192/185 681/193/186
f 655/2274/1882 681/193/186 682/194/187
f 656/2276/1089 642/2275/1883 682/194/187
f 657/2277/1079 656/2276/1089 683/175/168
f 657/2277/1079 684/196/189 685/195/188
f 686/197/190 643/2279/1884 658/2278/1080
f 643/2279/1884 686/197/190 687/198/191
f 659/2280/1885 687/198/191 688/199/192
f 644/2281/1886 688/199/192 689/200/193
f 660/2282/1887 689/200/193 690/181/174
f 692/201/194 662/2283/1888 646/1200/1084
f 693/202/195 647/4088/3027 662/2283/1888
f 663/2284/1085 647/4088/3027 693/202/195
f 694/203/196 606/204/197 664/2264/1086
f 695/206/199 608/207/200 670/2285/1889
f 665/2265/1095 607/205/198 695/206/199
f 608/207/200 671/208/201 649/1199/1083
f 637/2287/1107 603/185/178 668/186/179
f 634/2288/1109 667/183/176 676/184/177
f 629/2289/1891 670/2292/1889 649/2290/1083
f 418/2170/1829 648/2293/1890 670/2292/1889
f 648/2293/1890 418/2170/1829 628/1214/1094
f 415/2294/1892 647/4089/3027 663/1201/1085
f 662/2295/1888 647/4089/3027 415/2294/1892
f 646/1205/1084 662/2295/1888 626/2296/1893
f 645/2297/175 412/4090/1097 624/2165/1824
f 644/2299/1886 660/2298/1887 624/2165/1824
f 659/2301/1885 644/2299/1886 410/2300/1894
f 643/2303/1884 659/2301/1885 623/2302/1895
f 658/1196/1080 643/2303/1884 408/2164/1823
f 405/2163/1822 642/4091/1883 656/1207/1089
f 655/2304/1882 642/4091/1883 405/2163/1822
f 641/2305/1881 655/2304/1882 620/2161/1820
f 619/2307/1897 654/4092/1880 641/2305/1881
f 401/2159/1818 640/2311/1879 654/2308/1880
f 618/2310/1898 653/4093/3026 640/2311/1879
f 639/1223/1102 653/4093/3026 618/2310/1898
f 637/1228/1107 638/1225/1104 398/1224/1103
f 636/2312/1111 634/1230/1109 615/1229/1108
f 667/183/176 634/2288/1109 636/2261/1111
f 650/2260/1112 632/2315/1078 666/173/166
f 674/2314/1899 613/211/204 600/212/205
f 601/174/167 666/173/166 632/2315/1078
f 612/213/205 601/174/167 599/2316/1874
f 392/2154/1814 599/2257/1874 632/1194/1078
f 598/2318/1876 611/2258/1875 610/2153/1813
f 597/2319/1900 421/2174/1832 674/2320/1899
f 597/2319/1900 435/1192/1076 447/2175/1833
f 555/1193/1077 529/2253/1872 420/2173/1831
f 446/2171/1830 420/2173/1831 529/2253/1872
f 446/2171/1830 630/1210/1091 631/1211/1092
f 419/2291/1093 554/1234/1113 445/1235/1114
f 444/2321/1901 628/1214/1094 418/2170/1829
f 444/2321/1901 526/2188/1841 525/1179/1063
f 627/1216/1096 417/1203/1087 416/2169/1828
f 626/2296/1893 415/2294/1892 414/2168/1827
f 548/1236/1115 625/1206/1088 413/2166/1825
f 624/2165/1824 412/4090/1097 411/2322/1116
f 409/1238/1117 547/1240/1119 546/1243/1122
f 623/2302/1895 410/2300/1894 409/1238/1117
f 544/1154/1038 622/1219/1098 408/2164/1823
f 542/2220/1866 442/2323/1902 406/1244/1123
f 621/1220/1099 407/1197/1081 406/1244/1123
f 541/1150/1034 404/2162/1821 442/2323/1902
f 620/2161/1820 405/2163/1822 404/2162/1821
f 402/2160/1819 539/1165/1049 538/2324/1126
f 619/2307/1897 403/2306/1896 402/2160/1819
f 401/2159/1818 537/1245/1124 440/2157/1816
f 535/2213/1861 399/2158/1817 440/2157/1816
f 534/2156/1815 617/1222/1101 400/1221/1100
f 439/1249/1128 616/1226/1105 398/1224/1103
f 531/1252/1131 396/1251/1130 439/1249/1128
f 615/1229/1108 397/1227/1106 396/1251/1130
f 633/214/206 395/1231/1110 394/1253/1132
f 435/1192/1076 597/2319/1900 610/2153/1813
f 436/1191/1075 392/2154/1814 614/131/124
f 726/302/291 704/4094/1134 750/2326/1137
f 884/2327/1903 732/1336/1213 710/1263/1142
f 964/2329/1905 903/2509/2032 887/2330/1906
f 957/2332/1908 954/2542/2033 910/224/215
f 958/2333/1907 955/2537/2034 999/220/212
f 912/219/211 909/218/210 906/2334/1909
f 965/215/207 956/2513/1967 953/2336/1911
f 902/2337/1912 929/2357/1928 966/1265/1144
f 921/2339/1914 887/2330/1906 747/2340/1915
f 709/1335/1212 711/1337/1214 748/2341/1916
f 709/1335/1212 851/2342/1917 818/2343/1918
f 818/2343/1918 794/2508/2031 705/2345/1920
f 705/2346/1920 794/2507/2031 883/225/216
f 853/228/219 854/243/234 767/2347/1921
f 767/2349/1921 796/2505/2030 795/2350/1923
f 795/2350/1923 796/2505/2030 831/1334/1211
f 734/1333/1210 914/2480/2023 922/241/232
f 905/2328/1904 885/242/233 931/2352/1924
f 901/2354/1926 928/2417/1968 957/2355/1908
f 746/1330/1207 920/1266/1145 929/2357/1928
f 830/2358/1929 747/2340/1915 725/2359/1930
f 830/2358/1929 850/2360/1931 817/2361/1932
f 817/2361/1932 792/4095/2026 764/2363/1934
f 764/2364/1934 792/4096/2026 882/270/261
f 876/2365/1178 875/2489/1180 873/264/255
f 782/2366/1935 813/4097/1975 781/2367/1936
f 824/1267/1146 780/1328/1205 812/2369/1938
f 835/1276/1155 822/2482/2025 738/2370/1939
f 832/2372/1941 820/2377/1946 736/2373/1942
f 799/2376/1945 714/1273/1152 820/2377/1946
f 799/2376/1945 800/2379/1948 821/1274/1153
f 800/2379/1948 801/1287/1166 833/1319/1196
f 804/2380/1949 822/2482/2025 835/1276/1155
f 836/1272/1151 822/2482/2025 804/2380/1949
f 780/1328/1205 778/1269/1148 777/2381/1950
f 761/2384/1952 782/4098/1935 871/261/252
f 870/2385/1953 779/2407/1951 867/258/249
f 805/1280/1159 756/2404/222 774/2386/221
f 803/1278/1157 755/236/227 773/2390/1956
f 771/2391/1957 800/2379/1948 799/2376/1945
f 798/2378/1947 797/4099/2028 769/2393/1959
f 859/248/239 697/249/240 753/2395/230
f 860/252/243 700/235/226 756/231/222
f 758/2398/1954 863/2402/1955 862/253/244
f 727/256/247 866/4100/1164 759/2399/1163
f 855/245/236 857/246/237 770/2400/1960
f 702/254/245 864/255/246 759/2399/1163
f 701/233/224 862/253/244 863/2402/1955
f 773/2397/1956 755/1288/227 699/251/242
f 859/248/239 771/2396/1957 752/2403/1958
f 858/247/238 752/2403/1958 770/2400/1960
f 798/2378/1947 770/2394/1960 752/2392/1958
f 771/2391/1957 753/239/230 801/1287/1166
f 756/2404/222 805/1280/1159 804/2380/1949
f 807/1292/1169 806/2383/1158 774/2405/221
f 866/4100/1164 727/256/247 865/257/248
f 865/257/248 867/258/249 779/2407/1951
f 871/261/252 782/4098/1935 760/2409/1937
f 870/2385/1953 868/259/250 869/260/251
f 778/1269/1148 811/1290/1167 866/1285/1164
f 832/2372/1941 797/4099/2028 798/2378/1947
f 915/2410/1961 923/4101/3028 735/2374/1943
f 960/2411/1962 914/2480/2023 888/2412/1963
f 962/2414/1965 900/2470/2018 927/2415/1966
f 928/2417/1968 744/2459/2008 745/2418/1969
f 703/227/218 763/2491/1176 881/2420/1175
f 879/268/259 762/2475/1190 788/2423/1973
f 844/2424/1974 825/2474/2020 813/2425/1975
f 739/1327/1204 925/2451/2000 924/2427/1977
f 897/2428/1978 886/4102/3029 945/2429/1979
f 897/2428/1978 944/2430/1980 943/2431/1981
f 942/2433/1983 895/2483/1985 896/2432/1982
f 941/2434/1984 894/2438/1987 895/2435/1985
f 940/2437/1986 893/2481/2024 894/2438/1987
f 892/2439/1988 893/2481/2024 940/2437/1986
f 891/2441/1990 892/2439/1988 939/2440/1989
f 937/1297/1174 890/2445/1994 891/2441/1990
f 934/2443/1992 915/2410/1961 889/2444/1993
f 933/2446/1995 923/4101/3028 915/2410/1961
f 946/2447/1996 916/2473/2019 898/2448/1997
f 947/2449/1998 898/2448/1997 924/2427/1977
f 948/2450/1999 924/2427/1977 925/2451/2000
f 949/2452/2001 925/2451/2000 899/2453/2002
f 950/2454/2003 899/2453/2002 926/2455/2004
f 918/2457/2006 927/2415/1966 742/2458/2007
f 846/1309/1186 847/2468/2016 744/2459/2008
f 789/1314/1191 848/1316/1193 827/2460/2009
f 788/2462/1973 762/1313/1190 789/1314/1191
f 816/2461/2010 787/2469/2017 786/2463/2011
f 844/2424/1974 845/2465/2013 742/2458/2007
f 926/2455/2004 740/1304/1181 741/2466/2014
f 816/2461/2010 827/2460/2009 847/2468/2016
f 846/1309/1186 815/1308/1185 787/2469/2017
f 742/2458/2007 927/2415/1966 900/2470/2018
f 741/2471/2014 722/2464/2012 900/2470/2018
f 945/2429/1979 886/4102/3029 916/2473/2019
f 740/1304/1181 926/2455/2004 899/2453/2002
f 739/1327/1204 721/1305/1182 899/2453/2002
f 825/2474/2020 844/2424/1974 722/2464/2012
f 843/1306/1183 825/2485/2020 741/2466/2014
f 844/2424/1974 814/2426/1976 784/1312/1189
f 787/2469/2017 815/1308/1185 876/1301/1178
f 880/269/260 881/2420/1175 762/2475/1190
f 827/2460/2009 848/1316/1193 724/2421/1971
f 847/2468/2016 827/2460/2009 745/2418/1969
f 744/2459/2008 928/2417/1968 901/2354/1926
f 723/1311/1188 901/2354/1926 918/2457/2006
f 917/2472/2015 900/2470/2018 962/2414/1965
f 926/2455/2004 917/2467/2015 952/2477/2021
f 888/2412/1963 923/4103/3028 933/2478/1995
f 959/2479/2022 922/241/232 914/2480/2023
f 736/2373/1942 714/1273/1152 889/2444/1993
f 737/1275/1154 936/1296/1173 889/2444/1993
f 737/1275/1154 715/2375/1944 890/2445/1994
f 833/1319/1196 715/2375/1944 737/1275/1154
f 891/2441/1990 890/2445/1994 715/2375/1944
f 716/1320/1197 892/2439/1988 891/2441/1990
f 893/2481/2024 892/2439/1988 716/1320/1197
f 893/2481/2024 738/2370/1939 717/1271/1150
f 717/1271/1150 738/2370/1939 822/2482/2025
f 717/1271/1150 837/1270/1149 895/2435/1985
f 718/2371/1940 896/2432/1982 895/2483/1985
f 897/2428/1978 896/2432/1982 718/2371/1940
f 719/1323/1200 886/4102/3029 897/2428/1978
f 916/2473/2019 886/4102/3029 719/1323/1200
f 720/1325/1202 842/1268/1147 924/2427/1977
f 720/1325/1202 898/2448/1997 916/2473/2019
f 781/2367/1936 813/4097/1975 825/2485/2020
f 843/1306/1183 721/1305/1182 812/2369/1938
f 780/1328/1205 779/2382/1951 870/2486/1953
f 760/2368/1937 781/2367/1936 812/2369/1938
f 814/2426/1976 761/2487/1952 783/1329/1206
f 813/2425/1975 782/4104/1935 761/2487/1952
f 783/2488/1206 761/2384/1952 728/262/253
f 875/2489/1180 783/2488/1206 872/263/254
f 786/2490/2011 877/266/257 878/267/258
f 876/2365/1178 874/265/256 877/266/257
f 882/270/261 792/4096/2026 763/2491/1176
f 791/2422/1972 763/1299/1176 792/2492/2026
f 791/2422/1972 817/2493/1932 850/2494/1931
f 725/2495/1930 746/1330/1207 829/1331/1208
f 929/2357/1928 902/2337/1912 724/2421/1971
f 745/2418/1969 724/2421/1971 902/2337/1912
f 918/2457/2006 901/2354/1926 963/2356/1927
f 956/2416/1967 927/2415/1966 918/2457/2006
f 885/242/233 922/241/232 959/2479/2022
f 906/2497/1909 904/2545/2035 884/2327/1903
f 884/2327/1903 905/2328/1904 907/2353/1925
f 735/2499/1943 923/4103/3028 888/2412/1963
f 734/1333/1210 713/1332/1209 888/2412/1963
f 832/2500/1941 713/1332/1209 768/2501/2027
f 831/1334/1211 796/2505/2030 768/2501/2027
f 797/2502/2028 768/2501/2027 856/2503/2029
f 796/2505/2030 767/2349/1921 856/2503/2029
f 696/244/235 855/245/236 769/2401/1959
f 856/2506/2029 767/2347/1921 854/243/234
f 729/226/217 883/225/216 794/2507/2031
f 793/2362/1933 764/2363/1934 794/2508/2031
f 793/2362/1933 818/2343/1918 851/2342/1917
f 851/2342/1917 748/2341/1916 747/2340/1915
f 725/2359/1930 747/2340/1915 887/2330/1906
f 903/2510/2032 920/1266/1145 746/1330/1207
f 954/2511/2033 919/2419/1970 902/2337/1912
f 957/2355/1908 928/2417/1968 919/2419/1970
f 965/215/207 993/300/289 962/2512/1965
f 992/299/288 952/2514/2021 962/2512/1965
f 991/298/287 951/4105/2005 952/2514/2021
f 950/2515/2003 951/4105/2005 991/298/287
f 949/2516/2001 950/2515/2003 990/297/286
f 948/2517/1999 949/2516/2001 989/296/285
f 988/295/284 987/294/283 947/2518/1998
f 946/2519/1996 947/2518/1998 987/294/283
f 945/2520/1979 946/2519/1996 986/293/282
f 945/2520/1979 985/292/281 984/217/209
f 944/2521/1980 984/217/209 983/291/280
f 943/2522/1981 983/291/280 982/290/279
f 942/2523/1983 982/290/279 981/289/278
f 941/2524/1984 981/289/278 980/288/277
f 940/2525/1986 980/288/277 979/287/276
f 939/2526/1989 979/287/276 978/286/275
f 937/2528/1174 938/2527/1991 978/286/275
f 961/2529/1171 937/2528/1174 977/285/274
f 976/284/273 975/283/272 935/2530/1172
f 934/2531/1992 935/2530/1172 975/283/272
f 974/282/271 973/281/270 933/2532/1995
f 972/280/268 932/4106/1964 933/2532/1995
f 960/2533/1962 932/4106/1964 972/280/268
f 971/279/269 970/278/268 959/2534/2022
f 959/2534/2022 970/278/268 969/277/210
f 908/276/267 907/2536/1925 931/2535/1924
f 912/219/211 911/2335/1910 907/2536/1925
f 955/2537/2034 906/2334/1909 909/218/210
f 964/2538/1905 958/2333/1907 968/221/213
f 997/274/265 967/2539/1143 964/2538/1905
f 996/273/264 966/2541/1144 967/2539/1143
f 913/216/208 953/2336/1911 963/2540/1927
f 994/222/119 963/2540/1927 957/2332/1908
f 995/272/263 930/4107/1913 966/2541/1144
f 954/2542/2033 930/4107/1913 995/272/263
f 921/2339/1914 904/2545/2035 906/2497/1909
f 887/2330/1906 921/2339/1914 955/2543/2034
f 921/2339/1914 748/2341/1916 711/1337/1214
f 884/2327/1903 904/2545/2035 711/1337/1214
f 712/301/290 885/242/233 905/2328/1904
f 709/1335/1212 707/2344/1919 731/1259/1138
f 819/1262/1141 765/1260/1139 795/2350/1923
f 707/2344/1919 705/2345/1920 750/1258/1137
f 765/1260/1139 751/1256/1135 766/2351/1922
f 749/303/292 750/2326/1137 705/2346/1920
f 766/2348/1922 751/2546/1135 852/229/220
f 751/2546/1135 704/4094/1134 726/302/291
f 1035/2547/2036 1030/2735/2038 1001/392/379
f 1012/1457/1325 1014/1455/1323 1036/2548/2037
f 1015/1453/1321 1037/1338/1215 1036/2548/2037
f 1017/1452/1320 1038/1454/1322 1037/1338/1215
f 1018/1450/1318 1038/1454/1322 1223/2551/2039
f 1228/1367/1242 1134/1447/1315 1039/2553/2041
f 1040/1448/1316 1195/1365/1240 1229/1364/1239
f 1021/1446/1314 1137/1406/1280 1196/1362/1237
f 1041/1445/1313 1197/1359/1234 1231/2556/2043
f 1042/1444/1312 1198/2637/2093 1232/2557/2044
f 1233/2558/2045 1144/1437/1307 1043/1441/1310
f 1044/1438/1308 1200/1344/1221 1234/1358/1233
f 1045/2561/2048 1201/1347/1224 1235/1357/1232
f 1236/2563/2050 1146/1397/1271 1046/1436/1306
f 1237/2565/2052 1024/2733/2143 1047/1435/1305
f 1204/2567/2054 1238/2627/2092 1025/2568/2055
f 1026/2570/2057 1049/2729/2141 1205/2571/2058
f 1240/2573/2060 1150/1388/1263 1050/1434/1304
f 1207/2575/2062 1241/2622/2091 1027/2576/2063
f 1028/1433/1303 1151/1385/1260 1208/2578/2065
f 1029/1432/1302 1153/1431/1301 1209/1356/1231
f 1210/2580/2067 1053/2647/2096 1052/2581/2068
f 1213/2582/2069 1193/2552/2040 1223/2551/2039
f 1225/345/333 1224/2643/2070 1212/2584/2071
f 1263/2585/1246 1288/311/299 1216/310/298
f 1248/1354/1229 1287/2646/2094 1210/2580/2067
f 1226/343/331 1287/2640/2094 1248/2587/1229
f 1217/314/302 1250/2616/1241 1264/2588/2072
f 1284/340/328 1222/341/329 1285/2589/1226
f 1219/337/325 1220/309/209 1277/2593/2074
f 1251/2595/1238 1281/315/303 1282/316/304
f 1290/317/305 1252/2597/1236 1265/2596/2073
f 1291/318/306 1266/4108/3030 1252/2597/1236
f 1253/2598/2076 1266/4108/3030 1291/318/306
f 1267/2599/2077 1253/2598/2076 1292/319/307
f 1294/321/309 1254/2600/2078 1267/2599/2077
f 1254/2600/2078 1294/321/309 1295/322/310
f 1270/2601/1222 1269/2602/1220 1296/324/312
f 1270/2601/1222 1297/325/313 1298/326/314
f 1299/327/315 1255/2604/2079 1271/2603/1223
f 1255/2604/2079 1299/327/315 1300/328/316
f 1272/2605/2080 1300/328/316 1301/329/317
f 1256/2606/2081 1301/329/317 1302/330/318
f 1273/2607/2082 1302/330/318 1303/331/319
f 1303/331/319 1304/332/320 1274/2609/2084
f 1304/332/320 1305/333/321 1258/2610/2085
f 1306/334/322 1275/2612/2087 1258/2610/2085
f 1306/334/322 1307/335/323 1259/2611/2086
f 1276/2613/2088 1259/2611/2086 1307/335/323
f 1308/336/324 1219/337/325 1260/2594/2075
f 1309/339/327 1221/338/326 1278/2614/2089
f 1220/309/209 1309/339/327 1261/2615/2090
f 1221/338/326 1284/340/328 1262/2590/1225
f 1250/2616/1241 1217/314/302 1281/315/303
f 1247/2617/1243 1280/312/300 1289/313/301
f 1285/2589/1226 1222/341/329 1286/342/330
f 1242/2618/2066 1278/4109/2089 1262/1348/1225
f 1278/2619/2089 1242/2579/2066 1208/2578/2065
f 1277/2621/2074 1261/2620/2090 1208/2578/2065
f 1260/2623/2075 1277/2621/2074 1241/2622/2091
f 1240/2573/2060 1276/2624/2088 1260/2623/2075
f 1206/2574/2061 1259/4110/2086 1276/2624/2088
f 1275/2625/2087 1259/4110/2086 1206/2574/2061
f 1258/2626/2085 1275/2625/2087 1239/2572/2059
f 1238/2627/2092 1274/2628/2084 1258/2626/2085
f 1204/2567/2054 1257/4111/2083 1274/2628/2084
f 1273/2629/2082 1257/4112/2083 1204/2630/2054
f 1256/2631/2081 1273/2629/2082 1237/2565/2052
f 1272/2632/2080 1256/2631/2081 1203/2566/2053
f 1255/2633/2079 1272/2632/2080 1236/2563/2050
f 1271/1346/1223 1255/2633/2079 1202/2564/2051
f 1254/2634/2078 1268/1353/1228 1233/2558/2045
f 1267/2635/2077 1254/4113/2078 1199/2636/2046
f 1267/2635/2077 1232/2557/2044 1198/2637/2093
f 1231/2556/2043 1266/4114/3030 1253/2638/2076
f 1252/1361/1236 1266/4114/3030 1231/2556/2043
f 1250/1366/1241 1251/1363/1238 1196/1362/1237
f 1249/2639/1245 1247/1368/1243 1228/1367/1242
f 1280/312/300 1247/2617/1243 1249/2586/1245
f 1263/2585/1246 1245/2641/1218 1279/307/296
f 1287/2640/2094 1226/343/331 1214/344/332
f 1215/308/297 1279/307/296 1245/2641/1218
f 1225/345/333 1215/308/297 1213/2642/2069
f 1193/2552/2040 1213/2582/2069 1245/1341/1218
f 1212/2644/2071 1224/2583/2070 1223/2551/2039
f 1211/2645/2095 1210/2580/2067 1287/2646/2094
f 1155/1451/1319 1154/2727/2140 1052/2581/2068
f 1184/2648/1253 1182/358/346 1009/359/347
f 1034/351/339 1067/4115/2099 1098/2651/1326
f 1098/1458/1326 1067/2653/2099 1097/2652/2098
f 1096/1372/1247 1097/2652/2098 1067/2653/2099
f 1186/2655/1300 1065/2658/2097 1187/355/343
f 1190/2656/1299 1095/2659/2100 1191/352/340
f 1066/2657/1250 1190/2656/1299 1189/353/341
f 1188/354/342 1187/355/343 1065/2658/2097
f 1095/2659/2100 1067/4115/2099 1034/351/339
f 1087/2660/2101 1008/348/336 1033/362/350
f 1064/2662/2103 1087/2721/2101 1112/2663/2104
f 1083/2666/2107 1178/389/376 1176/347/335
f 1173/2668/2108 1081/2717/2115 1174/364/352
f 1086/2669/2109 1085/4116/2138 1083/2670/2107
f 1111/2672/2111 1126/2730/2142 1127/2673/2112
f 1147/1422/1294 1124/2715/2137 1084/2671/2110
f 1077/2674/2113 1171/375/362 1168/376/363
f 1002/387/374 1031/388/375 1055/2677/2116
f 1078/2679/2118 1080/2702/2134 1079/2680/2119
f 1121/2682/2120 1122/1396/1270 1109/1421/1293
f 1145/1439/1309 1119/2701/2133 1078/2679/2118
f 1062/2685/1291 1106/2699/1272 1076/2686/2123
f 1057/2688/2125 1101/2697/2131 1072/1412/1286
f 1158/2689/2126 1056/4117/2135 1100/2690/2127
f 1070/1411/1285 1019/305/294 1117/2692/2129
f 1100/2693/2127 1056/4118/2135 1069/2695/2117
f 1071/2691/2128 1134/1447/1315 1135/1449/1317
f 1117/2698/2129 1134/1447/1315 1071/2691/2128
f 1158/2689/2126 1071/2691/2128 1101/2697/2131
f 1135/1449/1317 1136/1405/1279 1072/1412/1286
f 1073/1404/1278 1138/1414/1288 1139/1408/1282
f 1163/368/356 1073/1404/1278 1102/1403/1277
f 1143/1440/1290 1144/1437/1307 1076/2686/2123
f 1076/2686/2123 1144/1437/1307 1145/1439/1309
f 1108/2683/2121 1080/2702/2134 1120/2700/2132
f 1119/2701/2133 1120/2700/2132 1080/2702/2134
f 1107/2684/2122 1078/2679/2118 1077/2681/2113
f 1169/2687/2124 1076/2686/2123 1107/2684/2122
f 1156/386/373 1002/387/374 1069/2678/2117
f 1003/385/372 1156/386/373 1056/2704/2135
f 1157/384/371 1003/385/372 1158/2705/2126
f 1004/366/354 1157/384/371 1057/2706/2125
f 1059/2707/1269 1164/382/369 1161/383/370
f 1061/1420/359 1167/2709/1292 1006/379/366
f 1166/378/365 1006/379/366 1167/2709/1292
f 1062/2710/1291 1169/2711/2124 1007/377/364
f 1168/376/363 1007/377/364 1169/2711/2124
f 1108/2683/2121 1173/2712/2108 1079/2680/2119
f 1173/2712/2108 1108/2683/2121 1109/1421/1293
f 1125/2713/2136 1126/2730/2142 1111/2672/2111
f 1124/2715/2137 1125/2732/2136 1086/2669/2109
f 1177/1423/1295 1110/1392/1266 1084/2671/2110
f 1032/363/351 1172/374/361 1079/2716/2119
f 1077/2674/2113 1079/2716/2119 1172/374/361
f 1175/346/334 1174/364/352 1081/2717/2115
f 1175/346/334 1063/2718/1296 1177/2667/1295
f 1086/2714/2109 1111/2672/2111 1180/2719/2102
f 1111/2672/2111 1112/2663/2104 1087/2721/2101
f 1127/2673/2112 1148/2722/2139 1088/2664/2105
f 1148/2722/2139 1149/1390/1265 1113/1389/1264
f 1129/1386/1261 1130/1381/1256 1114/1383/1258
f 1183/1379/1254 1064/2662/2103 1088/2664/2105
f 1180/2661/2102 1033/362/350 1179/361/349
f 1178/389/376 1083/2666/2107 1085/2723/2138
f 1064/2724/2103 1181/360/348 1008/348/336
f 1183/2649/1254 1009/359/347 1181/360/348
f 1090/2725/2106 1186/2655/1300 1010/356/344
f 1184/2648/1253 1090/2725/2106 1185/357/345
f 1090/2665/2106 1091/1425/1297 1114/1383/1258
f 1097/2652/2098 1154/2727/2140 1155/1451/1319
f 1154/2727/2140 1097/2652/2098 1096/1372/1247
f 1154/2727/2140 1132/1374/1249 1029/1432/1302
f 1029/1432/1302 1243/1350/1227 1244/1355/1230
f 1028/2728/1303 1242/2618/2066 1209/1356/1231
f 1208/2578/2065 1151/1385/1260 1027/2576/2063
f 1129/1386/1261 1051/2577/2064 1027/2576/2063
f 1051/2577/2064 1150/1388/1263 1240/2573/2060
f 1050/1434/1304 1149/1390/1265 1148/2722/2139
f 1050/1434/1304 1026/2570/2057 1239/2572/2059
f 1049/2729/2141 1026/2570/2057 1148/2722/2139
f 1127/2673/2112 1126/2730/2142 1025/2568/2055
f 1205/2571/2058 1049/2729/2141 1025/2568/2055
f 1048/2569/2056 1025/2568/2055 1126/2730/2142
f 1124/2715/2137 1024/2733/2143 1048/2731/2056
f 1237/2565/2052 1204/2630/2054 1048/2731/2056
f 1147/1422/1294 1047/1435/1305 1024/2733/2143
f 1047/1435/1305 1146/1397/1271 1236/2563/2050
f 1121/2682/2120 1023/2562/2049 1046/1436/1306
f 1202/2564/2051 1046/1436/1306 1023/2562/2049
f 1120/2700/2132 1045/2561/2048 1023/2562/2049
f 1119/2701/2133 1022/2560/2047 1045/2561/2048
f 1045/2561/2048 1022/2560/2047 1234/1358/1233
f 1145/1439/1309 1044/1438/1308 1022/2560/2047
f 1044/1438/1308 1144/1437/1307 1233/2558/2045
f 1043/1443/1310 1142/1442/1311 1232/2557/2044
f 1042/1444/1312 1140/1409/1283 1231/2556/2043
f 1138/1414/1288 1021/1446/1314 1041/1445/1313
f 1197/1359/1234 1041/1445/1313 1021/1446/1314
f 1196/1362/1237 1137/1406/1280 1020/2555/2042
f 1135/1449/1317 1040/1448/1316 1020/2555/2042
f 1040/1448/1316 1134/1447/1315 1228/1367/1242
f 1039/2734/2041 1019/305/294 1246/390/377
f 1018/1450/1318 1193/2552/2040 1227/304/293
f 1017/1452/1320 1211/2645/2095 1223/2551/2039
f 1053/2647/2096 1210/2580/2067 1211/2645/2095
f 1030/2735/2038 1055/2677/2116 1031/388/375
f 1054/391/378 1011/350/338 1012/2736/1325
f 1192/349/337 1098/2651/1326 1012/2736/1325
f 1310/2737/2144 1311/4119/2145 1312/2738/2145
f 1596/2740/2146 1320/2741/2146 1310/2737/2144
f 1320/2741/2146 1596/2740/2146 1597/2742/2147
f 1598/2744/2148 1322/2745/2148 1321/2743/2147
f 1322/2745/2148 1598/2744/2148 1599/2746/2149
f 1599/2746/2149 1600/4120/2150 1324/2748/2150
f 1325/2749/2151 1324/4121/2150 1600/2750/2150
f 1325/2749/2151 1601/2751/2151 1602/2752/2152
f 1327/2754/2153 1326/2753/2152 1602/2752/2152
f 1327/2754/2153 1603/2755/2154 1604/1460/1328
f 1315/2756/2155 1316/1459/1327 1595/1461/1329
f 1591/2758/2157 1592/1632/1473 1318/533/509
f 1593/1462/1330 1587/1466/1334 1588/1467/1335
f 1588/2760/1335 1580/1624/1467 1581/1625/1468
f 1587/4122/1334 1579/1483/1349 1580/1624/1467
f 1578/2764/1341 1577/1618/1463 1571/1617/1462
f 1578/2764/1341 1572/2765/2159 1573/1480/1346
f 1552/1626/1469 1559/1486/1352 1557/1485/1351
f 1549/399/386 1528/2778/2165 1530/2771/479
f 1554/490/470 1558/1616/1461 1568/1495/1359
f 1449/1604/1452 1555/2770/2161 1575/1481/1347
f 1557/1485/1351 1461/1602/1450 1474/1499/1363
f 1352/1592/1444 1353/1606/1454 1370/1594/1446
f 1352/1592/1444 1380/417/404 1329/419/406
f 1533/2784/1393 1530/2771/479 1528/2778/2165
f 1446/404/391 1444/408/395 1432/429/416
f 1418/495/475 1448/491/471 1447/493/473
f 1490/1573/1430 1489/1513/1377 1479/1515/1379
f 1488/2789/2169 1483/1572/1429 1487/2790/1378
f 1472/1569/1427 1503/1546/1408 1499/1547/1409
f 1481/2792/1412 1482/1571/1428 1486/1517/1381
f 1467/1567/1425 1374/1566/1424 1356/1524/1387
f 1404/418/405 1403/1563/1421 1400/2795/2170
f 1395/2809/2172 1400/2795/2170 1375/2797/2171
f 1395/2800/2172 1390/1555/1414 1391/1558/1417
f 1510/2805/1419 1516/2808/1420 1511/432/419
f 1378/459/444 1384/460/445 1391/1558/1417
f 1514/1541/1403 1505/416/403 1419/415/402
f 1419/2807/402 1414/431/418 1511/432/419
f 1381/420/407 1404/418/405 1396/2796/1396
f 1397/425/412 1393/2799/1397 1392/2810/1416
f 1397/425/412 1405/424/411 1382/2811/408
f 1538/1533/1395 1531/502/480 1543/485/466
f 1542/2812/469 1537/1587/1440 1545/422/409
f 1544/481/464 1545/422/409 1537/1587/1440
f 1541/1586/1439 1540/1591/1443 1527/1529/1391
f 1400/2795/2170 1403/1563/1421 1380/417/404
f 1361/1526/1388 1373/1528/1390 1374/1566/1424
f 1371/1564/1422 1369/1600/1365 1365/1525/485
f 1478/1568/1426 1476/1522/1386 1487/1514/1378
f 1455/461/446 1467/1567/1425 1469/1511/1375
f 1484/1574/1431 1454/471/456 1455/461/446
f 1479/1515/1379 1477/433/420 1454/471/456
f 1356/1524/1387 1366/1523/484 1471/1512/1376
f 1464/2813/2173 1488/4123/2169 1492/1509/1373
f 1496/1504/1368 1486/1517/1381 1488/2789/2169
f 1521/407/394 1388/478/461 1415/427/414
f 1523/499/478 1531/502/480 1538/1533/1395
f 1328/2783/2167 1329/419/406 1330/1530/1392
f 1353/1606/1454 1354/2776/1448 1367/2782/1447
f 1459/2788/2168 1461/1602/1450 1465/1603/1451
f 1465/1603/1451 1461/1602/1450 1557/1485/1351
f 1449/1604/1452 1465/1603/1451 1556/1484/1350
f 1497/1508/1372 1575/1481/1347 1450/1614/1460
f 1496/1504/1368 1464/2815/2173 1450/2824/1460
f 1463/1505/1369 1496/1504/1368 1573/1480/1346
f 1463/1505/1369 1572/2765/2159 1571/1617/1462
f 1494/1502/1366 1571/1617/1462 1554/490/470
f 1435/1582/1436 1429/1578/1432 1426/494/474
f 1422/1464/1332 1439/1633/1474 1437/2780/2166
f 1441/2819/2174 1436/2818/1437 1437/2780/2166
f 1423/1463/1331 1428/518/494 1441/2819/2174
f 1333/522/498 1332/1488/1354 1525/1494/1358
f 1535/2823/1442 1529/1605/1453 1525/1494/1358
f 1328/2783/2167 1338/1607/1455 1353/1606/1454
f 1331/2825/2163 1343/2826/1353 1344/1492/1356
f 1341/514/490 1363/503/481 1354/1597/1448
f 1342/1613/1459 1355/1498/1362 1362/504/482
f 1355/1498/1362 1342/1613/1459 1553/2769/2160
f 1553/2769/2160 1342/1613/1459 1351/516/492
f 1558/1616/1461 1560/2768/1465 1569/2827/1342
f 1585/1619/1464 1577/1621/1463 1578/1474/1341
f 1583/1472/1339 1584/1630/1466 1586/1465/1333
f 1591/2758/2157 1585/1619/1464 1582/1473/1340
f 1565/393/380 1562/1628/1471 1551/1469/1337
f 1550/2759/2158 1551/1469/1337 1339/1471/1338
f 1565/393/380 1594/531/507 1589/1468/1336
f 1317/2828/2176 1315/4124/2176 1407/2829/2176
f 1312/2831/2177 1311/4125/2177 1317/2832/2177
f 1608/627/591 1715/1699/1513 1717/2834/590
f 1607/2837/2178 1717/626/590 1619/625/589
f 1622/539/515 1619/625/589 1720/1637/1478
f 1656/2838/524 1653/2854/523 1697/1644/1485
f 1731/1653/1490 1726/1652/1489 1730/2839/1491
f 1714/569/543 1611/562/536 1730/1654/1491
f 1610/535/511 1716/557/532 1724/570/544
f 1620/2841/2180 1637/612/579 1733/624/588
f 1644/610/577 1637/612/579 1620/2841/2180
f 1641/2843/1510 1638/2849/2181 1639/571/545
f 1696/579/553 1702/578/552 1700/1656/1492
f 1698/1646/1486 1658/1645/557 1656/2844/524
f 1612/551/527 1629/1659/1493 1617/574/548
f 1621/577/551 1639/571/545 1734/1647/1487
f 1617/574/548 1621/577/551 1735/1648/1488
f 1684/587/560 1688/597/568 1631/2846/549
f 1640/2848/1511 1635/2850/2182 1638/2849/2181
f 1645/2842/1482 1620/2841/2180 1635/2850/2182
f 1731/1653/1490 1635/2850/2182 1620/2841/2180
f 1638/2849/2181 1635/2850/2182 1731/1653/1490
f 1638/2849/2181 1721/2840/2179 1734/1647/1487
f 1721/2840/2179 1730/2839/1491 1728/1660/538
f 1699/581/555 1613/580/554 1612/2851/527
f 1684/587/560 1629/2847/1493 1612/2851/527
f 1665/1670/1499 1671/1671/1500 1670/588/561
f 1653/2854/523 1664/1668/1498 1687/1643/1484
f 1652/1664/1495 1671/1671/1500 1655/550/526
f 1695/595/567 1694/1662/565 1667/1665/1496
f 1641/1689/1510 1647/1688/1509 1646/1639/1480
f 1634/606/575 1644/608/577 1645/1641/1482
f 1627/604/573 1634/606/575 1649/1640/1481
f 1632/1691/1512 1650/603/572 1643/602/546
f 1630/1638/1479 1625/541/517 1675/598/569
f 1679/2858/1508 1678/1695/1503 1628/538/514
f 1637/612/579 1636/611/578 1720/1637/1478
f 1605/1703/1516 1711/1705/1477 1705/2859/586
f 1607/2835/2178 1705/621/586 1609/615/582
f 1725/628/592 1727/1698/587 1717/2834/590
f 1663/1701/1514 1707/614/581 1703/616/583
f 1659/2856/2183 1662/1702/1515 1703/2861/583
f 1673/1683/1505 1652/1664/1495 1659/2856/2183
f 1706/1635/1476 1682/1672/1501 1673/1676/1505
f 1606/1704/1475 1605/1703/1516 1628/538/514
f 1622/539/515 1628/538/514 1605/1703/1516
f 1741/784/738 1930/783/737 1825/1850/1632
f 1835/1720/1530 1826/1849/1631 1825/1850/1632
f 1874/2866/2185 1845/1708/1519 1834/779/733
f 1806/771/726 1974/1840/1624 1975/1841/1625
f 1928/1779/1577 1932/1778/1576 1929/2868/2186
f 1932/1778/1576 1956/1745/1553 1948/1776/1575
f 1935/2871/2188 1938/2906/2191 1946/2872/1573
f 1877/2874/2190 1884/2899/2199 1885/2875/1533
f 1782/2878/626 1787/665/625 1792/703/663
f 1781/659/623 1777/658/622 1788/1757/1564
f 1953/1754/1561 1926/1756/1563 1952/1741/1549
f 1933/2885/2194 1934/2892/2196 1951/1755/1562
f 1926/1756/1563 2028/1711/1522 1925/1839/1623
f 1924/1742/1550 1952/1741/1549 1925/1839/1623
f 1963/4126/1559 1953/1754/1561 1954/1750/1558
f 1957/2887/1560 1959/4127/2195 1950/2886/1554
f 1974/1840/1624 1776/1740/1548 1924/1742/1550
f 1914/1844/1628 1918/638/602 1808/666/624
f 1782/662/626 1789/4128/1569 1788/1757/1564
f 1939/2895/2197 1937/2897/1556 1774/1759/1545
f 1959/2896/2195 1957/1752/1560 1962/1762/1567
f 1958/2888/1551 1959/2896/2195 1965/2881/2192
f 1943/671/633 1970/679/641 1965/2881/2192
f 1941/653/617 1939/2895/2197 1772/1760/1565
f 1941/653/617 1944/681/643 1964/2882/1557
f 1881/2898/2198 1888/2905/2200 1885/2875/1533
f 1895/692/654 1882/1764/655 1881/2898/2198
f 1796/2903/1568 1789/2879/1569 1792/703/663
f 1877/2874/2190 1836/1717/1528 1768/640/604
f 1946/1774/1573 1947/641/605 1833/1716/1527
f 1955/1775/1574 1960/1772/1571 1940/1773/1572
f 1829/2865/2184 1945/2873/2189 1946/2872/1573
f 1935/2871/2188 1948/1776/1575 1955/1777/1574
f 1931/782/736 1935/2871/2188 1945/2873/2189
f 1929/2868/2186 1948/1776/1575 1935/2871/2188
f 1949/1747/1555 1932/1778/1576 1928/1779/1577
f 2023/2907/1525 2019/4129/1616 2020/1836/1615
f 1983/747/703 1849/2912/2203 1870/723/682
f 1860/2911/2202 1854/721/680 1846/724/683
f 1819/2913/697 1817/730/689 1865/736/695
f 1860/2911/2202 1859/1811/1601 1863/1810/1598
f 1864/1791/1588 1867/1807/1600 1853/1792/1589
f 1971/2917/2204 1852/630/594 1851/1793/1590
f 1865/736/695 1858/713/673 1857/1788/1585
f 1989/1797/1584 1986/1795/1592 1987/1794/1591
f 1991/743/699 1988/742/691 1989/1786/1584
f 1983/747/703 1972/750/706 1850/1809/1599
f 2018/2921/1619 2012/1816/1604 2013/1815/1603
f 2015/2922/1618 2013/1815/1603 2009/1831/1617
f 2014/1781/1579 2008/764/720 1996/756/712
f 1923/718/677 1906/1785/1583 1908/1822/1609
f 2006/769/725 1994/768/724 2009/1831/1617
f 1908/1822/1609 1906/1785/1583 1910/2923/1627
f 1977/1817/1605 1903/1823/1610 1904/1819/1607
f 2020/1829/1615 2010/1824/1611 2007/1828/1614
f 1949/1747/1555 2003/1713/1524 1927/1715/1526
f 1933/2885/2194 1927/4130/1526 2004/1712/1523
f 1934/2892/2196 2004/1712/1523 2028/1711/1522
f 2004/1712/1523 1927/4130/1526 2023/2907/1525
f 1976/2910/2201 1905/1826/1612 1899/1784/1582
f 1776/1740/1548 1974/1840/1624 1806/771/726
f 1810/657/621 1913/712/672 1914/2867/1628
f 1918/638/602 1910/1845/1627 1906/2927/1583
f 1812/633/597 1811/706/666 1784/704/664
f 1831/1771/1570 1877/2874/2190 1878/2876/1532
f 1874/2866/2185 1879/631/595 1824/1706/1517
f 1971/2917/2204 1824/1706/1517 1879/631/595
f 1971/2917/2204 1828/1796/1593 1844/1707/1518
f 1844/1707/1518 1828/1796/1593 1827/1804/1595
f 1930/783/737 1945/2873/2189 1829/2865/2184
f 57/1022/913 64/4131/3031 63/1020/912
f 1931/782/736 2002/785/739 2026/1851/1633
f 1741/784/738 1978/1801/1596 1980/1802/1597
f 2002/785/739 2000/1854/1636 2017/2930/2205
f 1980/1802/1597 1738/1803/700 1739/1853/1635
f 1998/2864/1639 2011/2931/1637 2017/2930/2205
f 1742/2932/2206 1753/1859/1641 1755/1861/1643
f 1752/2934/2208 1756/2936/2210 1754/1860/1642
f 1751/2935/2209 1757/2938/2209 1756/2936/2210
f 1750/2937/2211 1758/2939/2211 1757/2938/2209
f 1758/2939/2211 1750/2937/2211 1749/2940/2212
f 1748/2942/2213 1760/2946/2213 1759/2943/2212
f 1747/2945/2214 1761/2948/2214 1760/2946/2213
f 1746/2947/2215 1762/2950/2217 1761/2948/2214
f 1746/2947/2215 1743/2954/2221 1763/2949/2216
f 1764/2951/2218 1743/2954/2221 1744/2952/2219
f 1742/2955/2145 1767/4132/2145 1765/2956/2145
f 1745/2958/2177 1765/4133/2177 1766/2959/2177
f 2185/1864/873 2179/913/850 2178/948/871
f 2075/1905/761 2074/806/760 2092/1888/1661
f 2099/2963/2223 2072/942/868 2071/2964/2224
f 2069/812/766 2071/2964/2224 2091/2966/2226
f 2115/1891/1663 2079/1892/1664 2050/1882/1657
f 2148/1874/776 2147/825/779 2166/2968/2227
f 2166/2968/2227 2162/1885/1659 2163/1884/1658
f 2163/2970/1658 2164/2978/2232 2167/2971/2229
f 2132/1880/1656 2133/1879/1655 2137/2973/1648
f 2125/832/786 2131/1867/1645 2130/1901/1670
f 2129/1877/1653 2132/1880/1656 2117/843/795
f 2129/1877/1653 2122/837/791 2123/834/788
f 2124/833/787 2130/1901/1670 2128/2975/1654
f 2117/843/795 2132/1880/1656 2136/2974/2230
f 2051/852/803 2144/850/801 2153/851/802
f 2165/2977/2231 2161/842/794 2162/1885/1659
f 2146/824/778 2122/837/791 2118/1876/1652
f 2107/947/870 2122/837/791 2146/824/778
f 2147/825/779 2146/824/778 2165/2977/2231
f 2149/819/773 2148/822/776 2168/2972/2228
f 2164/2978/2232 2145/855/804 2040/2980/2233
f 2167/2971/2229 2040/2980/2233 2152/820/774
f 2046/873/818 2045/865/812 2062/1895/1667
f 2062/1895/1667 2045/865/812 2049/864/811
f 2039/1872/1650 2040/2980/2233 2145/855/804
f 2039/1872/1650 2047/952/874 2152/820/774
f 2053/886/827 2050/1882/1657 2079/1892/1664
f 2120/815/769 2115/1891/1663 2153/851/802
f 2136/2983/2230 2137/2984/1648 2139/900/837
f 2131/1867/1645 2125/832/786 2099/2963/2223
f 2089/1904/1671 2093/2961/2222 2092/1888/1661
f 2091/2966/2226 2093/4134/2222 2089/2967/1671
f 2126/2965/2225 2071/2964/2224 2069/812/766
f 2072/942/868 2076/808/762 2091/2966/2226
f 2075/807/761 2093/4134/2222 2091/2966/2226
f 2033/872/817 2031/869/814 2196/2985/860
f 2099/2963/2223 2113/799/753 2095/801/755
f 2098/907/844 2113/799/753 2099/2963/2223
f 2035/923/856 2169/794/748 2152/820/774
f 2177/908/845 2030/924/857 2189/955/877
f 2189/955/877 2032/954/876 2194/904/841
f 2198/861/808 2044/863/810 2077/802/756
f 2384/3710/2819 2248/2994/2241 2244/3157/2370
f 2245/3863/2936 2381/4135/3032 2416/3864/2937
f 2376/3866/2939 2303/3138/2356 2304/3133/2353
f 2303/3138/2356 2376/3866/2939 2374/3868/2941
f 2374/3868/2941 2378/3869/2942 2307/3113/2340
f 2290/3162/2373 2313/3114/2341 2307/3113/2340
f 2247/3106/2333 2379/3159/2371 2435/3870/2943
f 2375/3867/2940 2431/4136/2949 2432/3872/2945
f 2289/3875/2948 2428/3879/2951 2429/2991/2238
f 2375/3876/2940 2288/2990/2237 2430/2992/2239
f 2433/3880/2952 2426/3881/2953 2374/3868/2941
f 2426/3881/2953 2434/3882/2954 2378/3869/2942
f 2434/3882/2954 2442/3884/2956 2290/3162/2373
f 2441/3883/2955 2380/3163/2374 2290/3162/2373
f 2439/3885/2957 2377/3940/2235 2380/3163/2374
f 2437/3873/2946 2291/3161/2372 2377/2988/2235
f 2436/3874/2947 2435/3870/2943 2379/3159/2371
f 2249/3104/2331 2246/3105/2332 2388/3891/2960
f 2277/3152/2365 2371/3937/2362 2276/3013/2257
f 2372/3154/2367 2275/3019/2261 2276/3016/2257
f 2275/3019/2261 2372/3154/2367 2370/3167/2378
f 2286/3166/2964 2282/3164/3033 2283/2997/2965
f 2283/3895/2966 2282/4137/3034 2281/3896/2967
f 2284/2999/2968 2280/2996/2970 2287/3002/2969
f 2285/2998/2971 2281/3000/2971 2287/3002/2971
f 2251/3102/2266 2310/3143/2359 2312/3031/2268
f 2357/3107/2334 2366/3091/2323 2349/3047/2284
f 2360/3052/2289 2322/3087/2319 2337/3053/2290
f 2407/4138/2305 2328/4139/2304 2332/4140/2307
f 2328/3067/2304 2397/3069/2306 2396/3917/2976
f 2334/3066/2303 2327/3928/2977 2393/3923/2979
f 2413/4141/2317 2410/4142/3035 2411/4143/2983
f 2362/3050/2287 2337/3053/2290 2340/3055/2292
f 2342/3059/2296 2347/3037/2274 2344/3051/2288
f 2244/3932/2370 2259/3094/2326 2261/3096/2328
f 2250/3100/2330 2247/3106/2333 2246/3105/2332
f 2338/3056/2293 2369/3108/2335 2354/3058/2295
f 2353/3048/2285 2365/3033/2270 2348/3035/2272
f 2304/3133/2353 2303/3138/2356 2300/3137/2355
f 2253/3026/2252 2254/3900/2973 2266/3935/2986
f 2295/3146/2248 2293/3007/2251 2267/3010/2254
f 2424/3156/2369 2417/3942/2990 2370/3167/2378
f 2419/3153/2366 2277/3152/2365 2278/3893/2962
f 2371/3937/2362 2277/3152/2365 2420/3151/2364
f 2422/3148/2361 2423/3155/2368 2372/3154/2367
f 2279/3865/2938 2278/3893/2962 2274/3894/2963
f 2389/3939/2988 2246/3105/2332 2247/3106/2333
f 2312/3031/2268 2319/3142/2358 2291/3161/2372
f 2305/3132/2350 2288/4144/2237 2375/3867/2940
f 2305/3128/2350 2306/3127/2349 2289/3875/2948
f 2292/3003/2247 2373/3165/2376 2289/3875/2948
f 2427/3878/2950 2289/3875/2948 2373/3165/2376
f 2417/3942/2990 2425/3941/2989 2373/3165/2376
f 2278/3893/2962 2279/3865/2938 2416/3864/2937
f 2245/3863/2936 2279/3865/2938 2266/3935/2986
f 2248/2994/2241 2245/3863/2936 2254/3900/2973
f 2383/3943/2991 2381/4135/3032 2245/3863/2936
f 2386/3944/2379 2244/3932/2370 2249/3104/2331
f 2785/3945/2855 2774/3745/2851 2780/3747/2852
f 2786/3748/2853 2797/3248/2450 2780/3747/2852
f 2774/3946/2851 2772/3191/2394 2776/3192/2395
f 2768/3190/2393 2506/4053/2582 2917/3947/2581
f 2923/3472/2614 2504/3481/2431 2910/4052/2432
f 2879/3951/2597 2882/3458/2600 2905/3232/2435
f 2818/3699/2812 2519/3973/3001 2518/3682/2803
f 2790/3188/2391 2789/3750/2854 2906/3715/2823
f 2792/3254/2456 2791/3957/2994 2908/3955/2992
f 2791/3957/2994 2652/3964/2999 2909/3958/2995
f 2651/3579/2713 2652/3964/2999 2653/3959/2996
f 2820/3960/2783 2818/3699/2812 2817/3701/2631
f 2818/3699/2812 2820/3960/2783 2815/3972/3000
f 2773/3974/2628 2771/4000/3010 2519/3973/3001
f 2662/3263/2464 2720/3267/2468 2726/3266/2467
f 2710/3345/2537 2668/3346/2538 2716/3279/2480
f 2706/3316/2514 2707/3334/2527 2694/3379/2555
f 2664/3329/2522 2665/3337/2530 2704/3380/2556
f 2671/3313/2511 2670/3315/2513 2681/3377/2551
f 2682/3412/2568 2719/3411/2494 2730/3977/2504
f 2661/3344/2536 2660/3286/2487 2684/3288/2481
f 2655/3427/2573 2744/3272/2473 2749/3271/2472
f 2737/3428/2574 2731/3429/2575 2658/3426/2572
f 2739/3408/2565 2732/3299/2497 2729/3300/2498
f 2900/3979/3002 2898/3985/3004 2904/3450/2594
f 2881/4145/2598 2879/3951/2597 2892/3451/2595
f 2878/3995/3007 2507/3999/2583 2866/3441/2585
f 2871/3471/2613 2507/3438/2583 2877/3996/3008
f 2771/4000/3010 2770/4003/3013 2918/3476/2618
f 2867/3470/2612 2870/3469/2611 2872/4001/3011
f 2918/3476/2618 2770/4003/3013 2769/3432/2578
f 2784/3431/2577 2782/3491/2625 2781/3495/2629
f 2770/4003/3013 2771/4000/3010 2773/3974/2628
f 2823/3608/2738 2819/3236/2439 2812/4016/3015
f 2527/3615/2742 2802/4027/3017 2812/4016/3015
f 2539/3570/2704 2644/3551/2685 2577/3548/2682
f 2911/3956/2993 2908/3955/2992 2912/4017/2725
f 2852/4022/2723 2912/4017/2725 2908/3955/2992
f 2915/4146/2447 2907/4038/2449 2911/3956/2993
f 2838/3578/2712 2840/3594/2727 2852/4022/2723
f 2849/3593/2726 2843/3595/2728 2844/4019/2720
f 2909/3958/2995 2652/3964/2999 2651/3579/2713
f 2811/4026/2459 2814/3607/2458 2813/3606/2737
f 2804/3599/2731 2649/4030/3018 2841/4147/3016
f 2648/3581/2715 2841/4020/3016 2649/4031/3018
f 2546/4032/3019 2538/3576/2710 2537/3574/2708
f 2629/3632/2759 2628/3501/2635 2636/3635/2762
f 2628/3501/2635 2626/3525/2659 2633/4037/3022
f 2594/3519/2653 2591/3558/2692 2598/3556/2690
f 2559/3641/2768 2622/3639/2766 2558/3653/2780
f 2810/3601/2733 2800/3962/2997 2787/3658/2784
f 2810/3601/2733 2809/3600/2732 2653/3969/2996
f 2792/3254/2456 2911/3956/2993 2907/4038/2449
f 2789/3750/2854 2788/3966/2457 2907/3247/2449
f 2831/3238/2441 2827/3240/2443 2526/3499/2633
f 2523/4048/2806 2524/4049/2632 2522/3700/2813
f 2522/3700/2813 2818/3699/2812 2520/3678/2801
f 2771/4000/3010 2517/3702/2814 2518/3682/2803
f 2517/3702/2814 2515/3703/2815 2516/3676/2799
f 2867/3470/2612 2868/4002/3012 2856/4050/3023
f 2893/3463/2605 2513/3231/2434 2855/3466/2608
f 2942/3723/2831 2503/3193/2396 2929/3195/2398
f 2776/3192/2395 2917/3947/2581 2919/4014/2579
f 2491/3182/2385 2463/3181/2384 2474/3672/2797
f 2468/3666/2791 2480/3665/2790 2479/3752/2856
f 3009/3785/2886 2957/3805/2903 2967/3832/2920
f 3008/3792/2892 2966/3833/2921 2956/3804/2904
f 2960/4058/2861 2958/3811/2863 2961/3801/2901
f 2975/3843/2926 2995/3819/2913 3002/3818/2907
f 2973/3837/2923 2990/3793/2893 2992/3834/2918
f 2972/3791/2891 2978/3835/2875 3023/3784/2876
f 2945/3851/2929 2951/3860/2933 2952/3758/2862
f 2959/3859/2932 3015/3852/2884 3017/3853/2930
f 2959/3858/2932 2950/3857/2931 3013/3763/2867
f 2957/3803/2903 3009/3854/2886 3011/3764/2868
f 2982/3755/2859 2983/3816/2911 3002/3812/2907
f 2958/3759/2863 2951/3860/2933 3006/3753/2857
f 3007/3790/2890 2969/3789/2889 2968/3794/2894
f 2532/3500/2634 2526/3499/2633 2827/3240/2443
f 2827/3240/2443 2837/3239/2442 2536/3512/2646
f 2837/3239/2442 2529/3513/2647 2536/3512/2646
f 2528/3638/2765 2532/3500/2634 2827/3240/2443
f 2827/3240/2443 2536/3512/2646 2533/3654/2781
f 2481/3225/2428 2938/3227/2430 2444/3730/2838
f 2478/3727/2835 2477/3671/2796 2505/3189/2392
f 2506/4053/2582 2768/3190/2393 2930/3199/2402
f 2930/3199/2402 2500/3720/2828 2496/3721/2829
f 2506/4053/2582 2930/3199/2402 2496/3721/2829
f 2478/3727/2835 2505/3189/2392 2492/3717/2825
f 2505/3189/2392 2506/4053/2582 2492/3717/2825
f 2506/4053/2582 2496/3721/2829 2499/3719/2827
f 2495/3718/2826 2492/3717/2825 2506/4053/2582
f 2867/3470/2612 2923/3472/2614 2507/3438/2583
f 2923/3472/2614 2510/3243/2446 2883/3439/2584
f 2510/3243/2446 2882/3458/2600 2883/3439/2584
f 2342/3059/2296 2341/3054/2291 2356/3041/2278
f 3026/4148/3036 3024/4149/3037 3025/4150/3038
f 3027/4151/3039 3777/4152/3040 3028/4153/3041
f 3776/4154/3042 3808/4155/3043 3807/4156/3044
f 3813/4157/3045 3807/4156/3044 3814/4158/3046
f 3820/4159/3047 3812/4160/3048 3813/4157/3045
f 3818/4161/3049 3826/4162/3050 3825/4163/3051
f 3832/4164/3052 3824/4165/3053 3825/4163/3051
f 3837/4166/3054 3831/4167/3055 3838/4168/3056
f 3837/4166/3054 3791/4169/3057 3789/4170/3058
f 3791/4169/3057 3769/4171/3059 3768/4172/3060
f 3319/4173/3061 3793/4174/3062 3795/4175/3063
f 3318/4176/3064 3319/4173/3061 3794/4177/3065
f 3792/4178/3066 3801/4179/3067 3850/4180/3068
f 3317/4181/3069 3790/4182/3070 3316/4183/3071
f 3790/4182/3070 3836/4184/3072 3788/4185/3073
f 3315/4186/3074 3786/4187/3075 3314/4188/3076
f 3786/4189/3075 3822/4190/3077 3784/4191/3078
f 3784/4191/3078 3312/4192/3079 3313/4193/3080
f 3782/4194/3081 3311/4195/3082 3312/4192/3079
f 4024/4196/3083 3311/4195/3082 3310/4197/3084
f 3251/4198/3085 3216/4199/3086 3250/4200/3087
f 3216/4199/3086 3265/4201/3088 3215/4202/3089
f 3264/4203/3090 3272/4204/3091 3271/4205/3092
f 3277/4206/3093 3271/4207/3092 3278/4208/3094
f 3276/4209/3095 3284/4210/3096 3283/4211/3097
f 3283/4211/3097 3289/4212/3098 3282/4213/3099
f 3289/4212/3098 3229/4214/3100 3227/4215/3101
f 3229/4214/3100 3259/4216/3102 3258/4217/3103
f 3231/4218/3104 3235/4219/3105 3233/4220/3106
f 3199/4221/3107 3260/4222/3108 3233/4220/3106
f 3132/4223/3109 3372/4224/3110 3199/4221/3107
f 3372/4224/3110 3497/4225/3111 3513/4226/3112
f 3497/4225/3111 3562/4227/3113 3495/4228/3114
f 3503/4229/3115 3368/4230/3116 3366/4231/3117
f 3561/4232/3118 3502/4233/3119 3560/4234/3120
f 3501/4235/3121 3364/4236/3122 3362/4237/3123
f 3500/4238/3124 3559/4239/3125 3501/4240/3121
f 3500/4238/3124 3358/4241/3126 3499/4242/3127
f 3498/4243/3128 3557/4244/3129 3499/4242/3127
f 3355/4245/3130 3498/4243/3128 3356/4246/3131
f 3332/4247/3132 3494/4248/3133 3496/4249/3134
f 3492/4250/3135 3337/4251/3136 3339/4252/3137
f 3542/4253/3138 3492/4250/3135 3490/4254/3139
f 3542/4253/3138 3550/4255/3140 3549/4256/3141
f 3544/4257/3142 3550/4255/3140 3543/4258/3143
f 3545/4259/3144 3551/4260/3145 3544/4257/3142
f 3545/4261/3144 3553/4262/3146 3552/4263/3147
f 3547/4264/3148 3553/4262/3146 3546/4265/3149
f 3548/4266/3150 3554/4267/3151 3547/4264/3148
f 3548/4266/3150 3493/4268/3152 3555/4269/3153
f 3511/4270/3154 3491/4271/3155 3510/4272/3156
f 3509/4273/3157 3257/4274/3158 3510/4272/3156
f 3255/4275/3159 3225/4276/3160 3256/4277/3161
f 3223/4278/3162 3268/4279/3163 3275/4280/3164
f 3268/4279/3163 3262/4281/3165 3269/4282/3166
f 3212/4283/3167 3263/4284/3168 3262/4281/3165
f 3247/4285/3169 3214/4286/3170 3213/4287/3171
f 3213/4287/3171 3246/4288/3172 3247/4285/3169
f 3212/4283/3167 3245/4289/3173 3246/4288/3172
f 3244/4290/3174 3211/4291/3175 3210/4292/3176
f 3219/4293/3177 3242/4294/3178 3210/4292/3176
f 3322/4295/3179 3242/4294/3178 3505/4296/3180
f 3243/4297/3181 4017/4298/3182 4021/4299/3183
f 3320/4300/3184 3563/4301/3185 3595/4302/3186
f 3613/4303/3187 3563/4301/3185 3564/4304/3188
f 3596/4305/3189 3574/4306/3190 3597/4307/3191
f 3574/4306/3190 3627/4308/3192 3576/4309/3193
f 3578/4310/3194 3598/4311/3195 3576/4309/3193
f 3634/4312/3196 3580/4313/3197 3578/4314/3194
f 3580/4313/3197 3601/4315/3198 3600/4316/3199
f 3648/4317/3200 3584/4318/3201 3582/4319/3202
f 3603/4320/3203 3584/4318/3201 3586/4321/3204
f 3604/4322/3205 3588/4323/3206 3605/4324/3207
f 3046/4325/3208 3703/4326/3209 3047/4327/3210
f 3045/4328/1664 3049/4329/3211 3048/4330/3212
f 3049/4329/3211 3680/4331/3213 3050/4332/3214
f 3712/4333/3215 3682/4334/3216 3680/4331/3213
f 3052/4335/3217 3684/4336/3218 3054/4337/3219
f 3726/4338/3220 3686/4339/3221 3684/4336/3218
f 3686/4340/3221 3058/4341/3222 3056/4342/3223
f 3740/4343/3224 3690/4344/3225 3688/4345/3226
f 3690/4344/3225 3062/4346/3227 3060/4347/3228
f 3692/4348/3229 3696/4349/3230 3694/4350/3231
f 3071/4351/3232 3064/4352/3233 3694/4350/3231
f 3070/4353/3234 4044/4354/3235 3066/4355/3236
f 3148/4356/3237 3069/4357/3238 3414/4358/3239
f 3414/4358/3239 3396/4359/3240 3413/4360/3241
f 3394/4361/3242 3472/4362/3243 3465/4363/3244
f 3472/4362/3243 3404/4364/3245 3471/4365/3246
f 3421/4366/3247 3403/4367/3248 3404/4364/3245
f 3470/4368/3249 3402/4369/3250 3469/4370/3251
f 3402/4371/3250 3418/4372/3252 3401/4373/3253
f 3467/4374/3254 3401/4373/3253 3400/4375/3255
f 3416/4376/3256 3400/4375/3255 3417/4377/3257
f 3466/4378/3258 3397/4379/3259 3395/4380/3260
f 3397/4379/3259 3353/4381/3261 3354/4382/3262
f 3980/4383/2177 3333/4384/3263 3353/4381/3261
f 3334/4385/3264 3587/4386/3265 3335/4387/3266
f 3594/4388/3267 3585/4389/3268 3587/4386/3265
f 3593/4390/3269 3611/4391/3270 3610/4392/3271
f 3659/4393/3272 3593/4390/3269 3592/4394/3273
f 3592/4394/3273 3608/4395/3274 3591/4396/3275
f 3657/4397/3276 3591/4398/3275 3590/4399/3277
f 3589/4400/3278 3607/4401/3279 3606/4402/3280
f 3705/4403/3281 3607/4401/3279 3706/4404/3282
f 3672/4405/3283 3705/4403/3281 3673/4406/3284
f 3674/4407/3285 3713/4408/3286 3673/4406/3284
f 3721/4409/3287 3715/4410/3288 3722/4411/3289
f 3728/4412/3290 3720/4413/3291 3721/4409/3287
f 3728/4414/3290 3736/4415/3292 3735/4416/3293
f 3741/4417/3294 3735/4416/3293 3742/4418/3295
f 3742/4418/3295 3750/4419/3296 3749/4420/3297
f 3748/4421/3298 3756/4422/3299 3755/4423/3300
f 3756/4422/3299 3699/4424/3301 3698/4425/3302
f 3697/4426/3303 3074/4427/3304 3073/4428/3305
f 3074/4427/3304 3075/4429/3306 3076/4430/3307
f 3076/4430/3307 3701/4431/3308 3077/4432/3309
f 3759/4433/3310 3702/4434/3311 3701/4431/3308
f 3078/4435/3312 3695/4436/3313 3079/4437/3314
f 3693/4438/3315 3670/4439/3316 3695/4436/3313
f 3691/4440/3317 3669/4441/3318 3693/4438/3315
f 3691/4440/3317 3746/4442/3319 3689/4443/3320
f 3687/4444/3321 3667/4445/3322 3689/4443/3320
f 3739/4446/3323 3685/4447/3324 3687/4448/3321
f 3683/4449/3325 3665/4450/3326 3685/4447/3324
f 3683/4449/3325 3718/4451/3327 3681/4452/3328
f 3662/4453/3329 3681/4452/3328 3679/4454/3330
f 3679/4454/3330 3710/4455/3331 3711/4456/3332
f 3710/4455/3331 3677/4457/3333 3709/4458/3334
f 3676/4459/3335 3717/4460/3336 3716/4461/3337
f 3724/4462/3338 3716/4461/3337 3717/4460/3336
f 3731/4463/3339 3723/4464/3340 3724/4462/3338
f 3737/4465/3341 3731/4466/3339 3738/4467/3342
f 3745/4468/3343 3737/4465/3341 3738/4467/3342
f 3751/4469/3344 3745/4468/3343 3752/4470/3345
f 3708/4471/3346 3675/4472/3347 3707/4473/3348
f 3677/4457/3333 3708/4471/3346 3709/4458/3334
f 3725/4474/3349 3717/4460/3336 3718/4451/3327
f 3678/4475/3350 3681/4452/3328 3718/4451/3327
f 3678/4475/3350 3717/4460/3336 3677/4457/3333
f 3663/4476/3351 3683/4449/3325 3681/4452/3328
f 3738/4477/3342 3732/4478/3352 3739/4446/3323
f 3725/4474/3349 3685/4447/3324 3732/4478/3352
f 3731/4463/3339 3725/4474/3349 3732/4478/3352
f 3685/4447/3324 3666/4479/3353 3687/4448/3321
f 3752/4470/3345 3746/4442/3319 3753/4480/3354
f 3689/4443/3320 3739/4481/3323 3687/4444/3321
f 3746/4442/3319 3738/4467/3342 3739/4481/3323
f 3689/4443/3320 3668/4482/3355 3691/4440/3317
f 3981/4483/3356 3422/4484/3357 3423/4485/3358
f 3695/4436/3313 3760/4486/3359 3693/4438/3315
f 3760/4486/3359 3691/4440/3317 3693/4438/3315
f 3759/4433/3310 3753/4480/3354 3760/4486/3359
f 3759/4433/3310 3751/4469/3344 3752/4470/3345
f 3700/4487/3360 3759/4433/3310 3701/4431/3308
f 3702/4434/3311 3077/4432/3309 3701/4431/3308
f 3076/4430/3307 3077/4432/3309 3078/4435/3312
f 3072/4488/3361 3073/4428/3305 3074/4427/3304
f 3700/4487/3360 3075/4429/3306 3699/4424/3301
f 3698/4425/3302 3075/4429/3306 3074/4427/3304
f 3699/4424/3301 3758/4489/3362 3700/4487/3360
f 3755/4423/3300 3698/4425/3302 3697/4426/3303
f 3750/4419/3296 3758/4489/3362 3757/4490/3363
f 3757/4490/3363 3749/4420/3297 3750/4419/3296
f 3743/4491/3364 3751/4469/3344 3750/4419/3296
f 3749/4420/3297 3741/4417/3294 3742/4418/3295
f 3744/4492/3365 3736/4415/3292 3737/4465/3341
f 3742/4418/3295 3736/4415/3292 3743/4491/3364
f 3736/4415/3292 3730/4493/3366 3737/4465/3341
f 3734/4494/3367 3728/4412/3290 3735/4495/3293
f 3722/4496/3289 3730/4497/3366 3729/4498/3368
f 3728/4412/3290 3722/4411/3289 3729/4499/3368
f 3722/4496/3289 3716/4461/3337 3723/4464/3340
f 3716/4461/3337 3675/4472/3347 3676/4459/3335
f 3713/4408/3286 3721/4409/3287 3720/4413/3291
f 3714/4500/3369 3675/4501/3347 3715/4410/3288
f 3675/4501/3347 3706/4404/3282 3707/4502/3348
f 3705/4403/3281 3674/4407/3285 3673/4406/3284
f 3656/4503/3370 3590/4399/3277 3589/4400/3278
f 3650/4504/3371 3658/4505/3372 3657/4397/3276
f 3651/4506/3373 3645/4507/3374 3652/4508/3375
f 3652/4508/3375 3646/4509/3376 3653/4510/3377
f 3653/4510/3377 3647/4511/3378 3654/4512/3379
f 3654/4512/3379 3581/4513/3380 3583/4514/3381
f 3583/4514/3381 3340/4515/3382 3338/4516/3383
f 3342/4517/3384 4047/4518/3385 3340/4515/3382
f 3488/4519/3386 3345/4520/3387 3486/4521/3388
f 3528/4522/3389 3488/4519/3386 3486/4521/3388
f 3528/4522/3389 3536/4523/3390 3535/4524/3391
f 3529/4525/3392 3537/4526/3393 3536/4523/3390
f 3537/4526/3393 3531/4527/3394 3538/4528/3395
f 3539/4529/3396 3531/4527/3394 3532/4530/3397
f 3533/4531/3398 3539/4529/3396 3532/4530/3397
f 3533/4531/3398 3541/4532/3399 3540/4533/3400
f 3489/4534/3401 3534/4535/3402 3487/4536/3403
f 3487/4536/3403 3507/4537/3404 3508/4538/3405
f 3483/4539/3406 3527/4540/3407 3520/4541/3408
f 3519/4542/3409 3527/4540/3407 3526/4543/3410
f 3518/4544/3411 3526/4543/3410 3525/4545/3412
f 3517/4546/3413 3525/4545/3412 3524/4547/3414
f 3516/4548/3415 3524/4547/3414 3523/4549/3416
f 3516/4548/3415 3522/4550/3417 3515/4551/3418
f 3515/4551/3418 3521/4552/3419 3514/4553/3420
f 3514/4553/3420 3484/4554/3421 3482/4555/3422
f 3349/4556/3423 3484/4554/3421 3347/4557/3424
f 3351/4558/3425 3983/4559/3426 4010/4560/3427
f 3573/4561/3428 3346/4562/3429 3575/4563/3430
f 3570/4564/3431 3573/4561/3428 3619/4565/3432
f 3626/4566/3433 3618/4567/3434 3619/4565/3432
f 3631/4568/3435 3625/4569/3436 3632/4570/3437
f 3638/4571/3438 3630/4572/3439 3631/4568/3435
f 3637/4573/3440 3629/4574/3441 3630/4572/3439
f 3642/4575/3442 3636/4576/3443 3643/4577/3444
f 3636/4576/3443 3628/4578/3445 3629/4574/3441
f 3629/4574/3441 3621/4579/3446 3622/4580/3447
f 3622/4580/3447 3616/4581/3448 3623/4582/3449
f 3568/4583/3450 3616/4581/3448 3567/4584/3451
f 3325/4585/3452 3568/4583/3450 3326/4586/3453
f 3324/4587/3454 3325/4585/3452 3327/4588/3455
f 3327/4588/3455 3328/4589/3456 3329/4590/3457
f 3566/4591/3458 3329/4590/3457 3328/4589/3456
f 3325/4585/3452 3326/4586/3453 3327/4588/3455
f 3567/4584/3451 3326/4586/3453 3568/4583/3450
f 3566/4591/3458 3327/4588/3455 3567/4584/3451
f 3616/4581/3448 3566/4591/3458 3567/4584/3451
f 3615/4592/3459 3565/4593/3460 3566/4591/3458
f 3614/4594/3461 3622/4580/3447 3621/4579/3446
f 3629/4574/3441 3623/4582/3449 3630/4572/3439
f 3632/4570/3437 3640/4595/3462 3639/4596/3463
f 3579/4597/3464 3633/4598/3465 3577/4599/3466
f 3639/4596/3463 3631/4568/3435 3632/4570/3437
f 3623/4582/3449 3631/4568/3435 3630/4572/3439
f 3623/4582/3449 3617/4600/3467 3624/4601/3468
f 3632/4570/3437 3626/4566/3433 3633/4598/3465
f 3624/4601/3468 3618/4567/3434 3625/4569/3436
f 3569/4602/3469 3617/4600/3467 3568/4583/3450
f 3619/4565/3432 3569/4602/3469 3570/4564/3431
f 3324/4587/3454 3571/4603/3470 3570/4564/3431
f 3324/4587/3454 3569/4602/3469 3325/4585/3452
f 3626/4566/3433 3577/4599/3466 3633/4598/3465
f 3575/4563/3430 3619/4565/3432 3573/4561/3428
f 3577/4599/3466 3346/4562/3429 3344/4604/3471
f 3573/4561/3428 3350/4605/3472 3348/4606/3473
f 3348/4606/3473 4049/4607/3474 3346/4562/3429
f 3482/4555/3422 3351/4558/3425 3473/4608/3475
f 3514/4553/3420 3473/4608/3475 3474/4609/3476
f 3475/4610/3477 3514/4553/3420 3474/4609/3476
f 3476/4611/3478 3515/4551/3418 3475/4610/3477
f 3477/4612/3479 3516/4548/3415 3476/4611/3478
f 3518/4544/3411 3477/4612/3479 3478/4613/3480
f 3479/4614/3481 3518/4544/3411 3478/4613/3480
f 3480/4615/3482 3483/4539/3406 3520/4541/3408
f 3480/4615/3482 3519/4542/3409 3479/4614/3481
f 3506/4616/3483 3485/4617/3484 3483/4539/3406
f 3485/4617/3484 3534/4535/3402 3527/4540/3407
f 3527/4540/3407 3533/4531/3398 3526/4543/3410
f 3526/4543/3410 3532/4530/3397 3525/4545/3412
f 3524/4547/3414 3532/4530/3397 3531/4527/3394
f 3524/4547/3414 3530/4618/3485 3523/4549/3416
f 3522/4550/3417 3530/4618/3485 3529/4525/3392
f 3529/4525/3392 3521/4552/3419 3522/4550/3417
f 3521/4552/3419 3486/4521/3388 3484/4554/3421
f 3486/4521/3388 3347/4557/3424 3484/4554/3421
f 3346/4562/3429 4050/4619/3486 3344/4604/3471
f 3342/4620/3384 3577/4599/3466 3344/4604/3471
f 3343/4621/3487 3985/4622/3488 3345/4520/3387
f 3342/4517/3384 3581/4513/3380 3579/4623/3464
f 3579/4623/3464 3647/4511/3378 3640/4624/3462
f 3647/4511/3378 3639/4625/3463 3640/4624/3462
f 3638/4571/3438 3646/4626/3376 3645/4627/3374
f 3645/4627/3374 3637/4573/3440 3638/4571/3438
f 3636/4576/3443 3644/4628/3489 3643/4577/3444
f 3650/4504/3371 3644/4629/3489 3651/4630/3373
f 3649/4631/3490 3643/4632/3444 3650/4504/3371
f 3657/4397/3276 3649/4631/3490 3650/4504/3371
f 3706/4404/3282 3608/4633/3274 3707/4502/3348
f 3607/4401/3279 3591/4398/3275 3608/4633/3274
f 3608/4395/3274 3708/4471/3346 3707/4473/3348
f 3591/4396/3275 3659/4393/3272 3592/4394/3273
f 3659/4393/3272 3653/4510/3377 3660/4634/3491
f 3651/4506/3373 3659/4393/3272 3658/4635/3372
f 3708/4471/3346 3610/4392/3271 3709/4458/3334
f 3592/4394/3273 3610/4392/3271 3609/4636/3492
f 3610/4392/3271 3710/4455/3331 3709/4458/3334
f 3585/4389/3268 3338/4516/3383 3336/4637/3493
f 3660/4634/3491 3594/4388/3267 3593/4390/3269
f 3661/4638/3494 3583/4514/3381 3585/4389/3268
f 3660/4634/3491 3654/4512/3379 3661/4638/3494
f 3710/4455/3331 3612/4639/3495 3711/4456/3332
f 3594/4388/3267 3612/4639/3495 3611/4391/3270
f 3587/4386/3265 3336/4637/3493 3335/4387/3266
f 3334/4385/3264 3711/4456/3332 3612/4639/3495
f 3711/4456/3332 3662/4453/3329 3679/4454/3330
f 3415/4640/3496 3980/4383/2177 3353/4381/3261
f 3354/4382/3262 3395/4380/3260 3397/4379/3259
f 3459/4641/3497 3395/4380/3260 3393/4642/3498
f 3452/4643/3499 3460/4644/3500 3459/4641/3497
f 3453/4645/3501 3461/4646/3502 3460/4644/3500
f 3454/4647/3503 3462/4648/3504 3461/4646/3502
f 3455/4649/3505 3463/4650/3506 3462/4651/3504
f 3457/4652/3507 3463/4650/3506 3456/4653/3508
f 3457/4652/3507 3451/4654/3509 3458/4655/3510
f 3390/4656/3511 3458/4655/3510 3451/4654/3509
f 3411/4657/3512 3390/4656/3511 3410/4658/3513
f 3144/4659/3514 3411/4657/3512 3142/4660/3515
f 3118/4661/3516 3146/4662/3517 3144/4659/3514
f 3120/4663/3518 3124/4664/3519 3122/4665/3520
f 3096/4666/3521 3125/4667/3522 3094/4668/3523
f 3125/4667/3522 3194/4669/3524 3126/4670/3525
f 3092/4671/3526 3127/4672/3527 3090/4673/3528
f 3128/4674/3529 3195/4675/3530 3196/4676/3531
f 3128/4674/3529 3086/4677/3532 3088/4678/3533
f 3197/4679/3534 3130/4680/3535 3129/4681/3536
f 3130/4680/3535 3080/4682/3537 3084/4683/3538
f 3121/4684/3539 3149/4685/3540 3123/4686/3541
f 3081/4687/3542 3208/4688/3543 3209/4689/3544
f 3220/4690/3545 3208/4688/3543 3207/4691/3546
f 3267/4692/3547 3222/4693/3548 3274/4694/3549
f 3273/4695/3550 3281/4696/3551 3280/4697/3552
f 3279/4698/3553 3287/4699/3554 3286/4700/3555
f 3286/4700/3555 3292/4701/3556 3285/4702/3557
f 3299/4703/3558 3291/4704/3559 3292/4701/3556
f 3297/4705/3560 3305/4706/3561 3304/4707/3562
f 3237/4708/3563 3306/4709/3564 3238/4710/3565
f 3239/4711/3566 3306/4709/3564 3307/4712/3567
f 3239/4711/3566 3308/4713/3568 3240/4714/3569
f 3309/4715/3570 3240/4714/3569 3308/4713/3568
f 3232/4716/3571 3241/4717/3572 3309/4715/3570
f 3200/4718/3573 3232/4716/3571 3201/4719/3574
f 3135/4720/3575 3202/4721/3576 3137/4722/3577
f 3109/4723/3578 3133/4724/3579 3135/4720/3575
f 3111/4725/3580 3156/4726/3581 3109/4723/3578
f 3162/4727/3582 3170/4728/3583 3169/4729/3584
f 3176/4730/3585 3168/4731/3586 3169/4729/3584
f 3181/4732/3587 3175/4733/3588 3182/4734/3589
f 3180/4735/3590 3188/4736/3591 3187/4737/3592
f 3186/4738/3593 3180/4735/3590 3187/4737/3592
f 3185/4739/3594 3179/4740/3595 3186/4738/3593
f 3114/4741/3596 3178/4742/3597 3116/4743/3598
f 3164/4744/3599 3172/4745/3600 3171/4746/3601
f 3172/4745/3600 3166/4747/3602 3173/4748/3603
f 3167/4749/3604 3159/4750/3605 3160/4751/3606
f 3160/4751/3606 3154/4752/3607 3161/4753/3608
f 3105/4754/3609 3154/4752/3607 3104/4755/3610
f 3104/4755/3610 3153/4756/3611 3103/4757/3612
f 3103/4757/3612 3152/4758/3613 3102/4759/3614
f 3151/4760/3615 3102/4759/3614 3152/4758/3613
f 3150/4761/3616 3158/4762/3617 3157/4763/3618
f 3108/4764/3619 3157/4763/3618 3110/4765/3620
f 3112/4766/3621 3136/4767/3622 3110/4765/3620
f 3136/4767/3622 3407/4768/3623 3134/4769/3624
f 3406/4770/3625 3384/4771/3626 3382/4772/3627
f 3384/4771/3626 3437/4773/3628 3430/4774/3629
f 3437/4773/3628 3443/4775/3630 3436/4776/3631
f 3435/4777/3632 3443/4775/3630 3442/4778/3633
f 3449/4779/3634 3441/4780/3635 3442/4778/3633
f 3447/4781/3636 3441/4780/3635 3448/4782/3637
f 3439/4783/3638 3447/4781/3636 3446/4784/3639
f 3438/4785/3640 3446/4784/3639 3445/4786/3641
f 3389/4787/3642 3438/4785/3640 3445/4786/3641
f 3389/4788/3642 3361/4789/3643 3363/4790/3644
f 3365/4791/3645 3389/4787/3642 3363/4792/3644
f 3387/4793/3646 3367/4794/3647 3385/4795/3648
f 3431/4796/3649 3383/4797/3650 3424/4798/3651
f 3425/4799/3652 3431/4796/3649 3424/4798/3651
f 3426/4800/3653 3432/4801/3654 3425/4799/3652
f 3426/4800/3653 3434/4802/3655 3433/4803/3656
f 3378/4804/3657 3428/4805/3658 3427/4806/3659
f 3428/4805/3658 3380/4807/3660 3429/4808/3661
f 3378/4804/3657 3426/4800/3653 3377/4809/3662
f 3426/4800/3653 3376/4810/3663 3377/4809/3662
f 3376/4810/3663 3424/4798/3651 3375/4811/3664
f 3424/4798/3651 3374/4812/3665 3375/4811/3664
f 3383/4797/3650 3371/4813/3666 3374/4812/3665
f 3369/4814/3667 3385/4795/3648 3367/4794/3647
f 3385/4795/3648 3438/4785/3640 3387/4793/3646
f 3438/4785/3640 3432/4801/3654 3439/4783/3638
f 3432/4801/3654 3440/4815/3668 3439/4783/3638
f 3434/4802/3655 3440/4815/3668 3433/4803/3656
f 3435/4777/3632 3441/4780/3635 3434/4802/3655
f 3427/4806/3659 3435/4777/3632 3434/4802/3655
f 3428/4805/3658 3436/4776/3631 3435/4777/3632
f 3386/4816/3669 3444/4817/3670 3437/4773/3628
f 3436/4776/3631 3430/4774/3629 3437/4773/3628
f 3381/4818/3671 3429/4808/3661 3380/4807/3660
f 3381/4818/3671 3384/4771/3626 3430/4774/3629
f 3408/4819/3672 3388/4820/3673 3386/4816/3669
f 3407/4768/3623 3386/4816/3669 3384/4771/3626
f 3134/4769/3624 3406/4770/3625 3131/4821/3674
f 3136/4767/3622 3409/4822/3675 3408/4819/3672
f 3110/4765/3620 3134/4769/3624 3108/4764/3619
f 3108/4764/3619 3131/4821/3674 3099/4823/3676
f 3099/4823/3676 3150/4761/3616 3108/4764/3619
f 3150/4761/3616 3101/4824/3677 3151/4760/3615
f 3159/4750/3605 3153/4756/3611 3160/4751/3606
f 3151/4760/3615 3159/4750/3605 3158/4762/3617
f 3159/4750/3605 3165/4825/3678 3158/4762/3617
f 3165/4825/3678 3157/4763/3618 3158/4762/3617
f 3110/4765/3620 3164/4744/3599 3112/4766/3621
f 3112/4766/3621 3171/4746/3601 3114/4826/3596
f 3114/4826/3596 3138/4827/3679 3112/4766/3621
f 3179/4740/3595 3171/4828/3601 3172/4829/3600
f 3179/4830/3595 3173/4748/3603 3180/4831/3590
f 3189/4832/3680 3183/4833/3681 3190/4834/3682
f 3190/4834/3682 3184/4835/3683 3191/4836/3684
f 3191/4836/3684 3117/4837/3685 3119/4838/3686
f 3117/4837/3685 3145/4839/3687 3119/4838/3686
f 3143/4840/3688 3206/4841/3689 3145/4839/3687
f 3226/4842/3690 3205/4843/3691 3204/4844/3692
f 3226/4845/3690 3295/4846/3693 3288/4847/3694
f 3295/4846/3693 3301/4848/3695 3294/4849/3696
f 3295/4846/3693 3230/4850/3697 3302/4851/3698
f 3226/4845/3690 3203/4852/3699 3228/4853/3700
f 3139/4854/3701 3204/4855/3692 3141/4856/3702
f 3139/4854/3701 3115/4857/3703 3113/4858/3704
f 3141/4859/3702 3205/4843/3691 3143/4840/3688
f 3115/4860/3703 3143/4840/3688 3117/4837/3685
f 3117/4837/3685 3177/4861/3705 3115/4860/3703
f 3188/4862/3591 3182/4863/3589 3189/4832/3680
f 3180/4831/3590 3174/4864/3706 3181/4732/3587
f 3173/4748/3603 3167/4749/3604 3174/4864/3706
f 3184/4865/3683 3176/4730/3585 3177/4866/3705
f 3175/4733/3588 3183/4867/3681 3182/4734/3589
f 3175/4733/3588 3167/4749/3604 3168/4731/3586
f 3161/4753/3608 3167/4749/3604 3160/4751/3606
f 3115/4857/3703 3170/4728/3583 3113/4858/3704
f 3176/4730/3585 3170/4728/3583 3177/4866/3705
f 3168/4731/3586 3162/4727/3582 3169/4729/3584
f 3154/4752/3607 3162/4727/3582 3161/4753/3608
f 3111/4725/3580 3170/4728/3583 3163/4868/3707
f 3163/4868/3707 3155/4869/3708 3156/4726/3581
f 3156/4726/3581 3105/4754/3609 3106/4870/3709
f 3156/4726/3581 3107/4871/3710 3109/4723/3578
f 3137/4722/3577 3113/4858/3704 3111/4725/3580
f 3135/4720/3575 3111/4725/3580 3109/4723/3578
f 3228/4853/3700 3202/4721/3576 3230/4850/3697
f 3137/4722/3577 3203/4852/3699 3139/4854/3701
f 3133/4724/3579 3201/4719/3574 3135/4720/3575
f 3201/4719/3574 3230/4850/3697 3202/4721/3576
f 3230/4850/3697 3309/4715/3570 3302/4851/3698
f 3308/4713/3568 3302/4851/3698 3309/4715/3570
f 3300/4872/3711 3308/4713/3568 3307/4712/3567
f 3305/4706/3561 3236/4873/3712 3304/4707/3562
f 3306/4709/3564 3300/4872/3711 3307/4712/3567
f 3305/4706/3561 3299/4703/3558 3306/4709/3564
f 3293/4874/3713 3301/4848/3695 3300/4872/3711
f 3292/4701/3556 3300/4872/3711 3299/4703/3558
f 3288/4847/3694 3294/4849/3696 3287/4699/3554
f 3286/4700/3555 3294/4849/3696 3293/4874/3713
f 3224/4875/3714 3288/4876/3694 3281/4696/3551
f 3280/4697/3552 3288/4876/3694 3287/4877/3554
f 3224/4875/3714 3206/4841/3689 3205/4843/3691
f 3222/4693/3548 3281/4696/3551 3274/4694/3549
f 3222/4693/3548 3207/4691/3546 3206/4841/3689
f 3147/4878/3715 3208/4688/3543 3149/4685/3540
f 3145/4839/3687 3207/4691/3546 3147/4878/3715
f 3119/4838/3686 3147/4878/3715 3121/4684/3539
f 3123/4686/3541 3081/4687/3542 3080/4682/3537
f 3080/4682/3537 4011/4879/3716 3084/4683/3538
f 3877/4880/3717 3083/4881/3718 3876/4882/3719
f 3877/4880/3717 3927/4883/3720 3878/4884/3721
f 3879/4885/3722 3087/4886/3723 3878/4884/3721
f 3879/4887/3722 3929/4888/3724 3880/4889/3725
f 3880/4889/3725 3093/4890/3726 3091/4891/3727
f 3881/4892/3728 3931/4893/3729 3882/4894/3730
f 3882/4894/3730 3097/4895/3731 3095/4896/3732
f 3873/4897/3733 3065/4898/3734 3875/4899/3735
f 3871/4900/3736 3063/4901/3737 3873/4897/3733
f 3924/4902/3738 3869/4903/3739 3871/4900/3736
f 3867/4904/3740 3059/4905/3741 3869/4903/3739
f 3910/4906/3742 3865/4907/3743 3867/4908/3740
f 3865/4907/3743 3053/4909/3744 3055/4910/3745
f 3896/4911/3746 3861/4912/3747 3863/4913/3748
f 3895/4914/3749 3889/4915/3750 3896/4911/3746
f 3894/4916/3751 3902/4917/3752 3901/4918/3753
f 3907/4919/3754 3901/4918/3753 3908/4920/3755
f 3906/4921/3756 3914/4922/3757 3913/4923/3758
f 3912/4924/3759 3920/4925/3760 3919/4926/3761
f 3911/4927/3762 3919/4926/3761 3918/4928/3763
f 3918/4928/3763 3872/4929/3764 3870/4930/3765
f 3870/4930/3765 3029/4931/3766 3031/4932/3767
f 3033/4933/3768 3030/4934/3769 3032/4935/3770
f 3866/4936/3771 3033/4933/3768 3035/4937/3772
f 3897/4938/3773 3866/4939/3771 3864/4940/3774
f 3897/4938/3773 3905/4941/3775 3904/4942/3776
f 3899/4943/3777 3891/4944/3778 3892/4945/3779
f 3885/4946/3780 3893/4947/3781 3892/4945/3779
f 3855/4948/3782 3887/4949/3783 3886/4950/3784
f 3854/4951/3785 3886/4950/3784 3885/4946/3780
f 3853/4952/3786 3885/4946/3780 3884/4953/3787
f 3852/4954/3788 3884/4953/3787 3883/4955/3789
f 3883/4955/3789 3862/4956/3790 3860/4957/3791
f 3041/4958/3792 3862/4956/3790 3039/4959/3793
f 3043/4960/3794 3040/4961/3795 3042/4962/3796
f 3044/4963/3797 3770/4964/3798 3761/4965/3799
f 3779/4966/3800 3771/4967/3801 3802/4968/3802
f 3781/4969/3803 3762/4970/3804 3779/4966/3800
f 3781/4969/3803 3816/4971/3805 3783/4972/3806
f 3764/4973/3807 3785/4974/3808 3765/4975/3809
f 3766/4976/3810 3785/4977/3808 3787/4978/3811
f 3783/4972/3806 3823/4979/3812 3785/4974/3808
f 3817/4980/3813 3809/4981/3814 3810/4982/3815
f 3810/4982/3815 3804/4983/3816 3811/4984/3817
f 3804/4983/3816 3774/4985/3818 3805/4986/3819
f 3774/4985/3818 3036/4987/3820 3034/4988/3821
f 3038/4989/3822 3773/4990/3823 3772/4991/3824
f 3803/4992/3825 3773/4990/3823 3804/4983/3816
f 3763/4993/3826 3783/4972/3806 3764/4973/3807
f 3810/4982/3815 3802/4968/3802 3803/4992/3825
f 3779/4966/3800 3809/4981/3814 3781/4969/3803
f 3802/4968/3802 3772/4991/3824 3803/4992/3825
f 3779/4966/3800 3761/4965/3799 3770/4964/3798
f 3772/4991/3824 3040/4961/3795 3038/4989/3822
f 3042/4962/3796 3771/4967/3801 3770/4964/3798
f 3041/4958/3792 3038/4989/3822 3040/4961/3795
f 3039/4959/3793 3036/4987/3820 3038/4989/3822
f 3860/4957/3791 3043/4960/3794 3851/4994/3827
f 3860/4957/3791 3852/4954/3788 3883/4955/3789
f 3891/4944/3778 3885/4946/3780 3892/4945/3779
f 3883/4955/3789 3891/4944/3778 3890/4995/3828
f 3897/4938/3773 3891/4944/3778 3898/4996/3829
f 3890/4995/3828 3864/4940/3774 3862/4956/3790
f 3039/4959/3793 3864/4940/3774 3037/4997/3830
f 3037/4997/3830 3866/4939/3771 3035/4998/3772
f 3037/4997/3830 3034/4988/3821 3036/4987/3820
f 3774/4999/3818 3032/4935/3770 3775/5000/3831
f 3035/4937/3772 3032/4935/3770 3034/5001/3821
f 3868/5002/3832 3031/4932/3767 3033/4933/3768
f 3911/4927/3762 3870/4930/3765 3868/5002/3832
f 3868/5002/3832 3904/5003/3776 3911/4927/3762
f 3911/4927/3762 3905/5004/3775 3912/4924/3759
f 3921/5005/3833 3915/5006/3834 3922/5007/3835
f 3923/5008/3836 3915/5006/3834 3916/5009/3837
f 3913/5010/3758 3921/5011/3833 3920/4925/3760
f 3912/4924/3759 3906/5012/3756 3913/5010/3758
f 3905/4941/3775 3899/4943/3777 3906/4921/3756
f 3908/4920/3755 3916/5013/3837 3915/5014/3834
f 3915/5014/3834 3907/4919/3754 3908/4920/3755
f 3906/4921/3756 3900/5015/3838 3907/4919/3754
f 3900/5015/3838 3892/4945/3779 3893/4947/3781
f 3909/5016/3839 3901/4918/3753 3902/4917/3752
f 3900/5015/3838 3894/4916/3751 3901/4918/3753
f 3893/4947/3781 3887/4949/3783 3894/4916/3751
f 3887/4949/3783 3895/4914/3749 3894/4916/3751
f 3856/5017/3840 3888/5018/3841 3887/4949/3783
f 3859/5019/3842 3889/4915/3750 3858/5020/3843
f 3857/5021/3844 3889/4915/3750 3888/5018/3841
f 3863/4913/3748 3051/5022/3845 3053/4909/3744
f 3909/5016/3839 3903/5023/3846 3910/4906/3742
f 3865/4907/3743 3896/4911/3746 3863/4913/3748
f 3902/4917/3752 3896/4911/3746 3903/5023/3846
f 3867/4908/3740 3055/4910/3745 3057/5024/3847
f 3916/5009/3837 3924/4902/3738 3923/5008/3836
f 3917/5025/3848 3867/4904/3740 3869/4903/3739
f 3916/5009/3837 3910/5026/3742 3917/5025/3848
f 3869/4903/3739 3061/5027/3849 3871/4900/3736
f 3875/4899/3735 3067/5028/3238 3097/4895/3731
f 3873/4897/3733 3882/4894/3730 3931/4893/3729
f 3931/4893/3729 3871/4900/3736 3873/4897/3733
f 3930/5029/3850 3924/4902/3738 3931/4893/3729
f 3881/4892/3728 3095/4896/3732 3093/4890/3726
f 3881/4892/3728 3929/4888/3724 3930/5029/3850
f 3929/4888/3724 3923/5008/3836 3930/5029/3850
f 3921/5005/3833 3929/4888/3724 3928/5030/3851
f 3879/4887/3722 3091/4891/3727 3089/5031/3852
f 3878/4884/3721 3928/5032/3851 3879/4885/3722
f 3928/5032/3851 3920/4925/3760 3921/5011/3833
f 3926/5033/3853 3920/4925/3760 3927/4883/3720
f 3925/5034/3854 3919/4926/3761 3926/5033/3853
f 3876/4882/3719 3926/5033/3853 3877/4880/3717
f 3925/5034/3854 3874/5035/3855 3872/4929/3764
f 3878/4884/3721 3085/5036/3856 3877/4880/3717
f 3082/5037/3857 3876/4882/3719 3083/4881/3718
f 3123/4686/3541 3198/5038/3858 3121/4684/3539
f 3198/5038/3858 3119/4838/3686 3121/4684/3539
f 3198/5038/3858 3190/4834/3682 3191/4836/3684
f 3129/4681/3536 3084/4683/3538 3086/4677/3532
f 4031/5039/3859 3085/5036/3856 3087/4886/3723
f 4053/5040/3860 3083/4881/3718 3085/5036/3856
f 3128/4674/3529 3197/4679/3534 3129/4681/3536
f 3197/4679/3534 3189/4832/3680 3190/4834/3682
f 3195/4675/3530 3189/4832/3680 3196/4676/3531
f 3127/5041/3527 3088/4678/3533 3090/5042/3528
f 4032/5043/3861 3089/5031/3852 3091/4891/3727
f 4054/5044/3862 3087/4886/3723 3089/5045/3852
f 3127/4672/3527 3194/4669/3524 3195/5046/3530
f 3194/4669/3524 3188/4736/3591 3195/5046/3530
f 3186/4738/3593 3194/4669/3524 3193/5047/3863
f 4033/5048/3864 3095/4896/3732 3097/4895/3731
f 3094/4668/3523 3126/4670/3525 3092/4671/3526
f 4055/5049/3865 3093/4890/3726 3095/4896/3732
f 4056/5050/3866 3091/4891/3727 3093/4890/3726
f 3098/5051/3867 3124/4664/3519 3096/4666/3521
f 3125/4667/3522 3192/5052/3868 3193/5047/3863
f 3193/5047/3863 3185/4739/3594 3186/4738/3593
f 3185/4739/3594 3120/4663/3518 3118/4661/3516
f 3116/4743/3598 3185/4739/3594 3118/4661/3516
f 3144/4659/3514 3116/4743/3598 3118/4661/3516
f 3114/4741/3596 3142/4660/3515 3140/5053/3869
f 3142/4660/3515 3410/4658/3513 3140/5053/3869
f 3140/5054/3869 3409/4822/3675 3138/4827/3679
f 3390/5055/3511 3409/4822/3675 3410/5056/3513
f 3444/4817/3670 3390/5055/3511 3451/5057/3509
f 3443/4775/3630 3451/5057/3509 3450/5058/3870
f 3442/4778/3633 3450/5058/3870 3449/4779/3634
f 3456/4653/3508 3450/5059/3870 3457/4652/3507
f 3455/5060/3505 3449/4779/3634 3456/5061/3508
f 3448/4782/3637 3454/5062/3503 3447/4781/3636
f 3446/5063/3639 3454/4647/3503 3453/4645/3501
f 3445/5064/3641 3453/4645/3501 3452/4643/3499
f 3445/5064/3641 3391/5065/3871 3389/4788/3642
f 3452/4643/3499 3393/4642/3498 3391/5065/3871
f 3391/5065/3871 3359/5066/3872 3361/4789/3643
f 3393/4642/3498 3357/5067/3873 3359/5066/3872
f 3992/5068/3874 3415/4640/3496 3416/4376/3256
f 3399/5069/3875 3415/4640/3496 3397/4379/3259
f 3993/5070/3876 3416/4376/3256 3417/4377/3257
f 3467/4374/3254 3399/5069/3875 3466/4378/3258
f 3467/4374/3254 3461/4646/3502 3468/5071/3877
f 3466/4378/3258 3460/4644/3500 3467/4374/3254
f 3994/5072/3878 3417/4377/3257 3418/4372/3252
f 3417/4377/3257 3401/4373/3253 3418/4372/3252
f 4059/5073/3879 3666/4479/3353 3665/4450/3326
f 3468/5071/3877 3402/4371/3250 3401/4373/3253
f 3462/4651/3504 3470/4368/3249 3469/4370/3251
f 3468/5071/3877 3462/4648/3504 3469/5074/3251
f 3996/5075/3880 3419/5076/3881 3420/5077/3882
f 3420/5077/3882 3402/4369/3250 3403/4367/3248
f 3422/4484/3357 4015/5078/3883 3421/4366/3247
f 4015/5078/3883 3420/5077/3882 3421/4366/3247
f 3422/4484/3357 3404/4364/3245 3405/5079/3884
f 3471/4365/3246 3403/4367/3248 3470/4368/3249
f 3463/4650/3506 3471/4365/3246 3470/4368/3249
f 3412/5080/3885 3392/5081/3886 3411/4657/3512
f 3465/4363/3244 3471/4365/3246 3464/5082/3887
f 3458/4655/3510 3394/4361/3242 3465/4363/3244
f 3458/4655/3510 3464/5082/3887 3457/4652/3507
f 3423/4485/3358 3405/5079/3884 3398/5083/3888
f 3398/5083/3888 3472/4362/3243 3396/4359/3240
f 3146/4662/3517 3412/5080/3885 3144/4659/3514
f 3413/4360/3241 3394/4361/3242 3412/5080/3885
f 3069/4357/3238 3398/5083/3888 3414/4358/3239
f 3148/4356/3237 3413/4360/3241 3146/4662/3517
f 3148/4356/3237 3120/4663/3518 3122/4665/3520
f 3068/5084/3238 3122/4665/3520 3098/5051/3867
f 3067/5028/3238 4033/5048/3864 3097/4895/3731
f 3079/4437/3314 3670/4439/3316 3070/4353/3234
f 3069/4357/3238 3981/4483/3356 3423/4485/3358
f 3076/4430/3307 3078/4435/3312 3070/4353/3234
f 3078/4435/3312 3079/4437/3314 3070/4353/3234
f 3070/4353/3234 4062/5085/3234 4025/5086/3235
f 3066/4355/3236 3076/4430/3307 3070/4353/3234
f 3066/4355/3236 3074/4427/3304 3076/4430/3307
f 3066/4355/3236 3072/4488/3361 3074/4427/3304
f 3068/5084/3238 4016/5087/3889 3979/5088/3235
f 3067/5028/3238 3064/4352/3233 3066/4355/3236
f 3066/4355/3236 3071/4351/3232 3072/4488/3361
f 3696/4349/3230 3073/4428/3305 3072/4488/3361
f 3694/4350/3231 3072/4488/3361 3071/4351/3232
f 3754/5089/3890 3697/4426/3303 3696/4349/3230
f 3694/4350/3231 3062/4346/3227 3692/4348/3229
f 3065/4898/3734 3062/4346/3227 3064/4352/3233
f 3063/4901/3737 3060/4347/3228 3062/4346/3227
f 3747/5090/3891 3755/4423/3300 3754/5089/3890
f 3747/5090/3891 3692/4348/3229 3690/4344/3225
f 3740/4343/3224 3748/4421/3298 3747/5090/3891
f 3688/4345/3226 3060/4347/3228 3058/4341/3222
f 3061/5027/3849 3058/4341/3222 3060/4347/3228
f 3059/4905/3741 3056/4342/3223 3058/4341/3222
f 3740/4343/3224 3734/5091/3367 3741/4417/3294
f 3733/5092/3892 3688/4345/3226 3686/4340/3221
f 3733/5093/3892 3727/5094/3893 3734/4494/3367
f 3054/4337/3219 3686/4339/3221 3056/5095/3223
f 3057/5024/3847 3054/4337/3219 3056/5095/3223
f 3055/4910/3745 3052/4335/3217 3054/4337/3219
f 3727/5094/3893 3719/5096/3894 3720/4413/3291
f 3682/4334/3216 3726/4338/3220 3684/4336/3218
f 3719/5096/3894 3713/4408/3286 3720/4413/3291
f 3712/4333/3215 3673/4406/3284 3713/4408/3286
f 3671/5097/3895 3712/4333/3215 3680/4331/3213
f 3680/4331/3213 3052/4335/3217 3050/4332/3214
f 3053/4909/3744 3050/4332/3214 3052/4335/3217
f 3045/4328/1664 3859/5019/3842 3858/5020/3843
f 3045/4328/1664 3858/5020/3843 3857/5021/3844
f 3045/4328/1664 3857/5021/3844 3856/5017/3840
f 3045/4328/1664 3856/5017/3840 3855/4948/3782
f 3045/4328/1664 3855/4948/3782 3854/4951/3785
f 3045/4328/1664 3854/4951/3785 3853/4952/3786
f 3045/4328/1664 3853/4952/3786 3852/4954/3788
f 3045/4328/1664 3852/4954/3788 3851/4994/3827
f 3043/4960/3794 3045/4328/1664 3851/4994/3827
f 3045/4328/1664 3042/4962/3796 3044/4963/3797
f 3861/4912/3747 3048/4330/3212 3051/5022/3845
f 3045/4328/1664 3048/4330/3212 3859/5019/3842
f 3050/4332/3214 3048/4330/3212 3049/4329/3211
f 3044/4963/3797 3047/4327/3210 3045/4328/1664
f 3704/5098/3896 3671/5097/3895 3703/4326/3209
f 3703/4326/3209 3049/4329/3211 3047/4327/3210
f 3604/4322/3205 3704/5098/3896 3703/4326/3209
f 3704/5098/3896 3606/4402/3280 3705/4403/3281
f 3588/4323/3206 3606/4402/3280 3605/4324/3207
f 3603/4320/3203 3762/4970/3804 3602/5099/3897
f 3046/4325/3208 3761/4965/3799 3603/4320/3203
f 3586/4321/3204 3046/4325/3208 3603/4320/3203
f 3588/4323/3206 3656/4503/3370 3589/4400/3278
f 3584/4318/3201 3588/4323/3206 3586/4321/3204
f 3655/5100/3898 3649/4631/3490 3656/4503/3370
f 3600/4316/3199 3763/4993/3826 3764/4973/3807
f 3762/4970/3804 3601/4315/3198 3602/5099/3897
f 3582/4319/3202 3602/5099/3897 3601/4315/3198
f 3649/4631/3490 3641/5101/3899 3642/5102/3442
f 3580/4313/3197 3648/4317/3200 3582/4319/3202
f 3641/5101/3899 3635/5103/3900 3642/5102/3442
f 3598/4311/3195 3765/5104/3809 3766/4976/3810
f 3600/4316/3199 3765/4975/3809 3599/5105/3901
f 3578/4314/3194 3600/4316/3199 3599/5105/3901
f 3634/5106/3196 3628/4578/3445 3635/5107/3900
f 3578/4310/3194 3627/4308/3192 3634/5106/3196
f 3620/5108/3902 3628/4578/3445 3627/4308/3192
f 3597/4307/3191 3766/4976/3810 3767/5109/3903
f 3597/4307/3191 3576/4309/3193 3598/4311/3195
f 3621/4579/3446 3613/4303/3187 3614/4594/3461
f 3574/4306/3190 3613/4303/3187 3620/5108/3902
f 3614/4594/3461 3564/4304/3188 3565/4593/3460
f 3330/5110/3904 3565/4593/3460 3564/4304/3188
f 3564/4304/3188 3331/5111/3905 3330/5110/3904
f 3329/4590/3457 3330/5110/3904 3331/5111/3905
f 3572/5112/3906 3595/4302/3186 3563/4301/3185
f 3324/4587/3454 3327/4588/3455 3320/4300/3184
f 3327/4588/3455 3329/4590/3457 3320/4300/3184
f 3329/4590/3457 3331/5111/3905 3320/4300/3184
f 3571/4603/3470 3321/5113/3907 3350/4605/3472
f 3321/5113/3907 3324/4587/3454 3320/4300/3184
f 3321/5113/3907 3323/5114/3908 3324/4587/3454
f 3322/4295/3179 3481/5115/3909 3480/4615/3482
f 3322/4295/3179 3480/4615/3482 3479/4614/3481
f 3322/4295/3179 3479/4614/3481 3478/4613/3480
f 3322/4295/3179 3478/4613/3480 3477/4612/3479
f 3322/4295/3179 3477/4612/3479 3476/4611/3478
f 3322/4295/3179 3476/4611/3478 3475/4610/3477
f 3322/4295/3179 3475/4610/3477 3474/4609/3476
f 3322/4295/3179 3474/4609/3476 3473/4608/3475
f 3351/4558/3425 3322/4295/3179 3473/4608/3475
f 4118/5116/3183 3350/4605/3472 3321/5113/3907
f 3505/4296/3180 3483/4539/3406 3481/5115/3909
f 3322/4295/3179 3505/4296/3180 3481/5115/3909
f 3505/4296/3180 3253/5117/3910 3506/4616/3483
f 3253/5117/3910 3507/4537/3404 3506/4616/3483
f 3243/5118/3181 3210/4292/3176 3242/4294/3178
f 3261/5119/3911 3212/4283/3167 3262/4281/3165
f 3219/4293/3177 3211/4291/3175 3261/5119/3911
f 3261/5119/3911 3221/5120/3912 3219/4293/3177
f 3253/5117/3910 3221/5120/3912 3254/5121/3913
f 3254/5121/3913 3508/4538/3405 3507/4537/3404
f 3254/5121/3913 3223/4278/3162 3255/4275/3159
f 3509/5122/3157 3255/4275/3159 3256/4277/3161
f 3508/4538/3405 3489/4534/3401 3487/4536/3403
f 3510/4272/3156 3489/5123/3401 3509/4273/3157
f 3491/4271/3155 3541/5124/3399 3489/5123/3401
f 3540/5125/3400 3548/4266/3150 3547/4264/3148
f 3546/5126/3149 3540/4533/3400 3547/5127/3148
f 3545/5128/3144 3539/4529/3396 3546/5126/3149
f 3538/4528/3395 3544/5129/3142 3537/4526/3393
f 3536/5130/3390 3544/4257/3142 3543/4258/3143
f 3535/5131/3391 3543/4258/3143 3542/4253/3138
f 3490/4254/3139 3535/5131/3391 3542/4253/3138
f 3341/5132/3914 3488/5133/3386 3490/4254/3139
f 3490/4254/3139 3339/4252/3137 3341/5132/3914
f 3339/4252/3137 3982/5134/3915 3341/5132/3914
f 3338/4516/3383 4064/5135/3916 3336/4637/3493
f 3335/4387/3266 4064/5135/3916 4065/5136/3917
f 3333/4384/3263 4000/5137/3918 3332/4247/3132
f 3496/4249/3134 3333/4384/3263 3332/4247/3132
f 3355/4245/3130 3353/4381/3261 3333/4384/3263
f 3357/5067/3873 3355/4245/3130 3356/4246/3131
f 3494/4248/3133 3498/4243/3128 3496/4249/3134
f 3549/4256/3141 3557/4244/3129 3556/5138/3919
f 3549/4256/3141 3494/4248/3133 3492/4250/3135
f 3499/4242/3127 3356/4246/3131 3498/4243/3128
f 3358/4241/3126 3357/5067/3873 3356/4246/3131
f 3359/5066/3872 3360/5139/3920 3361/4789/3643
f 3558/5140/3921 3499/4242/3127 3557/4244/3129
f 3559/4239/3125 3551/4260/3145 3552/5141/3147
f 3550/4255/3140 3558/5140/3921 3557/4244/3129
f 3360/5139/3920 3501/4240/3121 3362/5142/3123
f 3362/5142/3123 3361/4789/3643 3360/5139/3920
f 3363/4792/3644 3364/4236/3122 3365/4791/3645
f 3502/4233/3119 3559/5143/3125 3560/4234/3120
f 3553/4262/3146 3561/4232/3118 3560/4234/3120
f 3552/4263/3147 3560/4234/3120 3559/5143/3125
f 3502/4233/3119 3366/4231/3117 3364/4236/3122
f 3366/4231/3117 3365/4791/3645 3364/4236/3122
f 3368/4230/3116 3367/4794/3647 3366/4231/3117
f 3512/5144/3922 3493/4268/3152 3511/4270/3154
f 3504/5145/3923 3561/4232/3118 3562/4227/3113
f 3555/4269/3153 3495/4228/3114 3562/4227/3113
f 3555/4269/3153 3561/4232/3118 3554/4267/3151
f 3504/5145/3923 3370/5146/3924 3368/4230/3116
f 3369/4814/3667 3370/5146/3924 3371/4813/3666
f 3513/4226/3112 3495/4228/3114 3512/5144/3922
f 3373/5147/3925 3406/4770/3625 3382/4772/3627
f 3373/5147/3925 3382/4772/3627 3381/4818/3671
f 3373/5147/3925 3381/4818/3671 3380/4807/3660
f 3373/5147/3925 3380/4807/3660 3379/5148/3926
f 3373/5147/3925 3379/5148/3926 3378/4804/3657
f 3373/5147/3925 3378/4804/3657 3377/4809/3662
f 3373/5147/3925 3377/4809/3662 3376/4810/3663
f 3373/5147/3925 3376/4810/3663 3375/4811/3664
f 3373/5147/3925 3375/4811/3664 3374/4812/3665
f 3371/4813/3666 3373/5147/3925 3374/4812/3665
f 3372/4224/3110 3371/4813/3666 3370/5146/3924
f 3373/5147/3925 3131/4821/3674 3406/4770/3625
f 3132/4223/3109 3133/4724/3579 3107/4871/3710
f 3132/4223/3109 3107/4871/3710 3106/4870/3709
f 3132/4223/3109 3106/4870/3709 3105/4754/3609
f 3132/4223/3109 3105/4754/3609 3104/4755/3610
f 3132/4223/3109 3104/4755/3610 3103/4757/3612
f 3132/4223/3109 3103/4757/3612 3102/4759/3614
f 3132/4223/3109 3102/4759/3614 3101/4824/3677
f 3132/4223/3109 3101/4824/3677 3100/5149/3927
f 3132/4223/3109 3100/5149/3927 3099/4823/3676
f 3131/4821/3674 3132/4223/3109 3099/4823/3676
f 3513/4226/3112 3199/4221/3107 3372/4224/3110
f 3200/4718/3573 3199/4221/3107 3234/5150/3928
f 3199/4221/3107 3241/4717/3572 3234/5150/3928
f 3199/4221/3107 3240/4714/3569 3241/4717/3572
f 3199/4221/3107 3239/4711/3566 3240/4714/3569
f 3199/4221/3107 3238/4710/3565 3239/4711/3566
f 3199/4221/3107 3237/4708/3563 3238/4710/3565
f 3199/4221/3107 3236/4873/3712 3237/4708/3563
f 3133/4724/3579 3199/4221/3107 3200/4718/3573
f 3199/4221/3107 3235/4219/3105 3236/4873/3712
f 3199/4221/3107 3233/4220/3106 3235/4219/3105
f 3236/4873/3712 3303/5151/3929 3304/4707/3562
f 3510/4272/3156 3258/4217/3103 3511/4270/3154
f 3511/4270/3154 3259/4216/3102 3512/5144/3922
f 3259/4216/3102 3513/4226/3112 3512/5144/3922
f 3231/4218/3104 3260/4222/3108 3259/4216/3102
f 3296/5152/3930 3304/4707/3562 3303/5151/3929
f 3231/4218/3104 3296/5152/3930 3303/5151/3929
f 3258/4217/3103 3227/4215/3101 3229/4214/3100
f 3257/4274/3158 3225/5153/3160 3227/4215/3101
f 3290/5154/3931 3298/5155/3932 3297/4705/3560
f 3296/5152/3930 3290/5154/3931 3297/4705/3560
f 3227/4215/3101 3282/4213/3099 3289/4212/3098
f 3282/5156/3099 3223/4278/3162 3275/4280/3164
f 3285/4702/3557 3291/4704/3559 3284/4210/3096
f 3284/4210/3096 3290/5154/3931 3283/4211/3097
f 3275/4280/3164 3283/5157/3097 3282/5156/3099
f 3268/4279/3163 3276/5158/3095 3275/4280/3164
f 3285/4702/3557 3279/4698/3553 3286/4700/3555
f 3278/5159/3094 3284/4210/3096 3277/5160/3093
f 3269/4282/3166 3277/4206/3093 3276/5158/3095
f 3263/4284/3168 3269/4282/3166 3262/4281/3165
f 3272/4204/3091 3280/4697/3552 3279/5161/3553
f 3278/5162/3094 3272/4204/3091 3279/5161/3553
f 3263/4284/3168 3271/4207/3092 3270/5163/3933
f 3263/4284/3168 3214/4286/3170 3264/5164/3090
f 3267/4692/3547 3273/4695/3550 3266/5165/3934
f 3266/5165/3934 3272/4204/3091 3265/4201/3088
f 3215/4202/3089 3264/4203/3090 3214/5166/3170
f 3214/5166/3170 3249/5167/3935 3215/4202/3089
f 3218/5168/3936 3267/4692/3547 3217/5169/3937
f 3217/5169/3937 3266/5165/3934 3216/4199/3086
f 3250/4200/3087 3215/4202/3089 3249/5167/3935
f 3218/5168/3936 3209/4689/3544 3208/4688/3543
f 3252/5170/3938 3217/5169/3937 3251/4198/3085
f 3250/4200/3087 4001/5171/3939 4018/5172/3940
f 3311/4195/3082 4037/5173/3941 3312/4192/3079
f 3821/5174/3942 3829/5175/3943 3828/5176/3944
f 3834/5177/3945 3828/5178/3944 3835/5179/3946
f 3840/5180/3947 3834/5177/3945 3841/5181/3948
f 3846/5182/3949 3840/5180/3947 3847/5183/3950
f 3796/5184/3951 3846/5182/3949 3797/5185/3952
f 3799/5186/3953 3847/5183/3950 3848/5187/3954
f 3799/5186/3953 3849/5188/3955 3800/5189/3956
f 3797/5185/3952 3847/5183/3950 3798/5190/3957
f 3841/5181/3948 3849/5188/3955 3848/5187/3954
f 3840/5180/3947 3848/5187/3954 3847/5183/3950
f 3834/5177/3945 3842/5191/3958 3841/5181/3948
f 3782/4194/3081 3822/4190/3077 3815/5192/3959
f 3786/4189/3075 3313/4193/3080 3314/5193/3076
f 3248/5194/3960 4002/5195/3961 4019/5196/3962
f 3248/5197/3960 4001/5171/3939 3249/5167/3935
f 3842/5191/3958 3836/4184/3072 3843/5198/3963
f 3836/4184/3072 3786/4187/3075 3788/4185/3073
f 3835/5179/3946 3829/5199/3943 3836/4184/3072
f 3316/4183/3071 3788/4185/3073 3315/4186/3074
f 3246/4288/3172 4003/5200/3964 4020/5201/3965
f 3246/4288/3172 4002/5195/3961 3247/4285/3169
f 3800/5189/3956 3850/4180/3068 3801/4179/3067
f 3850/4180/3068 3790/4182/3070 3792/4178/3066
f 3849/5188/3955 3843/5198/3963 3850/4180/3068
f 3318/4176/3064 3792/4178/3066 3317/4181/3069
f 3244/4290/3174 4003/5200/3964 3245/4289/3173
f 3319/4173/3061 3801/4179/3067 3794/4177/3065
f 3319/4173/3061 3800/5189/3956 3801/4179/3067
f 3319/4173/3061 3799/5186/3953 3800/5189/3956
f 3319/4173/3061 3798/5190/3957 3799/5186/3953
f 3319/4173/3061 3797/5185/3952 3798/5190/3957
f 3319/4173/3061 3796/5184/3951 3797/5185/3952
f 3319/4173/3061 3795/4175/3063 3796/5184/3951
f 3243/5118/3181 4004/5202/3966 3244/4290/3174
f 3596/4305/3189 3767/5109/3903 3768/4172/3060
f 3319/4173/3061 3769/4171/3059 3793/4174/3062
f 3319/4173/3061 3595/4302/3186 3769/4171/3059
f 3595/4302/3186 3768/4172/3060 3769/4171/3059
f 3796/5184/3951 3844/5203/3967 3845/5204/3968
f 3844/5203/3967 3793/4174/3062 3791/4169/3057
f 3789/4170/3058 3768/4172/3060 3767/5109/3903
f 3787/4978/3811 3767/5109/3903 3766/4976/3810
f 3845/5204/3968 3839/5205/3969 3846/5182/3949
f 3837/4166/3054 3845/5204/3968 3844/5203/3967
f 3787/4978/3811 3837/4166/3054 3789/4170/3058
f 3785/4977/3808 3830/5206/3970 3787/4978/3811
f 3832/4164/3052 3840/5180/3947 3839/5205/3969
f 3831/4167/3055 3839/5205/3969 3838/4168/3056
f 3830/5206/3970 3824/4165/3053 3831/4167/3055
f 3823/4979/3812 3817/4980/3813 3824/5207/3053
f 3833/5208/3971 3827/5209/3972 3834/5177/3945
f 3832/4164/3052 3826/4162/3050 3833/5208/3971
f 3825/4163/3051 3817/5210/3813 3818/4161/3049
f 3818/5211/3049 3810/4982/3815 3811/4984/3817
f 3828/5176/3944 3820/4159/3047 3821/5174/3942
f 3827/5209/3972 3819/5212/3973 3820/5213/3047
f 3818/5211/3049 3812/5214/3048 3819/5215/3973
f 3812/5214/3048 3804/4983/3816 3805/4986/3819
f 3821/5174/3942 3815/5192/3959 3822/4190/3077
f 3813/4157/3045 3821/5174/3942 3820/4159/3047
f 3805/5216/3819 3813/4157/3045 3812/4160/3048
f 3805/5216/3819 3775/5000/3831 3806/5217/3974
f 3782/4194/3081 3808/4155/3043 3780/5218/3975
f 3814/4158/3046 3808/4155/3043 3815/5192/3959
f 3806/5217/3974 3776/4154/3042 3807/4156/3044
f 3775/5000/3831 3030/4934/3769 3776/4154/3042
f 3780/5218/3975 3310/4197/3084 3311/4195/3082
f 3778/5219/3976 3808/4155/3043 3777/4152/3040
f 3028/4153/3041 3776/4154/3042 3030/4934/3769
f 3031/4932/3767 3028/4153/3041 3030/4934/3769
f 3778/5219/3976 3026/4148/3036 3310/4197/3084
f 4041/5220/3977 3310/4197/3084 3026/4148/3036
f 4022/5221/3978 3081/4687/3542 3209/4689/3544
f 4023/5222/2428 3080/4682/3537 3081/4687/3542
f 3874/5035/3855 3025/4150/3038 3024/4149/3037
f 3872/4929/3764 3024/4149/3037 3029/4931/3766
f 3024/4149/3037 3028/4153/3041 3029/4931/3766
f 4005/5223/3979 3933/5224/3980 3932/5225/3981
f 4116/5226/3183 3975/5227/3183 3964/5228/3982
f 3934/5229/3235 3979/5088/3235 3935/5230/3235
f 4072/5231/3983 3937/5232/3984 3936/5233/3983
f 4073/5234/3985 3939/5235/3986 3938/5236/3987
f 4009/5237/3988 3941/5238/3989 3940/5239/3990
f 4075/5240/3991 3943/5241/3992 3942/5242/3993
f 3983/4559/3426 3944/5243/3994 3942/5242/3993
f 3984/5244/3995 3945/5245/3996 3944/5243/3994
f 4101/5246/3997 3945/5245/3996 3940/5247/3990
f 4078/5248/3998 3936/5233/3983 3946/5249/3999
f 4079/5250/4000 3948/5251/4001 3947/5252/4002
f 4012/5253/4003 3950/5254/4004 3949/5255/4005
f 3988/5256/4006 3948/5251/4001 3950/5254/4004
f 4013/5257/4007 3952/5258/4008 3951/5259/4009
f 3989/5260/4010 3949/5255/4005 3952/5261/4008
f 4014/5262/4011 3954/5263/4012 3953/5264/4013
f 3990/5265/4014 3955/5266/4015 3954/5263/4012
f 3991/5267/4016 3951/5259/4009 3955/5266/4015
f 4084/5268/4017 3946/5249/3999 3956/5269/4018
f 4085/5270/4019 3956/5269/4018 3957/5271/4020
f 4086/5272/4021 3957/5271/4020 3958/5273/4022
f 3994/5072/3878 3959/5274/4023 3958/5273/4022
f 4088/5275/4024 3959/5276/4023 3960/5277/4025
f 4100/5278/4026 3961/5279/4027 3939/5235/3986
f 4107/5280/4028 3960/5277/4025 3961/5279/4027
f 4016/5087/3889 3953/5264/4013 3962/5281/3235
f 4089/5282/4029 3938/5236/3987 3963/5283/3234
f 3997/5284/3889 3934/5229/3235 3963/5283/3234
f 4108/5285/3235 3935/5230/3235 3962/5281/3235
f 4017/5286/3182 3943/5241/3992 3964/5287/3982
f 4090/5288/4030 3941/5238/3989 3965/5289/4031
f 3998/5290/4032 3966/5291/4033 3965/5289/4031
f 3999/5292/4034 3967/5293/4035 3966/5291/4033
f 4099/5294/4036 3967/5293/4035 3937/5232/3984
f 4093/5295/4037 3969/5296/4038 3968/5297/4039
f 3933/5224/3980 4018/5172/3940 3969/5296/4038
f 4094/5298/4040 3971/5299/4041 3970/5300/4042
f 4111/5301/4043 3968/5297/4039 3971/5302/4041
f 4095/5303/4044 3973/5304/4045 3972/5305/4046
f 4112/5306/4047 3970/5300/4042 3973/5304/4045
f 4096/5307/4048 3972/5305/4046 3974/5308/4049
f 4117/5309/3982 3974/5308/4049 3975/5310/3183
f 4022/5221/3978 3932/5225/3981 3976/5311/4050
f 3976/5311/4050 4115/5312/4051 3977/5313/2383
f 4115/5312/4051 3947/5252/4002 3977/5313/2383
f 3964/5228/3982 4021/4299/3183 4017/4298/3182
f 3936/5233/3983 4007/5314/4052 3980/4383/2177
f 3938/5236/3987 4008/5315/4053 3981/4483/3356
f 3942/5242/3993 4010/4560/3427 3983/4559/3426
f 4009/5316/3988 3945/5245/3996 3985/4622/3488
f 3986/5317/4054 3936/5233/3983 3980/4383/2177
f 3947/5252/4002 4011/4879/3716 3987/5318/4055
f 3956/5269/4018 3986/5317/4054 3992/5068/3874
f 3957/5271/4020 3992/5068/3874 3993/5070/3876
f 3958/5273/4022 3993/5070/3876 3994/5072/3878
f 3960/5277/4025 3995/5319/4056 3996/5075/3880
f 3939/5235/3986 4015/5078/3883 4008/5315/4053
f 3961/5279/4027 3996/5075/3880 4015/5078/3883
f 3963/5283/3234 3981/4483/3356 3997/5284/3889
f 3962/5281/3235 3979/5088/3235 4016/5087/3889
f 3965/5289/4031 3982/5134/3915 3998/5290/4032
f 3937/5232/3984 4000/5137/3918 4007/5314/4052
f 3968/5297/4039 4018/5172/3940 4001/5171/3939
f 3970/5300/4042 4019/5196/3962 4002/5195/3961
f 3971/5302/4041 4001/5171/3939 4019/5320/3962
f 3972/5305/4046 4020/5201/3965 4003/5200/3964
f 4020/5201/3965 3970/5300/4042 4002/5195/3961
f 3974/5308/4049 4003/5200/3964 4004/5202/3966
f 4021/5321/3183 3974/5308/4049 4004/5202/3966
f 4022/5221/3978 3977/5313/2383 4023/5222/2428
f 3977/5313/2383 3987/5318/4055 4023/5222/2428
f 3252/5170/3938 3978/5322/4057 4005/5223/3979
f 4006/5323/3235 3068/5084/3238 3979/5088/3235
f 3343/5324/3487 3982/5134/3915 4009/5237/3988
f 3349/4556/3423 3984/5244/3995 3983/4559/3426
f 3347/4557/3424 3985/4622/3488 3984/5244/3995
f 3088/4678/3533 3988/5256/4006 4012/5253/4003
f 3086/4677/3532 4011/4879/3716 3988/5256/4006
f 3092/4671/3526 3989/5325/4010 4013/5257/4007
f 3090/5042/3528 4012/5253/4003 3989/5260/4010
f 3098/5051/3867 3990/5265/4014 4014/5262/4011
f 3096/4666/3521 3991/5267/4016 3990/5265/4014
f 3094/4668/3523 4013/5257/4007 3991/5267/4016
f 3994/5072/3878 3419/5326/3881 3995/5327/4056
f 3068/5084/3238 4014/5262/4011 4016/5087/3889
f 3069/4357/3238 4006/5323/3235 3997/5284/3889
f 3322/4295/3179 4010/4560/3427 4017/5286/3182
f 3339/4252/3137 3999/5292/4034 3998/5290/4032
f 3337/4251/3136 4000/5137/3918 3999/5292/4034
f 3978/5322/4057 3250/4200/3087 4018/5172/3940
f 3209/4689/3544 4005/5223/3979 4022/5221/3978
f 4097/5328/4058 4043/5329/4059 4024/4196/3083
f 4025/5086/3235 4071/5330/3235 4044/4354/3235
f 4101/5331/3997 4047/4518/3385 4028/5332/4060
f 4075/5240/3991 4049/4607/3474 4048/5333/4061
f 4076/5334/4062 4050/4619/3486 4049/4607/3474
f 4104/5335/4063 4053/5040/3860 4031/5039/3859
f 4080/5336/4064 4030/5337/4065 4053/5040/3860
f 4105/5338/4066 4054/5339/3862 4032/5043/3861
f 4081/5340/4067 4031/5039/3859 4054/5044/3862
f 4106/5341/4068 4055/5049/3865 4033/5048/3864
f 4082/5342/4069 4056/5050/3866 4055/5049/3865
f 4083/5343/4070 4032/5043/3861 4056/5050/3866
f 4086/5272/4021 4060/5344/4071 4059/5073/3879
f 4108/5285/3235 4033/5048/3864 4035/5345/4029
f 4089/5282/4029 4025/5086/3235 4062/5085/3234
f 4116/5346/3183 4029/5347/4072 4118/5116/3183
f 4090/5288/4030 4064/5135/3916 4063/5348/4073
f 4091/5349/4074 4065/5136/3917 4064/5135/3916
f 4070/5350/4075 4037/5173/3941 4043/5329/4059
f 4114/5351/3977 4024/4196/3083 4041/5220/3977
f 3320/4300/3184 3319/4173/3061 4119/5352/3982
f 3352/5353/4076 4026/5354/4077 4045/5355/2177
f 3670/4439/3316 4027/5356/4078 4046/5357/4079
f 3348/4606/3473 4029/5347/4072 4048/5333/4061
f 3342/4620/3384 4050/4619/3486 4028/5358/4060
f 3662/4453/3329 4045/5355/2177 4051/5359/4080
f 3082/5037/3857 4030/5337/4065 4052/5360/4081
f 3663/4476/3351 4051/5359/4080 4057/5361/4082
f 3664/5362/4083 4057/5361/4082 4058/5363/4084
f 3665/4450/3326 4058/5363/4084 4059/5073/3879
f 3667/4445/3322 4060/5364/4071 4061/5365/4085
f 3669/4441/3318 4034/5366/4086 4027/5356/4078
f 3668/4482/3355 4061/5365/4085 4034/5366/4086
f 3070/4353/3234 4046/5357/4079 4062/5085/3234
f 3067/5028/3238 4044/4354/3235 4035/5345/4029
f 3338/4516/3383 4047/4518/3385 4063/5348/4073
f 3334/4385/3264 4065/5136/3917 4026/5354/4077
f 3313/4193/3080 4037/5173/3941 4066/5367/4087
f 3315/4186/3074 4038/5368/4088 4067/5369/4089
f 3314/5193/3076 4066/5367/4087 4038/5370/4088
f 3317/4181/3069 4039/5371/4090 4068/5372/4091
f 3316/4183/3071 4067/5369/4089 4039/5371/4090
f 3318/4176/3064 4068/5372/4091 4069/5373/4092
f 3319/4173/3061 4069/5373/4092 4119/5352/3982
f 4041/5220/3977 3025/4150/3038 4042/5374/2381
f 3025/4150/3038 4052/5360/4081 4042/5374/2381
f 4113/5375/4093 4123/5376/4094 4040/5377/4094
f 4045/5355/2177 4099/5294/4036 4072/5231/3983
f 4046/5357/4079 4100/5278/4026 4073/5234/3985
f 4048/5333/4061 4102/5378/4095 4075/5240/3991
f 4028/5358/4060 4077/5379/4096 4101/5246/3997
f 4051/5359/4080 4072/5231/3983 4078/5248/3998
f 4052/5360/4081 4103/5380/4097 4079/5250/4000
f 4057/5361/4082 4078/5248/3998 4084/5268/4017
f 4058/5363/4084 4084/5268/4017 4085/5270/4019
f 4059/5073/3879 4085/5270/4019 4086/5272/4021
f 4061/5365/4085 4087/5381/4098 4088/5275/4024
f 4027/5356/4078 4107/5280/4028 4100/5278/4026
f 4034/5366/4086 4088/5275/4024 4107/5280/4028
f 4062/5085/3234 4073/5234/3985 4089/5282/4029
f 4035/5345/4029 4071/5330/3235 4108/5285/3235
f 4063/5348/4073 4074/5382/4099 4090/5288/4030
f 4026/5354/4077 4092/5383/4100 4099/5294/4036
f 4066/5367/4087 4110/5384/4101 4093/5295/4037
f 4067/5369/4089 4111/5385/4043 4094/5298/4040
f 4038/5370/4088 4093/5295/4037 4111/5301/4043
f 4068/5372/4091 4112/5306/4047 4095/5303/4044
f 4039/5371/4090 4094/5298/4040 4112/5306/4047
f 4069/5373/4092 4095/5303/4044 4096/5307/4048
f 4119/5352/3982 4096/5307/4048 4117/5309/3982
f 4114/5351/3977 4042/5374/2381 4115/5312/4051
f 4042/5374/2381 4079/5250/4000 4115/5312/4051
f 3932/5225/3981 4070/5350/4075 4097/5328/4058
f 4098/5386/3235 3935/5230/3235 4071/5330/3235
f 3940/5239/3990 4074/5382/4099 4101/5331/3997
f 3942/5242/3993 4076/5334/4062 4075/5240/3991
f 3944/5243/3994 4077/5379/4096 4076/5334/4062
f 3949/5255/4005 4080/5336/4064 4104/5335/4063
f 3950/5254/4004 4103/5380/4097 4080/5336/4064
f 3951/5259/4009 4081/5387/4067 4105/5338/4066
f 3952/5261/4008 4104/5335/4063 4081/5340/4067
f 3953/5264/4013 4082/5342/4069 4106/5341/4068
f 3954/5263/4012 4083/5343/4070 4082/5342/4069
f 3955/5266/4015 4105/5338/4066 4083/5343/4070
f 3958/5273/4022 4087/5388/4098 4086/5272/4021
f 3962/5281/3235 4106/5341/4068 4108/5285/3235
f 3963/5283/3234 4098/5386/3235 4089/5282/4029
f 3964/5287/3982 4102/5378/4095 4116/5346/3183
f 3965/5289/4031 4091/5349/4074 4090/5288/4030
f 3966/5291/4033 4092/5383/4100 4091/5349/4074
f 3933/5224/3980 4110/5384/4101 4070/5350/4075
f 3976/5311/4050 4097/5328/4058 4114/5351/3977
f 3026/4148/3036 3027/4151/3039 3024/4149/3037
f 3027/4151/3039 3778/5219/3976 3777/4152/3040
f 3776/4154/3042 3777/4152/3040 3808/4155/3043
f 3813/4157/3045 3806/5217/3974 3807/4156/3044
f 3820/4159/3047 3819/5389/3973 3812/4160/3048
f 3818/4161/3049 3819/5212/3973 3826/4162/3050
f 3832/4164/3052 3831/4167/3055 3824/4165/3053
f 3837/4166/3054 3830/5206/3970 3831/4167/3055
f 3837/4166/3054 3844/5203/3967 3791/4169/3057
f 3791/4169/3057 3793/4174/3062 3769/4171/3059
f 3792/4178/3066 3794/4177/3065 3801/4179/3067
f 3317/4181/3069 3792/4178/3066 3790/4182/3070
f 3790/4182/3070 3843/5198/3963 3836/4184/3072
f 3315/4186/3074 3788/4185/3073 3786/4187/3075
f 3786/4189/3075 3829/5175/3943 3822/4190/3077
f 3784/4191/3078 3782/4194/3081 3312/4192/3079
f 3782/4194/3081 3780/5218/3975 3311/4195/3082
f 4024/4196/3083 4043/5329/4059 3311/4195/3082
f 3251/4198/3085 3217/5169/3937 3216/4199/3086
f 3216/4199/3086 3266/5165/3934 3265/4201/3088
f 3264/4203/3090 3265/4201/3088 3272/4204/3091
f 3277/4206/3093 3270/5163/3933 3271/4207/3092
f 3276/4209/3095 3277/5160/3093 3284/4210/3096
f 3283/4211/3097 3290/5154/3931 3289/4212/3098
f 3289/4212/3098 3296/5152/3930 3229/4214/3100
f 3229/4214/3100 3231/4218/3104 3259/4216/3102
f 3231/4218/3104 3303/5151/3929 3235/4219/3105
f 3132/4223/3109 3373/5147/3925 3372/4224/3110
f 3372/4224/3110 3370/5146/3924 3497/4225/3111
f 3497/4225/3111 3504/5145/3923 3562/4227/3113
f 3503/4229/3115 3504/5145/3923 3368/4230/3116
f 3561/4232/3118 3503/4229/3115 3502/4233/3119
f 3501/4235/3121 3502/4233/3119 3364/4236/3122
f 3500/4238/3124 3558/5140/3921 3559/4239/3125
f 3500/4238/3124 3360/5139/3920 3358/4241/3126
f 3498/4243/3128 3556/5138/3919 3557/4244/3129
f 3355/4245/3130 3496/4249/3134 3498/4243/3128
f 3332/4247/3132 3337/4251/3136 3494/4248/3133
f 3492/4250/3135 3494/4248/3133 3337/4251/3136
f 3542/4253/3138 3549/4256/3141 3492/4250/3135
f 3542/4253/3138 3543/4258/3143 3550/4255/3140
f 3544/4257/3142 3551/4260/3145 3550/4255/3140
f 3545/4259/3144 3552/5141/3147 3551/4260/3145
f 3545/4261/3144 3546/4265/3149 3553/4262/3146
f 3547/4264/3148 3554/4267/3151 3553/4262/3146
f 3548/4266/3150 3555/4269/3153 3554/4267/3151
f 3548/4266/3150 3491/4271/3155 3493/4268/3152
f 3511/4270/3154 3493/4268/3152 3491/4271/3155
f 3509/4273/3157 3256/5390/3161 3257/4274/3158
f 3255/4275/3159 3223/4278/3162 3225/4276/3160
f 3223/4278/3162 3221/5120/3912 3268/4279/3163
f 3268/4279/3163 3261/5119/3911 3262/4281/3165
f 3212/4283/3167 3213/4287/3171 3263/4284/3168
f 3247/4285/3169 3248/5194/3960 3214/4286/3170
f 3213/4287/3171 3212/4283/3167 3246/4288/3172
f 3212/4283/3167 3211/4291/3175 3245/4289/3173
f 3244/4290/3174 3245/4289/3173 3211/4291/3175
f 3219/4293/3177 3253/5117/3910 3242/4294/3178
f 3322/4295/3179 3243/5118/3181 3242/4294/3178
f 3243/4297/3181 3322/5391/3179 4017/4298/3182
f 3320/4300/3184 3331/5111/3905 3563/4301/3185
f 3613/4303/3187 3572/5112/3906 3563/4301/3185
f 3596/4305/3189 3572/5112/3906 3574/4306/3190
f 3574/4306/3190 3620/5108/3902 3627/4308/3192
f 3578/4310/3194 3599/5392/3901 3598/4311/3195
f 3634/4312/3196 3641/5101/3899 3580/4313/3197
f 3580/4313/3197 3582/4319/3202 3601/4315/3198
f 3648/4317/3200 3655/5100/3898 3584/4318/3201
f 3603/4320/3203 3602/5099/3897 3584/4318/3201
f 3604/4322/3205 3586/4321/3204 3588/4323/3206
f 3046/4325/3208 3604/4322/3205 3703/4326/3209
f 3045/4328/1664 3047/4327/3210 3049/4329/3211
f 3049/4329/3211 3671/5097/3895 3680/4331/3213
f 3712/4333/3215 3719/5096/3894 3682/4334/3216
f 3052/4335/3217 3682/4334/3216 3684/4336/3218
f 3726/4338/3220 3733/5093/3892 3686/4339/3221
f 3686/4340/3221 3688/4345/3226 3058/4341/3222
f 3740/4343/3224 3747/5090/3891 3690/4344/3225
f 3690/4344/3225 3692/4348/3229 3062/4346/3227
f 3692/4348/3229 3754/5089/3890 3696/4349/3230
f 3071/4351/3232 3066/4355/3236 3064/4352/3233
f 3070/4353/3234 4025/5086/3235 4044/4354/3235
f 3148/4356/3237 3068/5084/3238 3069/4357/3238
f 3414/4358/3239 3398/5083/3888 3396/4359/3240
f 3394/4361/3242 3396/4359/3240 3472/4362/3243
f 3472/4362/3243 3405/5079/3884 3404/4364/3245
f 3421/4366/3247 3420/5077/3882 3403/4367/3248
f 3470/4368/3249 3403/4367/3248 3402/4369/3250
f 3402/4371/3250 3419/5326/3881 3418/4372/3252
f 3467/4374/3254 3468/5071/3877 3401/4373/3253
f 3416/4376/3256 3399/5069/3875 3400/4375/3255
f 3466/4378/3258 3399/5069/3875 3397/4379/3259
f 3397/4379/3259 3415/4640/3496 3353/4381/3261
f 3980/4383/2177 4007/5314/4052 3333/4384/3263
f 3334/4385/3264 3612/4639/3495 3587/4386/3265
f 3594/4388/3267 3661/4638/3494 3585/4389/3268
f 3593/4390/3269 3594/4388/3267 3611/4391/3270
f 3659/4393/3272 3660/4634/3491 3593/4390/3269
f 3592/4394/3273 3609/4636/3492 3608/4395/3274
f 3657/4397/3276 3658/4505/3372 3591/4398/3275
f 3589/4400/3278 3590/4399/3277 3607/4401/3279
f 3705/4403/3281 3606/4402/3280 3607/4401/3279
f 3672/4405/3283 3704/5098/3896 3705/4403/3281
f 3674/4407/3285 3714/4500/3369 3713/4408/3286
f 3721/4409/3287 3714/4500/3369 3715/4410/3288
f 3728/4412/3290 3727/5094/3893 3720/4413/3291
f 3728/4414/3290 3729/5393/3368 3736/4415/3292
f 3741/4417/3294 3734/5091/3367 3735/4416/3293
f 3742/4418/3295 3743/4491/3364 3750/4419/3296
f 3748/4421/3298 3749/4420/3297 3756/4422/3299
f 3756/4422/3299 3757/4490/3363 3699/4424/3301
f 3697/4426/3303 3698/4425/3302 3074/4427/3304
f 3076/4430/3307 3700/4487/3360 3701/4431/3308
f 3759/4433/3310 3760/4486/3359 3702/4434/3311
f 3078/4435/3312 3702/4434/3311 3695/4436/3313
f 3693/4438/3315 3669/4441/3318 3670/4439/3316
f 3691/4440/3317 3668/4482/3355 3669/4441/3318
f 3691/4440/3317 3753/4480/3354 3746/4442/3319
f 3687/4444/3321 3666/5394/3353 3667/4445/3322
f 3739/4446/3323 3732/4478/3352 3685/4447/3324
f 3683/4449/3325 3664/5362/4083 3665/4450/3326
f 3683/4449/3325 3725/4474/3349 3718/4451/3327
f 3662/4453/3329 3663/4476/3351 3681/4452/3328
f 3679/4454/3330 3678/4475/3350 3710/4455/3331
f 3710/4455/3331 3678/4475/3350 3677/4457/3333
f 3676/4459/3335 3677/4457/3333 3717/4460/3336
f 3724/4462/3338 3723/4464/3340 3716/4461/3337
f 3731/4463/3339 3730/4497/3366 3723/4464/3340
f 3737/4465/3341 3730/4493/3366 3731/4466/3339
f 3745/4468/3343 3744/4492/3365 3737/4465/3341
f 3751/4469/3344 3744/4492/3365 3745/4468/3343
f 3708/4471/3346 3676/4459/3335 3675/4472/3347
f 3677/4457/3333 3676/4459/3335 3708/4471/3346
f 3725/4474/3349 3724/4462/3338 3717/4460/3336
f 3678/4475/3350 3679/4454/3330 3681/4452/3328
f 3678/4475/3350 3718/4451/3327 3717/4460/3336
f 3663/4476/3351 3664/5362/4083 3683/4449/3325
f 3738/4477/3342 3731/4463/3339 3732/4478/3352
f 3725/4474/3349 3683/4449/3325 3685/4447/3324
f 3731/4463/3339 3724/4462/3338 3725/4474/3349
f 3685/4447/3324 3665/4450/3326 3666/4479/3353
f 3752/4470/3345 3745/4468/3343 3746/4442/3319
f 3689/4443/3320 3746/4442/3319 3739/4481/3323
f 3746/4442/3319 3745/4468/3343 3738/4467/3342
f 3689/4443/3320 3667/4445/3322 3668/4482/3355
f 3981/4483/3356 4008/5315/4053 3422/4484/3357
f 3695/4436/3313 3702/4434/3311 3760/4486/3359
f 3760/4486/3359 3753/4480/3354 3691/4440/3317
f 3759/4433/3310 3752/4470/3345 3753/4480/3354
f 3759/4433/3310 3758/4489/3362 3751/4469/3344
f 3700/4487/3360 3758/4489/3362 3759/4433/3310
f 3702/4434/3311 3078/4435/3312 3077/4432/3309
f 3700/4487/3360 3076/4430/3307 3075/4429/3306
f 3698/4425/3302 3699/4424/3301 3075/4429/3306
f 3699/4424/3301 3757/4490/3363 3758/4489/3362
f 3755/4423/3300 3756/4422/3299 3698/4425/3302
f 3750/4419/3296 3751/4469/3344 3758/4489/3362
f 3757/4490/3363 3756/4422/3299 3749/4420/3297
f 3743/4491/3364 3744/4492/3365 3751/4469/3344
f 3749/4420/3297 3748/4421/3298 3741/4417/3294
f 3744/4492/3365 3743/4491/3364 3736/4415/3292
f 3742/4418/3295 3735/4416/3293 3736/4415/3292
f 3736/4415/3292 3729/5393/3368 3730/4493/3366
f 3734/4494/3367 3727/5094/3893 3728/4412/3290
f 3722/4496/3289 3723/4464/3340 3730/4497/3366
f 3728/4412/3290 3721/4409/3287 3722/4411/3289
f 3722/4496/3289 3715/5395/3288 3716/4461/3337
f 3716/4461/3337 3715/5395/3288 3675/4472/3347
f 3713/4408/3286 3714/4500/3369 3721/4409/3287
f 3714/4500/3369 3674/4407/3285 3675/4501/3347
f 3675/4501/3347 3674/4407/3285 3706/4404/3282
f 3705/4403/3281 3706/4404/3282 3674/4407/3285
f 3656/4503/3370 3657/4397/3276 3590/4399/3277
f 3650/4504/3371 3651/4630/3373 3658/4505/3372
f 3651/4506/3373 3644/5396/3489 3645/4507/3374
f 3652/4508/3375 3645/4507/3374 3646/4509/3376
f 3653/4510/3377 3646/4509/3376 3647/4511/3378
f 3654/4512/3379 3647/4511/3378 3581/4513/3380
f 3583/4514/3381 3581/4513/3380 3340/4515/3382
f 3342/4517/3384 4028/5332/4060 4047/4518/3385
f 3488/4519/3386 3343/4621/3487 3345/4520/3387
f 3528/4522/3389 3535/4524/3391 3488/4519/3386
f 3528/4522/3389 3529/4525/3392 3536/4523/3390
f 3529/4525/3392 3530/4618/3485 3537/4526/3393
f 3537/4526/3393 3530/4618/3485 3531/4527/3394
f 3539/4529/3396 3538/4528/3395 3531/4527/3394
f 3533/4531/3398 3540/4533/3400 3539/4529/3396
f 3533/4531/3398 3534/4535/3402 3541/4532/3399
f 3489/4534/3401 3541/4532/3399 3534/4535/3402
f 3487/4536/3403 3485/4617/3484 3507/4537/3404
f 3483/4539/3406 3485/4617/3484 3527/4540/3407
f 3519/4542/3409 3520/4541/3408 3527/4540/3407
f 3518/4544/3411 3519/4542/3409 3526/4543/3410
f 3517/4546/3413 3518/4544/3411 3525/4545/3412
f 3516/4548/3415 3517/4546/3413 3524/4547/3414
f 3516/4548/3415 3523/4549/3416 3522/4550/3417
f 3515/4551/3418 3522/4550/3417 3521/4552/3419
f 3514/4553/3420 3521/4552/3419 3484/4554/3421
f 3349/4556/3423 3482/4555/3422 3484/4554/3421
f 3351/4558/3425 3349/4556/3423 3983/4559/3426
f 3573/4561/3428 3348/4606/3473 3346/4562/3429
f 3570/4564/3431 3571/4603/3470 3573/4561/3428
f 3626/4566/3433 3625/4569/3436 3618/4567/3434
f 3631/4568/3435 3624/4601/3468 3625/4569/3436
f 3638/4571/3438 3637/4573/3440 3630/4572/3439
f 3637/4573/3440 3636/4576/3443 3629/4574/3441
f 3642/4575/3442 3635/5107/3900 3636/4576/3443
f 3636/4576/3443 3635/5107/3900 3628/4578/3445
f 3629/4574/3441 3628/4578/3445 3621/4579/3446
f 3622/4580/3447 3615/4592/3459 3616/4581/3448
f 3568/4583/3450 3617/4600/3467 3616/4581/3448
f 3325/4585/3452 3569/4602/3469 3568/4583/3450
f 3566/4591/3458 3565/4593/3460 3329/4590/3457
f 3567/4584/3451 3327/4588/3455 3326/4586/3453
f 3566/4591/3458 3328/4589/3456 3327/4588/3455
f 3616/4581/3448 3615/4592/3459 3566/4591/3458
f 3615/4592/3459 3614/4594/3461 3565/4593/3460
f 3614/4594/3461 3615/4592/3459 3622/4580/3447
f 3629/4574/3441 3622/4580/3447 3623/4582/3449
f 3632/4570/3437 3633/4598/3465 3640/4595/3462
f 3579/4597/3464 3640/4595/3462 3633/4598/3465
f 3639/4596/3463 3638/4571/3438 3631/4568/3435
f 3623/4582/3449 3624/4601/3468 3631/4568/3435
f 3623/4582/3449 3616/4581/3448 3617/4600/3467
f 3632/4570/3437 3625/4569/3436 3626/4566/3433
f 3624/4601/3468 3617/4600/3467 3618/4567/3434
f 3569/4602/3469 3618/4567/3434 3617/4600/3467
f 3619/4565/3432 3618/4567/3434 3569/4602/3469
f 3324/4587/3454 3323/5114/3908 3571/4603/3470
f 3324/4587/3454 3570/4564/3431 3569/4602/3469
f 3626/4566/3433 3575/4563/3430 3577/4599/3466
f 3575/4563/3430 3626/4566/3433 3619/4565/3432
f 3577/4599/3466 3575/4563/3430 3346/4562/3429
f 3573/4561/3428 3571/4603/3470 3350/4605/3472
f 3348/4606/3473 4048/5333/4061 4049/4607/3474
f 3482/4555/3422 3349/4556/3423 3351/4558/3425
f 3514/4553/3420 3482/4555/3422 3473/4608/3475
f 3475/4610/3477 3515/4551/3418 3514/4553/3420
f 3476/4611/3478 3516/4548/3415 3515/4551/3418
f 3477/4612/3479 3517/4546/3413 3516/4548/3415
f 3518/4544/3411 3517/4546/3413 3477/4612/3479
f 3479/4614/3481 3519/4542/3409 3518/4544/3411
f 3480/4615/3482 3481/5115/3909 3483/4539/3406
f 3480/4615/3482 3520/4541/3408 3519/4542/3409
f 3506/4616/3483 3507/4537/3404 3485/4617/3484
f 3485/4617/3484 3487/4536/3403 3534/4535/3402
f 3527/4540/3407 3534/4535/3402 3533/4531/3398
f 3526/4543/3410 3533/4531/3398 3532/4530/3397
f 3524/4547/3414 3525/4545/3412 3532/4530/3397
f 3524/4547/3414 3531/4527/3394 3530/4618/3485
f 3522/4550/3417 3523/4549/3416 3530/4618/3485
f 3529/4525/3392 3528/4522/3389 3521/4552/3419
f 3521/4552/3419 3528/4522/3389 3486/4521/3388
f 3486/4521/3388 3345/4520/3387 3347/4557/3424
f 3346/4562/3429 4049/4607/3474 4050/4619/3486
f 3342/4620/3384 3579/4597/3464 3577/4599/3466
f 3343/4621/3487 4009/5316/3988 3985/4622/3488
f 3342/4517/3384 3340/4515/3382 3581/4513/3380
f 3579/4623/3464 3581/4513/3380 3647/4511/3378
f 3647/4511/3378 3646/4509/3376 3639/4625/3463
f 3638/4571/3438 3639/4596/3463 3646/4626/3376
f 3645/4627/3374 3644/4628/3489 3637/4573/3440
f 3636/4576/3443 3637/4573/3440 3644/4628/3489
f 3650/4504/3371 3643/4632/3444 3644/4629/3489
f 3649/4631/3490 3642/5102/3442 3643/4632/3444
f 3657/4397/3276 3656/4503/3370 3649/4631/3490
f 3706/4404/3282 3607/4401/3279 3608/4633/3274
f 3607/4401/3279 3590/4399/3277 3591/4398/3275
f 3608/4395/3274 3609/4636/3492 3708/4471/3346
f 3591/4396/3275 3658/4635/3372 3659/4393/3272
f 3659/4393/3272 3652/4508/3375 3653/4510/3377
f 3651/4506/3373 3652/4508/3375 3659/4393/3272
f 3708/4471/3346 3609/4636/3492 3610/4392/3271
f 3592/4394/3273 3593/4390/3269 3610/4392/3271
f 3610/4392/3271 3611/4391/3270 3710/4455/3331
f 3585/4389/3268 3583/4514/3381 3338/4516/3383
f 3660/4634/3491 3661/4638/3494 3594/4388/3267
f 3661/4638/3494 3654/4512/3379 3583/4514/3381
f 3660/4634/3491 3653/4510/3377 3654/4512/3379
f 3710/4455/3331 3611/4391/3270 3612/4639/3495
f 3594/4388/3267 3587/4386/3265 3612/4639/3495
f 3587/4386/3265 3585/4389/3268 3336/4637/3493
f 3334/4385/3264 3352/5353/4076 3711/4456/3332
f 3711/4456/3332 3352/5353/4076 3662/4453/3329
f 3415/4640/3496 3986/5317/4054 3980/4383/2177
f 3354/4382/3262 3357/5067/3873 3395/4380/3260
f 3459/4641/3497 3466/4378/3258 3395/4380/3260
f 3452/4643/3499 3453/4645/3501 3460/4644/3500
f 3453/4645/3501 3454/4647/3503 3461/4646/3502
f 3454/4647/3503 3455/5397/3505 3462/4648/3504
f 3455/4649/3505 3456/4653/3508 3463/4650/3506
f 3457/4652/3507 3464/5082/3887 3463/4650/3506
f 3457/4652/3507 3450/5059/3870 3451/4654/3509
f 3390/4656/3511 3392/5081/3886 3458/4655/3510
f 3411/4657/3512 3392/5081/3886 3390/4656/3511
f 3144/4659/3514 3412/5080/3885 3411/4657/3512
f 3118/4661/3516 3120/4663/3518 3146/4662/3517
f 3120/4663/3518 3192/5052/3868 3124/4664/3519
f 3096/4666/3521 3124/4664/3519 3125/4667/3522
f 3125/4667/3522 3193/5047/3863 3194/4669/3524
f 3092/4671/3526 3126/4670/3525 3127/4672/3527
f 3128/4674/3529 3127/5041/3527 3195/4675/3530
f 3128/4674/3529 3129/4681/3536 3086/4677/3532
f 3197/4679/3534 3198/5038/3858 3130/4680/3535
f 3130/4680/3535 3123/4686/3541 3080/4682/3537
f 3121/4684/3539 3147/4878/3715 3149/4685/3540
f 3081/4687/3542 3149/4685/3540 3208/4688/3543
f 3220/4690/3545 3218/5168/3936 3208/4688/3543
f 3267/4692/3547 3220/4690/3545 3222/4693/3548
f 3273/4695/3550 3274/4694/3549 3281/4696/3551
f 3279/4698/3553 3280/5398/3552 3287/4699/3554
f 3286/4700/3555 3293/4874/3713 3292/4701/3556
f 3299/4703/3558 3298/5155/3932 3291/4704/3559
f 3297/4705/3560 3298/5155/3932 3305/4706/3561
f 3237/4708/3563 3305/4706/3561 3306/4709/3564
f 3239/4711/3566 3238/4710/3565 3306/4709/3564
f 3239/4711/3566 3307/4712/3567 3308/4713/3568
f 3309/4715/3570 3241/4717/3572 3240/4714/3569
f 3232/4716/3571 3234/5150/3928 3241/4717/3572
f 3200/4718/3573 3234/5150/3928 3232/4716/3571
f 3135/4720/3575 3201/4719/3574 3202/4721/3576
f 3109/4723/3578 3107/4871/3710 3133/4724/3579
f 3111/4725/3580 3163/4868/3707 3156/4726/3581
f 3162/4727/3582 3163/4868/3707 3170/4728/3583
f 3176/4730/3585 3175/4733/3588 3168/4731/3586
f 3181/4732/3587 3174/4864/3706 3175/4733/3588
f 3180/4735/3590 3181/5399/3587 3188/4736/3591
f 3186/4738/3593 3179/4740/3595 3180/4735/3590
f 3185/4739/3594 3178/4742/3597 3179/4740/3595
f 3114/4741/3596 3171/4828/3601 3178/4742/3597
f 3164/4744/3599 3165/4825/3678 3172/4745/3600
f 3172/4745/3600 3165/4825/3678 3166/4747/3602
f 3167/4749/3604 3166/4747/3602 3159/4750/3605
f 3160/4751/3606 3153/4756/3611 3154/4752/3607
f 3105/4754/3609 3155/4869/3708 3154/4752/3607
f 3104/4755/3610 3154/4752/3607 3153/4756/3611
f 3103/4757/3612 3153/4756/3611 3152/4758/3613
f 3151/4760/3615 3101/4824/3677 3102/4759/3614
f 3150/4761/3616 3151/4760/3615 3158/4762/3617
f 3108/4764/3619 3150/4761/3616 3157/4763/3618
f 3112/4766/3621 3138/4827/3679 3136/4767/3622
f 3136/4767/3622 3408/4819/3672 3407/4768/3623
f 3406/4770/3625 3407/4768/3623 3384/4771/3626
f 3384/4771/3626 3386/4816/3669 3437/4773/3628
f 3437/4773/3628 3444/4817/3670 3443/4775/3630
f 3435/4777/3632 3436/4776/3631 3443/4775/3630
f 3449/4779/3634 3448/4782/3637 3441/4780/3635
f 3447/4781/3636 3440/4815/3668 3441/4780/3635
f 3439/4783/3638 3440/4815/3668 3447/4781/3636
f 3438/4785/3640 3439/4783/3638 3446/4784/3639
f 3389/4787/3642 3387/4793/3646 3438/4785/3640
f 3389/4788/3642 3391/5065/3871 3361/4789/3643
f 3365/4791/3645 3387/4793/3646 3389/4787/3642
f 3387/4793/3646 3365/4791/3645 3367/4794/3647
f 3431/4796/3649 3385/4795/3648 3383/4797/3650
f 3425/4799/3652 3432/4801/3654 3431/4796/3649
f 3426/4800/3653 3433/4803/3656 3432/4801/3654
f 3426/4800/3653 3427/4806/3659 3434/4802/3655
f 3378/4804/3657 3379/5148/3926 3428/4805/3658
f 3428/4805/3658 3379/5148/3926 3380/4807/3660
f 3378/4804/3657 3427/4806/3659 3426/4800/3653
f 3426/4800/3653 3425/4799/3652 3376/4810/3663
f 3376/4810/3663 3425/4799/3652 3424/4798/3651
f 3424/4798/3651 3383/4797/3650 3374/4812/3665
f 3383/4797/3650 3369/4814/3667 3371/4813/3666
f 3369/4814/3667 3383/4797/3650 3385/4795/3648
f 3385/4795/3648 3431/4796/3649 3438/4785/3640
f 3438/4785/3640 3431/4796/3649 3432/4801/3654
f 3432/4801/3654 3433/4803/3656 3440/4815/3668
f 3434/4802/3655 3441/4780/3635 3440/4815/3668
f 3435/4777/3632 3442/4778/3633 3441/4780/3635
f 3427/4806/3659 3428/4805/3658 3435/4777/3632
f 3428/4805/3658 3429/4808/3661 3436/4776/3631
f 3386/4816/3669 3388/4820/3673 3444/4817/3670
f 3436/4776/3631 3429/4808/3661 3430/4774/3629
f 3381/4818/3671 3430/4774/3629 3429/4808/3661
f 3381/4818/3671 3382/4772/3627 3384/4771/3626
f 3408/4819/3672 3409/4822/3675 3388/4820/3673
f 3407/4768/3623 3408/4819/3672 3386/4816/3669
f 3134/4769/3624 3407/4768/3623 3406/4770/3625
f 3136/4767/3622 3138/4827/3679 3409/4822/3675
f 3110/4765/3620 3136/4767/3622 3134/4769/3624
f 3108/4764/3619 3134/4769/3624 3131/4821/3674
f 3099/4823/3676 3100/5149/3927 3150/4761/3616
f 3150/4761/3616 3100/5149/3927 3101/4824/3677
f 3159/4750/3605 3152/4758/3613 3153/4756/3611
f 3151/4760/3615 3152/4758/3613 3159/4750/3605
f 3159/4750/3605 3166/4747/3602 3165/4825/3678
f 3165/4825/3678 3164/4744/3599 3157/4763/3618
f 3110/4765/3620 3157/4763/3618 3164/4744/3599
f 3112/4766/3621 3164/4744/3599 3171/4746/3601
f 3114/4826/3596 3140/5054/3869 3138/4827/3679
f 3179/4740/3595 3178/4742/3597 3171/4828/3601
f 3179/4830/3595 3172/4745/3600 3173/4748/3603
f 3189/4832/3680 3182/4863/3589 3183/4833/3681
f 3190/4834/3682 3183/4833/3681 3184/4835/3683
f 3191/4836/3684 3184/4835/3683 3117/4837/3685
f 3117/4837/3685 3143/4840/3688 3145/4839/3687
f 3143/4840/3688 3205/4843/3691 3206/4841/3689
f 3226/4842/3690 3224/4875/3714 3205/4843/3691
f 3226/4845/3690 3228/4853/3700 3295/4846/3693
f 3295/4846/3693 3302/4851/3698 3301/4848/3695
f 3295/4846/3693 3228/4853/3700 3230/4850/3697
f 3226/4845/3690 3204/4855/3692 3203/4852/3699
f 3139/4854/3701 3203/4852/3699 3204/4855/3692
f 3139/4854/3701 3141/4856/3702 3115/4857/3703
f 3141/4859/3702 3204/4844/3692 3205/4843/3691
f 3115/4860/3703 3141/4859/3702 3143/4840/3688
f 3117/4837/3685 3184/4835/3683 3177/4861/3705
f 3188/4862/3591 3181/5400/3587 3182/4863/3589
f 3180/4831/3590 3173/4748/3603 3174/4864/3706
f 3173/4748/3603 3166/4747/3602 3167/4749/3604
f 3184/4865/3683 3183/4867/3681 3176/4730/3585
f 3175/4733/3588 3176/4730/3585 3183/4867/3681
f 3175/4733/3588 3174/4864/3706 3167/4749/3604
f 3161/4753/3608 3168/4731/3586 3167/4749/3604
f 3115/4857/3703 3177/4866/3705 3170/4728/3583
f 3176/4730/3585 3169/4729/3584 3170/4728/3583
f 3168/4731/3586 3161/4753/3608 3162/4727/3582
f 3154/4752/3607 3155/4869/3708 3162/4727/3582
f 3111/4725/3580 3113/4858/3704 3170/4728/3583
f 3163/4868/3707 3162/4727/3582 3155/4869/3708
f 3156/4726/3581 3155/4869/3708 3105/4754/3609
f 3156/4726/3581 3106/4870/3709 3107/4871/3710
f 3137/4722/3577 3139/4854/3701 3113/4858/3704
f 3135/4720/3575 3137/4722/3577 3111/4725/3580
f 3228/4853/3700 3203/4852/3699 3202/4721/3576
f 3137/4722/3577 3202/4721/3576 3203/4852/3699
f 3133/4724/3579 3200/4718/3573 3201/4719/3574
f 3201/4719/3574 3232/4716/3571 3230/4850/3697
f 3230/4850/3697 3232/4716/3571 3309/4715/3570
f 3308/4713/3568 3301/4848/3695 3302/4851/3698
f 3300/4872/3711 3301/4848/3695 3308/4713/3568
f 3305/4706/3561 3237/4708/3563 3236/4873/3712
f 3306/4709/3564 3299/4703/3558 3300/4872/3711
f 3305/4706/3561 3298/5155/3932 3299/4703/3558
f 3293/4874/3713 3294/4849/3696 3301/4848/3695
f 3292/4701/3556 3293/4874/3713 3300/4872/3711
f 3288/4847/3694 3295/4846/3693 3294/4849/3696
f 3286/4700/3555 3287/4699/3554 3294/4849/3696
f 3224/4875/3714 3226/4842/3690 3288/4876/3694
f 3280/4697/3552 3281/4696/3551 3288/4876/3694
f 3224/4875/3714 3222/4693/3548 3206/4841/3689
f 3222/4693/3548 3224/4875/3714 3281/4696/3551
f 3222/4693/3548 3220/4690/3545 3207/4691/3546
f 3147/4878/3715 3207/4691/3546 3208/4688/3543
f 3145/4839/3687 3206/4841/3689 3207/4691/3546
f 3119/4838/3686 3145/4839/3687 3147/4878/3715
f 3123/4686/3541 3149/4685/3540 3081/4687/3542
f 3080/4682/3537 3987/5318/4055 4011/4879/3716
f 3877/4880/3717 3085/5036/3856 3083/4881/3718
f 3877/4880/3717 3926/5033/3853 3927/4883/3720
f 3879/4885/3722 3089/5045/3852 3087/4886/3723
f 3879/4887/3722 3928/5030/3851 3929/4888/3724
f 3880/4889/3725 3881/4892/3728 3093/4890/3726
f 3881/4892/3728 3930/5029/3850 3931/4893/3729
f 3882/4894/3730 3875/4899/3735 3097/4895/3731
f 3873/4897/3733 3063/4901/3737 3065/4898/3734
f 3871/4900/3736 3061/5027/3849 3063/4901/3737
f 3924/4902/3738 3917/5025/3848 3869/4903/3739
f 3867/4904/3740 3057/5401/3847 3059/4905/3741
f 3910/4906/3742 3903/5023/3846 3865/4907/3743
f 3865/4907/3743 3863/4913/3748 3053/4909/3744
f 3896/4911/3746 3889/4915/3750 3861/4912/3747
f 3895/4914/3749 3888/5018/3841 3889/4915/3750
f 3894/4916/3751 3895/4914/3749 3902/4917/3752
f 3907/4919/3754 3900/5015/3838 3901/4918/3753
f 3906/4921/3756 3907/4919/3754 3914/4922/3757
f 3912/4924/3759 3913/5010/3758 3920/4925/3760
f 3911/4927/3762 3912/4924/3759 3919/4926/3761
f 3918/4928/3763 3925/5034/3854 3872/4929/3764
f 3870/4930/3765 3872/4929/3764 3029/4931/3766
f 3033/4933/3768 3031/4932/3767 3030/4934/3769
f 3866/4936/3771 3868/5002/3832 3033/4933/3768
f 3897/4938/3773 3904/4942/3776 3866/4939/3771
f 3897/4938/3773 3898/4996/3829 3905/4941/3775
f 3899/4943/3777 3898/4996/3829 3891/4944/3778
f 3885/4946/3780 3886/4950/3784 3893/4947/3781
f 3855/4948/3782 3856/5017/3840 3887/4949/3783
f 3854/4951/3785 3855/4948/3782 3886/4950/3784
f 3853/4952/3786 3854/4951/3785 3885/4946/3780
f 3852/4954/3788 3853/4952/3786 3884/4953/3787
f 3883/4955/3789 3890/4995/3828 3862/4956/3790
f 3041/4958/3792 3860/4957/3791 3862/4956/3790
f 3043/4960/3794 3041/4958/3792 3040/4961/3795
f 3044/4963/3797 3042/4962/3796 3770/4964/3798
f 3779/4966/3800 3770/4964/3798 3771/4967/3801
f 3781/4969/3803 3763/4993/3826 3762/4970/3804
f 3781/4969/3803 3809/4981/3814 3816/4971/3805
f 3764/4973/3807 3783/4972/3806 3785/4974/3808
f 3766/4976/3810 3765/5104/3809 3785/4977/3808
f 3783/4972/3806 3816/4971/3805 3823/4979/3812
f 3817/4980/3813 3816/4971/3805 3809/4981/3814
f 3810/4982/3815 3803/4992/3825 3804/4983/3816
f 3804/4983/3816 3773/4990/3823 3774/4985/3818
f 3774/4985/3818 3773/4990/3823 3036/4987/3820
f 3038/4989/3822 3036/4987/3820 3773/4990/3823
f 3803/4992/3825 3772/4991/3824 3773/4990/3823
f 3763/4993/3826 3781/4969/3803 3783/4972/3806
f 3810/4982/3815 3809/4981/3814 3802/4968/3802
f 3779/4966/3800 3802/4968/3802 3809/4981/3814
f 3802/4968/3802 3771/4967/3801 3772/4991/3824
f 3779/4966/3800 3762/4970/3804 3761/4965/3799
f 3772/4991/3824 3771/4967/3801 3040/4961/3795
f 3042/4962/3796 3040/4961/3795 3771/4967/3801
f 3041/4958/3792 3039/4959/3793 3038/4989/3822
f 3039/4959/3793 3037/4997/3830 3036/4987/3820
f 3860/4957/3791 3041/4958/3792 3043/4960/3794
f 3860/4957/3791 3851/4994/3827 3852/4954/3788
f 3891/4944/3778 3884/4953/3787 3885/4946/3780
f 3883/4955/3789 3884/4953/3787 3891/4944/3778
f 3897/4938/3773 3890/4995/3828 3891/4944/3778
f 3890/4995/3828 3897/4938/3773 3864/4940/3774
f 3039/4959/3793 3862/4956/3790 3864/4940/3774
f 3037/4997/3830 3864/4940/3774 3866/4939/3771
f 3037/4997/3830 3035/4998/3772 3034/4988/3821
f 3774/4999/3818 3034/5001/3821 3032/4935/3770
f 3035/4937/3772 3033/4933/3768 3032/4935/3770
f 3868/5002/3832 3870/4930/3765 3031/4932/3767
f 3911/4927/3762 3918/4928/3763 3870/4930/3765
f 3868/5002/3832 3866/4936/3771 3904/5003/3776
f 3911/4927/3762 3904/5003/3776 3905/5004/3775
f 3921/5005/3833 3914/5402/3757 3915/5006/3834
f 3923/5008/3836 3922/5007/3835 3915/5006/3834
f 3913/5010/3758 3914/5403/3757 3921/5011/3833
f 3912/4924/3759 3905/5004/3775 3906/5012/3756
f 3905/4941/3775 3898/4996/3829 3899/4943/3777
f 3908/4920/3755 3909/5016/3839 3916/5013/3837
f 3915/5014/3834 3914/4922/3757 3907/4919/3754
f 3906/4921/3756 3899/4943/3777 3900/5015/3838
f 3900/5015/3838 3899/4943/3777 3892/4945/3779
f 3909/5016/3839 3908/4920/3755 3901/4918/3753
f 3900/5015/3838 3893/4947/3781 3894/4916/3751
f 3893/4947/3781 3886/4950/3784 3887/4949/3783
f 3887/4949/3783 3888/5018/3841 3895/4914/3749
f 3856/5017/3840 3857/5021/3844 3888/5018/3841
f 3859/5019/3842 3861/4912/3747 3889/4915/3750
f 3857/5021/3844 3858/5020/3843 3889/4915/3750
f 3863/4913/3748 3861/4912/3747 3051/5022/3845
f 3909/5016/3839 3902/4917/3752 3903/5023/3846
f 3865/4907/3743 3903/5023/3846 3896/4911/3746
f 3902/4917/3752 3895/4914/3749 3896/4911/3746
f 3867/4908/3740 3865/4907/3743 3055/4910/3745
f 3916/5009/3837 3917/5025/3848 3924/4902/3738
f 3917/5025/3848 3910/5026/3742 3867/4904/3740
f 3916/5009/3837 3909/5404/3839 3910/5026/3742
f 3869/4903/3739 3059/4905/3741 3061/5027/3849
f 3875/4899/3735 3065/4898/3734 3067/5028/3238
f 3873/4897/3733 3875/4899/3735 3882/4894/3730
f 3931/4893/3729 3924/4902/3738 3871/4900/3736
f 3930/5029/3850 3923/5008/3836 3924/4902/3738
f 3881/4892/3728 3882/4894/3730 3095/4896/3732
f 3881/4892/3728 3880/4889/3725 3929/4888/3724
f 3929/4888/3724 3922/5007/3835 3923/5008/3836
f 3921/5005/3833 3922/5007/3835 3929/4888/3724
f 3879/4887/3722 3880/4889/3725 3091/4891/3727
f 3878/4884/3721 3927/4883/3720 3928/5032/3851
f 3928/5032/3851 3927/4883/3720 3920/4925/3760
f 3926/5033/3853 3919/4926/3761 3920/4925/3760
f 3925/5034/3854 3918/4928/3763 3919/4926/3761
f 3876/4882/3719 3925/5034/3854 3926/5033/3853
f 3925/5034/3854 3876/4882/3719 3874/5035/3855
f 3878/4884/3721 3087/4886/3723 3085/5036/3856
f 3082/5037/3857 3874/5035/3855 3876/4882/3719
f 3123/4686/3541 3130/4680/3535 3198/5038/3858
f 3198/5038/3858 3191/4836/3684 3119/4838/3686
f 3198/5038/3858 3197/4679/3534 3190/4834/3682
f 3129/4681/3536 3130/4680/3535 3084/4683/3538
f 4031/5039/3859 4053/5040/3860 3085/5036/3856
f 4053/5040/3860 4030/5337/4065 3083/4881/3718
f 3128/4674/3529 3196/4676/3531 3197/4679/3534
f 3197/4679/3534 3196/4676/3531 3189/4832/3680
f 3195/4675/3530 3188/4862/3591 3189/4832/3680
f 3127/5041/3527 3128/4674/3529 3088/4678/3533
f 4032/5043/3861 4054/5339/3862 3089/5031/3852
f 4054/5044/3862 4031/5039/3859 3087/4886/3723
f 3127/4672/3527 3126/4670/3525 3194/4669/3524
f 3194/4669/3524 3187/4737/3592 3188/4736/3591
f 3186/4738/3593 3187/4737/3592 3194/4669/3524
f 4033/5048/3864 4055/5049/3865 3095/4896/3732
f 3094/4668/3523 3125/4667/3522 3126/4670/3525
f 4055/5049/3865 4056/5050/3866 3093/4890/3726
f 4056/5050/3866 4032/5043/3861 3091/4891/3727
f 3098/5051/3867 3122/4665/3520 3124/4664/3519
f 3125/4667/3522 3124/4664/3519 3192/5052/3868
f 3193/5047/3863 3192/5052/3868 3185/4739/3594
f 3185/4739/3594 3192/5052/3868 3120/4663/3518
f 3116/4743/3598 3178/4742/3597 3185/4739/3594
f 3144/4659/3514 3142/4660/3515 3116/4743/3598
f 3114/4741/3596 3116/4743/3598 3142/4660/3515
f 3142/4660/3515 3411/4657/3512 3410/4658/3513
f 3140/5054/3869 3410/5056/3513 3409/4822/3675
f 3390/5055/3511 3388/4820/3673 3409/4822/3675
f 3444/4817/3670 3388/4820/3673 3390/5055/3511
f 3443/4775/3630 3444/4817/3670 3451/5057/3509
f 3442/4778/3633 3443/4775/3630 3450/5058/3870
f 3456/4653/3508 3449/5405/3634 3450/5059/3870
f 3455/5060/3505 3448/4782/3637 3449/4779/3634
f 3448/4782/3637 3455/5060/3505 3454/5062/3503
f 3446/5063/3639 3447/5406/3636 3454/4647/3503
f 3445/5064/3641 3446/5063/3639 3453/4645/3501
f 3445/5064/3641 3452/4643/3499 3391/5065/3871
f 3452/4643/3499 3459/4641/3497 3393/4642/3498
f 3391/5065/3871 3393/4642/3498 3359/5066/3872
f 3393/4642/3498 3395/4380/3260 3357/5067/3873
f 3992/5068/3874 3986/5317/4054 3415/4640/3496
f 3399/5069/3875 3416/4376/3256 3415/4640/3496
f 3993/5070/3876 3992/5068/3874 3416/4376/3256
f 3467/4374/3254 3400/4375/3255 3399/5069/3875
f 3467/4374/3254 3460/4644/3500 3461/4646/3502
f 3466/4378/3258 3459/4641/3497 3460/4644/3500
f 3994/5072/3878 3993/5070/3876 3417/4377/3257
f 3417/4377/3257 3400/4375/3255 3401/4373/3253
f 4059/5073/3879 4060/5344/4071 3666/4479/3353
f 3468/5071/3877 3469/5074/3251 3402/4371/3250
f 3462/4651/3504 3463/4650/3506 3470/4368/3249
f 3468/5071/3877 3461/4646/3502 3462/4648/3504
f 3996/5075/3880 3995/5319/4056 3419/5076/3881
f 3420/5077/3882 3419/5076/3881 3402/4369/3250
f 3422/4484/3357 4008/5315/4053 4015/5078/3883
f 4015/5078/3883 3996/5075/3880 3420/5077/3882
f 3422/4484/3357 3421/4366/3247 3404/4364/3245
f 3471/4365/3246 3404/4364/3245 3403/4367/3248
f 3463/4650/3506 3464/5082/3887 3471/4365/3246
f 3412/5080/3885 3394/4361/3242 3392/5081/3886
f 3465/4363/3244 3472/4362/3243 3471/4365/3246
f 3458/4655/3510 3392/5081/3886 3394/4361/3242
f 3458/4655/3510 3465/4363/3244 3464/5082/3887
f 3423/4485/3358 3422/4484/3357 3405/5079/3884
f 3398/5083/3888 3405/5079/3884 3472/4362/3243
f 3146/4662/3517 3413/4360/3241 3412/5080/3885
f 3413/4360/3241 3396/4359/3240 3394/4361/3242
f 3069/4357/3238 3423/4485/3358 3398/5083/3888
f 3148/4356/3237 3414/4358/3239 3413/4360/3241
f 3148/4356/3237 3146/4662/3517 3120/4663/3518
f 3068/5084/3238 3148/4356/3237 3122/4665/3520
f 3067/5028/3238 4035/5345/4029 4033/5048/3864
f 3079/4437/3314 3695/4436/3313 3670/4439/3316
f 3069/4357/3238 3997/5284/3889 3981/4483/3356
f 3067/5028/3238 3065/4898/3734 3064/4352/3233
f 3696/4349/3230 3697/4426/3303 3073/4428/3305
f 3694/4350/3231 3696/4349/3230 3072/4488/3361
f 3754/5089/3890 3755/4423/3300 3697/4426/3303
f 3694/4350/3231 3064/4352/3233 3062/4346/3227
f 3065/4898/3734 3063/4901/3737 3062/4346/3227
f 3063/4901/3737 3061/5027/3849 3060/4347/3228
f 3747/5090/3891 3748/4421/3298 3755/4423/3300
f 3747/5090/3891 3754/5089/3890 3692/4348/3229
f 3740/4343/3224 3741/4417/3294 3748/4421/3298
f 3688/4345/3226 3690/4344/3225 3060/4347/3228
f 3061/5027/3849 3059/4905/3741 3058/4341/3222
f 3059/4905/3741 3057/5401/3847 3056/4342/3223
f 3740/4343/3224 3733/5092/3892 3734/5091/3367
f 3733/5092/3892 3740/4343/3224 3688/4345/3226
f 3733/5093/3892 3726/4338/3220 3727/5094/3893
f 3054/4337/3219 3684/4336/3218 3686/4339/3221
f 3057/5024/3847 3055/4910/3745 3054/4337/3219
f 3055/4910/3745 3053/4909/3744 3052/4335/3217
f 3727/5094/3893 3726/4338/3220 3719/5096/3894
f 3682/4334/3216 3719/5096/3894 3726/4338/3220
f 3719/5096/3894 3712/4333/3215 3713/4408/3286
f 3712/4333/3215 3672/4405/3283 3673/4406/3284
f 3671/5097/3895 3672/4405/3283 3712/4333/3215
f 3680/4331/3213 3682/4334/3216 3052/4335/3217
f 3053/4909/3744 3051/5022/3845 3050/4332/3214
f 3045/4328/1664 3043/4960/3794 3042/4962/3796
f 3861/4912/3747 3859/5019/3842 3048/4330/3212
f 3050/4332/3214 3051/5022/3845 3048/4330/3212
f 3044/4963/3797 3046/4325/3208 3047/4327/3210
f 3704/5098/3896 3672/4405/3283 3671/5097/3895
f 3703/4326/3209 3671/5097/3895 3049/4329/3211
f 3604/4322/3205 3605/4324/3207 3704/5098/3896
f 3704/5098/3896 3605/4324/3207 3606/4402/3280
f 3588/4323/3206 3589/4400/3278 3606/4402/3280
f 3603/4320/3203 3761/4965/3799 3762/4970/3804
f 3046/4325/3208 3044/4963/3797 3761/4965/3799
f 3586/4321/3204 3604/4322/3205 3046/4325/3208
f 3588/4323/3206 3655/5100/3898 3656/4503/3370
f 3584/4318/3201 3655/5100/3898 3588/4323/3206
f 3655/5100/3898 3648/4317/3200 3649/4631/3490
f 3600/4316/3199 3601/4315/3198 3763/4993/3826
f 3762/4970/3804 3763/4993/3826 3601/4315/3198
f 3582/4319/3202 3584/4318/3201 3602/5099/3897
f 3649/4631/3490 3648/4317/3200 3641/5101/3899
f 3580/4313/3197 3641/5101/3899 3648/4317/3200
f 3641/5101/3899 3634/4312/3196 3635/5103/3900
f 3598/4311/3195 3599/5392/3901 3765/5104/3809
f 3600/4316/3199 3764/4973/3807 3765/4975/3809
f 3578/4314/3194 3580/4313/3197 3600/4316/3199
f 3634/5106/3196 3627/4308/3192 3628/4578/3445
f 3578/4310/3194 3576/4309/3193 3627/4308/3192
f 3620/5108/3902 3621/4579/3446 3628/4578/3445
f 3597/4307/3191 3598/4311/3195 3766/4976/3810
f 3597/4307/3191 3574/4306/3190 3576/4309/3193
f 3621/4579/3446 3620/5108/3902 3613/4303/3187
f 3574/4306/3190 3572/5112/3906 3613/4303/3187
f 3614/4594/3461 3613/4303/3187 3564/4304/3188
f 3330/5110/3904 3329/4590/3457 3565/4593/3460
f 3564/4304/3188 3563/4301/3185 3331/5111/3905
f 3572/5112/3906 3596/4305/3189 3595/4302/3186
f 3571/4603/3470 3323/5114/3908 3321/5113/3907
f 4118/5116/3183 4029/5347/4072 3350/4605/3472
f 3505/4296/3180 3506/4616/3483 3483/4539/3406
f 3505/4296/3180 3242/4294/3178 3253/5117/3910
f 3253/5117/3910 3254/5121/3913 3507/4537/3404
f 3243/5118/3181 3244/4290/3174 3210/4292/3176
f 3261/5119/3911 3211/4291/3175 3212/4283/3167
f 3219/4293/3177 3210/4292/3176 3211/4291/3175
f 3261/5119/3911 3268/4279/3163 3221/5120/3912
f 3253/5117/3910 3219/4293/3177 3221/5120/3912
f 3254/5121/3913 3255/4275/3159 3508/4538/3405
f 3254/5121/3913 3221/5120/3912 3223/4278/3162
f 3509/5122/3157 3508/4538/3405 3255/4275/3159
f 3508/4538/3405 3509/5122/3157 3489/4534/3401
f 3510/4272/3156 3491/4271/3155 3489/5123/3401
f 3491/4271/3155 3548/4266/3150 3541/5124/3399
f 3540/5125/3400 3541/5124/3399 3548/4266/3150
f 3546/5126/3149 3539/4529/3396 3540/4533/3400
f 3545/5128/3144 3538/4528/3395 3539/4529/3396
f 3538/4528/3395 3545/5128/3144 3544/5129/3142
f 3536/5130/3390 3537/5407/3393 3544/4257/3142
f 3535/5131/3391 3536/5130/3390 3543/4258/3143
f 3490/4254/3139 3488/5133/3386 3535/5131/3391
f 3341/5132/3914 3343/5324/3487 3488/5133/3386
f 3490/4254/3139 3492/4250/3135 3339/4252/3137
f 3339/4252/3137 3998/5290/4032 3982/5134/3915
f 3338/4516/3383 4063/5348/4073 4064/5135/3916
f 3335/4387/3266 3336/4637/3493 4064/5135/3916
f 3333/4384/3263 4007/5314/4052 4000/5137/3918
f 3496/4249/3134 3355/4245/3130 3333/4384/3263
f 3355/4245/3130 3354/4382/3262 3353/4381/3261
f 3357/5067/3873 3354/4382/3262 3355/4245/3130
f 3494/4248/3133 3556/5138/3919 3498/4243/3128
f 3549/4256/3141 3550/4255/3140 3557/4244/3129
f 3549/4256/3141 3556/5138/3919 3494/4248/3133
f 3499/4242/3127 3358/4241/3126 3356/4246/3131
f 3358/4241/3126 3359/5066/3872 3357/5067/3873
f 3359/5066/3872 3358/4241/3126 3360/5139/3920
f 3558/5140/3921 3500/4238/3124 3499/4242/3127
f 3559/4239/3125 3558/5140/3921 3551/4260/3145
f 3550/4255/3140 3551/4260/3145 3558/5140/3921
f 3360/5139/3920 3500/4238/3124 3501/4240/3121
f 3362/5142/3123 3363/4790/3644 3361/4789/3643
f 3363/4792/3644 3362/4237/3123 3364/4236/3122
f 3502/4233/3119 3501/4235/3121 3559/5143/3125
f 3553/4262/3146 3554/4267/3151 3561/4232/3118
f 3552/4263/3147 3553/4262/3146 3560/4234/3120
f 3502/4233/3119 3503/4229/3115 3366/4231/3117
f 3366/4231/3117 3367/4794/3647 3365/4791/3645
f 3368/4230/3116 3369/4814/3667 3367/4794/3647
f 3512/5144/3922 3495/4228/3114 3493/4268/3152
f 3504/5145/3923 3503/4229/3115 3561/4232/3118
f 3555/4269/3153 3493/4268/3152 3495/4228/3114
f 3555/4269/3153 3562/4227/3113 3561/4232/3118
f 3504/5145/3923 3497/4225/3111 3370/5146/3924
f 3369/4814/3667 3368/4230/3116 3370/5146/3924
f 3513/4226/3112 3497/4225/3111 3495/4228/3114
f 3372/4224/3110 3373/5147/3925 3371/4813/3666
f 3373/5147/3925 3132/4223/3109 3131/4821/3674
f 3513/4226/3112 3260/4222/3108 3199/4221/3107
f 3133/4724/3579 3132/4223/3109 3199/4221/3107
f 3236/4873/3712 3235/4219/3105 3303/5151/3929
f 3510/4272/3156 3257/4274/3158 3258/4217/3103
f 3511/4270/3154 3258/4217/3103 3259/4216/3102
f 3259/4216/3102 3260/4222/3108 3513/4226/3112
f 3231/4218/3104 3233/4220/3106 3260/4222/3108
f 3296/5152/3930 3297/4705/3560 3304/4707/3562
f 3231/4218/3104 3229/4214/3100 3296/5152/3930
f 3258/4217/3103 3257/4274/3158 3227/4215/3101
f 3257/4274/3158 3256/5390/3161 3225/5153/3160
f 3290/5154/3931 3291/4704/3559 3298/5155/3932
f 3296/5152/3930 3289/4212/3098 3290/5154/3931
f 3227/4215/3101 3225/5153/3160 3282/4213/3099
f 3282/5156/3099 3225/4276/3160 3223/4278/3162
f 3285/4702/3557 3292/4701/3556 3291/4704/3559
f 3284/4210/3096 3291/4704/3559 3290/5154/3931
f 3275/4280/3164 3276/5158/3095 3283/5157/3097
f 3268/4279/3163 3269/4282/3166 3276/5158/3095
f 3285/4702/3557 3278/5159/3094 3279/4698/3553
f 3278/5159/3094 3285/4702/3557 3284/4210/3096
f 3269/4282/3166 3270/5163/3933 3277/4206/3093
f 3263/4284/3168 3270/5163/3933 3269/4282/3166
f 3272/4204/3091 3273/4695/3550 3280/4697/3552
f 3278/5162/3094 3271/4205/3092 3272/4204/3091
f 3263/4284/3168 3264/5164/3090 3271/4207/3092
f 3263/4284/3168 3213/4287/3171 3214/4286/3170
f 3267/4692/3547 3274/4694/3549 3273/4695/3550
f 3266/5165/3934 3273/4695/3550 3272/4204/3091
f 3215/4202/3089 3265/4201/3088 3264/4203/3090
f 3214/5166/3170 3248/5197/3960 3249/5167/3935
f 3218/5168/3936 3220/4690/3545 3267/4692/3547
f 3217/5169/3937 3267/4692/3547 3266/5165/3934
f 3250/4200/3087 3216/4199/3086 3215/4202/3089
f 3218/5168/3936 3252/5170/3938 3209/4689/3544
f 3252/5170/3938 3218/5168/3936 3217/5169/3937
f 3250/4200/3087 3249/5167/3935 4001/5171/3939
f 3311/4195/3082 4043/5329/4059 4037/5173/3941
f 3821/5174/3942 3822/4190/3077 3829/5175/3943
f 3834/5177/3945 3827/5209/3972 3828/5178/3944
f 3840/5180/3947 3833/5208/3971 3834/5177/3945
f 3846/5182/3949 3839/5205/3969 3840/5180/3947
f 3796/5184/3951 3845/5204/3968 3846/5182/3949
f 3799/5186/3953 3798/5190/3957 3847/5183/3950
f 3799/5186/3953 3848/5187/3954 3849/5188/3955
f 3797/5185/3952 3846/5182/3949 3847/5183/3950
f 3841/5181/3948 3842/5191/3958 3849/5188/3955
f 3840/5180/3947 3841/5181/3948 3848/5187/3954
f 3834/5177/3945 3835/5179/3946 3842/5191/3958
f 3782/4194/3081 3784/4191/3078 3822/4190/3077
f 3786/4189/3075 3784/4191/3078 3313/4193/3080
f 3248/5194/3960 3247/4285/3169 4002/5195/3961
f 3248/5197/3960 4019/5320/3962 4001/5171/3939
f 3842/5191/3958 3835/5179/3946 3836/4184/3072
f 3836/4184/3072 3829/5199/3943 3786/4187/3075
f 3835/5179/3946 3828/5178/3944 3829/5199/3943
f 3316/4183/3071 3790/4182/3070 3788/4185/3073
f 3246/4288/3172 3245/4289/3173 4003/5200/3964
f 3246/4288/3172 4020/5201/3965 4002/5195/3961
f 3800/5189/3956 3849/5188/3955 3850/4180/3068
f 3850/4180/3068 3843/5198/3963 3790/4182/3070
f 3849/5188/3955 3842/5191/3958 3843/5198/3963
f 3318/4176/3064 3794/4177/3065 3792/4178/3066
f 3244/4290/3174 4004/5202/3966 4003/5200/3964
f 3243/5118/3181 4021/5321/3183 4004/5202/3966
f 3596/4305/3189 3597/4307/3191 3767/5109/3903
f 3319/4173/3061 3320/4300/3184 3595/4302/3186
f 3595/4302/3186 3596/4305/3189 3768/4172/3060
f 3796/5184/3951 3795/4175/3063 3844/5203/3967
f 3844/5203/3967 3795/4175/3063 3793/4174/3062
f 3789/4170/3058 3791/4169/3057 3768/4172/3060
f 3787/4978/3811 3789/4170/3058 3767/5109/3903
f 3845/5204/3968 3838/4168/3056 3839/5205/3969
f 3837/4166/3054 3838/4168/3056 3845/5204/3968
f 3787/4978/3811 3830/5206/3970 3837/4166/3054
f 3785/4977/3808 3823/5408/3812 3830/5206/3970
f 3832/4164/3052 3833/5208/3971 3840/5180/3947
f 3831/4167/3055 3832/4164/3052 3839/5205/3969
f 3830/5206/3970 3823/5408/3812 3824/4165/3053
f 3823/4979/3812 3816/4971/3805 3817/4980/3813
f 3833/5208/3971 3826/4162/3050 3827/5209/3972
f 3832/4164/3052 3825/4163/3051 3826/4162/3050
f 3825/4163/3051 3824/4165/3053 3817/5210/3813
f 3818/5211/3049 3817/4980/3813 3810/4982/3815
f 3828/5176/3944 3827/5409/3972 3820/4159/3047
f 3827/5209/3972 3826/4162/3050 3819/5212/3973
f 3818/5211/3049 3811/4984/3817 3812/5214/3048
f 3812/5214/3048 3811/4984/3817 3804/4983/3816
f 3821/5174/3942 3814/4158/3046 3815/5192/3959
f 3813/4157/3045 3814/4158/3046 3821/5174/3942
f 3805/5216/3819 3806/5217/3974 3813/4157/3045
f 3805/5216/3819 3774/4999/3818 3775/5000/3831
f 3782/4194/3081 3815/5192/3959 3808/4155/3043
f 3814/4158/3046 3807/4156/3044 3808/4155/3043
f 3806/5217/3974 3775/5000/3831 3776/4154/3042
f 3775/5000/3831 3032/4935/3770 3030/4934/3769
f 3780/5218/3975 3778/5219/3976 3310/4197/3084
f 3778/5219/3976 3780/5218/3975 3808/4155/3043
f 3028/4153/3041 3777/4152/3040 3776/4154/3042
f 3031/4932/3767 3029/4931/3766 3028/4153/3041
f 3778/5219/3976 3027/4151/3039 3026/4148/3036
f 4041/5220/3977 4024/4196/3083 3310/4197/3084
f 4022/5221/3978 4023/5222/2428 3081/4687/3542
f 4023/5222/2428 3987/5318/4055 3080/4682/3537
f 3874/5035/3855 3082/5037/3857 3025/4150/3038
f 3872/4929/3764 3874/5035/3855 3024/4149/3037
f 3024/4149/3037 3027/4151/3039 3028/4153/3041
f 4005/5223/3979 3978/5322/4057 3933/5224/3980
f 4116/5226/3183 4117/5410/3982 3975/5227/3183
f 3934/5229/3235 4006/5323/3235 3979/5088/3235
f 4072/5231/3983 4099/5294/4036 3937/5232/3984
f 4073/5234/3985 4100/5278/4026 3939/5235/3986
f 4009/5237/3988 3982/5134/3915 3941/5238/3989
f 4075/5240/3991 4102/5378/4095 3943/5241/3992
f 3983/4559/3426 3984/5244/3995 3944/5243/3994
f 3984/5244/3995 3985/4622/3488 3945/5245/3996
f 4101/5246/3997 4077/5379/4096 3945/5245/3996
f 4078/5248/3998 4072/5231/3983 3936/5233/3983
f 4079/5250/4000 4103/5380/4097 3948/5251/4001
f 4012/5253/4003 3988/5256/4006 3950/5254/4004
f 3988/5256/4006 4011/4879/3716 3948/5251/4001
f 4013/5257/4007 3989/5325/4010 3952/5258/4008
f 3989/5260/4010 4012/5253/4003 3949/5255/4005
f 4014/5262/4011 3990/5265/4014 3954/5263/4012
f 3990/5265/4014 3991/5267/4016 3955/5266/4015
f 3991/5267/4016 4013/5257/4007 3951/5259/4009
f 4084/5268/4017 4078/5248/3998 3946/5249/3999
f 4085/5270/4019 4084/5268/4017 3956/5269/4018
f 4086/5272/4021 4085/5270/4019 3957/5271/4020
f 3994/5072/3878 3995/5327/4056 3959/5274/4023
f 4088/5275/4024 4087/5381/4098 3959/5276/4023
f 4100/5278/4026 4107/5280/4028 3961/5279/4027
f 4107/5280/4028 4088/5275/4024 3960/5277/4025
f 4016/5087/3889 4014/5262/4011 3953/5264/4013
f 4089/5282/4029 4073/5234/3985 3938/5236/3987
f 3997/5284/3889 4006/5323/3235 3934/5229/3235
f 4108/5285/3235 4071/5330/3235 3935/5230/3235
f 4017/5286/3182 4010/4560/3427 3943/5241/3992
f 4090/5288/4030 4074/5382/4099 3941/5238/3989
f 3998/5290/4032 3999/5292/4034 3966/5291/4033
f 3999/5292/4034 4000/5137/3918 3967/5293/4035
f 4099/5294/4036 4092/5383/4100 3967/5293/4035
f 4093/5295/4037 4110/5384/4101 3969/5296/4038
f 3933/5224/3980 3978/5322/4057 4018/5172/3940
f 4094/5298/4040 4111/5385/4043 3971/5299/4041
f 4111/5301/4043 4093/5295/4037 3968/5297/4039
f 4095/5303/4044 4112/5306/4047 3973/5304/4045
f 4112/5306/4047 4094/5298/4040 3970/5300/4042
f 4096/5307/4048 4095/5303/4044 3972/5305/4046
f 4117/5309/3982 4096/5307/4048 3974/5308/4049
f 4022/5221/3978 4005/5223/3979 3932/5225/3981
f 3976/5311/4050 4114/5351/3977 4115/5312/4051
f 4115/5312/4051 4079/5250/4000 3947/5252/4002
f 3964/5228/3982 3975/5227/3183 4021/4299/3183
f 3936/5233/3983 3937/5232/3984 4007/5314/4052
f 3938/5236/3987 3939/5235/3986 4008/5315/4053
f 3942/5242/3993 3943/5241/3992 4010/4560/3427
f 4009/5316/3988 3940/5247/3990 3945/5245/3996
f 3986/5317/4054 3946/5249/3999 3936/5233/3983
f 3947/5252/4002 3948/5251/4001 4011/4879/3716
f 3956/5269/4018 3946/5249/3999 3986/5317/4054
f 3957/5271/4020 3956/5269/4018 3992/5068/3874
f 3958/5273/4022 3957/5271/4020 3993/5070/3876
f 3960/5277/4025 3959/5276/4023 3995/5319/4056
f 3939/5235/3986 3961/5279/4027 4015/5078/3883
f 3961/5279/4027 3960/5277/4025 3996/5075/3880
f 3963/5283/3234 3938/5236/3987 3981/4483/3356
f 3962/5281/3235 3935/5230/3235 3979/5088/3235
f 3965/5289/4031 3941/5238/3989 3982/5134/3915
f 3937/5232/3984 3967/5293/4035 4000/5137/3918
f 3968/5297/4039 3969/5296/4038 4018/5172/3940
f 3970/5300/4042 3971/5299/4041 4019/5196/3962
f 3971/5302/4041 3968/5297/4039 4001/5171/3939
f 3972/5305/4046 3973/5304/4045 4020/5201/3965
f 4020/5201/3965 3973/5304/4045 3970/5300/4042
f 3974/5308/4049 3972/5305/4046 4003/5200/3964
f 4021/5321/3183 3975/5310/3183 3974/5308/4049
f 4022/5221/3978 3976/5311/4050 3977/5313/2383
f 3977/5313/2383 3947/5252/4002 3987/5318/4055
f 3252/5170/3938 3251/4198/3085 3978/5322/4057
f 3343/5324/3487 3341/5132/3914 3982/5134/3915
f 3349/4556/3423 3347/4557/3424 3984/5244/3995
f 3347/4557/3424 3345/4520/3387 3985/4622/3488
f 3088/4678/3533 3086/4677/3532 3988/5256/4006
f 3086/4677/3532 3084/4683/3538 4011/4879/3716
f 3092/4671/3526 3090/4673/3528 3989/5325/4010
f 3090/5042/3528 3088/4678/3533 4012/5253/4003
f 3098/5051/3867 3096/4666/3521 3990/5265/4014
f 3096/4666/3521 3094/4668/3523 3991/5267/4016
f 3094/4668/3523 3092/4671/3526 4013/5257/4007
f 3994/5072/3878 3418/4372/3252 3419/5326/3881
f 3068/5084/3238 3098/5051/3867 4014/5262/4011
f 3069/4357/3238 3068/5084/3238 4006/5323/3235
f 3322/4295/3179 3351/4558/3425 4010/4560/3427
f 3339/4252/3137 3337/4251/3136 3999/5292/4034
f 3337/4251/3136 3332/4247/3132 4000/5137/3918
f 3978/5322/4057 3251/4198/3085 3250/4200/3087
f 3209/4689/3544 3252/5170/3938 4005/5223/3979
f 4097/5328/4058 4070/5350/4075 4043/5329/4059
f 4025/5086/3235 4098/5386/3235 4071/5330/3235
f 4101/5331/3997 4074/5382/4099 4047/4518/3385
f 4075/5240/3991 4076/5334/4062 4049/4607/3474
f 4076/5334/4062 4077/5379/4096 4050/4619/3486
f 4104/5335/4063 4080/5336/4064 4053/5040/3860
f 4080/5336/4064 4103/5380/4097 4030/5337/4065
f 4105/5338/4066 4081/5387/4067 4054/5339/3862
f 4081/5340/4067 4104/5335/4063 4031/5039/3859
f 4106/5341/4068 4082/5342/4069 4055/5049/3865
f 4082/5342/4069 4083/5343/4070 4056/5050/3866
f 4083/5343/4070 4105/5338/4066 4032/5043/3861
f 4086/5272/4021 4087/5388/4098 4060/5344/4071
f 4108/5285/3235 4106/5341/4068 4033/5048/3864
f 4089/5282/4029 4098/5386/3235 4025/5086/3235
f 4116/5346/3183 4102/5378/4095 4029/5347/4072
f 4090/5288/4030 4091/5349/4074 4064/5135/3916
f 4091/5349/4074 4092/5383/4100 4065/5136/3917
f 4070/5350/4075 4110/5384/4101 4037/5173/3941
f 4114/5351/3977 4097/5328/4058 4024/4196/3083
f 4119/5352/3982 4118/5116/3183 3320/4300/3184
f 4118/5116/3183 3321/5113/3907 3320/4300/3184
f 3352/5353/4076 3334/4385/3264 4026/5354/4077
f 3670/4439/3316 3669/4441/3318 4027/5356/4078
f 3348/4606/3473 3350/4605/3472 4029/5347/4072
f 3342/4620/3384 3344/4604/3471 4050/4619/3486
f 3662/4453/3329 3352/5353/4076 4045/5355/2177
f 3082/5037/3857 3083/4881/3718 4030/5337/4065
f 3663/4476/3351 3662/4453/3329 4051/5359/4080
f 3664/5362/4083 3663/4476/3351 4057/5361/4082
f 3665/4450/3326 3664/5362/4083 4058/5363/4084
f 3667/4445/3322 3666/5394/3353 4060/5364/4071
f 3669/4441/3318 3668/4482/3355 4034/5366/4086
f 3668/4482/3355 3667/4445/3322 4061/5365/4085
f 3070/4353/3234 3670/4439/3316 4046/5357/4079
f 3067/5028/3238 3066/4355/3236 4044/4354/3235
f 3338/4516/3383 3340/4515/3382 4047/4518/3385
f 3334/4385/3264 3335/4387/3266 4065/5136/3917
f 3313/4193/3080 3312/4192/3079 4037/5173/3941
f 3315/4186/3074 3314/4188/3076 4038/5368/4088
f 3314/5193/3076 3313/4193/3080 4066/5367/4087
f 3317/4181/3069 3316/4183/3071 4039/5371/4090
f 3316/4183/3071 3315/4186/3074 4067/5369/4089
f 3318/4176/3064 3317/4181/3069 4068/5372/4091
f 3319/4173/3061 3318/4176/3064 4069/5373/4092
f 4041/5220/3977 3026/4148/3036 3025/4150/3038
f 3025/4150/3038 3082/5037/3857 4052/5360/4081
f 4109/5411/4102 4120/5412/4102 4113/5413/4102
f 4045/5355/2177 4026/5354/4077 4099/5294/4036
f 4046/5357/4079 4027/5356/4078 4100/5278/4026
f 4048/5333/4061 4029/5347/4072 4102/5378/4095
f 4028/5358/4060 4050/4619/3486 4077/5379/4096
f 4051/5359/4080 4045/5355/2177 4072/5231/3983
f 4052/5360/4081 4030/5337/4065 4103/5380/4097
f 4057/5361/4082 4051/5359/4080 4078/5248/3998
f 4058/5363/4084 4057/5361/4082 4084/5268/4017
f 4059/5073/3879 4058/5363/4084 4085/5270/4019
f 4061/5365/4085 4060/5364/4071 4087/5381/4098
f 4027/5356/4078 4034/5366/4086 4107/5280/4028
f 4034/5366/4086 4061/5365/4085 4088/5275/4024
f 4062/5085/3234 4046/5357/4079 4073/5234/3985
f 4035/5345/4029 4044/4354/3235 4071/5330/3235
f 4063/5348/4073 4047/4518/3385 4074/5382/4099
f 4026/5354/4077 4065/5136/3917 4092/5383/4100
f 4066/5367/4087 4037/5173/3941 4110/5384/4101
f 4067/5369/4089 4038/5368/4088 4111/5385/4043
f 4038/5370/4088 4066/5367/4087 4093/5295/4037
f 4068/5372/4091 4039/5371/4090 4112/5306/4047
f 4039/5371/4090 4067/5369/4089 4094/5298/4040
f 4069/5373/4092 4068/5372/4091 4095/5303/4044
f 4119/5352/3982 4069/5373/4092 4096/5307/4048
f 4114/5351/3977 4041/5220/3977 4042/5374/2381
f 4042/5374/2381 4052/5360/4081 4079/5250/4000
f 3932/5225/3981 3933/5224/3980 4070/5350/4075
f 4098/5386/3235 3934/5229/3235 3935/5230/3235
f 3940/5239/3990 3941/5238/3989 4074/5382/4099
f 3942/5242/3993 3944/5243/3994 4076/5334/4062
f 3944/5243/3994 3945/5245/3996 4077/5379/4096
f 3949/5255/4005 3950/5254/4004 4080/5336/4064
f 3950/5254/4004 3948/5251/4001 4103/5380/4097
f 3951/5259/4009 3952/5258/4008 4081/5387/4067
f 3952/5261/4008 3949/5255/4005 4104/5335/4063
f 3953/5264/4013 3954/5263/4012 4082/5342/4069
f 3954/5263/4012 3955/5266/4015 4083/5343/4070
f 3955/5266/4015 3951/5259/4009 4105/5338/4066
f 3958/5273/4022 3959/5274/4023 4087/5388/4098
f 3962/5281/3235 3953/5264/4013 4106/5341/4068
f 3963/5283/3234 3934/5229/3235 4098/5386/3235
f 3964/5287/3982 3943/5241/3992 4102/5378/4095
f 3965/5289/4031 3966/5291/4033 4091/5349/4074
f 3966/5291/4033 3967/5293/4035 4092/5383/4100
f 3933/5224/3980 3969/5296/4038 4110/5384/4101
f 3976/5311/4050 3932/5225/3981 4097/5328/4058
f 4113/5414/3982 4116/5346/3183 4109/5415/3982
f 4109/5415/3982 4118/5116/3183 4036/5416/3982
f 4036/5416/3982 4119/5352/3982 4040/5417/3982
f 4113/5414/3982 4119/5352/3982 4117/5309/3982
f 4121/5418/3982 4120/5419/3982 4122/5420/3982
f 4121/5418/3982 4123/5421/3982 4120/5419/3982
f 4036/5422/4103 4122/5423/4104 4109/5424/4104
f 4040/5425/4105 4121/5426/4105 4036/5427/4105
f 4113/5375/4093 4120/5428/4093 4123/5376/4094
f 4109/5411/4102 4122/5429/4102 4120/5412/4102
f 4113/5414/3982 4117/5309/3982 4116/5346/3183
f 4109/5415/3982 4116/5346/3183 4118/5116/3183
f 4036/5416/3982 4118/5116/3183 4119/5352/3982
f 4113/5414/3982 4040/5417/3982 4119/5352/3982
f 4036/5422/4103 4121/5430/4103 4122/5423/4104
f 4040/5425/4105 4123/5431/4105 4121/5426/4105
