# Blender 4.0.0
# www.blender.org
o Microwave035_Disc001
v -0.22231900 0.09779900 -0.14381550
v -0.22945600 0.08343500 -0.14381550
v -0.24024600 0.05059200 -0.14381550
v -0.24442200 0.01627500 -0.14381550
v -0.24182200 -0.01819700 -0.14381550
v -0.23254700 -0.05149900 -0.14381550
v -0.21695300 -0.08235200 -0.14381550
v -0.19563900 -0.10957000 -0.14381550
v -0.16942500 -0.13210600 -0.14381550
v -0.13931800 -0.14909500 -0.14381550
v -0.10647500 -0.15988400 -0.14381550
v -0.07215800 -0.16405900 -0.14381550
v -0.03768600 -0.16145700 -0.14381550
v -0.00438400 -0.15218100 -0.14381550
v 0.02646800 -0.13658500 -0.14381550
v -0.22461900 0.09923800 -0.14303050
v 0.04317000 -0.12802100 -0.14303050
v -0.22675400 0.10057500 -0.14175350
v 0.04463100 -0.13007300 -0.14175350
v -0.22864900 0.10176100 -0.14002850
v 0.04592800 -0.13189400 -0.14002850
v -0.23643700 0.08608600 -0.14002850
v -0.24761000 0.05183000 -0.14002850
v -0.25188600 0.01605300 -0.14002850
v -0.24910000 -0.01987100 -0.14002850
v -0.23935800 -0.05456100 -0.14002850
v -0.22303500 -0.08668400 -0.14002850
v -0.20076000 -0.11500500 -0.14002850
v -0.17338700 -0.13843600 -0.14002850
v -0.14196900 -0.15607700 -0.14002850
v -0.10771300 -0.16724900 -0.14002850
v -0.07193500 -0.17152300 -0.14002850
v -0.03601100 -0.16873500 -0.14002850
v 0.01561700 -0.15137600 -0.14002850
v -0.20266300 0.12623700 -0.14381550
v -0.18123600 0.14408700 -0.14407950
v 0.05367400 -0.11528100 -0.14381550
v -0.20463800 0.12809700 -0.14303050
v 0.05564900 -0.11714200 -0.14303050
v -0.20647100 0.12982400 -0.14175350
v 0.05748200 -0.11886900 -0.14175350
v -0.20809900 0.13135800 -0.14002850
v 0.05911000 -0.12040200 -0.14002850
v -0.23858500 0.06703600 -0.14303050
v -0.24600100 0.03272700 -0.14303050
v -0.24658000 -0.00236900 -0.14303050
v -0.24030200 -0.03690400 -0.14303050
v -0.22740600 -0.06955100 -0.14303050
v -0.20838900 -0.09905400 -0.14303050
v -0.18398200 -0.12428000 -0.14303050
v -0.15512200 -0.14425900 -0.14303050
v -0.12291900 -0.15822400 -0.14303050
v -0.08860900 -0.16563800 -0.14303050
v -0.05351300 -0.16621600 -0.14303050
v -0.01897900 -0.15993600 -0.14303050
v 0.01366700 -0.14703900 -0.14303050
v -0.23434600 0.08529200 -0.14175350
v -0.24540500 0.05146000 -0.14175350
v -0.24965100 0.01611900 -0.14175350
v -0.24692000 -0.01937000 -0.14175350
v -0.23731800 -0.05364400 -0.14175350
v -0.22121400 -0.08538700 -0.14175350
v -0.19922700 -0.11337800 -0.14175350
v -0.17220100 -0.13654100 -0.14175350
v -0.14117500 -0.15398600 -0.14175350
v -0.10734200 -0.16504400 -0.14175350
v -0.07200200 -0.16928800 -0.14175350
v -0.03651300 -0.16655600 -0.14175350
v 0.01470000 -0.14933600 -0.14175350
v 0.09428700 -0.07847300 -0.13754050
v -0.18344700 0.15819000 -0.13755350
v 0.10289700 -0.06264300 -0.13730950
v 0.11416700 -0.02793200 -0.13731450
v 0.11850100 0.00840500 -0.13731450
v 0.11562700 0.04508700 -0.13731450
v 0.10576000 0.08011800 -0.13731450
v 0.08906700 0.11290800 -0.13731350
v 0.06647100 0.14156300 -0.13731450
v 0.03857500 0.16540100 -0.13731350
v 0.00662800 0.18329500 -0.13731150
v -0.02816300 0.19457500 -0.13731350
v -0.06440300 0.19887100 -0.13731150
v -0.10078700 0.19602400 -0.13731350
v 0.07348500 -0.10839300 -0.13754150
v -0.19737500 0.14693800 -0.13731150
v 0.09478000 -0.07890000 -0.13731450
v 0.07387000 -0.10893100 -0.13731450
v 0.10946600 -0.04527200 -0.13731250
v 0.11727400 -0.00965600 -0.13730950
v 0.11798100 0.02707100 -0.13730950
v 0.11149300 0.06309000 -0.13730950
v 0.09799400 0.09709900 -0.13732350
v 0.07828200 0.12806900 -0.13730950
v 0.05287200 0.15421300 -0.13732350
v 0.02281500 0.17526700 -0.13731150
v -0.01074900 0.18988900 -0.13730950
v -0.04649900 0.19765900 -0.13731150
v -0.08283300 0.19834500 -0.13730950
v -0.11887100 0.19188700 -0.13731150
v -0.15293600 0.17855000 -0.13730950
v -0.18385500 0.15871700 -0.13730950
v -0.21012300 0.13340400 -0.13731350
v 0.09743800 0.09683700 -0.13763550
v 0.05245900 0.15375700 -0.13763450
v -0.15278400 0.17788500 -0.13753950
v 0.08443200 -0.09421600 -0.13754050
v 0.10226600 -0.06244000 -0.13753050
v 0.11355700 -0.02773000 -0.13754050
v 0.11786300 0.00848300 -0.13754050
v 0.11503200 0.04478500 -0.13753950
v 0.10514100 0.07994700 -0.13753950
v 0.08863300 0.11240100 -0.13753950
v 0.06604700 0.14107100 -0.13755350
v 0.03836800 0.16476600 -0.13753950
v 0.00656400 0.18261200 -0.13753950
v -0.02811100 0.19391000 -0.13753950
v -0.06435600 0.19821200 -0.13755350
v -0.10074000 0.19538300 -0.13753950
v -0.13584400 0.18550100 -0.13753950
v 0.08855000 -0.07499700 -0.13343250
v -0.17939300 0.15247700 -0.13451050
v 0.08827600 -0.07450600 -0.13492250
v -0.17915100 0.15213700 -0.13529150
v 0.08750700 -0.07422900 -0.13597650
v -0.17882500 0.15167900 -0.13597650
v 0.08652700 -0.07373000 -0.13680450
v -0.17838600 0.15072900 -0.13675950
v 0.09230200 -0.05862100 -0.13728350
v 0.10326300 -0.02567900 -0.13725550
v 0.10479100 0.04204900 -0.13726950
v 0.09563200 0.07508800 -0.13728350
v 0.08002600 0.10633800 -0.13725650
v 0.05879600 0.13340600 -0.13727250
v 0.03273700 0.15587000 -0.13725650
v 0.00285600 0.17299200 -0.13721350
v -0.02991000 0.18351800 -0.13726850
v -0.06363200 0.18764800 -0.13726950
v -0.09874100 0.18503800 -0.13726350
v 0.06863000 -0.10376200 -0.13340450
v 0.05591900 -0.11726200 -0.13343250
v 0.07872100 -0.09067300 -0.13347250
v 0.09595600 -0.06011300 -0.13343250
v 0.10693700 -0.02658800 -0.13347250
v 0.11115400 0.00824800 -0.13343750
v 0.10848900 0.04333700 -0.13337150
v 0.09900300 0.07721500 -0.13347150
v 0.08316000 0.10852900 -0.13340450
v 0.06146700 0.13619300 -0.13340450
v 0.03476700 0.15911200 -0.13342550
v 0.00404500 0.17639700 -0.13343150
v -0.02930700 0.18730900 -0.13343650
v -0.06420800 0.19151900 -0.13343650
v -0.09926000 0.18883800 -0.13343650
v -0.13313900 0.17936000 -0.13345350
v -0.16449400 0.16346600 -0.13345350
v -0.19215200 0.14175800 -0.13340350
v 0.06836100 -0.10360200 -0.13451050
v -0.19187900 0.14159300 -0.13451050
v -0.19157500 0.14130600 -0.13529150
v 0.06774800 -0.10329400 -0.13566250
v -0.19086100 0.14082100 -0.13625850
v 0.06715000 -0.10246100 -0.13653950
v 0.06658100 -0.10192500 -0.13695650
v -0.19009800 0.13991500 -0.13695650
v -0.18960700 0.13882200 -0.13727350
v 0.08553900 -0.07275200 -0.13724150
v 0.06600500 -0.10109800 -0.13724150
v 0.09911700 -0.04134400 -0.13723950
v 0.10689100 0.02652800 -0.13724150
v 0.10074000 0.06039800 -0.13724050
v 0.08801900 0.09260900 -0.13723950
v 0.06946800 0.12123100 -0.13725550
v 0.04520700 0.14636900 -0.13724050
v -0.01455800 0.17945000 -0.13724250
v -0.04820900 0.18668700 -0.13724150
v -0.08262700 0.18725400 -0.13723950
v -0.11668900 0.18099000 -0.13724050
v -0.14867800 0.16827400 -0.13724050
v -0.17741700 0.14970200 -0.13723950
v -0.20225900 0.12557100 -0.13724050
v 0.10971600 -0.00825100 -0.13451050
v 0.11029500 0.02683800 -0.13451050
v 0.09112600 0.09400600 -0.13451050
v 0.01885900 0.16870100 -0.13451050
v -0.01333700 0.18266500 -0.13451050
v -0.04763900 0.19007900 -0.13450950
v -0.11725600 0.18438200 -0.13450950
v -0.14989600 0.17148900 -0.13451050
v 0.10930400 -0.00818200 -0.13529150
v 0.10987800 0.02682500 -0.13529150
v 0.10380600 0.06139400 -0.13496050
v 0.09074500 0.09383400 -0.13529150
v 0.07186600 0.12353900 -0.13492150
v 0.04746200 0.14871200 -0.13492150
v -0.01348500 0.18227400 -0.13529150
v -0.08289500 0.19047200 -0.13492250
v -0.11716200 0.18397500 -0.13529150
v 0.09447200 -0.05959200 -0.13625850
v 0.09023200 0.09360400 -0.13597650
v 0.04704000 0.14801200 -0.13597650
v 0.01833400 0.16823100 -0.13566250
v -0.04763800 0.18943500 -0.13562250
v -0.08269900 0.18967900 -0.13597650
v -0.14962000 0.17087600 -0.13565550
v 0.10838800 -0.00811800 -0.13631850
v 0.10901700 0.02656400 -0.13629250
v 0.10281700 0.06084800 -0.13629250
v 0.07120300 0.12256500 -0.13629150
v 0.04657000 0.14751300 -0.13653850
v 0.01797600 0.16729000 -0.13653850
v -0.01391600 0.18152600 -0.13625850
v -0.04791500 0.18843700 -0.13653850
v -0.11704200 0.18305600 -0.13631750
v -0.14921300 0.16997100 -0.13653850
v 0.09342100 -0.05904700 -0.13695650
v 0.10799300 0.00863200 -0.13712750
v 0.08089400 0.10695600 -0.13695650
v 0.03330300 0.15677300 -0.13695650
v -0.06409100 0.18876600 -0.13695650
v -0.09860800 0.18616100 -0.13695650
v -0.14889300 0.16925800 -0.13695650
v 0.03517100 -0.14884600 -0.13557750
v -0.22520600 0.12152500 -0.13557650
v 0.03489500 -0.14847200 -0.13648250
v -0.22485000 0.12124900 -0.13646150
v 0.03446100 -0.14793600 -0.13704450
v -0.22425800 0.12094100 -0.13702250
v 0.01793200 -0.15656600 -0.13727850
v -0.05306000 -0.17664900 -0.13727850
v -0.16083600 -0.15299700 -0.13728250
v -0.19116600 -0.13188200 -0.13727750
v -0.23701500 -0.07368000 -0.13727750
v -0.25628400 0.03463200 -0.13727750
v -0.21363700 0.13655400 -0.13535350
v -0.21341500 0.13643200 -0.13612650
v -0.21301900 0.13599300 -0.13681950
v -0.21235000 0.13536400 -0.13726650
v 0.03389100 -0.14740200 -0.13728550
v 0.00099500 -0.16418300 -0.13728150
v -0.03454700 -0.17421500 -0.13728550
v -0.07178100 -0.17720600 -0.13728150
v -0.10887500 -0.17278100 -0.13728550
v -0.14400200 -0.16138600 -0.13728150
v -0.17639500 -0.14321300 -0.13728650
v -0.20480000 -0.11895900 -0.13728550
v -0.22776900 -0.08977400 -0.13728550
v -0.24458800 -0.05727400 -0.13726450
v -0.25484200 -0.02117700 -0.13726150
v -0.25755600 0.01590000 -0.13728450
v -0.25317400 0.05278200 -0.13728550
v -0.24181700 0.08797700 -0.13727750
v -0.22362200 0.12054300 -0.13727650
v -0.03442300 -0.17613000 -0.13557650
v -0.07176800 -0.17908000 -0.13559550
v -0.17741000 -0.14483400 -0.13561550
v -0.22917900 -0.09110300 -0.13559650
v -0.25945200 0.01574700 -0.13557550
v -0.25508500 0.05305700 -0.13556050
v -0.10890400 -0.17451400 -0.13608950
v -0.14455500 -0.16294700 -0.13613150
v -0.20587200 -0.12028200 -0.13611150
v -0.24607300 -0.05755200 -0.13611150
v -0.25625200 -0.02158900 -0.13611050
v -0.24333000 0.08867300 -0.13608950
v 0.01845200 -0.15772000 -0.13663850
v -0.03441800 -0.17565900 -0.13648250
v -0.07164200 -0.17862600 -0.13648150
v -0.10888000 -0.17409700 -0.13663850
v -0.14445000 -0.16256600 -0.13663850
v -0.17719400 -0.14441200 -0.13649850
v -0.20553600 -0.12005100 -0.13663850
v -0.22879600 -0.09081600 -0.13649850
v -0.25898500 0.01595500 -0.13648150
v -0.25460900 0.05304100 -0.13648250
v -0.24292600 0.08856800 -0.13663850
v 0.01813200 -0.15727500 -0.13705250
v -0.24559900 -0.05722000 -0.13679650
v -0.25574700 -0.02131400 -0.13677950
v -0.01660400 -0.17032900 -0.13725650
v -0.09006500 -0.17616400 -0.13725950
v -0.12672600 -0.16820300 -0.13724950
v -0.21689300 -0.10545900 -0.13725250
v -0.25061000 -0.03956600 -0.13725250
v -0.25725700 -0.00237000 -0.13725250
v -0.24236900 0.08852000 -0.13704350
v 0.05030000 -0.13807300 -0.13557650
v 0.01870000 -0.15831500 -0.13536950
v -0.01627200 -0.17198600 -0.13536650
v -0.05325600 -0.17854200 -0.13557650
v -0.09064000 -0.17781500 -0.13537750
v -0.12731400 -0.16975900 -0.13537250
v -0.16168000 -0.15469400 -0.13557650
v -0.19248000 -0.13321500 -0.13556050
v -0.21845100 -0.10620100 -0.13539550
v -0.23865100 -0.07464400 -0.13536550
v -0.25232900 -0.03968800 -0.13537650
v -0.25892100 -0.00274100 -0.13536850
v -0.25816200 0.03469000 -0.13557550
v -0.25010800 0.07147800 -0.13536650
v -0.23506700 0.10581100 -0.13538550
v 0.06462200 -0.12562000 -0.13536950
v 0.06442100 -0.12547300 -0.13612650
v 0.06406900 -0.12501400 -0.13680950
v 0.03391700 -0.14740100 -0.12978650
v 0.03446100 -0.14793600 -0.13002450
v -0.22425800 0.12094200 -0.13004450
v 0.03489500 -0.14847200 -0.13058650
v -0.22485000 0.12125000 -0.13060650
v 0.01875900 -0.15828500 -0.13170150
v -0.01620800 -0.17196800 -0.13169950
v -0.09070100 -0.17780800 -0.13169150
v -0.12731600 -0.16976600 -0.13173250
v -0.21845700 -0.10620600 -0.13170450
v -0.23869500 -0.07455700 -0.13170150
v -0.25235000 -0.03961300 -0.13170150
v -0.25892600 -0.00267600 -0.13170150
v 0.07609800 -0.11063000 -0.12978550
v 0.04921400 -0.13653500 -0.12978650
v 0.01792300 -0.15654600 -0.12978550
v -0.01660400 -0.17032900 -0.12981150
v -0.05302800 -0.17662600 -0.12978650
v -0.09006500 -0.17616400 -0.12980950
v -0.12671900 -0.16818400 -0.12981150
v -0.16066200 -0.15307900 -0.12978550
v -0.19115300 -0.13186800 -0.12978650
v -0.21701200 -0.10494000 -0.12978550
v -0.23701100 -0.07364200 -0.12978550
v -0.25058300 -0.03958700 -0.12980850
v -0.25723900 -0.00234300 -0.12980850
v -0.25626000 0.03466200 -0.12978550
v -0.24854500 0.07083600 -0.12981150
v -0.23354300 0.10461800 -0.12978550
v -0.21236100 0.13537400 -0.12980550
v 0.06312900 -0.12466500 -0.12980350
v 0.06406900 -0.12501400 -0.13025850
v 0.06442100 -0.12547300 -0.13094150
v -0.24460900 -0.05726200 -0.12980850
v -0.25485700 -0.02118000 -0.12981150
v -0.03453000 -0.17498200 -0.13002450
v -0.07185600 -0.17795700 -0.13003850
v -0.10874100 -0.17356500 -0.13001550
v -0.14418100 -0.16212800 -0.13003750
v -0.17675800 -0.14390100 -0.13002450
v -0.20521300 -0.11962300 -0.13002450
v -0.22830400 -0.09034500 -0.13002450
v -0.25832400 0.01578100 -0.13003750
v -0.25390000 0.05301400 -0.13001550
v -0.24236900 0.08852000 -0.13002450
v 0.01845200 -0.15772000 -0.13042950
v -0.03446900 -0.17550900 -0.13042950
v -0.10888000 -0.17409700 -0.13042950
v -0.14445000 -0.16256600 -0.13042950
v -0.20553600 -0.12005100 -0.13042950
v -0.22870400 -0.09070100 -0.13042950
v -0.24559900 -0.05722100 -0.13027150
v -0.25574700 -0.02131400 -0.13028850
v -0.24292600 0.08856800 -0.13042950
v 0.01858100 -0.15811800 -0.13097850
v -0.07164200 -0.17862600 -0.13058650
v -0.17719400 -0.14441200 -0.13057050
v -0.25898500 0.01595500 -0.13058650
v -0.25460900 0.05304100 -0.13058550
v -0.05315400 -0.17853500 -0.13149150
v -0.16158900 -0.15474400 -0.13149250
v -0.19247000 -0.13320700 -0.13147250
v -0.25815100 0.03479100 -0.13149150
v -0.24333000 0.08867300 -0.13097850
v -0.21301800 0.13599300 -0.13024750
v -0.21341500 0.13643200 -0.13094150
v -0.21363100 0.13655000 -0.13168050
v 0.02822500 -0.13907600 -0.13167350
v 0.02833700 -0.13929800 -0.13093750
v -0.21526600 0.11524200 -0.13097850
v -0.21559000 0.11549800 -0.13042950
v 0.02878600 -0.13966300 -0.13027150
v -0.21600500 0.11582800 -0.13002350
v -0.01830200 -0.16207900 -0.12978650
v -0.05345700 -0.16847900 -0.12978550
v -0.12354400 -0.16038300 -0.12978650
v -0.18567500 -0.12578800 -0.12978650
v -0.21034300 -0.10020300 -0.12978550
v -0.22944800 -0.07046300 -0.12978650
v -0.24884400 -0.00224200 -0.12978550
v -0.24819600 0.03329200 -0.12978550
v 0.04336400 -0.12828900 -0.13169950
v 0.01380400 -0.14733700 -0.13171550
v -0.01893200 -0.16026300 -0.13171550
v -0.05341900 -0.16656400 -0.13149250
v -0.08864400 -0.16596800 -0.13169150
v -0.12299900 -0.15854600 -0.13170150
v -0.15526200 -0.14455900 -0.13170150
v -0.18419100 -0.12453600 -0.13169050
v -0.20863200 -0.09927900 -0.13170150
v -0.22771000 -0.06973800 -0.13147150
v -0.24061800 -0.03700400 -0.13169050
v -0.24691500 -0.00232700 -0.13170150
v -0.24634100 0.03278700 -0.13153650
v -0.23889900 0.06713800 -0.13169850
v -0.22490700 0.09939900 -0.13169850
v 0.05597500 -0.11731900 -0.13149250
v -0.20534700 0.12876500 -0.13042950
v -0.20565500 0.12918800 -0.13003750
v -0.20626600 0.12963100 -0.12978650
v 0.02893800 -0.14064200 -0.12980950
v -0.00236700 -0.15670000 -0.12978650
v -0.03639700 -0.16626100 -0.12978650
v -0.07202900 -0.16878700 -0.12981150
v -0.10730600 -0.16476300 -0.12978650
v -0.14109300 -0.15374300 -0.12978550
v -0.17222200 -0.13619800 -0.12978650
v -0.19918000 -0.11303800 -0.12978550
v -0.22081000 -0.08509000 -0.12981150
v -0.23700500 -0.05370700 -0.12978550
v -0.24643300 -0.01925200 -0.12981150
v -0.24937800 0.01632300 -0.12978550
v -0.24509800 0.05160500 -0.12978550
v -0.23403000 0.08482500 -0.12980850
v -0.21656100 0.11633200 -0.12978550
v -0.00309600 -0.15497400 -0.13147250
v -0.03691700 -0.16443200 -0.13149250
v -0.14040800 -0.15196200 -0.13149150
v -0.17101900 -0.13473300 -0.13147150
v -0.07202300 -0.16734700 -0.13094150
v -0.10703800 -0.16311800 -0.13095650
v -0.19795600 -0.11189200 -0.13095650
v -0.21967700 -0.08417900 -0.13095650
v -0.23551800 -0.05287900 -0.13097850
v -0.24500700 -0.01896300 -0.13097050
v -0.24771600 0.01621800 -0.13093750
v -0.24350200 0.05105500 -0.13095650
v -0.23255900 0.08452300 -0.13095650
v 0.01417400 -0.14803200 -0.13028850
v -0.03696200 -0.16489700 -0.13060650
v -0.10709600 -0.16351800 -0.13042950
v -0.14052600 -0.15240100 -0.13060650
v -0.17134700 -0.13508500 -0.13057050
v -0.19817300 -0.11224800 -0.13042950
v -0.23591200 -0.05300600 -0.13042950
v -0.24810700 0.01616900 -0.13042950
v -0.24388100 0.05120600 -0.13042950
v -0.07205500 -0.16790400 -0.13027550
v -0.22003800 -0.08462500 -0.13028850
v -0.24556600 -0.01898300 -0.13028850
v -0.23300300 0.08491000 -0.13027150
v 0.01448300 -0.14888500 -0.12981150
v -0.08863300 -0.16768800 -0.12980950
v -0.15619900 -0.14596500 -0.12981150
v -0.24238100 -0.03704400 -0.12980850
v -0.20503800 0.12852600 -0.13093650
v 0.05619600 -0.11773100 -0.13060650
v 0.05676300 -0.11813100 -0.13003150
v -0.05483600 0.01728000 -0.14408050
v -0.07917300 -0.02004600 -0.14408750
v -0.07038700 -0.00185900 -0.14408050
v -0.04651400 -0.00933800 -0.14409150
v -0.07937600 0.00808200 -0.14408050
v -0.07911500 0.02121800 -0.14408050
v 0.06373000 0.12534100 -0.14407950
v 0.07021300 -0.09283800 -0.14408050
v -0.07682800 0.00410600 -0.14408950
v -0.08246600 0.00885300 -0.14409150
v -0.07226800 0.02340200 -0.14408950
v -0.05630900 0.01443200 -0.14409050
v -0.05677400 0.00869600 -0.14408750
v -0.05792500 0.00137500 -0.14409050
v 0.08745800 -0.09592200 -0.13727850
v 0.04748800 -0.13434400 -0.13731050
v -0.21505300 0.11504700 -0.13343250
v -0.18658000 0.16254900 -0.13539550
v 0.08900400 -0.09701800 -0.13170150
v 0.08022100 -0.09157900 -0.12981150
v -0.18533600 0.16136100 -0.12980850
v 0.04086800 -0.12535800 -0.13725550
v -0.13315000 0.17941700 -0.13170150
v -0.09925500 0.18889600 -0.13169850
v -0.06419300 0.19157400 -0.13169850
v -0.02931100 0.18736700 -0.13170150
v 0.00410900 0.17643000 -0.13170150
v 0.03479600 0.15915800 -0.13167250
v 0.06149100 0.13624500 -0.13168150
v 0.11121100 0.00825400 -0.13169050
v 0.10699400 -0.02661000 -0.13171550
v 0.07877900 -0.09069500 -0.13171650
v -0.17978400 0.15294300 -0.13094150
v 0.07899900 -0.09080300 -0.13095750
v -0.18004500 0.15346900 -0.13025850
v 0.07949600 -0.09104400 -0.13028850
v -0.18085300 0.15396300 -0.12980850
v -0.11795100 0.18655300 -0.12978550
v -0.08298700 0.19292400 -0.12978550
v -0.01234600 0.18473800 -0.12978550
v 0.01990200 0.17072800 -0.12978550
v 0.04913100 0.15050900 -0.12978550
v 0.07409000 0.12467600 -0.12978550
v 0.09311900 0.09511200 -0.12978550
v 0.11256300 0.02690500 -0.12978650
v 0.08320900 0.10860400 -0.13145250
v 0.09908500 0.07722100 -0.13153650
v 0.10857300 0.04331300 -0.13147250
v 0.09603100 -0.06013900 -0.13149250
v -0.09934000 0.18913000 -0.13094150
v -0.06422700 0.19180500 -0.13097850
v -0.02913900 0.18757500 -0.13095650
v 0.00431800 0.17660000 -0.13095650
v 0.03489700 0.15939000 -0.13093750
v 0.06158300 0.13649000 -0.13095650
v 0.11146900 0.00829200 -0.13092250
v 0.10722800 -0.02667500 -0.13095650
v -0.15034700 0.17256500 -0.13027050
v -0.02915700 0.18799100 -0.13042950
v 0.00438200 0.17701200 -0.13042950
v 0.03513500 0.15970000 -0.13042950
v 0.08361400 0.10884300 -0.13056950
v 0.09949300 0.07740500 -0.13061850
v 0.10900700 0.04347300 -0.13058550
v 0.09650900 -0.06020200 -0.13058650
v -0.09941800 0.18968200 -0.13027550
v -0.06415700 0.19236000 -0.13028050
v 0.06204900 0.13681500 -0.13027050
v 0.11201400 0.00830800 -0.13027550
v 0.10776000 -0.02687400 -0.13027150
v -0.15045500 0.17352800 -0.12980850
v -0.04762100 0.19216100 -0.12980850
v 0.10601600 0.06182600 -0.12981150
v 0.11179800 -0.00827000 -0.12980850
v 0.09720500 -0.06032100 -0.13002450
v -0.13743600 0.18856900 -0.12978550
v -0.10151700 0.19874900 -0.12978550
v -0.02741300 0.19727600 -0.12978550
v 0.00755400 0.18593000 -0.12978550
v 0.04030100 0.16760800 -0.12978550
v 0.09130000 0.11460900 -0.12978550
v 0.10829000 0.08136500 -0.12978650
v 0.12130700 0.00878000 -0.12978550
v 0.11696400 -0.02830000 -0.12978650
v 0.10541100 -0.06380200 -0.12978550
v 0.08746000 -0.09588400 -0.12978550
v -0.18621300 0.16182400 -0.13027150
v 0.08793700 -0.09646500 -0.13001550
v 0.08843100 -0.09671700 -0.13042950
v -0.18641000 0.16236900 -0.13093750
v 0.08875500 -0.09697300 -0.13097850
v -0.18658400 0.16255600 -0.13170350
v -0.15493700 0.18279700 -0.13170250
v -0.12003900 0.19643900 -0.13169550
v -0.08315400 0.20302700 -0.13170150
v -0.04561000 0.20229200 -0.13171450
v -0.00893700 0.19423100 -0.13168150
v 0.02539200 0.17921300 -0.13171550
v 0.08220400 0.13067400 -0.13169850
v 0.11607600 0.06416100 -0.13169850
v 0.12266700 0.02722600 -0.13169950
v 0.12192400 -0.01031900 -0.13171550
v -0.06482100 0.20188100 -0.12980850
v 0.06831300 0.14399500 -0.12980850
v 0.11852000 0.04598500 -0.12980850
v -0.10159100 0.19949900 -0.13003750
v -0.02742000 0.19803900 -0.13002350
v 0.00813400 0.18648800 -0.13002350
v 0.04041300 0.16843700 -0.13002350
v 0.09201900 0.11482800 -0.13001550
v 0.10901200 0.08158500 -0.13003750
v 0.12206400 0.00856800 -0.13003050
v 0.11772700 -0.02833000 -0.13003750
v 0.10616000 -0.06394500 -0.13002350
v -0.15472000 0.18218600 -0.13042850
v -0.10180000 0.19997900 -0.13042850
v -0.06447600 0.20276200 -0.13025850
v -0.02738900 0.19857400 -0.13042850
v 0.04082000 0.16879900 -0.13042850
v 0.06918000 0.14437400 -0.13025850
v 0.09244200 0.11518800 -0.13042950
v 0.11948300 0.04575000 -0.13027150
v 0.10667900 -0.06408000 -0.13042950
v -0.15496200 0.18251500 -0.13095650
v 0.00814700 0.18723100 -0.13058550
v 0.10954800 0.08203800 -0.13058650
v 0.12274600 0.00857800 -0.13060650
v 0.11834200 -0.02863100 -0.13058650
v 0.05621700 0.15769700 -0.13150750
v 0.10241400 0.09902900 -0.13147150
v 0.10706100 -0.06421500 -0.13095650
v -0.10192300 0.20061000 -0.13536850
v -0.02731000 0.19921400 -0.13537650
v 0.00845800 0.18762600 -0.13536550
v 0.04120400 0.16931500 -0.13536550
v 0.09294100 0.11560000 -0.13536650
v 0.11003800 0.08213200 -0.13535250
v 0.12025300 0.04599700 -0.13536650
v 0.12322000 0.00859600 -0.13536550
v 0.11885400 -0.02856900 -0.13536650
v 0.10726800 -0.06433900 -0.13535250
v 0.08896600 -0.09707300 -0.13536950
v -0.18641000 0.16236900 -0.13613050
v 0.08875500 -0.09697300 -0.13609050
v -0.18621200 0.16202700 -0.13663850
v 0.08843100 -0.09671700 -0.13663850
v -0.18585500 0.16160900 -0.13705250
v 0.08793700 -0.09646500 -0.13705250
v -0.18560900 0.16090700 -0.13727750
v -0.15434600 0.18097000 -0.13727750
v -0.08305100 0.20114400 -0.13727650
v -0.00963000 0.19245400 -0.13727850
v 0.02440800 0.17758200 -0.13728150
v 0.05477300 0.15646000 -0.13727750
v 0.10075400 0.09816700 -0.13727750
v 0.12078300 0.02699600 -0.13727750
v 0.12004000 -0.00998400 -0.13727850
v 0.11202200 -0.04644600 -0.13728250
v -0.13803900 0.19036600 -0.13557550
v -0.06444700 0.20355900 -0.13557550
v 0.06969200 0.14499100 -0.13557650
v -0.15474100 0.18233200 -0.13649750
v -0.10180600 0.20038800 -0.13611050
v -0.02728700 0.19895100 -0.13613050
v 0.00827900 0.18743600 -0.13612650
v 0.04100200 0.16917500 -0.13608950
v 0.09280300 0.11538900 -0.13608950
v 0.10977800 0.08212900 -0.13611050
v 0.11999600 0.04607800 -0.13611050
v 0.12297600 0.00868700 -0.13612650
v 0.11858800 -0.02866100 -0.13611150
v 0.10705100 -0.06426000 -0.13609750
v -0.10180000 0.19997900 -0.13663850
v -0.06462800 0.20309900 -0.13648150
v 0.04082000 0.16879900 -0.13663850
v 0.06931000 0.14472000 -0.13648150
v 0.09244200 0.11518800 -0.13663850
v 0.11961700 0.04590200 -0.13663850
v 0.11820900 -0.02850900 -0.13663850
v -0.15455400 0.18167700 -0.13704350
v -0.02747900 0.19844900 -0.13677950
v 0.00807800 0.18689700 -0.13680850
v 0.10933900 0.08170800 -0.13679650
v 0.12241700 0.00862200 -0.13679250
v 0.10657400 -0.06396600 -0.13677950
v -0.11934500 0.19486300 -0.13725850
v -0.04620500 0.20063900 -0.13725850
v 0.08100200 0.12947200 -0.13725150
v 0.11445600 0.06377100 -0.13724850
v -0.23886000 0.06707600 -0.13345450
v -0.24626500 0.03277400 -0.13344450
v -0.24686300 -0.00227600 -0.13343150
v -0.24056100 -0.03699500 -0.13343750
v -0.22761500 -0.06974500 -0.13343250
v -0.20855700 -0.09928400 -0.13343250
v -0.18410200 -0.12453800 -0.13343250
v -0.15519000 -0.14453600 -0.13343250
v -0.12299100 -0.15848900 -0.13343850
v -0.08863000 -0.16591200 -0.13343850
v -0.05348100 -0.16648900 -0.13343750
v -0.01893100 -0.16019900 -0.13348950
v 0.01379000 -0.14727600 -0.13347250
v 0.04339400 -0.12819300 -0.13343250
v -0.21473700 0.11496500 -0.13451050
v 0.04314000 -0.12800400 -0.13451050
v -0.21428300 0.11444900 -0.13566250
v 0.04289800 -0.12766400 -0.13529250
v 0.04257200 -0.12720600 -0.13597750
v -0.21332600 0.11408100 -0.13653850
v -0.21266400 0.11366700 -0.13695650
v 0.04219700 -0.12615300 -0.13678750
v -0.21176000 0.11310100 -0.13725650
v -0.22862000 0.08311900 -0.13727850
v -0.23953000 0.05047400 -0.13723950
v -0.24098000 -0.01832200 -0.13725550
v -0.23151000 -0.05159500 -0.13728250
v -0.21631600 -0.08189100 -0.13725450
v -0.19474700 -0.10923500 -0.13727050
v -0.16866800 -0.13160100 -0.13726450
v -0.13852100 -0.14842800 -0.13728250
v -0.10633900 -0.15902000 -0.13726550
v -0.07262200 -0.16317400 -0.13727050
v -0.03783500 -0.16086200 -0.13721450
v -0.00426800 -0.15110900 -0.13728750
v -0.24596900 0.03272400 -0.13451050
v -0.24027200 -0.03689300 -0.13451050
v -0.20836700 -0.09903000 -0.13451050
v -0.08861400 -0.16560600 -0.13451050
v -0.01899700 -0.15990900 -0.13451050
v 0.01364200 -0.14701600 -0.13451050
v -0.24555700 0.03265500 -0.13529150
v -0.24638800 -0.00245100 -0.13487950
v -0.22728100 -0.06938900 -0.13487850
v -0.18392900 -0.12408100 -0.13487850
v -0.15517200 -0.14399700 -0.13492250
v -0.12277500 -0.15807600 -0.13487950
v -0.08854500 -0.16519400 -0.13529250
v -0.05335800 -0.16599900 -0.13492250
v 0.01347100 -0.14663500 -0.13529250
v -0.23104500 0.08404100 -0.13597650
v -0.24556900 -0.00233600 -0.13597650
v -0.23961700 -0.03674200 -0.13565650
v -0.22648600 -0.06913100 -0.13597650
v -0.20770200 -0.09879700 -0.13566250
v -0.18329400 -0.12353800 -0.13597650
v -0.12256800 -0.15727600 -0.13597750
v -0.05355500 -0.16520600 -0.13597750
v -0.01924500 -0.15931400 -0.13562350
v -0.23001500 0.08385600 -0.13675950
v -0.24466100 0.03274300 -0.13629250
v -0.23864900 -0.03651900 -0.13653850
v -0.22586100 -0.06885000 -0.13653850
v -0.15421800 -0.14324300 -0.13629250
v -0.08826900 -0.16437600 -0.13625950
v -0.01937100 -0.15828600 -0.13653950
v 0.01317400 -0.14575800 -0.13631850
v -0.24424400 0.01598900 -0.13712850
v -0.23276300 -0.05159000 -0.13695650
v -0.19580500 -0.10973500 -0.13695650
v -0.16955700 -0.13230000 -0.13695650
v -0.13941000 -0.14931100 -0.13695650
v -0.10652400 -0.16011400 -0.13695650
v -0.07216200 -0.16429300 -0.13695650
v 0.01264000 -0.14478500 -0.13695650
v 0.04725700 -0.13368500 -0.13754050
v -0.22116100 0.11916300 -0.13730950
v -0.23914400 0.08713100 -0.13730950
v -0.25043200 0.05232100 -0.13731450
v -0.25476300 0.01598300 -0.13731350
v -0.25188300 -0.02059800 -0.13731450
v -0.24194600 -0.05581700 -0.13731450
v -0.22538900 -0.08834100 -0.13731350
v -0.20267000 -0.11715600 -0.13731450
v -0.17492000 -0.14085500 -0.13731450
v -0.14311900 -0.15871800 -0.13731150
v -0.10810700 -0.17009900 -0.13731450
v -0.07186600 -0.17439800 -0.13731250
v -0.03548200 -0.17155400 -0.13731450
v -0.00004100 -0.16158400 -0.13731150
v 0.01653800 -0.15339200 -0.13755350
v 0.07620300 -0.08908100 -0.14381550
v 0.09979100 -0.04161400 -0.14381550
v 0.10707000 -0.00781900 -0.14381550
v 0.10761700 0.02674700 -0.14381550
v 0.10140900 0.06075500 -0.14381550
v 0.08868500 0.09289800 -0.14381550
v 0.06993500 0.12194200 -0.14381550
v 0.04587900 0.14676900 -0.14381550
v 0.01744200 0.16642500 -0.14381550
v -0.01428400 0.18015700 -0.14381450
v -0.04807900 0.18743400 -0.14381450
v -0.08264400 0.18797900 -0.14381450
v -0.11665200 0.18177000 -0.14381450
v -0.14879500 0.16904500 -0.14381450
v -0.17783700 0.15029400 -0.14381550
v 0.07850300 -0.09052000 -0.14303050
v -0.17941100 0.15250300 -0.14303050
v 0.08063800 -0.09185700 -0.14175350
v -0.18087200 0.15455500 -0.14175350
v 0.08253300 -0.09304300 -0.14002850
v -0.18216900 0.15637700 -0.14002850
v 0.10017700 -0.06162700 -0.14002850
v 0.11135400 -0.02737200 -0.14002850
v 0.11563200 0.00840500 -0.14002850
v 0.11284900 0.04432900 -0.14002850
v 0.10311000 0.07902000 -0.14002850
v 0.08679100 0.11114400 -0.14002850
v 0.06451700 0.13946700 -0.14002850
v 0.03714700 0.16290000 -0.14002850
v 0.00573000 0.18054400 -0.14002850
v -0.02852500 0.19171900 -0.14002850
v -0.06430200 0.19599600 -0.14002850
v -0.10022700 0.19321100 -0.14002850
v -0.13491700 0.18347100 -0.14002850
v 0.10232700 -0.04257700 -0.14303050
v 0.10974600 -0.00826900 -0.14303050
v 0.11032800 0.02682700 -0.14303050
v 0.10405200 0.06136300 -0.14303050
v 0.09115900 0.09401000 -0.14303050
v 0.07214500 0.12351500 -0.14303050
v 0.04774000 0.14874300 -0.14303050
v 0.01888200 0.16872500 -0.14303050
v -0.01332000 0.18269300 -0.14303050
v -0.04762900 0.19011000 -0.14303050
v -0.08272500 0.19069100 -0.14303050
v -0.11726000 0.18441400 -0.14303050
v -0.14990700 0.17151900 -0.14303050
v 0.09808700 -0.06083300 -0.14175350
v 0.10914800 -0.02700100 -0.14175350
v 0.11339700 0.00833800 -0.14175350
v 0.11067000 0.04382800 -0.14175350
v 0.10107000 0.07810300 -0.14175350
v 0.08496900 0.10984700 -0.14175350
v 0.06298400 0.13784000 -0.14175350
v 0.03596000 0.16100500 -0.14175350
v 0.00493600 0.17845300 -0.14175350
v -0.02889600 0.18951300 -0.14175350
v -0.06423600 0.19376100 -0.14175350
v -0.09972600 0.19103100 -0.14175250
v -0.15094000 0.17381700 -0.14175350
v -0.06944400 0.02695600 -0.15144950
v -0.07631000 0.02251400 -0.14498150
v -0.08734000 0.03314100 -0.15152250
v -0.07882500 0.02509000 -0.15148150
v -0.06950200 0.04515100 -0.14489750
v -0.06625500 0.04327800 -0.15159750
v -0.06943300 0.04343300 -0.15124950
v -0.07493400 0.04442700 -0.14501550
v -0.07458400 0.04278500 -0.15124950
v -0.08016400 0.04290800 -0.14488950
v -0.07955700 0.04129300 -0.15124950
v -0.08505700 0.04044300 -0.14502250
v -0.08421400 0.03899700 -0.15124950
v -0.08707400 0.03693500 -0.15149650
v -0.07171000 0.04308200 -0.15169250
v -0.07708300 0.04201600 -0.15159650
v -0.08211900 0.04002500 -0.15155650
v -0.06485000 0.02717700 -0.14498050
v -0.05472100 0.00601800 -0.15145050
v -0.03915500 0.02072200 -0.14486350
v -0.03896700 -0.00299000 -0.14502550
v -0.04185600 -0.00767800 -0.14485950
v -0.04045700 -0.00223000 -0.15124950
v -0.03685000 0.00202300 -0.14501550
v -0.03844200 0.00255500 -0.15124950
v -0.03559000 0.00734600 -0.14501550
v -0.03724800 0.00760700 -0.15124950
v -0.03518300 0.01280100 -0.14488550
v -0.03690800 0.01278800 -0.15124950
v -0.03571900 0.01831000 -0.14484850
v -0.03961700 -0.00004800 -0.15170950
v -0.03785900 0.00510300 -0.15159650
v -0.03703700 0.01048800 -0.15149450
v -0.04614800 -0.00571000 -0.15145150
v -0.07526500 -0.01709900 -0.14486250
v -0.09594500 -0.00166300 -0.15159750
v -0.09449000 -0.00449300 -0.15124950
v -0.09135400 -0.00863000 -0.15124950
v -0.09261000 -0.00974300 -0.14501550
v -0.08757500 -0.01219000 -0.15124950
v -0.08863000 -0.01349600 -0.14501550
v -0.08325900 -0.01507500 -0.15124950
v -0.08410900 -0.01657600 -0.14488550
v -0.08003600 -0.01652500 -0.15149550
v -0.09308200 -0.00632600 -0.15158450
v -0.09592900 -0.00542200 -0.14491650
v -0.08945700 -0.01039800 -0.15158650
v -0.08521700 -0.01375400 -0.15157150
v -0.09465400 0.00217700 -0.15145450
v -0.08021500 0.00373600 -0.15145050
v -0.07314300 0.00013200 -0.14500750
v -0.08215000 0.00419700 -0.15236150
v -0.07958400 0.00105900 -0.15235650
v -0.07183200 -0.00257600 -0.14485750
v -0.07440500 -0.00154000 -0.15150750
v -0.07504700 -0.00089700 -0.15150350
v -0.07397200 -0.00253700 -0.15152350
v -0.07227000 -0.00073900 -0.14494550
v -0.07271700 -0.00017500 -0.14493350
v -0.08343900 0.00553100 -0.15148650
v -0.08253500 0.00552800 -0.15151250
v -0.08174900 0.00526900 -0.15151250
v -0.08025000 0.00692600 -0.14492750
v -0.07991800 0.00651400 -0.14501350
v -0.08184700 0.00764600 -0.14494250
v -0.09697200 0.00332400 -0.14497050
v -0.09588600 0.00094200 -0.15161650
v -0.09619500 0.00015500 -0.15160650
v -0.09620800 -0.00098900 -0.15156050
v -0.09538000 0.00163300 -0.15157950
v -0.09861700 0.00166200 -0.14484750
v -0.09878300 0.00073200 -0.14486250
v -0.09866000 -0.00006300 -0.14489250
v -0.07709200 -0.01560200 -0.15157750
v -0.07858500 -0.01905100 -0.14473750
v -0.07556900 -0.01766100 -0.14491550
v -0.07596900 -0.01822100 -0.14485750
v -0.07797500 -0.01629000 -0.15161950
v -0.07905400 -0.01660200 -0.15157650
v -0.03954000 0.01838700 -0.15158650
v -0.03589100 0.01878900 -0.14494650
v -0.03824300 0.02073600 -0.14490150
v -0.03731900 0.02049700 -0.14483350
v -0.03849800 0.01797900 -0.15161050
v -0.03768400 0.01717600 -0.15158550
v -0.05344100 0.01643500 -0.14485850
v -0.05305700 0.01368300 -0.15151050
v -0.05330800 0.01284000 -0.15146550
v -0.05240300 0.01456800 -0.15152250
v -0.05482600 0.01514000 -0.14492950
v -0.05466300 0.00232900 -0.15148650
v -0.05510500 0.00309700 -0.15151550
v -0.05527900 0.00392100 -0.15151550
v -0.05745900 0.00437400 -0.14494850
v -0.05732000 0.00492400 -0.14487450
v -0.05733300 0.00271600 -0.14492550
v -0.05753600 0.00367100 -0.14492250
v -0.04598400 -0.00829000 -0.14496950
v -0.04447500 -0.00615500 -0.15161850
v -0.04406700 -0.00603000 -0.15178850
v -0.04312200 -0.00581000 -0.15158750
v -0.04531900 -0.00605300 -0.15159350
v -0.04373100 -0.00889300 -0.14483350
v -0.04284200 -0.00854800 -0.14488650
v -0.04220800 -0.00805600 -0.14489050
v -0.06142200 0.04167700 -0.14496950
v -0.06415900 0.04215500 -0.15161150
v -0.06500000 0.04291400 -0.15158750
v -0.06369200 0.04113500 -0.15159550
v -0.06202500 0.04393000 -0.14483150
v -0.06276900 0.04452700 -0.14488650
v -0.06351200 0.04482900 -0.14489050
v -0.08774600 0.03391800 -0.15158650
v -0.08991900 0.03687700 -0.14494550
v -0.08995700 0.03308300 -0.14486750
v -0.09042900 0.03386600 -0.14490150
v -0.09068400 0.03478700 -0.14483350
v -0.08791400 0.03502500 -0.15160950
v -0.08762600 0.03613200 -0.15158550
v -0.07910900 0.02286000 -0.14486350
v -0.07691400 0.02456400 -0.15151050
v -0.07605800 0.02476900 -0.15146550
v -0.07800800 0.02468800 -0.15152250
v -0.07729200 0.02230400 -0.14492950
v -0.06627700 0.02885000 -0.15148550
v -0.06672300 0.02808300 -0.15151550
v -0.06734900 0.02752100 -0.15151650
v -0.06665200 0.02540600 -0.14494850
v -0.06718600 0.02530900 -0.14501350
v -0.06527900 0.02634500 -0.14492550
v -0.06600300 0.02569100 -0.14492250
v -0.04250300 -0.00533500 -0.15155850
v -0.04274700 -0.00501600 -0.15204450
v -0.04551000 -0.00519900 -0.15224550
v -0.04344300 -0.00475600 -0.15235150
v -0.04391500 -0.00511600 -0.15234250
v -0.04519200 -0.00495700 -0.15235450
v -0.04594300 -0.00547500 -0.15192650
v -0.04218100 -0.00490500 -0.15159750
v -0.04307400 -0.00489100 -0.15224450
v -0.04325300 -0.00552300 -0.15198850
v -0.04525600 -0.00575600 -0.15198250
v -0.04440100 -0.00555300 -0.15220750
v -0.03727700 0.01051300 -0.15186350
v -0.03773000 0.01050200 -0.15221350
v -0.04040600 0.00022500 -0.15232850
v -0.03820500 0.01063400 -0.15235750
v -0.03826200 0.00517900 -0.15205850
v -0.03881400 0.00531000 -0.15233950
v -0.03726300 0.01629600 -0.15149650
v -0.03753700 0.01622800 -0.15191950
v -0.05431400 0.00263000 -0.15206650
v -0.05522600 0.00478600 -0.15149950
v -0.05499400 0.00469900 -0.15187750
v -0.05466400 0.00270200 -0.15185850
v -0.05496900 0.00370000 -0.15193050
v -0.05448400 0.00352400 -0.15223650
v -0.05406100 0.00313600 -0.15232050
v -0.05459800 0.00447800 -0.15221250
v -0.05415200 0.00411200 -0.15236150
v -0.04045700 0.01838700 -0.15158750
v -0.04027000 0.01802500 -0.15203950
v -0.03818200 0.01636000 -0.15229550
v -0.04010000 0.01770800 -0.15224450
v -0.03992400 0.01735700 -0.15235350
v -0.03858300 0.01667500 -0.15235950
v -0.03960800 0.01807900 -0.15198850
v -0.03868600 0.01765000 -0.15204650
v -0.03792000 0.01697500 -0.15198250
v -0.03886800 0.01738300 -0.15225250
v -0.05240800 0.00921400 -0.15235650
v -0.05315700 0.00737400 -0.15230550
v -0.05280700 0.00995800 -0.15220250
v -0.05361100 0.00752200 -0.15205750
v -0.05324000 0.00999300 -0.15186850
v -0.05396100 0.00781100 -0.15157450
v -0.05343500 0.01036900 -0.15147950
v -0.05177300 0.01473500 -0.15188350
v -0.05164600 0.01507500 -0.15148150
v -0.05158700 0.01376100 -0.15236150
v -0.05154900 0.01435200 -0.15221450
v -0.05301400 0.01309400 -0.15187450
v -0.05253400 0.01398800 -0.15193150
v -0.05269200 0.01301700 -0.15214050
v -0.05218300 0.01373100 -0.15223250
v -0.05229300 0.01298300 -0.15232050
v -0.04473000 -0.00889900 -0.14484250
v -0.04615600 -0.00843200 -0.14462050
v -0.04176400 -0.00812600 -0.14444650
v -0.04142300 -0.00834800 -0.14419750
v -0.04298000 -0.00985400 -0.14409750
v -0.04114000 -0.00863500 -0.14408850
v -0.04639500 -0.00878300 -0.14425950
v -0.04549400 -0.00867900 -0.14477450
v -0.04485100 -0.00921500 -0.14443250
v -0.04371900 -0.00910100 -0.14455750
v -0.04264600 -0.00877400 -0.14448550
v -0.04571700 -0.00909400 -0.14430650
v -0.04365800 -0.00947600 -0.14425650
v -0.04499400 -0.00981400 -0.14411050
v -0.04240100 -0.00925900 -0.14415550
v -0.03863600 -0.00315900 -0.14447150
v -0.03473400 0.01281900 -0.14437250
v -0.03804500 -0.00352200 -0.14410350
v -0.03415300 0.01283000 -0.14410350
v -0.03441100 0.00710100 -0.14408950
v -0.03657600 0.00196900 -0.14456950
v -0.03531900 0.00732500 -0.14457750
v -0.03593500 0.00173700 -0.14411850
v -0.03486900 0.00730900 -0.14423550
v -0.05682700 0.00192800 -0.14498050
v -0.05703200 0.00176200 -0.14456850
v -0.05758600 0.00170200 -0.14422650
v -0.03653400 0.01993600 -0.14484050
v -0.03552600 0.01866500 -0.14451050
v -0.03924800 0.02105700 -0.14444350
v -0.03515300 0.01871700 -0.14424550
v -0.03936700 0.02143100 -0.14420050
v -0.03481800 0.01917000 -0.14409150
v -0.03562300 0.02057200 -0.14409450
v -0.03738200 0.02174300 -0.14409450
v -0.03942400 0.02184100 -0.14408750
v -0.03603400 0.01930300 -0.14477050
v -0.03623000 0.02009800 -0.14443250
v -0.03721200 0.02067500 -0.14455750
v -0.03827100 0.02104400 -0.14448450
v -0.03560200 0.01948900 -0.14430550
v -0.03704000 0.02101400 -0.14425550
v -0.03593200 0.02036800 -0.14419650
v -0.03818200 0.02158000 -0.14415550
v -0.05767500 0.00482400 -0.14451150
v -0.05793500 0.00518400 -0.14423250
v -0.05847900 0.00516200 -0.14408850
v -0.05862200 0.00290900 -0.14408950
v -0.05789400 0.00409300 -0.14442350
v -0.05773000 0.00310700 -0.14453650
v -0.05742600 0.00232900 -0.14454450
v -0.05816000 0.00301300 -0.14422050
v -0.05846500 0.00430000 -0.14412850
v -0.05608000 0.01136600 -0.14413450
v -0.05671400 0.00750600 -0.14424750
v -0.05558900 0.01134300 -0.14438850
v -0.05616400 0.00727500 -0.14477650
v -0.05517000 0.01130500 -0.14486550
v -0.05543300 0.00923900 -0.14500250
v -0.05541400 0.01417400 -0.14455950
v -0.05513400 0.01418500 -0.14498150
v -0.05614800 0.00940600 -0.14422550
v -0.05570300 0.00927800 -0.14456950
v -0.05585600 0.01423900 -0.14422850
v -0.05423800 0.01589400 -0.14493050
v -0.05359000 0.01682800 -0.14438150
v -0.05379000 0.01728700 -0.14413150
v -0.05435800 0.01614500 -0.14453750
v -0.05505600 0.01528400 -0.14453650
v -0.05471500 0.01657700 -0.14416050
v -0.05531800 0.01542800 -0.14430350
v -0.05566400 0.01562400 -0.14412650
v -0.07648800 0.02536900 -0.15222150
v -0.07705200 0.02570600 -0.15236250
v -0.07844100 0.02510900 -0.15185850
v -0.07854400 0.02546100 -0.15206750
v -0.07642600 0.02489600 -0.15187550
v -0.07744000 0.02486500 -0.15193150
v -0.07713800 0.02528200 -0.15223650
v -0.07780400 0.02526200 -0.15216450
v -0.07804900 0.02574500 -0.15232250
v -0.08691000 0.03361500 -0.15219250
v -0.08721300 0.03328600 -0.15181650
v -0.07336800 0.02736100 -0.15235650
v -0.07140000 0.02763200 -0.15230550
v -0.07381300 0.02664400 -0.15220250
v -0.07127400 0.02715900 -0.15205050
v -0.07361100 0.02626800 -0.15187850
v -0.07139700 0.02670700 -0.15155850
v -0.07383500 0.02589800 -0.15146350
v -0.06816600 0.02737900 -0.15187750
v -0.06812500 0.02713500 -0.15149950
v -0.06832400 0.02809400 -0.15232250
v -0.06826300 0.02769500 -0.15214250
v -0.08667100 0.03610800 -0.15229550
v -0.08666500 0.03409800 -0.15235250
v -0.08674100 0.03560200 -0.15235950
v -0.08687800 0.03673200 -0.15191950
v -0.08744600 0.03401300 -0.15198850
v -0.08753500 0.03502600 -0.15204650
v -0.08733400 0.03602700 -0.15198250
v -0.08721300 0.03500300 -0.15225250
v -0.06758200 0.02884300 -0.15236150
v -0.06660200 0.02870900 -0.15188250
v -0.06731300 0.02790000 -0.15193150
v -0.06699800 0.02891100 -0.15221450
v -0.06759100 0.02823500 -0.15223250
v -0.08197400 0.03964400 -0.15204650
v -0.07166900 0.04248900 -0.15220450
v -0.08168600 0.03912000 -0.15234250
v -0.07158700 0.04200800 -0.15235650
v -0.07695900 0.04161400 -0.15206850
v -0.07667000 0.04110500 -0.15234150
v -0.06569700 0.04244100 -0.15225750
v -0.06357300 0.04024400 -0.15145050
v -0.06387600 0.04030000 -0.15192250
v -0.06572100 0.04321400 -0.15155850
v -0.06587500 0.04284300 -0.15204450
v -0.06434800 0.04066100 -0.15225450
v -0.06552200 0.04200100 -0.15235650
v -0.06470200 0.04069400 -0.15235450
v -0.06518300 0.04265800 -0.15198850
v -0.06438600 0.04199700 -0.15194950
v -0.06398000 0.04104000 -0.15198250
v -0.06466500 0.04178900 -0.15220450
v -0.07823900 0.02243600 -0.14493050
v -0.07936800 0.02253300 -0.14438450
v -0.07963700 0.02211900 -0.14413550
v -0.07616000 0.02227800 -0.14455950
v -0.07839600 0.02220700 -0.14453750
v -0.07730100 0.02203200 -0.14453650
v -0.07859200 0.02168200 -0.14416050
v -0.07729400 0.02173400 -0.14430350
v -0.07729100 0.02133500 -0.14412650
v -0.07600100 0.02186200 -0.14422950
v -0.07593700 0.02136500 -0.14408950
v -0.06971300 0.02421000 -0.14413450
v -0.07351700 0.02332600 -0.14423850
v -0.06979200 0.02470700 -0.14439550
v -0.07370600 0.02371300 -0.14456050
v -0.06980400 0.02512200 -0.14487750
v -0.07381800 0.02396600 -0.14498950
v -0.07187300 0.02473300 -0.14501250
v -0.07172800 0.02402900 -0.14423550
v -0.07178800 0.02448700 -0.14458550
v -0.06717000 0.02503800 -0.14457650
v -0.06710200 0.02459500 -0.14423450
v -0.06682700 0.02413100 -0.14408850
v -0.06480000 0.02513200 -0.14408950
v -0.06461000 0.02707300 -0.14457250
v -0.06635400 0.02520900 -0.14453750
v -0.06541900 0.02580500 -0.14453650
v -0.06489600 0.02645700 -0.14454450
v -0.06615200 0.02468700 -0.14416050
v -0.06512200 0.02548000 -0.14422050
v -0.06427700 0.02663600 -0.14422850
v -0.06382500 0.02648600 -0.14408950
v -0.09059100 0.03574700 -0.14484050
v -0.08999400 0.03725600 -0.14451050
v -0.09020100 0.03283700 -0.14444650
v -0.09022600 0.03755300 -0.14424550
v -0.09046400 0.03253000 -0.14419850
v -0.09078400 0.03760400 -0.14409350
v -0.09172600 0.03412300 -0.14409650
v -0.09079100 0.03230000 -0.14408950
v -0.08959000 0.03726500 -0.14484850
v -0.09029300 0.03649700 -0.14477050
v -0.09088300 0.03592900 -0.14443250
v -0.09089200 0.03479000 -0.14455750
v -0.09068200 0.03368900 -0.14448450
v -0.09067000 0.03677700 -0.14430550
v -0.09127100 0.03477000 -0.14425550
v -0.09146000 0.03613200 -0.14411250
v -0.09119000 0.03349700 -0.14415550
v -0.06078700 0.04157100 -0.14425850
v -0.06024000 0.04172800 -0.14408950
v -0.08519500 0.04067600 -0.14458450
v -0.06953600 0.04559000 -0.14438350
v -0.08563900 0.04116500 -0.14413250
v -0.06964600 0.04616700 -0.14410450
v -0.07525800 0.04558700 -0.14408950
v -0.07498100 0.04469400 -0.14457750
v -0.08036600 0.04328000 -0.14439550
v -0.07502400 0.04514200 -0.14423550
v -0.08057700 0.04384900 -0.14409850
v -0.06401600 0.04494500 -0.14485950
v -0.06152000 0.04306600 -0.14484250
v -0.06121800 0.04159200 -0.14462650
v -0.06367300 0.04524900 -0.14444650
v -0.06365200 0.04565500 -0.14419750
v -0.06043100 0.04330600 -0.14409350
v -0.06157700 0.04510000 -0.14409350
v -0.06354300 0.04604900 -0.14408750
v -0.06133000 0.04229500 -0.14477350
v -0.06118700 0.04311900 -0.14443250
v -0.06185200 0.04404400 -0.14455750
v -0.06267100 0.04480900 -0.14448550
v -0.06085800 0.04230900 -0.14430550
v -0.06155700 0.04428400 -0.14425550
v -0.06080500 0.04324600 -0.14419650
v -0.06237300 0.04526400 -0.14415550
v -0.07752200 -0.01901200 -0.14485250
v -0.07676300 -0.01879500 -0.14483450
v -0.07492700 -0.01718300 -0.14444350
v -0.07836900 -0.01961400 -0.14426450
v -0.07454400 -0.01726800 -0.14420050
v -0.07734100 -0.02011300 -0.14409650
v -0.07529800 -0.01914600 -0.14409750
v -0.07416700 -0.01741700 -0.14408950
v -0.07907100 -0.01886600 -0.14484850
v -0.07928100 -0.01940300 -0.14427150
v -0.07805300 -0.01909000 -0.14477050
v -0.07726600 -0.01931700 -0.14443250
v -0.07627600 -0.01875500 -0.14455750
v -0.07542700 -0.01802300 -0.14448550
v -0.07606900 -0.01907400 -0.14425650
v -0.07718100 -0.01971000 -0.14419650
v -0.07500700 -0.01836800 -0.14415550
v -0.09641300 -0.00567900 -0.14429950
v -0.08431800 -0.01697400 -0.14437250
v -0.08460500 -0.01749100 -0.14410050
v -0.09688300 -0.00610000 -0.14408950
v -0.09348400 -0.01054400 -0.14409150
v -0.08937500 -0.01445100 -0.14408850
v -0.09280000 -0.00993800 -0.14457750
v -0.08878500 -0.01371900 -0.14457750
v -0.09310300 -0.01025000 -0.14424350
v -0.08904100 -0.01409700 -0.14423050
v -0.09850900 -0.00055800 -0.14485950
v -0.07191000 -0.00160600 -0.14493650
v -0.07141900 -0.00264800 -0.14438150
v -0.07092200 -0.00269900 -0.14413150
v -0.07280500 0.00025800 -0.14455950
v -0.07162600 -0.00164200 -0.14453750
v -0.07202300 -0.00060700 -0.14453650
v -0.07107400 -0.00154900 -0.14416050
v -0.07176800 -0.00045100 -0.14430350
v -0.07142400 -0.00025000 -0.14412650
v -0.07252800 0.00060900 -0.14422850
v -0.07212900 0.00090700 -0.14408950
v -0.09813900 0.00252200 -0.14485150
v -0.09701100 0.00354300 -0.14462050
v -0.09894300 -0.00041200 -0.14444650
v -0.09930500 -0.00059700 -0.14419750
v -0.09762700 0.00428100 -0.14409050
v -0.09888000 0.00336300 -0.14409350
v -0.09985400 0.00148400 -0.14409450
v -0.09970100 -0.00070000 -0.14408750
v -0.09718700 0.00389300 -0.14428250
v -0.09756200 0.00309300 -0.14477050
v -0.09834200 0.00280500 -0.14443250
v -0.09881000 0.00176700 -0.14455750
v -0.09906300 0.00067500 -0.14448550
v -0.09780400 0.00349500 -0.14430550
v -0.09916500 0.00190200 -0.14425650
v -0.09864300 0.00307300 -0.14419650
v -0.09960600 0.00070600 -0.14415550
v -0.07495800 0.00229000 -0.14413250
v -0.07791100 0.00473300 -0.14423850
v -0.07520500 0.00172900 -0.14445650
v -0.07824700 0.00444700 -0.14456950
v -0.07847000 0.00429200 -0.14500150
v -0.07544500 0.00144300 -0.14499750
v -0.07708100 0.00274400 -0.14501650
v -0.07662500 0.00330300 -0.14423550
v -0.07686100 0.00291100 -0.14457750
v -0.08269600 0.00760700 -0.14497850
v -0.08274500 0.00786600 -0.14456850
v -0.08252100 0.00837500 -0.14422650
v -0.08091700 0.00737900 -0.14494050
v -0.07969100 0.00666400 -0.14457650
v -0.07934300 0.00694500 -0.14423450
v -0.07939200 0.00768800 -0.14410450
v -0.08024700 0.00728500 -0.14453750
v -0.08123100 0.00779700 -0.14453650
v -0.08205800 0.00792400 -0.14454450
v -0.07998600 0.00763600 -0.14422250
v -0.08114300 0.00808200 -0.14430350
v -0.08102000 0.00846100 -0.14412650
v -0.07663500 -0.01480400 -0.15158650
v -0.07704200 -0.01478200 -0.15203950
v -0.07952800 -0.01575800 -0.15229550
v -0.07740200 -0.01477100 -0.15224450
v -0.07779300 -0.01474800 -0.15235350
v -0.07905400 -0.01556800 -0.15235950
v -0.07996500 -0.01625000 -0.15191950
v -0.07732600 -0.01538300 -0.15198850
v -0.07815900 -0.01596600 -0.15204650
v -0.07912600 -0.01629200 -0.15198250
v -0.07829900 -0.01567500 -0.15225250
v -0.08491400 -0.01346400 -0.15205250
v -0.09275800 -0.00607300 -0.15205850
v -0.08463000 -0.01294800 -0.15234250
v -0.09221100 -0.00581200 -0.15234450
v -0.08863200 -0.00962600 -0.15235550
v -0.08906900 -0.01004400 -0.15215050
v -0.09549900 -0.00076100 -0.15225750
v -0.07395100 -0.00345000 -0.15158650
v -0.07485900 -0.00312900 -0.15232150
v -0.07436200 -0.00340600 -0.15206050
v -0.09575800 -0.00111700 -0.15204450
v -0.09463200 0.00129400 -0.15225650
v -0.09520700 -0.00039000 -0.15235650
v -0.09448400 0.00097100 -0.15235450
v -0.09455800 0.00188100 -0.15192650
v -0.09594400 -0.00042500 -0.15198850
v -0.09577000 0.00059600 -0.15195050
v -0.09514400 0.00142600 -0.15198250
v -0.09545100 0.00045900 -0.15220450
v -0.07531900 -0.00157100 -0.15222150
v -0.07532900 -0.00222800 -0.15236250
v -0.07494100 -0.00128000 -0.15187450
v -0.07440600 -0.00214300 -0.15193150
v -0.07434700 -0.00268400 -0.15204050
v -0.07491900 -0.00209000 -0.15223650
v -0.07794500 -0.00006500 -0.15230550
v -0.07961200 0.00184500 -0.15220250
v -0.07764800 0.00030700 -0.15205850
v -0.07933200 0.00216600 -0.15187850
v -0.07744200 0.00068300 -0.15157950
v -0.07913200 0.00232700 -0.15148950
v -0.08122000 0.00462600 -0.15188150
v -0.08104400 0.00480300 -0.15149950
v -0.08153700 0.00430500 -0.15221750
v -0.08315500 0.00531700 -0.15188650
v -0.08209900 0.00511000 -0.15193150
v -0.08313500 0.00498900 -0.15214650
v -0.08225000 0.00470200 -0.15223250
v -0.08304100 0.00460600 -0.15232050
v -0.21246500 0.11354100 -0.14381550
v -0.23604900 0.06607300 -0.14381550
v -0.24332500 0.03227700 -0.14381550
v -0.24386800 -0.00228900 -0.14381550
v -0.23765800 -0.03629600 -0.14381550
v -0.22493200 -0.06843800 -0.14381550
v -0.20617900 -0.09748000 -0.14381550
v -0.18212100 -0.12230500 -0.14381550
v -0.15368200 -0.14196000 -0.14381550
v -0.12195500 -0.15568800 -0.14381550
v -0.08816000 -0.16296300 -0.14381550
v -0.05359400 -0.16350500 -0.14381550
v -0.01958700 -0.15729200 -0.14381550
v 0.01255500 -0.14456500 -0.14381550
v 0.04159600 -0.12581200 -0.14381550
v -0.21476500 0.11498100 -0.14303050
v 0.02804200 -0.13879500 -0.14303050
v -0.21689900 0.11631700 -0.14175350
v 0.02950300 -0.14084700 -0.14175350
v -0.21879500 0.11750400 -0.14002850
v 0.03080100 -0.14266800 -0.14002850
v -0.24303000 0.06872400 -0.14002850
v -0.25069000 0.03351500 -0.14002850
v -0.25133300 -0.00251100 -0.14002850
v -0.24493500 -0.03797000 -0.14002850
v -0.23174300 -0.07150000 -0.14002850
v -0.21226200 -0.10181200 -0.14002850
v -0.18724200 -0.12774000 -0.14002850
v -0.15764400 -0.14828900 -0.14002850
v -0.12460600 -0.16266900 -0.14002850
v -0.08939800 -0.17032700 -0.14002850
v -0.05337100 -0.17096900 -0.14002850
v -0.01791200 -0.16457000 -0.14002850
v -0.00132200 -0.15899200 -0.14002850
v -0.18992800 0.13975400 -0.14381550
v -0.20569200 0.11844100 -0.14407950
v -0.23614900 0.05636200 -0.14408050
v -0.24138200 0.02410400 -0.14408050
v -0.24059600 -0.00856400 -0.14408050
v -0.23322500 -0.04181000 -0.14408050
v -0.21950700 -0.07298300 -0.14408050
v -0.19912400 -0.10197000 -0.14408050
v -0.17318700 -0.12611300 -0.14408050
v -0.14417700 -0.14395200 -0.14408050
v -0.11224500 -0.15578800 -0.14408050
v -0.07861500 -0.16116600 -0.14408050
v -0.04595700 -0.16000400 -0.14408050
v -0.01407100 -0.15285800 -0.14408050
v 0.01709700 -0.13914100 -0.14408050
v 0.04607700 -0.11876400 -0.14408050
v 0.06641000 -0.10176400 -0.14381550
v -0.19190200 0.14161500 -0.14303050
v 0.06838500 -0.10362400 -0.14303050
v -0.19373500 0.14334200 -0.14175350
v 0.07021800 -0.10535200 -0.14175350
v -0.19536300 0.14487500 -0.14002850
v 0.07184600 -0.10688500 -0.14002850
v -0.22071300 0.11865100 -0.13753950
v -0.19698600 0.14640800 -0.13753950
v -0.23854200 0.08686500 -0.13752950
v -0.24980000 0.05218500 -0.13755350
v -0.25412900 0.01596700 -0.13752950
v -0.25127700 -0.02036100 -0.13753950
v -0.24139800 -0.05546500 -0.13753950
v -0.22485300 -0.08800100 -0.13753050
v -0.20229900 -0.11662100 -0.13753950
v -0.17455200 -0.14032400 -0.13755350
v -0.14271900 -0.15818200 -0.13754050
v -0.10809400 -0.16944800 -0.13754050
v -0.07185500 -0.17374000 -0.13755350
v -0.03546500 -0.17090200 -0.13754050
v -0.00041700 -0.16103200 -0.13754050
v 0.03213400 -0.14446200 -0.13754050
v 0.06077600 -0.12189200 -0.13754050
v -0.23199200 0.08439800 -0.14303050
v -0.24292100 0.05104200 -0.14303050
v -0.24713300 0.01619500 -0.14303050
v -0.24446600 -0.01880500 -0.14303050
v -0.23502100 -0.05261200 -0.14303050
v -0.21916200 -0.08392600 -0.14303050
v -0.19750000 -0.11154400 -0.14303050
v -0.17086500 -0.13440600 -0.14303050
v -0.14028100 -0.15163200 -0.14303050
v -0.10692500 -0.16256000 -0.14303050
v -0.07207700 -0.16677000 -0.14303050
v -0.03707800 -0.16410100 -0.14303050
v -0.00327100 -0.15465500 -0.14303050
v -0.24094000 0.06793000 -0.14175350
v -0.24848500 0.03314400 -0.14175350
v -0.24909800 -0.00244400 -0.14175350
v -0.24275600 -0.03746900 -0.14175350
v -0.22970300 -0.07058300 -0.14175350
v -0.21044000 -0.10051500 -0.14175350
v -0.18570900 -0.12611300 -0.14175350
v -0.15645800 -0.14639400 -0.14175350
v -0.12381300 -0.16057900 -0.14175350
v -0.08902700 -0.16812200 -0.14175350
v -0.05343800 -0.16873400 -0.14175350
v -0.01841400 -0.16239100 -0.14175350
v -0.00223900 -0.15695200 -0.14175350
v -0.22431200 0.08829500 -0.14407950
v 0.08491600 -0.09467700 -0.13730950
v -0.16872400 0.16948600 -0.13731350
v -0.13600100 0.18614000 -0.13731150
v -0.20974800 0.13286700 -0.13753750
v 0.06112100 -0.12246500 -0.13731150
v 0.10884100 -0.04506400 -0.13755350
v 0.11663700 -0.00941400 -0.13754050
v 0.11732400 0.02701800 -0.13753050
v 0.11085000 0.06291400 -0.13755350
v 0.07786300 0.12753300 -0.13753950
v 0.02262700 0.17462600 -0.13753950
v -0.01079800 0.18921100 -0.13753950
v -0.04642600 0.19699500 -0.13753950
v -0.08294700 0.19767300 -0.13753950
v -0.11884000 0.19121900 -0.13753950
v -0.16832700 0.16898600 -0.13752950
v 0.10259300 -0.04266400 -0.13342650
v 0.11001400 -0.00833700 -0.13343750
v 0.11060500 0.02681200 -0.13343650
v 0.10430000 0.06149400 -0.13345350
v 0.09143800 0.09407300 -0.13340350
v 0.07237500 0.12365400 -0.13347150
v 0.04793900 0.14892400 -0.13347150
v 0.01893700 0.16900900 -0.13343250
v -0.01329100 0.18297400 -0.13340450
v -0.04762300 0.19038600 -0.13343750
v -0.08277200 0.19096300 -0.13343750
v -0.11735900 0.18467100 -0.13343750
v -0.15008200 0.17174000 -0.13340350
v -0.17964700 0.15266700 -0.13343250
v 0.07843600 -0.09025800 -0.13492250
v -0.16414300 0.16307900 -0.13499050
v 0.07765300 -0.08997200 -0.13597650
v -0.16356500 0.16211400 -0.13631750
v 0.07707300 -0.08960800 -0.13653950
v 0.07641000 -0.08919400 -0.13695650
v -0.16284600 0.16125700 -0.13695650
v 0.07571300 -0.08825300 -0.13727050
v -0.16218600 0.16032900 -0.13727050
v 0.10646700 -0.00770500 -0.13721350
v 0.01711100 0.16590900 -0.13721350
v -0.13197900 0.17559000 -0.13728550
v -0.20487800 0.12823800 -0.13345450
v 0.05562600 -0.11712000 -0.13451050
v 0.05505800 -0.11669600 -0.13569550
v -0.20452000 0.12788300 -0.13496050
v -0.20390200 0.12740300 -0.13597650
v 0.05431100 -0.11561500 -0.13676050
v -0.20303700 0.12672300 -0.13680450
v 0.05307500 -0.11471600 -0.13726250
v 0.10644000 0.00027700 -0.13730050
v 0.00972800 0.16893800 -0.13730050
v 0.09561600 -0.05969600 -0.13492250
v 0.10646500 -0.02663000 -0.13487950
v 0.11084800 0.00827400 -0.13451050
v 0.10818200 0.04326600 -0.13451050
v 0.09874100 0.07706600 -0.13451050
v 0.08265300 0.10842000 -0.13492150
v 0.06123000 0.13598900 -0.13451050
v 0.03443500 0.15872300 -0.13496050
v 0.00405400 0.17589100 -0.13487850
v -0.02932400 0.18699900 -0.13450950
v -0.06416400 0.19121100 -0.13450950
v -0.09921100 0.18838000 -0.13487750
v -0.13294600 0.17889600 -0.13496050
v 0.10214000 -0.04241100 -0.13496150
v 0.11021000 0.00836200 -0.13562350
v 0.10751400 0.04303000 -0.13569550
v 0.09836000 0.07689500 -0.13529150
v 0.06080600 0.13542100 -0.13569550
v -0.02951900 0.18632600 -0.13569550
v -0.06415200 0.19079400 -0.13529150
v 0.10138500 -0.04220500 -0.13597650
v 0.10567000 -0.02640400 -0.13597650
v 0.09784700 0.07666500 -0.13597650
v 0.08193100 0.10752700 -0.13625850
v 0.03404300 0.15769800 -0.13625850
v 0.00367700 0.17515500 -0.13597650
v -0.06421300 0.18987800 -0.13631750
v -0.09893700 0.18759000 -0.13597650
v -0.13255500 0.17821000 -0.13597650
v 0.10455900 -0.02652700 -0.13678650
v 0.10918400 0.00822400 -0.13653850
v 0.10614000 0.04311100 -0.13678650
v 0.09676800 0.07651600 -0.13678650
v 0.05972500 0.13467400 -0.13675950
v 0.00349300 0.17412500 -0.13675950
v -0.02946600 0.18498700 -0.13675950
v -0.09878300 0.18692300 -0.13653850
v -0.13201300 0.17724200 -0.13680350
v 0.10037300 -0.04202800 -0.13676050
v 0.10730300 -0.00784600 -0.13695650
v 0.10785000 0.02676500 -0.13695650
v 0.10163500 0.06081700 -0.13695650
v 0.08921500 0.09335800 -0.13676050
v 0.07012100 0.12208400 -0.13695650
v 0.04603500 0.14694400 -0.13695650
v 0.01756100 0.16662800 -0.13695650
v -0.01420600 0.18037800 -0.13695650
v -0.04804400 0.18766700 -0.13695650
v -0.08286100 0.18864600 -0.13675950
v -0.11670700 0.18199800 -0.13695650
v 0.00174700 -0.16593200 -0.13537750
v -0.10900200 -0.17473200 -0.13535250
v -0.14467800 -0.16317000 -0.13536350
v -0.20598800 -0.12050700 -0.13536950
v -0.24626900 -0.05770600 -0.13536550
v -0.25649700 -0.02157600 -0.13536850
v -0.24350900 0.08883800 -0.13536650
v -0.23491500 0.10560000 -0.13611150
v 0.05000200 -0.13773500 -0.13646250
v -0.23453100 0.10546200 -0.13663850
v 0.04966000 -0.13716100 -0.13702350
v -0.23404000 0.10521300 -0.13705250
v 0.04922500 -0.13655000 -0.13727750
v -0.23354300 0.10459100 -0.13728450
v 0.07734900 -0.11208000 -0.13557650
v -0.20087500 0.15009400 -0.13536950
v -0.20065100 0.14997700 -0.13611050
v -0.20036600 0.14949600 -0.13677950
v -0.19966100 0.14892400 -0.13725650
v 0.01858100 -0.15811800 -0.13608950
v -0.01619600 -0.17171500 -0.13611150
v -0.09062900 -0.17755700 -0.13614550
v -0.12720000 -0.16955800 -0.13609750
v -0.21827300 -0.10602700 -0.13613050
v -0.23848500 -0.07446400 -0.13608950
v -0.25208200 -0.03963700 -0.13613050
v -0.25867300 -0.00276100 -0.13612650
v -0.24990200 0.07134000 -0.13611150
v 0.00170800 -0.16567800 -0.13613150
v -0.05312200 -0.17808100 -0.13646250
v -0.16151300 -0.15425600 -0.13648150
v -0.19209400 -0.13294600 -0.13646250
v -0.25770100 0.03476500 -0.13646150
v 0.00151300 -0.16533500 -0.13663850
v -0.01646700 -0.17122600 -0.13677950
v -0.09058000 -0.17699700 -0.13680950
v -0.12710300 -0.16900700 -0.13677950
v -0.21778400 -0.10576100 -0.13679750
v -0.23808700 -0.07433500 -0.13663850
v -0.25158800 -0.03936300 -0.13679650
v -0.25809800 -0.00274100 -0.13680950
v -0.24940900 0.07109000 -0.13677950
v -0.05324000 -0.17740600 -0.13703750
v -0.16093000 -0.15379700 -0.13704350
v -0.19168100 -0.13242800 -0.13702350
v -0.23756300 -0.07415200 -0.13705250
v -0.25703900 0.03455500 -0.13703650
v 0.00129500 -0.16485200 -0.13703950
v -0.03453000 -0.17498200 -0.13704450
v -0.07185600 -0.17795700 -0.13703050
v -0.10874100 -0.17356500 -0.13705250
v -0.14418000 -0.16212800 -0.13703050
v -0.17670900 -0.14391900 -0.13705250
v -0.20521300 -0.11962300 -0.13704450
v -0.22830400 -0.09034500 -0.13704450
v -0.25832400 0.01578100 -0.13703050
v -0.25390000 0.05301400 -0.13705250
v -0.24854500 0.07083600 -0.13725650
v 0.07695200 -0.11183100 -0.13648150
v 0.07655500 -0.11124200 -0.13704450
v 0.07610300 -0.11060400 -0.13728550
v 0.00099500 -0.16418300 -0.12978650
v -0.03456600 -0.17423300 -0.12978650
v -0.07178100 -0.17720600 -0.12978650
v -0.10885600 -0.17279900 -0.12978650
v -0.14400200 -0.16138600 -0.12978650
v -0.17625300 -0.14334600 -0.12978650
v -0.20479400 -0.11898500 -0.12978550
v -0.22776800 -0.08980100 -0.12978550
v -0.25756900 0.01590000 -0.12978650
v -0.25318900 0.05278400 -0.12978450
v -0.24181100 0.08794000 -0.12978550
v -0.22360600 0.12053300 -0.12978650
v 0.04966000 -0.13716100 -0.13004550
v -0.23404000 0.10521300 -0.13001550
v 0.05000200 -0.13773500 -0.13060650
v -0.23453100 0.10546200 -0.13042950
v -0.23491500 0.10560000 -0.13095650
v 0.05038000 -0.13800900 -0.13149250
v -0.23507300 0.10581500 -0.13171450
v -0.25012900 0.07141400 -0.13169850
v 0.07655500 -0.11124200 -0.13002450
v 0.07695200 -0.11183100 -0.13058650
v 0.07741500 -0.11200200 -0.13149250
v 0.03525700 -0.14879000 -0.13149250
v 0.06467000 -0.12557400 -0.13170150
v 0.00180500 -0.16591000 -0.13169150
v -0.03430700 -0.17613300 -0.13169950
v -0.07176900 -0.17909200 -0.13150850
v -0.10899900 -0.17472500 -0.13168250
v -0.14467600 -0.16316300 -0.13167350
v -0.17741700 -0.14484500 -0.13148750
v -0.20594200 -0.12055500 -0.13170250
v -0.22925300 -0.09103500 -0.13170150
v -0.24630500 -0.05761500 -0.13170150
v -0.25650900 -0.02151100 -0.13170150
v -0.25945000 0.01585000 -0.13149150
v -0.25507300 0.05305700 -0.13147150
v -0.24353600 0.08877700 -0.13169950
v -0.22514700 0.12160900 -0.13149150
v -0.20092300 0.15004800 -0.13170050
v 0.01813200 -0.15727500 -0.13001550
v -0.05323900 -0.17740600 -0.13003150
v -0.16096200 -0.15376400 -0.13001550
v -0.19168100 -0.13242800 -0.13004550
v -0.21753600 -0.10547700 -0.13002450
v -0.23756300 -0.07415200 -0.13001550
v -0.25703900 0.03455500 -0.13003050
v 0.00129500 -0.16485200 -0.13002950
v -0.01646700 -0.17122600 -0.13028850
v -0.09058000 -0.17699700 -0.13025950
v -0.12710300 -0.16900700 -0.13028850
v -0.25158800 -0.03936300 -0.13027150
v -0.25809800 -0.00274100 -0.13025850
v -0.24940900 0.07109100 -0.13028850
v 0.00151300 -0.16533500 -0.13042950
v -0.05312200 -0.17808100 -0.13060650
v -0.16151300 -0.15425600 -0.13058650
v -0.19209400 -0.13294600 -0.13060650
v -0.21793100 -0.10583000 -0.13042950
v -0.23808700 -0.07433500 -0.13042950
v -0.25770100 0.03476500 -0.13060550
v -0.01619600 -0.17171500 -0.13095650
v -0.09062900 -0.17755700 -0.13092250
v -0.12720000 -0.16955800 -0.13097150
v -0.21827300 -0.10602700 -0.13093750
v -0.23841600 -0.07457800 -0.13095650
v -0.25208100 -0.03968700 -0.13095750
v -0.25867300 -0.00276100 -0.13094150
v -0.24990200 0.07134000 -0.13095650
v 0.00170800 -0.16567800 -0.13093750
v -0.03429300 -0.17588700 -0.13095650
v -0.10890400 -0.17451400 -0.13097850
v -0.14455500 -0.16294700 -0.13093750
v -0.20587200 -0.12028200 -0.13095650
v -0.22901600 -0.09097900 -0.13097850
v -0.24603800 -0.05764100 -0.13095750
v -0.25625200 -0.02158900 -0.13095750
v -0.19967600 0.14893800 -0.12981850
v -0.20036600 0.14949600 -0.13028850
v -0.20065100 0.14997700 -0.13095650
v -0.07206100 -0.16710100 -0.13169950
v -0.10694200 -0.16289400 -0.13170150
v -0.19769800 -0.11181500 -0.13170150
v -0.21941000 -0.08415300 -0.13170150
v -0.23531900 -0.05275800 -0.13169950
v -0.24479200 -0.01887500 -0.13169550
v -0.24746400 0.01621900 -0.13169050
v -0.24325100 0.05108200 -0.13169850
v -0.23230700 0.08450100 -0.13169850
v -0.21505500 0.11514200 -0.13169850
v 0.04349600 -0.12848800 -0.13095650
v -0.22514400 0.09946600 -0.13095650
v 0.04372400 -0.12882300 -0.13042950
v -0.22544400 0.09975600 -0.13042950
v 0.04409500 -0.12917800 -0.13003750
v -0.22593400 0.10000600 -0.13001550
v 0.04445600 -0.12985100 -0.12978650
v -0.22643100 0.10059900 -0.12978550
v 0.06870400 -0.10379500 -0.13149250
v -0.20489900 0.12830100 -0.13169050
v 0.06896900 -0.10419700 -0.13058550
v -0.19248500 0.14218700 -0.13058550
v -0.19288600 0.14275300 -0.13002350
v 0.05715700 -0.11877900 -0.12979050
v -0.19370300 0.14301900 -0.12978250
v 0.01381200 -0.14760500 -0.13095650
v -0.01885400 -0.16049200 -0.13095650
v -0.08867900 -0.16621700 -0.13093750
v -0.12313900 -0.15875100 -0.13095650
v -0.15544000 -0.14473300 -0.13095650
v -0.18438100 -0.12469200 -0.13095950
v -0.20891100 -0.09931200 -0.13095650
v -0.24087800 -0.03703200 -0.13092250
v -0.24713800 -0.00242700 -0.13097850
v -0.23914500 0.06715800 -0.13095650
v -0.05359800 -0.16704300 -0.13058650
v -0.22818800 -0.06985200 -0.13057050
v -0.24678200 0.03286100 -0.13061850
v -0.00299800 -0.15543500 -0.13057350
v -0.01877200 -0.16088900 -0.13042950
v -0.08892500 -0.16674100 -0.13027150
v -0.12327300 -0.15913200 -0.13042950
v -0.15578100 -0.14516800 -0.13028850
v -0.18465500 -0.12498400 -0.13042950
v -0.20918700 -0.09961400 -0.13042950
v -0.24141300 -0.03720100 -0.13025850
v -0.24755400 -0.00239500 -0.13042950
v -0.23960700 0.06749900 -0.13028850
v -0.01880000 -0.16144700 -0.13002450
v -0.05337100 -0.16772500 -0.13001550
v -0.12351500 -0.15963200 -0.13001550
v -0.18490200 -0.12546900 -0.13002450
v -0.20960500 -0.09997100 -0.13001550
v -0.22871800 -0.07024000 -0.13003750
v -0.24808800 -0.00235200 -0.13002350
v -0.24747300 0.03293300 -0.13003050
v -0.00266700 -0.15603200 -0.13002850
v -0.03679900 -0.16556100 -0.13003150
v -0.10708600 -0.16404100 -0.13003750
v -0.14082300 -0.15303000 -0.13002250
v -0.17154400 -0.13576300 -0.13002450
v -0.19843000 -0.11274400 -0.13002450
v -0.23637400 -0.05327700 -0.13002350
v -0.24863500 0.01621200 -0.13002350
v -0.24443700 0.05114500 -0.13002450
v -0.24047100 0.06775300 -0.12981150
v -0.19222800 0.14179200 -0.13149250
v 0.06944100 -0.10470000 -0.13002350
v 0.06989700 -0.10531200 -0.12978550
v -0.17961700 0.15276200 -0.13169850
v -0.15008800 0.17179800 -0.13170150
v -0.11736900 0.18472500 -0.13171550
v -0.08279100 0.19104300 -0.13147150
v -0.04761000 0.19044100 -0.13169050
v -0.01325500 0.18301900 -0.13170150
v 0.01901900 0.16905000 -0.13151950
v 0.04800600 0.14897300 -0.13150750
v 0.07245100 0.12369000 -0.13150750
v 0.09147900 0.09411100 -0.13170150
v 0.10436400 0.06147700 -0.13169050
v 0.11066200 0.02680000 -0.13170150
v 0.11007100 -0.00832900 -0.13169850
v 0.10264900 -0.04267000 -0.13168150
v 0.08862200 -0.07498400 -0.13170250
v 0.08326000 0.09744300 -0.14408050
v -0.15334000 0.16362000 -0.14407950
v -0.12216900 0.17733600 -0.14407950
v -0.09027900 0.18447800 -0.14407950
v -0.05762000 0.18563800 -0.14407950
v -0.02399700 0.18025800 -0.14407950
v 0.00793700 0.16841900 -0.14407950
v 0.03808500 0.14979600 -0.14407950
v 0.09697600 0.06627100 -0.14408050
v 0.10434500 0.03302100 -0.14408050
v 0.10512700 0.00035500 -0.14408050
v 0.09989200 -0.03190300 -0.14408050
v 0.08805100 -0.06383500 -0.14408050
v 0.06315500 -0.12466100 -0.13725950
v -0.17051700 0.17163600 -0.13728450
v -0.13743600 0.18857000 -0.13728150
v -0.10172200 0.19868600 -0.13728450
v -0.06429700 0.20166300 -0.13728150
v -0.02756500 0.19753000 -0.13726150
v 0.00810200 0.18591800 -0.13725850
v 0.04012900 0.16769500 -0.13728550
v 0.06839700 0.14360700 -0.13728450
v 0.09150700 0.11426100 -0.13728450
v 0.10832800 0.08176300 -0.13726450
v 0.11839900 0.04540300 -0.13728550
v 0.12152000 0.00859700 -0.13726150
v 0.11695100 -0.02829700 -0.13728450
v 0.10572200 -0.06371600 -0.13724950
v -0.23102600 0.10338700 -0.13731350
v -0.24575900 0.06964700 -0.13731150
v -0.25352500 0.03414600 -0.13730950
v -0.25421500 -0.00271800 -0.13730950
v -0.24772200 -0.03873500 -0.13730950
v -0.23438100 -0.07266900 -0.13731050
v -0.21454400 -0.10358500 -0.13730950
v -0.18913400 -0.12992500 -0.13730950
v -0.15929500 -0.15066700 -0.13731150
v -0.12565200 -0.16537800 -0.13730950
v -0.08977000 -0.17318400 -0.13731150
v -0.05343600 -0.17387300 -0.13731050
v -0.01727800 -0.16739300 -0.13731150
v 0.01678600 -0.15401400 -0.13731050
v 0.02822000 -0.13901500 -0.13340550
v -0.00313900 -0.15490500 -0.13340550
v -0.03699400 -0.16436500 -0.13343750
v -0.07204500 -0.16704600 -0.13343750
v -0.10694600 -0.16283600 -0.13343750
v -0.14032600 -0.15191400 -0.13340350
v -0.17093700 -0.13469000 -0.13343250
v -0.19762600 -0.11180900 -0.13343250
v -0.21933700 -0.08416200 -0.13343250
v -0.23525000 -0.05277600 -0.13345450
v -0.24474700 -0.01883200 -0.13340550
v -0.24740600 0.01628800 -0.13343150
v -0.24321300 0.05099400 -0.13343150
v -0.23226200 0.08446500 -0.13343650
v 0.09882200 -0.08133100 -0.13536950
v 0.11387100 -0.04689800 -0.13556050
v 0.12189800 -0.01025400 -0.13559550
v 0.12267200 0.02716000 -0.13536550
v 0.11609400 0.06409700 -0.13536650
v 0.10236700 0.09912000 -0.13559650
v 0.08216300 0.13072500 -0.13536650
v 0.05620700 0.15768900 -0.13559550
v 0.02546300 0.17917300 -0.13536550
v -0.00893300 0.19423700 -0.13535250
v -0.04560900 0.20228400 -0.13538550
v -0.08308800 0.20303200 -0.13536850
v -0.12004000 0.19644600 -0.13533550
v -0.15501600 0.18272700 -0.13559550
v 0.10728700 -0.06429200 -0.13169950
v 0.11881900 -0.02862000 -0.13149150
v 0.12319900 0.00874000 -0.13149250
v 0.12024100 0.04606200 -0.13169850
v 0.11001700 0.08209500 -0.13147250
v 0.09298300 0.11553300 -0.13169050
v 0.06972600 0.14499000 -0.13169850
v 0.04113700 0.16936000 -0.13169050
v 0.00839600 0.18762800 -0.13149150
v -0.02725000 0.19920100 -0.13169050
v -0.06459100 0.20358500 -0.13170050
v -0.10199000 0.20059800 -0.13170050
v -0.13794500 0.19040200 -0.13149150
v -0.17141400 0.17335300 -0.13170250
v -0.16574900 0.16500500 -0.12978550
v -0.13388700 0.18117300 -0.12978650
v -0.09961500 0.19054300 -0.12981150
v -0.06455200 0.19329000 -0.12980850
v -0.02875900 0.18920800 -0.12978550
v 0.00483100 0.17819200 -0.12978650
v 0.03565500 0.16089000 -0.12978550
v 0.06287800 0.13726100 -0.12980850
v 0.08473500 0.10969100 -0.12978650
v 0.10083300 0.07800700 -0.12978450
v 0.11043900 0.04358900 -0.12978550
v 0.11289600 0.00833400 -0.12981150
v 0.10875000 -0.02659100 -0.12980850
v 0.09776400 -0.06090100 -0.12978550
v 0.09754000 -0.08012400 -0.12980850
v 0.11202100 -0.04644700 -0.12978550
v 0.12005300 -0.00979300 -0.12978550
v 0.12098200 0.02715900 -0.12981150
v 0.11432500 0.06407700 -0.12980850
v 0.10057700 0.09847000 -0.12978550
v 0.08081900 0.12971000 -0.12981150
v 0.05502400 0.15621900 -0.12978550
v 0.02440700 0.17758200 -0.12978650
v -0.00955000 0.19266300 -0.12981150
v -0.04572500 0.20037300 -0.12978550
v -0.08286000 0.20112800 -0.12978550
v -0.11934500 0.19486400 -0.12980850
v -0.15436700 0.18093600 -0.12978550
v -0.22148000 0.09764700 -0.13725550
v -0.23527100 0.06577900 -0.13725650
v -0.24284400 0.02280200 -0.13730050
v -0.24314400 -0.00226300 -0.13723950
v -0.23678600 -0.03641500 -0.13725550
v -0.22424300 -0.06812200 -0.13724250
v -0.20533000 -0.09725400 -0.13725550
v -0.18146100 -0.12189500 -0.13724150
v -0.15311500 -0.14142900 -0.13724150
v -0.12150400 -0.15505600 -0.13724150
v -0.08825400 -0.16220700 -0.13724150
v -0.04580200 -0.16130900 -0.13730050
v -0.01956500 -0.15651700 -0.13724150
v 0.01242500 -0.14380000 -0.13724150
v -0.16449500 0.16356000 -0.13149050
v 0.08886200 -0.07502400 -0.13097950
v -0.16479500 0.16390200 -0.13060550
v 0.08919100 -0.07528300 -0.13042950
v 0.08968100 -0.07553200 -0.13001550
v -0.16510900 0.16451100 -0.13003050
v 0.09017800 -0.07612600 -0.12978550
v -0.15013400 0.17204300 -0.13095550
v -0.11738700 0.18495100 -0.13099250
v -0.04749900 0.19068100 -0.13093750
v -0.01304100 0.18320100 -0.13095650
v 0.09163600 0.09433000 -0.13095650
v 0.10460700 0.06154000 -0.13093750
v 0.11088500 0.02690100 -0.13097850
v 0.11030800 -0.00836100 -0.13095550
v 0.10286100 -0.04277600 -0.13095650
v -0.13319500 0.17965600 -0.13095550
v -0.08279400 0.19152100 -0.13056950
v 0.01929600 0.16940000 -0.13061850
v 0.04825700 0.14938700 -0.13057250
v 0.07276200 0.12403100 -0.13060550
v -0.13336900 0.18002200 -0.13042950
v -0.11748100 0.18536200 -0.13042950
v -0.04747500 0.19123100 -0.13027050
v -0.01298000 0.18360500 -0.13042950
v 0.09204400 0.09441800 -0.13042950
v 0.10515600 0.06155700 -0.13028850
v 0.11130100 0.02686800 -0.13042950
v 0.11085100 -0.00856100 -0.13027150
v 0.10335400 -0.04307900 -0.13027150
v -0.11755800 0.18591200 -0.13001550
v -0.08262100 0.19220600 -0.13002350
v -0.01273600 0.18408300 -0.13002350
v 0.01970300 0.16996800 -0.13003050
v 0.04881600 0.14982600 -0.13001550
v 0.07332400 0.12441900 -0.13003050
v 0.09256800 0.09460100 -0.13001550
v 0.11180300 0.02698000 -0.13003750
v -0.13366800 0.18045100 -0.13003750
v -0.02911300 0.18854400 -0.13001550
v 0.00465200 0.17744900 -0.13003750
v 0.03536800 0.16018200 -0.13002350
v 0.08406900 0.10933500 -0.13003750
v 0.10013900 0.07769400 -0.13002150
v 0.10965200 0.04376100 -0.13002450
v 0.10434000 -0.04297700 -0.12980850
v -0.17050700 0.17165900 -0.12978550
v -0.17072500 0.17237800 -0.13001550
v 0.09816500 -0.08086500 -0.13027150
v -0.17108500 0.17280100 -0.13042850
v 0.09861700 -0.08122600 -0.13097050
v -0.17136200 0.17311300 -0.13097850
v 0.09884700 -0.08128700 -0.13171550
v -0.15455400 0.18167600 -0.13002350
v -0.08301500 0.20186200 -0.13002350
v -0.04573400 0.20112300 -0.13002350
v 0.02479600 0.17820300 -0.13002850
v 0.05536800 0.15692500 -0.13003050
v 0.10137800 0.09857200 -0.13003050
v 0.12074000 -0.01015100 -0.13001550
v 0.11280600 -0.04649400 -0.13003150
v -0.13753000 0.18934900 -0.13003050
v -0.11990200 0.19562900 -0.13025850
v -0.00929600 0.19352700 -0.13028850
v 0.08151000 0.13028700 -0.13028850
v 0.11533000 0.06385200 -0.13027150
v 0.12188800 0.02711900 -0.13028850
v -0.08308900 0.20238700 -0.13042850
v -0.04570400 0.20165200 -0.13042850
v 0.02507700 0.17865200 -0.13042850
v 0.05582800 0.15742900 -0.13060550
v 0.10196600 0.09888600 -0.13058950
v 0.12128800 -0.01019400 -0.13042950
v 0.11341400 -0.04682900 -0.13060550
v -0.13790000 0.18993700 -0.13060550
v -0.11999100 0.19621100 -0.13095450
v -0.08305600 0.20280400 -0.13097850
v -0.04555100 0.20204000 -0.13095650
v -0.00904600 0.19401900 -0.13095550
v 0.02532900 0.17898500 -0.13097050
v 0.08205000 0.13048200 -0.13095650
v 0.11582300 0.06417500 -0.13095650
v 0.12242100 0.02728900 -0.13095650
v 0.12168800 -0.01025200 -0.13095650
v -0.10180600 0.20038800 -0.13095650
v -0.06449000 0.20333800 -0.13094050
v -0.02728700 0.19895100 -0.13093650
v 0.04103300 0.16913900 -0.13095850
v 0.06957700 0.14479100 -0.13094150
v 0.09278100 0.11538300 -0.13093650
v 0.11999600 0.04607800 -0.13095650
v 0.11385900 -0.04689400 -0.13147250
v -0.17146800 0.17331800 -0.13536850
v 0.09858500 -0.08126400 -0.13611150
v -0.17136300 0.17311300 -0.13608950
v -0.17108500 0.17280100 -0.13663850
v 0.09820800 -0.08078700 -0.13679650
v -0.17082700 0.17233800 -0.13704350
v 0.09719800 -0.08070300 -0.13726450
v -0.11999100 0.19621100 -0.13611250
v -0.08305600 0.20280400 -0.13608950
v -0.04559100 0.20203900 -0.13612550
v -0.00907700 0.19403800 -0.13608950
v 0.02528300 0.17899900 -0.13611150
v 0.08205000 0.13048200 -0.13611150
v 0.11582300 0.06417500 -0.13611050
v 0.12242100 0.02728900 -0.13611150
v 0.05582800 0.15742900 -0.13646150
v 0.10196700 0.09888500 -0.13647850
v 0.12143100 -0.01031700 -0.13648150
v 0.11341400 -0.04682900 -0.13646250
v -0.13790100 0.18993700 -0.13646150
v -0.11990200 0.19562900 -0.13680850
v -0.08308900 0.20238700 -0.13663850
v -0.04568900 0.20147200 -0.13680850
v -0.00918100 0.19363800 -0.13663850
v 0.02507700 0.17865200 -0.13663850
v 0.08146500 0.13031600 -0.13679650
v 0.11533400 0.06390400 -0.13677950
v 0.12202500 0.02719100 -0.13663850
v -0.08297700 0.20188600 -0.13702950
v -0.00938000 0.19311100 -0.13706050
v 0.02472300 0.17826800 -0.13702950
v 0.05543500 0.15686900 -0.13703650
v 0.10133900 0.09865100 -0.13703650
v 0.12147100 0.02722300 -0.13705250
v 0.12076600 -0.00999600 -0.13705250
v 0.11280600 -0.04649400 -0.13703750
v -0.13753000 0.18935000 -0.13703650
v -0.10153100 0.19949000 -0.13704350
v -0.06445100 0.20241000 -0.13704350
v 0.04044200 0.16840100 -0.13705250
v 0.06898900 0.14409500 -0.13702950
v 0.09196700 0.11491000 -0.13705250
v 0.11911100 0.04572600 -0.13704350
v 0.11772700 -0.02833000 -0.13703050
v -0.22488600 0.09932700 -0.13340350
v -0.22459100 0.09922200 -0.13451050
v 0.02801200 -0.13877700 -0.13451050
v -0.22423700 0.09900100 -0.13529150
v 0.02776900 -0.13843700 -0.13529250
v 0.02744300 -0.13797900 -0.13597750
v -0.22345300 0.09867100 -0.13625850
v 0.02704600 -0.13742100 -0.13653950
v -0.22251800 0.09792400 -0.13695650
v 0.02659300 -0.13678400 -0.13695650
v 0.02597500 -0.13591600 -0.13725750
v -0.24272000 0.03217800 -0.13721350
v -0.05362300 -0.16289300 -0.13721450
v -0.23186900 0.08416900 -0.13492250
v -0.24288900 0.05103900 -0.13451050
v -0.24693300 0.01603200 -0.13492150
v -0.24443600 -0.01879300 -0.13451050
v -0.23478600 -0.05258200 -0.13496050
v -0.21914000 -0.08390200 -0.13451050
v -0.19748300 -0.11151600 -0.13451050
v -0.17085500 -0.13437400 -0.13451050
v -0.14027900 -0.15159800 -0.13451050
v -0.10692900 -0.16252600 -0.13451050
v -0.07208900 -0.16673800 -0.13451050
v -0.03704200 -0.16390700 -0.13487850
v -0.00352900 -0.15453700 -0.13492250
v -0.23839300 0.06688400 -0.13496050
v -0.24228100 0.05082800 -0.13562250
v -0.24402800 -0.01870000 -0.13529150
v -0.21880000 -0.08366000 -0.13529150
v -0.19719600 -0.11121200 -0.13529250
v -0.17049800 -0.13380400 -0.13565650
v -0.14013000 -0.15120700 -0.13529250
v -0.10686000 -0.16211400 -0.13529250
v -0.07210200 -0.16632100 -0.13529250
v -0.24579900 0.01647300 -0.13629250
v -0.24348100 -0.01857400 -0.13597650
v -0.23389100 -0.05194800 -0.13625850
v -0.21834200 -0.08333300 -0.13597650
v -0.19671100 -0.11049800 -0.13625850
v -0.13972300 -0.15038500 -0.13631850
v -0.10648400 -0.16129600 -0.13629250
v -0.07221800 -0.16540100 -0.13631850
v -0.03731700 -0.16311700 -0.13597750
v -0.00361000 -0.15336100 -0.13629250
v -0.23726800 0.06679000 -0.13629250
v -0.24095100 0.05071300 -0.13674550
v -0.24242500 -0.01823100 -0.13680450
v -0.21761600 -0.08258000 -0.13676050
v -0.16997100 -0.13296300 -0.13653950
v -0.03773500 -0.16215900 -0.13676050
v -0.23626800 0.06615800 -0.13695650
v -0.24355700 0.03231900 -0.13695650
v -0.24453600 -0.00249800 -0.13676050
v -0.23788800 -0.03634400 -0.13695650
v -0.22514800 -0.06853000 -0.13695650
v -0.20689600 -0.09760600 -0.13678750
v -0.18280000 -0.12256800 -0.13678750
v -0.15381400 -0.14215400 -0.13695650
v -0.12227100 -0.15621600 -0.13680450
v -0.08820900 -0.16319300 -0.13695650
v -0.05349100 -0.16409800 -0.13680450
v -0.01954600 -0.15752500 -0.13695650
v -0.00430000 -0.15240000 -0.13695650
v -0.23056400 0.10290600 -0.13753950
v 0.03236800 -0.14507000 -0.13731450
v -0.24511300 0.06952700 -0.13753950
v -0.25289700 0.03384000 -0.13753950
v -0.25356500 -0.00256500 -0.13753950
v -0.24711400 -0.03845900 -0.13753950
v -0.23375900 -0.07242200 -0.13755350
v -0.21408800 -0.10309800 -0.13754050
v -0.18878200 -0.12935800 -0.13754050
v -0.15878900 -0.15020400 -0.13754050
v -0.12538400 -0.16477300 -0.13753050
v -0.08977900 -0.17252700 -0.13754050
v -0.05325900 -0.17319700 -0.13754050
v -0.01739100 -0.16675100 -0.13753050
v 0.08605800 -0.07333900 -0.14381550
v 0.09319600 -0.05897500 -0.14381550
v 0.10398900 -0.02613400 -0.14381550
v 0.10816800 0.00818300 -0.14381550
v 0.10557100 0.04265500 -0.14381550
v 0.09629900 0.07595800 -0.14381550
v 0.08070700 0.10681300 -0.14381550
v 0.05939600 0.13403200 -0.14381550
v 0.03318400 0.15657100 -0.14381550
v 0.00307800 0.17356200 -0.14381550
v -0.02976400 0.18435400 -0.14381450
v -0.06408000 0.18853100 -0.14381450
v -0.09855300 0.18593300 -0.14381450
v -0.13185600 0.17665900 -0.14381450
v -0.16270900 0.16106700 -0.14381550
v 0.08835800 -0.07477800 -0.14303050
v -0.16428300 0.16327600 -0.14303050
v 0.09049300 -0.07611500 -0.14175350
v -0.16574400 0.16532800 -0.14175350
v 0.09238800 -0.07730200 -0.14002850
v -0.16704100 0.16715000 -0.14002850
v 0.10677200 -0.04426500 -0.14002850
v 0.11443500 -0.00905800 -0.14002850
v 0.11508100 0.02696900 -0.14002850
v 0.10868600 0.06242900 -0.14002850
v 0.09549600 0.09596000 -0.14002850
v 0.07601800 0.12627300 -0.14002850
v 0.05100000 0.15220400 -0.14002850
v 0.02140500 0.17275500 -0.14002850
v -0.01163200 0.18713800 -0.14002850
v -0.04684000 0.19479900 -0.14002850
v -0.08286600 0.19544300 -0.14002850
v -0.11832600 0.18904700 -0.14002850
v -0.15185700 0.17585600 -0.14002850
v 0.09573200 -0.05993900 -0.14303050
v 0.10666500 -0.02658400 -0.14303050
v 0.11088000 0.00826400 -0.14303050
v 0.10821500 0.04326300 -0.14303050
v 0.09877300 0.07707100 -0.14303050
v 0.08291700 0.10838600 -0.14303050
v 0.06125700 0.13600600 -0.14303050
v 0.03462400 0.15887000 -0.14303050
v 0.00404200 0.17609900 -0.14303050
v -0.02931400 0.18703000 -0.14303050
v -0.06416100 0.19124300 -0.14303050
v -0.09916100 0.18857700 -0.14303050
v -0.13296800 0.17913400 -0.14303050
v 0.10468200 -0.04347100 -0.14175350
v 0.11222900 -0.00868700 -0.14175350
v 0.11284600 0.02690200 -0.14175350
v 0.10650700 0.06192700 -0.14175350
v 0.09345700 0.09504300 -0.14175350
v 0.07419700 0.12497600 -0.14175350
v 0.04946700 0.15057600 -0.14175350
v 0.02021800 0.17086000 -0.14175350
v -0.01242600 0.18504700 -0.14175350
v -0.04721100 0.19259400 -0.14175350
v -0.08280000 0.19320800 -0.14175250
v -0.11782500 0.18686800 -0.14175250
v -0.13400000 0.18143100 -0.14175350
vn -0.0002 0.0001 -1.0000
vn -0.1480 0.1009 -0.9838
vn -0.1351 0.1177 -0.9838
vn -0.0002 -0.0000 -1.0000
vn -0.1661 0.0706 -0.9836
vn -0.1552 0.0885 -0.9839
vn -0.0001 -0.0000 -1.0000
vn -0.1785 0.0373 -0.9832
vn -0.1712 0.0571 -0.9836
vn -0.1821 0.0021 -0.9833
vn -0.1806 0.0228 -0.9833
vn -0.0001 -0.0001 -1.0000
vn -0.1016 -0.1491 -0.9836
vn -0.1171 -0.1349 -0.9839
vn -0.0001 -0.0002 -1.0000
vn -0.0706 -0.1661 -0.9836
vn -0.0894 -0.1568 -0.9836
vn -0.0369 -0.1767 -0.9836
vn -0.0571 -0.1713 -0.9836
vn -0.0000 -0.0002 -1.0000
vn -0.0018 -0.1823 -0.9832
vn -0.0226 -0.1791 -0.9836
vn 0.5808 0.3728 -0.7236
vn 0.0104 0.0117 -0.9999
vn 0.6437 0.3272 -0.6918
vn 0.3941 0.5669 -0.7234
vn 0.0104 0.0109 -0.9999
vn 0.4695 0.5487 -0.6917
vn -0.6967 0.6039 0.3871
vn -0.7381 0.5091 0.4428
vn -0.5740 0.4975 0.6504
vn -0.7380 -0.4777 0.4766
vn -0.7320 -0.3703 0.5719
vn -0.8359 -0.4216 0.3515
vn -0.3524 -0.8205 0.4501
vn -0.3699 -0.6622 0.6517
vn -0.4577 -0.8114 0.3634
vn 0.2539 -0.9055 0.3399
vn 0.3252 -0.8307 0.4518
vn 0.2150 -0.7721 0.5980
vn 0.4207 -0.8299 0.3664
vn 0.4803 -0.7429 0.4662
vn 0.3366 -0.6708 0.6609
vn -0.8090 0.0978 0.5796
vn -0.7895 0.0133 0.6136
vn -0.6333 0.0787 0.7699
vn -0.8289 -0.0637 0.5558
vn -0.7523 -0.1344 0.6450
vn -0.6114 -0.0445 0.7900
vn -0.6950 -0.5416 0.4730
vn -0.5374 -0.5216 0.6627
vn -0.5235 -0.4042 0.7500
vn -0.1605 -0.7502 0.6414
vn -0.2098 -0.6250 0.7519
vn -0.2543 -0.7778 0.5748
vn -0.6306 0.3567 0.6893
vn -0.6286 0.2729 0.7283
vn -0.3863 0.2193 0.8959
vn -0.5621 -0.3662 0.7416
vn -0.3967 -0.1987 0.8962
vn -0.6261 -0.3162 0.7127
vn -0.3727 -0.5331 0.7595
vn -0.3735 -0.4299 0.8220
vn -0.4700 -0.5494 0.6908
vn -0.0078 -0.6483 0.7614
vn -0.0741 -0.5840 0.8084
vn -0.0953 -0.7657 0.6361
vn 0.3539 -0.5472 0.7585
vn 0.2599 -0.5168 0.8157
vn 0.4635 -0.4756 0.7476
vn 0.2653 -0.3380 0.9030
vn 0.4388 -0.5648 0.6989
vn -0.4454 -0.0809 0.8917
vn -0.3965 -0.0299 0.9176
vn -0.4106 -0.1643 0.8969
vn -0.3519 -0.0983 0.9309
vn -0.6370 -0.1799 0.7496
vn -0.3319 -0.3229 0.8863
vn -0.3085 -0.2381 0.9209
vn -0.1884 -0.4287 0.8836
vn -0.1915 -0.3309 0.9240
vn -0.2835 -0.5031 0.8164
vn -0.0977 -0.4667 0.8790
vn -0.1179 -0.3600 0.9255
vn 0.1767 -0.6373 0.7501
vn 0.1698 -0.4204 0.8913
vn 0.0994 -0.3607 0.9274
vn 0.2575 -0.2660 0.9290
vn -0.3946 0.0472 0.9177
vn -0.3401 0.0052 0.9404
vn -0.2212 0.0312 0.9747
vn -0.0000 -0.0000 1.0000
vn -0.4002 -0.9154 -0.0422
vn -0.4879 -0.8688 -0.0850
vn -0.3513 -0.8141 -0.4623
vn 0.6082 -0.6328 -0.4793
vn 0.6162 -0.7833 -0.0827
vn 0.4825 -0.6215 -0.6172
vn 0.4025 -0.7957 -0.4526
vn 0.4205 -0.6502 -0.6328
vn 0.5389 -0.8383 -0.0824
vn -0.0181 -0.9963 -0.0845
vn -0.1058 -0.8714 -0.4790
vn -0.0090 -0.7849 -0.6196
vn -0.8396 -0.5373 -0.0805
vn -0.7901 -0.3979 -0.4664
vn -0.6465 -0.4107 -0.6430
vn -0.8387 0.2750 -0.4701
vn -0.7703 0.1625 -0.6167
vn -0.9738 0.2119 -0.0820
vn 0.4304 -0.4478 -0.7838
vn -0.3802 -0.6714 -0.6361
vn -0.2833 -0.6506 -0.7046
vn 0.2644 -0.6675 -0.6961
vn 0.1777 -0.6173 -0.7664
vn 0.1677 -0.4247 -0.8897
vn -0.0780 -0.6331 -0.7702
vn -0.0062 -0.4878 -0.8730
vn -0.1573 -0.7151 -0.6811
vn -0.2033 -0.6293 -0.7501
vn -0.0971 -0.4421 -0.8917
vn -0.4999 -0.3987 -0.7688
vn -0.3341 -0.3263 -0.8843
vn -0.5126 -0.4912 -0.7043
vn -0.6110 0.2017 -0.7655
vn -0.4741 0.1010 -0.8747
vn -0.4653 0.4031 -0.7880
vn -0.3911 0.2705 -0.8797
vn -0.6330 0.4387 -0.6378
vn -0.0041 -0.0138 -0.9999
vn -0.0048 -0.0098 -0.9999
vn -0.0072 -0.0138 -0.9999
vn -0.0063 -0.0103 -0.9999
vn -0.0087 -0.0137 -0.9999
vn -0.0069 -0.0088 -0.9999
vn -0.0124 -0.0109 -0.9999
vn -0.0092 -0.0091 -0.9999
vn -0.0138 -0.0037 -0.9999
vn -0.0102 -0.0054 -0.9999
vn -0.0131 0.0002 -0.9999
vn -0.0098 -0.0038 -0.9999
vn 0.0006 -0.0010 1.0000
vn 0.0004 -0.0004 1.0000
vn 0.2997 -0.3849 0.8730
vn 0.0002 -0.0005 1.0000
vn 0.0003 -0.0012 1.0000
vn 0.1674 -0.4238 0.8902
vn -0.0001 -0.0006 1.0000
vn -0.0002 -0.0012 1.0000
vn -0.0061 -0.4867 0.8735
vn -0.0001 -0.0003 1.0000
vn -0.0005 -0.0012 1.0000
vn -0.0974 -0.4430 0.8912
vn -0.0014 0.0006 1.0000
vn -0.4747 0.1010 0.8743
vn -0.0007 0.0003 1.0000
vn 0.4293 -0.4467 0.7850
vn -0.4670 0.4044 0.7864
vn -0.3908 0.2703 0.8799
vn -0.0013 0.0012 1.0000
vn 0.4824 -0.6213 0.6174
vn 0.1787 -0.6324 0.7538
vn 0.2644 -0.6676 0.6960
vn -0.0780 -0.6331 0.7701
vn -0.0091 -0.7876 0.6161
vn -0.2028 -0.6276 0.7516
vn -0.1573 -0.7151 0.6810
vn -0.6110 0.2017 0.7655
vn -0.7674 0.1619 0.6204
vn 0.1256 -0.6981 0.7049
vn 0.0573 -0.7736 0.6311
vn 0.1608 -0.8726 0.4612
vn -0.2832 -0.6499 0.7053
vn -0.3808 -0.6720 0.6352
vn -0.3506 -0.8135 0.4640
vn -0.6608 0.5695 0.4890
vn -0.6331 0.4388 0.6377
vn 0.4208 -0.6506 0.6321
vn 0.4028 -0.7960 0.4517
vn 0.5389 -0.8383 0.0826
vn -0.1052 -0.8712 0.4796
vn -0.0181 -0.9963 0.0835
vn -0.8376 0.2749 0.4721
vn -0.9738 0.2119 0.0830
vn -0.8180 0.5704 0.0740
vn 0.6085 -0.6329 0.4787
vn 0.6162 -0.7832 0.0825
vn 0.6928 -0.7205 0.0289
vn 0.0776 -0.9938 0.0801
vn 0.1758 -0.9837 0.0378
vn -0.4880 -0.8687 0.0847
vn -0.4001 -0.9155 0.0421
vn -0.7599 0.6487 0.0423
vn -0.6860 0.7070 0.1715
vn -0.6120 0.7840 0.1038
vn -0.5425 0.6984 0.4669
vn 0.8344 0.5412 0.1042
vn 0.8808 0.4464 0.1578
vn 0.7389 0.4797 0.4732
vn 0.9944 -0.0139 0.1044
vn 0.9811 -0.1184 0.1533
vn 0.8931 -0.0116 0.4497
vn -0.5414 0.5549 0.6317
vn -0.3626 0.9186 0.1569
vn -0.2404 0.8594 0.4513
vn -0.2798 0.7152 0.6404
vn 0.4317 0.7666 0.4752
vn 0.3036 0.7047 0.6412
vn 0.3930 0.9066 0.1538
vn 0.5619 0.8119 0.1583
vn 0.5823 0.6732 0.4558
vn 0.4382 0.6287 0.6425
vn -0.4379 0.5596 0.7036
vn 0.6862 0.3451 0.6404
vn 0.5386 0.3509 0.7660
vn 0.7555 -0.0912 0.6487
vn 0.6960 -0.0080 0.7180
vn 0.3063 0.5451 0.7804
vn 0.1889 0.4383 0.8788
vn 0.6099 0.1695 0.7741
vn 0.4304 0.1727 0.8860
vn 0.6587 0.2584 0.7066
vn 0.6032 -0.1984 0.7725
vn 0.4576 -0.0962 0.8839
vn 0.6924 -0.1508 0.7056
vn 0.4235 0.2132 0.8804
vn 0.0011 0.0009 1.0000
vn 0.4536 0.0331 0.8906
vn 0.0015 0.0005 1.0000
vn 0.6252 0.1141 0.7721
vn 0.3944 -0.2238 0.8913
vn 0.0013 -0.0004 1.0000
vn 0.5816 -0.2513 0.7737
vn 0.0006 0.0013 1.0000
vn 0.0002 0.0008 1.0000
vn 0.0014 0.0005 1.0000
vn 0.0006 0.0004 1.0000
vn 0.0014 -0.0003 1.0000
vn 0.0006 -0.0000 1.0000
vn -0.0000 0.0001 -1.0000
vn 0.3267 -0.8248 0.4615
vn 0.2675 -0.9565 0.1161
vn 0.2379 -0.8548 0.4612
vn 0.6868 -0.7096 0.1571
vn 0.6150 -0.7839 0.0852
vn 0.5416 -0.6897 0.4805
vn 0.0755 -0.9846 0.1575
vn 0.1604 -0.8646 0.4761
vn 0.1804 -0.9782 0.1027
vn -0.3930 -0.9136 0.1041
vn -0.4848 -0.8611 0.1531
vn -0.3525 -0.8211 0.4489
vn -0.5675 -0.8189 0.0860
vn -0.6430 -0.7495 0.1575
vn -0.5076 -0.7325 0.4536
vn -0.7759 -0.6069 0.1721
vn -0.6315 -0.6113 0.4770
vn -0.7164 -0.6927 0.0837
vn -0.7470 0.6422 0.1721
vn -0.7278 0.5002 0.4691
vn -0.8194 0.5639 0.1030
vn 0.5344 -0.5501 0.6417
vn 0.3954 -0.7876 0.4726
vn 0.4239 -0.6582 0.6221
vn 0.5356 -0.8303 0.1538
vn -0.8268 -0.5347 0.1746
vn -0.7959 -0.4028 0.4519
vn -0.6478 -0.4214 0.6346
vn -0.8484 -0.2373 0.4732
vn -0.7170 -0.2856 0.6359
vn -0.9193 -0.3627 0.1526
vn -0.8829 -0.0629 0.4653
vn -0.7561 -0.1348 0.6404
vn -0.9718 -0.1768 0.1562
vn -0.7708 0.4392 0.4615
vn -0.7035 0.3078 0.6405
vn -0.9062 0.3933 0.1551
vn -0.5938 0.5166 0.6168
vn 0.3832 -0.4887 0.7838
vn 0.0593 -0.7787 0.6246
vn 0.1181 -0.6320 0.7660
vn -0.3731 -0.6627 0.6494
vn -0.2749 -0.6419 0.7158
vn -0.4987 -0.5844 0.6401
vn -0.3855 -0.5570 0.7356
vn -0.6221 -0.4817 0.6173
vn -0.4468 -0.4319 0.7834
vn -0.5313 0.3642 0.7649
vn 0.3287 -0.3377 0.8820
vn 0.2873 -0.5731 0.7674
vn 0.2600 -0.4041 0.8770
vn -0.6011 -0.1686 0.7812
vn -0.4449 -0.1770 0.8779
vn -0.3684 0.3194 0.8731
vn 0.0007 -0.0009 1.0000
vn 0.0363 -0.4730 0.8803
vn 0.0001 -0.0012 1.0000
vn -0.3832 -0.2975 0.8744
vn -0.0010 -0.0008 1.0000
vn -0.0012 0.0009 1.0000
vn 0.0005 -0.0010 1.0000
vn 0.0001 -0.0003 1.0000
vn -0.0014 -0.0003 1.0000
vn -0.0007 -0.0002 1.0000
vn -0.0002 -0.0002 1.0000
vn -0.0005 0.0014 1.0000
vn -0.1743 0.4408 0.8805
vn -0.0004 0.0008 1.0000
vn -0.0000 0.0008 1.0000
vn 0.0003 0.0014 1.0000
vn 0.0960 0.4447 0.8905
vn 0.4515 0.1800 0.8739
vn 0.0005 -0.0001 1.0000
vn 0.0011 -0.0005 1.0000
vn 0.4289 -0.1838 0.8845
vn 0.0542 0.4456 0.8936
vn 0.0128 0.6545 0.7559
vn -0.0001 0.0014 1.0000
vn -0.1716 0.6177 0.7674
vn -0.2825 0.7161 0.6383
vn 0.1950 0.6107 0.7675
vn 0.1514 0.7026 0.6953
vn 0.5985 0.1641 0.7842
vn 0.7284 0.2916 0.6200
vn 0.5730 -0.3208 0.7542
vn 0.6495 -0.2856 0.7047
vn 0.3953 0.5737 0.7174
vn 0.4982 0.5874 0.6378
vn 0.5077 0.7344 0.4504
vn 0.6887 0.3469 0.6367
vn 0.7429 0.4811 0.4656
vn 0.5917 0.3802 0.7108
vn -0.2360 0.8462 0.4778
vn -0.3643 0.9286 0.0714
vn 0.4381 0.7772 0.4517
vn 0.3997 0.9133 0.0786
vn 0.3101 0.7032 0.6398
vn 0.8421 0.2335 0.4862
vn 0.9269 0.3649 0.0876
vn 0.7699 -0.0175 0.6379
vn 0.8867 -0.1045 0.4504
vn 0.9969 -0.0206 0.0754
vn 0.7588 -0.6471 0.0743
vn 0.7297 -0.5027 0.4635
vn 0.5856 -0.4964 0.6408
vn 0.6478 0.7585 0.0712
vn 0.5713 0.8198 0.0405
vn 0.8879 0.4520 0.0857
vn 0.8414 0.5387 0.0425
vn -0.5397 0.8408 -0.0427
vn -0.4511 0.8881 -0.0882
vn -0.4819 0.7476 -0.4570
vn 0.5713 0.8197 -0.0409
vn 0.6474 0.7574 -0.0845
vn 0.5072 0.7342 -0.4512
vn 0.8888 0.4528 -0.0710
vn 0.7425 0.4813 -0.4658
vn 0.8415 0.5388 -0.0396
vn 0.9990 -0.0185 -0.0407
vn 0.9904 -0.1162 -0.0754
vn 0.8791 -0.0141 -0.4763
vn 0.9493 -0.3067 -0.0698
vn 0.8713 -0.1916 -0.4519
vn 0.9762 -0.2152 -0.0265
vn 0.7588 -0.6471 -0.0743
vn 0.7287 -0.5024 -0.4654
vn 0.8199 -0.5711 -0.0404
vn -0.3642 0.9275 -0.0849
vn -0.2367 0.8484 -0.4735
vn -0.2919 0.7291 -0.6190
vn 0.0198 0.9967 -0.0787
vn 0.1060 0.8660 -0.4886
vn 0.0132 0.7691 -0.6389
vn 0.7169 0.6916 -0.0882
vn 0.6926 0.5430 -0.4748
vn 0.5638 0.5506 -0.6156
vn -0.3477 0.6896 -0.6352
vn -0.3782 0.5838 -0.7184
vn 0.5047 0.5861 -0.6339
vn 0.3959 0.5741 -0.7167
vn 0.6814 0.3504 -0.6426
vn 0.5955 0.3829 -0.7062
vn 0.7616 -0.0917 -0.6416
vn 0.6397 -0.0094 -0.7686
vn 0.7355 -0.2363 -0.6350
vn 0.6652 -0.1461 -0.7323
vn 0.5855 -0.4963 -0.6410
vn 0.5808 -0.4032 -0.7072
vn -0.4396 0.4544 -0.7748
vn -0.4418 0.5642 -0.6975
vn -0.2820 0.3596 -0.8895
vn -0.1713 0.6171 -0.7680
vn -0.1788 0.4490 -0.8755
vn 0.0767 0.6122 -0.7870
vn 0.0076 0.4762 -0.8793
vn 0.5075 0.3963 -0.7651
vn 0.3468 0.3378 -0.8750
vn 0.1396 0.4315 -0.8912
vn 0.0083 0.0152 -0.9999
vn 0.1338 0.6175 -0.7751
vn 0.2228 0.3945 -0.8914
vn 0.0095 0.0133 -0.9999
vn 0.2617 0.5996 -0.7563
vn 0.4723 -0.0571 -0.8796
vn 0.0141 0.0061 -0.9999
vn 0.0043 0.0137 -0.9999
vn 0.0049 0.0101 -0.9999
vn 0.0075 0.0152 -0.9999
vn 0.0064 0.0104 -0.9999
vn 0.0125 0.0112 -0.9999
vn 0.0094 0.0093 -0.9999
vn 0.6747 -0.5828 0.4529
vn 0.7636 -0.5260 0.3745
vn 0.6290 -0.4362 0.6435
vn 0.8101 -0.3508 0.4698
vn 0.7152 -0.4033 0.5708
vn 0.8099 -0.4610 0.3627
vn 0.8767 -0.0155 0.4807
vn 0.8086 -0.0955 0.5805
vn 0.9241 -0.1159 0.3642
vn 0.8924 0.2474 0.3774
vn 0.8243 0.3273 0.4619
vn 0.7365 0.2004 0.6461
vn -0.2512 0.8978 0.3618
vn -0.3260 0.8171 0.4754
vn -0.2007 0.7277 0.6559
vn 0.5336 -0.4590 0.7104
vn 0.8417 -0.2773 0.4634
vn 0.7516 -0.1606 0.6397
vn 0.6385 -0.2129 0.7396
vn 0.4327 0.6202 0.6543
vn 0.4640 0.5394 0.7027
vn 0.5830 0.6750 0.4522
vn 0.6066 0.2435 0.7568
vn 0.5575 0.1543 0.8157
vn 0.5985 0.4661 0.6516
vn 0.4697 0.4599 0.7536
vn 0.3671 0.2858 0.8852
vn 0.2246 0.6850 0.6931
vn 0.1388 0.6376 0.7578
vn 0.1341 0.4095 0.9024
vn -0.2391 0.6003 0.7632
vn -0.1556 0.5606 0.8133
vn 0.3926 -0.1705 0.9038
vn 0.3306 -0.1877 0.9249
vn 0.5624 -0.3137 0.7651
vn 0.4558 -0.0989 0.8846
vn 0.3497 -0.1154 0.9297
vn 0.3920 0.2553 0.8838
vn 0.3338 0.1647 0.9281
vn 0.4968 0.2516 0.8306
vn 0.4072 -0.0469 0.9121
vn 0.3505 -0.0079 0.9365
vn 0.2225 -0.0317 0.9744
vn -0.0198 0.2456 0.9692
vn -0.0442 0.2480 0.9677
vn 0.0002 -0.0002 -1.0000
vn 0.1491 -0.1017 -0.9836
vn 0.1349 -0.1171 -0.9839
vn 0.0002 -0.0001 -1.0000
vn 0.1660 -0.0706 -0.9836
vn 0.1568 -0.0894 -0.9836
vn 0.1786 -0.0374 -0.9832
vn 0.1712 -0.0571 -0.9836
vn 0.0002 -0.0000 -1.0000
vn 0.1820 -0.0021 -0.9833
vn 0.1806 -0.0228 -0.9833
vn 0.0001 0.0002 -1.0000
vn 0.1009 0.1480 -0.9838
vn 0.1177 0.1351 -0.9838
vn 0.0706 0.1660 -0.9836
vn 0.0885 0.1551 -0.9839
vn 0.0369 0.1766 -0.9836
vn 0.0571 0.1712 -0.9836
vn -0.0000 0.0003 -1.0000
vn 0.0018 0.1824 -0.9832
vn 0.0226 0.1790 -0.9836
vn -0.4879 0.8311 -0.2669
vn -0.5889 0.7531 -0.2932
vn -0.5623 0.7778 -0.2808
vn 0.9573 0.0075 -0.2891
vn 0.9444 0.1314 -0.3013
vn 0.9508 0.0992 -0.2935
vn -0.4706 -0.8303 -0.2986
vn -0.3561 -0.8868 -0.2946
vn -0.3903 -0.8661 -0.3123
vn 0.8328 0.4327 -0.3454
vn 0.7811 0.5279 -0.3334
vn 0.6756 0.6611 -0.3264
vn -0.6004 0.7090 -0.3698
vn -0.7679 0.5086 -0.3894
vn -0.5393 0.7572 -0.3686
vn -0.8613 0.3186 -0.3958
vn -0.8941 0.2244 -0.3877
vn -0.9295 0.0215 -0.3682
vn -0.9256 -0.1572 -0.3442
vn -0.9125 -0.2397 -0.3314
vn 0.6057 -0.6965 -0.3849
vn 0.6901 -0.6192 -0.3747
vn 0.8018 -0.4881 -0.3448
vn 0.0950 -0.9210 -0.3778
vn 0.2125 -0.8991 -0.3828
vn -0.0441 -0.9283 -0.3691
vn -0.1416 -0.9221 -0.3600
vn 0.8802 0.3434 -0.3276
vn -0.9513 0.0937 -0.2936
vn -0.8350 0.4367 -0.3348
vn -0.9550 0.0588 -0.2906
vn -0.8705 0.3954 -0.2930
vn -0.9174 0.2256 -0.3278
vn -0.9323 0.1315 -0.3368
vn -0.0888 -0.9171 -0.3886
vn -0.3160 -0.8741 -0.3689
vn -0.0217 -0.9198 -0.3918
vn 0.4260 -0.8257 -0.3697
vn 0.1821 -0.8919 -0.4139
vn 0.4289 -0.8252 -0.3674
vn 0.8476 0.3619 -0.3881
vn 0.9085 0.1885 -0.3729
vn 0.7233 0.5645 -0.3976
vn -0.7375 0.5906 -0.3276
vn 0.3965 -0.8677 -0.3000
vn 0.0392 -0.9415 -0.3347
vn 0.4279 -0.8559 -0.2903
vn 0.0919 -0.9522 -0.2914
vn 0.2626 -0.9076 -0.3275
vn 0.3510 -0.8761 -0.3305
vn 0.2994 -0.5600 -0.7725
vn -0.1838 -0.6674 -0.7217
vn 0.0218 -0.4841 -0.8747
vn 0.0016 -0.0020 -1.0000
vn -0.0015 -0.0037 -1.0000
vn 0.8067 -0.5123 -0.2947
vn 0.6403 -0.6920 -0.3334
vn 0.5394 -0.3126 -0.7819
vn -0.3724 -0.3854 -0.8443
vn -0.4547 -0.4949 -0.7405
vn -0.5677 -0.5603 -0.6032
vn -0.0016 -0.0007 -1.0000
vn -0.2262 -0.2350 -0.9453
vn 0.9549 -0.1436 -0.2600
vn 0.9236 -0.2163 -0.3165
vn 0.9513 -0.0591 -0.3024
vn 0.9175 -0.2997 -0.2615
vn 0.8508 -0.3610 -0.3818
vn 0.8606 -0.4366 -0.2621
vn 0.7453 -0.0386 -0.6656
vn 0.5863 -0.1469 -0.7967
vn 0.6875 0.0533 -0.7242
vn 0.4411 -0.0165 -0.8973
vn 0.0197 -0.0087 -0.9998
vn 0.0087 -0.0020 -1.0000
vn 0.3203 -0.2283 -0.9194
vn 0.0051 -0.0006 -1.0000
vn -0.8787 -0.3454 -0.3296
vn -0.6690 -0.6863 -0.2854
vn -0.9387 -0.0687 -0.3378
vn -0.7131 -0.0956 -0.6945
vn -0.4592 -0.1421 -0.8769
vn 0.3932 0.5995 -0.6971
vn 0.2182 0.3422 -0.9139
vn 0.1451 0.6604 -0.7367
vn 0.3733 0.0512 -0.9263
vn 0.0040 0.0001 -1.0000
vn -0.1780 0.6165 -0.7670
vn -0.2579 0.9199 -0.2955
vn -0.0016 0.0001 -1.0000
vn -0.3465 0.1163 -0.9308
vn -0.2397 0.0362 -0.9702
vn -0.4727 0.0637 -0.8789
vn -0.4361 0.1287 -0.8907
vn -0.5888 0.1953 -0.7843
vn -0.7296 0.0983 -0.6768
vn -0.6948 0.2265 -0.6826
vn -0.9200 0.2521 -0.3001
vn -0.9551 0.0952 -0.2806
vn -0.1342 0.3989 -0.9071
vn -0.2326 0.6838 -0.6917
vn -0.2925 0.9147 -0.2790
vn -0.7239 0.1048 -0.6819
vn -0.6475 0.6855 -0.3329
vn -0.5527 0.4184 -0.7207
vn -0.3962 0.2978 -0.8686
vn -0.5469 0.0827 -0.8331
vn -0.3868 -0.8452 -0.3688
vn -0.5263 -0.5705 -0.6305
vn -0.6476 -0.7063 -0.2859
vn 0.6385 -0.6934 -0.3340
vn 0.3224 -0.5791 -0.7488
vn 0.1259 -0.7280 -0.6739
vn 0.0793 -0.4642 -0.8822
vn -0.0000 -0.0001 -1.0000
vn -0.0828 -0.6359 -0.7673
vn 0.2204 -0.3528 -0.9094
vn 0.0001 -0.0000 -1.0000
vn -0.2223 -0.4853 -0.8456
vn -0.3316 -0.3552 -0.8740
vn 0.8054 -0.5166 -0.2907
vn 0.4823 -0.3480 -0.8039
vn 0.8572 -0.4336 -0.2779
vn 0.5883 -0.3064 -0.7484
vn 0.9517 -0.1445 -0.2710
vn 0.7125 -0.1132 -0.6925
vn 0.6253 0.0196 -0.7801
vn 0.4711 -0.0742 -0.8789
vn 0.0001 -0.0001 -1.0000
vn 0.3551 -0.2556 -0.8992
vn -0.5130 -0.5335 -0.6724
vn -0.3046 -0.2944 -0.9059
vn 0.6457 0.0908 -0.7582
vn 0.8192 0.4361 -0.3725
vn 0.1548 0.9171 -0.3674
vn -0.2572 0.9169 -0.3053
vn 0.0859 0.6589 -0.7473
vn 0.3268 0.6644 -0.6721
vn 0.2009 0.3986 -0.8949
vn 0.2714 0.2687 -0.9242
vn 0.4643 0.4889 -0.7386
vn 0.4387 0.2421 -0.8654
vn -0.0000 -0.0000 -1.0000
vn 0.4500 0.0601 -0.8910
vn 0.0344 0.4061 -0.9132
vn -0.8762 -0.3471 -0.3344
vn -0.6348 -0.3155 -0.7054
vn -0.6900 -0.1680 -0.7040
vn -0.4212 -0.1056 -0.9008
vn -0.3779 0.0321 -0.9253
vn -0.6425 0.0433 -0.7651
vn -0.4176 0.1862 -0.8893
vn -0.1112 0.3571 -0.9274
vn -0.2807 0.0184 -0.9596
vn -0.4957 0.1295 -0.8588
vn -0.4598 0.1977 -0.8657
vn -0.4569 0.0520 -0.8880
vn -0.6161 0.0376 -0.7867
vn -0.6987 0.1678 -0.6954
vn -0.7250 0.0727 -0.6849
vn -0.6475 0.2670 -0.7138
vn -0.8652 0.3638 -0.3450
vn -0.9517 0.0919 -0.2931
vn -0.9288 0.2486 -0.2747
vn -0.4768 0.5144 -0.7128
vn -0.1922 0.6096 -0.7690
vn -0.2900 0.9074 -0.3042
vn -0.2721 0.2919 -0.9169
vn -0.4683 0.2595 -0.8446
vn -0.2896 0.1583 -0.9440
vn 0.2729 -0.6708 -0.6896
vn -0.2701 -0.9039 -0.3318
vn -0.0754 -0.7216 -0.6882
vn -0.4994 -0.5599 -0.6611
vn 0.0043 -0.4647 -0.8854
vn -0.3929 -0.4255 -0.8152
vn -0.1717 -0.5053 -0.8457
vn -0.1705 -0.1931 -0.9663
vn -0.0001 -0.0023 -1.0000
vn 0.1837 -0.4062 -0.8951
vn -0.0043 -0.0030 -1.0000
vn 0.0009 -0.0027 -1.0000
vn 0.0590 -0.2990 -0.9524
vn 0.1682 -0.4122 -0.8954
vn 0.1194 -0.5923 -0.7968
vn 0.2793 -0.6784 -0.6795
vn 0.1634 -0.7194 -0.6751
vn 0.2415 -0.9232 -0.2990
vn 0.3953 -0.8747 -0.2805
vn -0.7158 0.0407 -0.6971
vn -0.4053 0.0098 -0.9141
vn -0.6505 -0.2086 -0.7303
vn -0.2506 0.3349 -0.9083
vn -0.0013 0.0014 -1.0000
vn -0.5202 -0.5423 -0.6598
vn -0.6697 -0.6853 -0.2863
vn -0.3549 -0.3577 -0.8638
vn 0.7384 -0.5877 -0.3307
vn 0.7269 -0.1997 -0.6570
vn 0.9288 -0.2362 -0.2855
vn 0.5288 -0.7786 -0.3378
vn 0.4442 -0.5474 -0.7093
vn 0.3201 -0.3772 -0.8691
vn 0.0061 -0.0019 -1.0000
vn 0.4239 -0.1127 -0.8987
vn -0.3533 0.8984 -0.2609
vn -0.2734 0.9052 -0.3252
vn -0.4195 0.8446 -0.3326
vn -0.1990 0.9443 -0.2622
vn -0.1150 0.9255 -0.3608
vn -0.0522 0.9635 -0.2626
vn 0.0416 0.9546 -0.2949
vn -0.1825 0.5874 -0.7885
vn 0.0064 0.6366 -0.7712
vn -0.0484 0.4684 -0.8822
vn -0.0035 0.0110 -0.9999
vn 0.0319 0.3409 -0.9396
vn -0.0073 0.0138 -0.9999
vn 0.6845 -0.1520 -0.7130
vn 0.5832 0.4324 -0.6876
vn 0.6742 0.1802 -0.7162
vn 0.3373 0.2470 -0.9084
vn 0.3709 0.5756 -0.7288
vn 0.0005 0.0044 -1.0000
vn 0.2791 0.9005 -0.3334
vn -0.2072 -0.6706 -0.7123
vn -0.4341 -0.4738 -0.7662
vn -0.6408 -0.7051 -0.3037
vn -0.1163 -0.3834 -0.9163
vn -0.2571 -0.2787 -0.9253
vn 0.0092 -0.5355 -0.8445
vn 0.1810 -0.3969 -0.8998
vn 0.0076 -0.3269 -0.9450
vn -0.0002 -0.0001 -1.0000
vn 0.0366 -0.2877 -0.9570
vn 0.0496 -0.4676 -0.8826
vn 0.0755 -0.6176 -0.7829
vn 0.1460 -0.4751 -0.8677
vn 0.0726 -0.7260 -0.6839
vn 0.2192 -0.7068 -0.6726
vn 0.1213 -0.9455 -0.3022
vn -0.3002 -0.3074 -0.9030
vn 0.5296 -0.7777 -0.3386
vn 0.2765 -0.6287 -0.7269
vn 0.7387 -0.5853 -0.3343
vn 0.5908 -0.3928 -0.7047
vn 0.4527 -0.5096 -0.7316
vn 0.1981 -0.4254 -0.8831
vn -0.4061 0.5096 -0.7586
vn -0.7872 0.4914 -0.3725
vn -0.8730 -0.3205 -0.3676
vn -0.6655 -0.6813 -0.3049
vn -0.6134 -0.2554 -0.7474
vn -0.7388 -0.0492 -0.6721
vn -0.4689 -0.0290 -0.8828
vn -0.6239 0.1499 -0.7670
vn -0.4531 0.2757 -0.8478
vn -0.2973 0.3757 -0.8777
vn -0.3718 -0.1747 -0.9117
vn 0.4738 -0.1097 -0.8738
vn 0.4064 -0.1162 -0.9063
vn 0.7191 -0.1777 -0.6719
vn -0.3507 0.8920 -0.2852
vn -0.1538 0.7292 -0.6668
vn -0.1987 0.9430 -0.2670
vn -0.0511 0.9551 -0.2917
vn -0.0177 0.6247 -0.7807
vn -0.3711 0.6193 -0.6920
vn -0.2224 0.5608 -0.7975
vn -0.0944 0.4426 -0.8917
vn -0.0003 -0.0000 -1.0000
vn -0.0027 -0.0009 -1.0000
vn 0.0432 0.4210 -0.9060
vn 0.9254 0.0877 -0.3688
vn 0.7580 -0.1708 -0.6295
vn 0.9356 -0.2077 -0.2854
vn 0.5044 0.7804 -0.3695
vn 0.2812 0.8997 -0.3340
vn 0.3401 0.5688 -0.7489
vn 0.5674 0.4729 -0.6741
vn 0.3437 0.2823 -0.8956
vn 0.3528 0.1365 -0.9257
vn 0.6226 0.2586 -0.7386
vn 0.1918 0.3623 -0.9121
vn 0.5019 0.0493 -0.8635
vn 0.0459 0.9537 -0.2972
vn 0.0559 0.6357 -0.7699
vn 0.4164 -0.8202 -0.3923
vn 0.1694 -0.6517 -0.7393
vn 0.5322 -0.3948 -0.7489
vn 0.4121 -0.6094 -0.6773
vn 0.9235 -0.2324 -0.3053
vn 0.2484 -0.3814 -0.8904
vn 0.1171 -0.3766 -0.9190
vn 0.3383 -0.2362 -0.9109
vn -0.2263 -0.5314 -0.8163
vn -0.0237 -0.5003 -0.8655
vn 0.3598 -0.0811 -0.9295
vn -0.6008 -0.7521 -0.2711
vn -0.4636 -0.5737 -0.6753
vn -0.5478 -0.4973 -0.6728
vn -0.4685 -0.2900 -0.8345
vn -0.8007 -0.5206 -0.2965
vn -0.2995 -0.5481 -0.7809
vn -0.2870 -0.3537 -0.8902
vn 0.6852 0.1568 -0.7113
vn 0.6240 -0.1383 -0.7691
vn 0.9307 -0.2022 -0.3047
vn 0.3882 0.0898 -0.9172
vn 0.4589 0.2758 -0.8446
vn 0.2723 0.3721 -0.8873
vn 0.2533 0.1527 -0.9553
vn -0.2323 0.7459 -0.6242
vn -0.2878 0.9140 -0.2858
vn -0.6610 0.0103 -0.7503
vn -0.6942 0.2555 -0.6729
vn -0.4175 0.1569 -0.8950
vn -0.2962 0.2392 -0.9247
vn -0.5375 0.4102 -0.7367
vn -0.2970 0.4133 -0.8608
vn -0.1448 0.4744 -0.8683
vn -0.4111 -0.0149 -0.9115
vn -0.8487 -0.4335 -0.3029
vn -0.6311 -0.2901 -0.7194
vn 0.1715 0.2565 -0.9512
vn 0.3435 0.3632 -0.8661
vn 0.3828 0.2846 -0.8789
vn 0.3829 0.5792 -0.7197
vn 0.5188 0.5442 -0.6593
vn 0.4381 0.6157 -0.6550
vn -0.2067 0.7140 -0.6690
vn -0.1078 0.4270 -0.8978
vn 0.4015 0.8510 -0.3385
vn 0.4227 0.5749 -0.7006
vn 0.5773 0.7465 -0.3308
vn 0.0836 0.9387 -0.3345
vn 0.0455 0.7234 -0.6889
vn 0.2229 0.6789 -0.6996
vn 0.1630 0.5159 -0.8410
vn 0.0990 0.3064 -0.9467
vn 0.2765 0.4037 -0.8721
vn 0.1804 0.1498 -0.9721
vn 0.3677 0.2643 -0.8916
vn 0.3229 -0.6395 -0.6977
vn 0.1872 -0.3600 -0.9140
vn 0.5003 -0.4562 -0.7359
vn -0.1639 -0.3837 -0.9088
vn -0.0007 -0.0018 -1.0000
vn 0.6135 -0.1500 -0.7753
vn 0.9249 -0.2331 -0.3003
vn -0.6015 -0.7552 -0.2605
vn -0.6435 -0.6828 -0.3460
vn -0.5228 -0.7829 -0.3373
vn -0.7182 -0.6452 -0.2606
vn -0.7482 -0.5664 -0.3454
vn -0.8088 -0.5269 -0.2614
vn -0.8428 -0.4379 -0.3129
vn -0.4024 -0.4278 -0.8094
vn -0.0077 -0.0124 -0.9999
vn -0.3378 -0.5162 -0.7870
vn -0.0107 -0.0078 -0.9999
vn -0.0035 -0.0038 -1.0000
vn 0.0035 -0.0019 -1.0000
vn 0.0018 0.0006 -1.0000
vn 0.2967 -0.0603 -0.9531
vn 0.3929 -0.1092 -0.9131
vn -0.8010 0.4493 -0.3957
vn -0.6389 0.3078 -0.7050
vn -0.4826 0.4952 -0.7224
vn -0.3827 0.1686 -0.9083
vn -0.3460 -0.1690 -0.9229
vn -0.6703 0.0258 -0.7417
vn -0.0025 -0.0008 -1.0000
vn -0.5317 -0.3029 -0.7910
vn 0.4503 0.5631 -0.6929
vn 0.5524 0.7851 -0.2801
vn 0.9173 0.2170 -0.3340
vn 0.6560 0.3393 -0.6742
vn 0.6330 0.0927 -0.7686
vn 0.9323 -0.2024 -0.2997
vn 0.4103 0.2226 -0.8844
vn 0.2638 0.3597 -0.8950
vn -0.1937 0.7443 -0.6391
vn -0.1342 0.5024 -0.8542
vn -0.1992 0.6340 -0.7472
vn 0.0012 0.0022 -1.0000
vn -0.0021 0.0032 -1.0000
vn -0.0863 0.3031 -0.9491
vn 0.0020 0.0018 -1.0000
vn 0.2232 0.2868 -0.9316
vn 0.3839 0.4893 -0.7831
vn 0.3336 0.2922 -0.8963
vn 0.5469 0.4780 -0.6873
vn 0.6408 0.7105 -0.2908
vn 0.1340 0.9342 -0.3307
vn -0.2603 0.9223 -0.2857
vn 0.4522 0.8240 -0.3412
vn 0.2608 0.6546 -0.7096
vn 0.1692 0.4698 -0.8664
vn 0.0100 0.0077 -0.9999
vn 0.6425 0.2526 -0.7234
vn 0.0093 0.0090 -0.9999
vn 0.4970 0.4792 -0.7234
vn -0.9121 -0.1642 0.3756
vn -0.8537 -0.2390 0.4627
vn -0.6678 -0.6467 0.3686
vn -0.5793 -0.6793 0.4505
vn 0.0661 -0.8834 0.4639
vn -0.0138 -0.8142 0.5804
vn -0.0196 -0.9316 0.3629
vn 0.6498 -0.6742 0.3509
vn 0.5631 -0.5860 0.5827
vn -0.5062 -0.7295 0.4601
vn 0.2573 -0.6530 0.7123
vn -0.6988 0.1555 0.6982
vn -0.4378 0.0967 0.8938
vn -0.5408 0.0088 0.8411
vn -0.2824 -0.6538 0.7020
vn 0.0987 -0.5465 0.8316
vn 0.1264 -0.7214 0.6808
vn -0.2700 0.2301 0.9350
vn -0.3365 0.3458 0.8759
vn -0.4496 0.3875 0.8048
vn -0.4721 0.3309 0.8171
vn -0.2895 0.2021 0.9356
vn -0.4218 0.1373 0.8962
vn -0.3380 0.1461 0.9298
vn 0.0348 -0.4400 0.8973
vn -0.0070 -0.3758 0.9267
vn 0.2025 -0.3156 0.9270
vn 0.3485 -0.2960 0.8893
vn -0.0001 -0.0000 1.0000
vn -0.0972 -0.2251 0.9695
vn -0.0001 -0.0002 1.0000
vn 0.6928 -0.7206 -0.0288
vn 0.2733 -0.9609 -0.0443
vn 0.1728 -0.9811 -0.0875
vn 0.2430 -0.8479 -0.4712
vn -0.7832 -0.6201 -0.0444
vn -0.6871 -0.5465 -0.4787
vn -0.9959 -0.0798 -0.0423
vn -0.9962 0.0217 -0.0839
vn -0.8708 -0.0735 -0.4861
vn -0.8723 0.4873 -0.0412
vn -0.8179 0.5705 -0.0740
vn -0.7801 0.4318 -0.4528
vn -0.6450 -0.7597 -0.0829
vn -0.6418 -0.6103 -0.4643
vn -0.5000 -0.5922 -0.6319
vn 0.1321 -0.7769 -0.6156
vn -0.7868 0.0219 -0.6168
vn -0.6184 -0.0541 -0.7840
vn -0.6100 0.3365 -0.7174
vn -0.6306 -0.3199 -0.7071
vn -0.5909 -0.2297 -0.7733
vn -0.4139 -0.2146 -0.8847
vn 0.3593 -0.3045 -0.8821
vn -0.0005 -0.0117 -0.9999
vn 0.0827 -0.4798 -0.8735
vn -0.1902 -0.4269 -0.8841
vn -0.3966 -0.2522 -0.8827
vn -0.4875 0.0130 -0.8730
vn -0.0153 -0.0069 -0.9999
vn -0.4182 0.1847 -0.8894
vn -0.0146 -0.0094 -0.9998
vn -0.0097 -0.0080 -0.9999
vn -0.0007 -0.0001 1.0000
vn -0.0015 -0.0004 1.0000
vn -0.4045 -0.2082 0.8905
vn 0.3590 -0.3043 0.8824
vn 0.0793 -0.4613 0.8837
vn -0.1899 -0.4266 0.8843
vn -0.0016 -0.0000 1.0000
vn -0.4870 0.0130 0.8733
vn -0.6173 -0.0539 0.7849
vn -0.4170 0.1841 0.8901
vn -0.5916 -0.2296 0.7728
vn -0.6385 -0.3288 0.6958
vn -0.7870 0.0219 0.6166
vn -0.8712 -0.0734 0.4854
vn -0.6101 0.3366 0.7173
vn -0.7818 0.4330 0.4486
vn -0.6457 -0.6152 0.4523
vn -0.6449 -0.7597 0.0834
vn -0.4994 -0.5919 0.6326
vn -0.9962 0.0217 0.0840
vn -0.9959 -0.0797 0.0426
vn -0.8723 0.4873 0.0410
vn -0.4520 0.8860 0.1038
vn -0.3999 0.7804 0.4807
vn -0.1752 0.9700 0.1686
vn -0.2682 0.9595 0.0856
vn 0.3067 0.9464 0.1013
vn 0.2741 0.8488 0.4521
vn 0.4889 0.8682 0.0847
vn 0.7569 -0.6453 0.1035
vn 0.6790 -0.5780 0.4527
vn -0.0764 0.9823 0.1708
vn 0.0186 0.8741 0.4854
vn -0.0654 0.7815 0.6204
vn 0.8234 0.3203 0.4684
vn 0.8679 -0.1921 0.4580
vn -0.2831 0.5499 0.7857
vn -0.1346 0.7610 0.6346
vn -0.1825 0.6544 0.7338
vn 0.2124 0.6602 0.7204
vn 0.5298 -0.4494 0.7193
vn -0.3429 0.5346 0.7724
vn -0.2910 0.3662 0.8839
vn 0.0142 0.6181 0.7860
vn -0.0397 0.4832 0.8746
vn 0.5633 0.4456 0.6958
vn 0.3561 0.2818 0.8910
vn -0.1727 0.4417 0.8804
vn -0.0007 0.0015 1.0000
vn 0.0977 0.4437 0.8909
vn 0.0001 0.0017 1.0000
vn 0.0747 0.6294 0.7735
vn 0.2714 0.3891 0.8803
vn -0.0009 0.0014 1.0000
vn -0.0005 0.0007 1.0000
vn -0.0000 0.0016 1.0000
vn -0.0001 0.0008 1.0000
vn 0.0004 0.0005 1.0000
vn -0.8890 -0.4501 0.0844
vn -0.9593 -0.2685 0.0869
vn -0.9463 0.3070 0.1010
vn -0.8320 0.2681 0.4856
vn -0.0187 -0.8750 0.4837
vn -0.6058 -0.3063 0.7343
vn -0.5893 0.1885 0.7856
vn 0.1967 -0.6936 0.6930
vn 0.1242 -0.4375 0.8906
vn -0.0144 -0.6178 0.7862
vn -0.3062 -0.3593 0.8816
vn -0.6351 0.0117 0.7724
vn -0.4642 -0.0382 0.8849
vn -0.7090 -0.0534 0.7032
vn -0.6171 0.3485 0.7055
vn -0.4061 0.2253 0.8856
vn 0.1640 -0.4209 0.8922
vn -0.0975 -0.4425 0.8915
vn -0.0002 -0.0014 1.0000
vn -0.0746 -0.6296 0.7733
vn -0.4693 -0.0837 0.8790
vn -0.4351 0.1905 0.8800
vn -0.0015 0.0006 1.0000
vn 0.0001 -0.0005 1.0000
vn -0.0005 -0.0004 1.0000
vn -0.0016 0.0002 1.0000
vn -0.0008 -0.0000 1.0000
vn -0.0006 0.0004 1.0000
vn -0.0002 0.0008 1.0000
vn -0.0378 0.4524 0.8910
vn 0.0004 0.0007 1.0000
vn 0.0010 0.0012 1.0000
vn 0.3096 0.3657 0.8778
vn -0.0011 0.0014 1.0000
vn -0.2439 0.3840 0.8905
vn -0.3943 0.4969 0.7731
vn -0.0779 0.4473 0.8910
vn 0.1924 0.4366 0.8788
vn 0.0011 0.0011 1.0000
vn 0.3955 0.2496 0.8839
vn 0.4956 0.3937 0.7742
vn 0.0015 0.0002 1.0000
vn 0.4797 -0.0109 0.8773
vn 0.6198 0.0540 0.7829
vn 0.3783 -0.2672 0.8863
vn -0.0593 0.7192 0.6923
vn 0.4501 0.4263 0.7847
vn -0.3202 0.6185 0.7176
vn -0.4093 0.7937 0.4500
vn 0.2685 0.8390 0.4732
vn 0.8735 0.0743 0.4812
vn 0.7552 -0.1699 0.6331
vn 0.6751 -0.0792 0.7335
vn 0.6336 0.6030 0.4848
vn 0.7371 -0.2346 0.6338
vn 0.8105 -0.3606 0.4615
vn 0.9483 -0.3058 0.0848
vn -0.4547 0.8899 0.0375
vn 0.3065 0.9509 0.0439
vn 0.9958 0.0807 0.0434
vn 0.9729 -0.2147 0.0854
vn 0.9928 -0.1165 0.0280
vn -0.0740 0.8896 -0.4507
vn -0.0806 0.9958 -0.0424
vn 0.8175 0.3150 -0.4821
vn 0.8034 -0.3566 -0.4769
vn -0.0590 0.6958 -0.7158
vn 0.2254 0.6946 -0.6832
vn 0.5792 0.2216 -0.7845
vn 0.4257 0.2190 -0.8780
vn 0.7142 0.0594 -0.6975
vn 0.4545 0.0376 -0.8900
vn 0.5695 -0.2545 -0.7816
vn 0.4569 -0.1464 -0.8774
vn -0.0778 0.4468 -0.8912
vn 0.3939 0.2482 -0.8850
vn 0.4472 0.0782 -0.8910
vn 0.0153 0.0089 -0.9998
vn 0.6117 0.1751 -0.7714
vn 0.3818 -0.2700 -0.8839
vn 0.0144 0.0019 -0.9999
vn 0.5557 -0.3088 -0.7719
vn 0.0072 0.0087 -0.9999
vn 0.0150 0.0096 -0.9998
vn 0.0100 0.0082 -0.9999
vn 0.0103 0.0067 -0.9999
vn 0.0148 0.0025 -0.9999
vn 0.0105 0.0051 -0.9999
vn 0.5887 0.5695 0.5737
vn 0.6740 0.6453 0.3596
vn 0.5301 0.7657 0.3643
vn 0.4302 0.7698 0.4715
vn 0.3749 0.8634 0.3377
vn 0.2746 0.8373 0.4728
vn 0.3196 0.7319 0.6018
vn -0.0661 0.8830 0.4646
vn 0.0174 0.8054 0.5924
vn 0.0174 0.9358 0.3522
vn 0.6750 0.1166 0.7286
vn 0.8189 0.1494 0.5542
vn 0.6998 0.4517 0.5534
vn 0.5800 0.3705 0.7255
vn -0.1206 0.6933 0.7105
vn -0.1587 0.8840 0.4397
vn 0.4717 -0.3276 0.8186
vn 0.6716 -0.2885 0.6825
vn 0.6328 -0.0707 0.7711
vn 0.3149 0.5624 0.7645
vn 0.3289 0.4737 0.8169
vn 0.4615 0.0373 0.8864
vn 0.6532 -0.0097 0.7571
vn 0.2954 0.3481 0.8897
vn 0.2657 0.2574 0.9291
vn 0.2647 0.6093 0.7475
vn 0.1539 0.3481 0.9248
vn -0.0354 0.4507 0.8920
vn 0.0098 0.3871 0.9220
vn 0.0093 0.6542 0.7563
vn -0.3029 0.4661 0.8313
vn -0.2871 0.3632 0.8864
vn -0.1956 0.3085 0.9309
vn 0.0002 -0.0000 1.0000
vn 0.0001 -0.0000 1.0000
vn -0.0000 0.0001 1.0000
vn -0.1773 -0.0332 -0.9836
vn -0.1821 -0.0127 -0.9832
vn -0.1675 -0.0671 -0.9836
vn -0.1741 -0.0473 -0.9836
vn -0.1496 -0.0976 -0.9839
vn -0.1615 -0.0804 -0.9836
vn -0.0002 -0.0002 -1.0000
vn -0.1278 -0.1255 -0.9838
vn -0.1417 -0.1095 -0.9838
vn 0.0335 -0.1791 -0.9833
vn 0.0129 -0.1816 -0.9833
vn 0.0672 -0.1675 -0.9836
vn 0.0479 -0.1760 -0.9832
vn 0.0976 -0.1496 -0.9839
vn 0.0804 -0.1615 -0.9836
vn 0.1255 -0.1279 -0.9838
vn 0.1096 -0.1417 -0.9838
vn -0.3204 0.1804 -0.9299
vn -0.3373 0.1464 -0.9299
vn -0.3494 0.1145 -0.9300
vn -0.3594 0.0778 -0.9299
vn -0.3651 0.0440 -0.9299
vn -0.3676 0.0061 -0.9300
vn -0.3618 -0.0657 -0.9299
vn -0.3421 -0.1350 -0.9299
vn -0.3280 -0.1661 -0.9300
vn -0.3092 -0.1992 -0.9299
vn -0.2643 -0.2557 -0.9299
vn -0.2395 -0.2791 -0.9299
vn -0.2094 -0.3023 -0.9299
vn -0.1464 -0.3374 -0.9299
vn -0.1144 -0.3495 -0.9299
vn -0.0778 -0.3594 -0.9299
vn -0.0440 -0.3651 -0.9299
vn -0.0062 -0.3677 -0.9299
vn 0.0280 -0.3666 -0.9299
vn 0.0657 -0.3618 -0.9299
vn 0.1350 -0.3421 -0.9299
vn 0.1663 -0.3281 -0.9299
vn 0.1992 -0.3090 -0.9300
vn 0.2271 -0.2893 -0.9299
vn 0.2557 -0.2643 -0.9299
vn -0.4061 0.3480 -0.8450
vn -0.3023 0.2094 -0.9299
vn -0.4395 0.3049 -0.8449
vn -0.4663 0.2621 -0.8449
vn -0.4905 0.2133 -0.8449
vn -0.5227 0.1134 -0.8449
vn -0.5348 0.0093 -0.8449
vn -0.5312 0.0637 -0.8449
vn -0.5332 -0.0410 -0.8450
vn -0.5262 -0.0953 -0.8450
vn -0.4976 -0.1961 -0.8449
vn -0.3541 -0.0990 -0.9299
vn -0.4498 -0.2894 -0.8449
vn -0.4769 -0.2420 -0.8450
vn -0.4206 -0.3304 -0.8450
vn -0.3846 -0.3716 -0.8450
vn -0.3480 -0.4062 -0.8449
vn -0.3048 -0.4395 -0.8450
vn -0.2132 -0.4905 -0.8449
vn -0.1804 -0.3204 -0.9299
vn -0.1134 -0.5227 -0.8450
vn -0.0093 -0.5349 -0.8449
vn 0.0953 -0.5263 -0.8449
vn 0.1444 -0.5150 -0.8449
vn 0.1961 -0.4975 -0.8450
vn 0.2894 -0.4499 -0.8449
vn 0.2422 -0.4770 -0.8449
vn 0.3304 -0.4206 -0.8449
vn 0.3716 -0.3848 -0.8449
vn -0.5218 0.4466 -0.7268
vn -0.6297 0.2741 -0.7269
vn -0.6530 0.2130 -0.7268
vn -0.6713 0.1461 -0.7267
vn -0.6866 0.0123 -0.7269
vn -0.6759 -0.1219 -0.7268
vn -0.6392 -0.2514 -0.7268
vn -0.5150 -0.1443 -0.8450
vn -0.5778 -0.3713 -0.7269
vn -0.4943 -0.4769 -0.7268
vn -0.3918 -0.5643 -0.7267
vn -0.3362 -0.5990 -0.7267
vn -0.2741 -0.6297 -0.7269
vn -0.2129 -0.6529 -0.7269
vn -0.1460 -0.6711 -0.7268
vn -0.0123 -0.6869 -0.7267
vn -0.0637 -0.5310 -0.8449
vn 0.1220 -0.6759 -0.7269
vn 0.0412 -0.5333 -0.8449
vn 0.2514 -0.6391 -0.7268
vn 0.3714 -0.5778 -0.7268
vn 0.4770 -0.4943 -0.7268
vn 0.4247 -0.5399 -0.7268
vn -0.5641 0.3917 -0.7269
vn -0.5213 0.4460 -0.7276
vn -0.5981 0.3355 -0.7278
vn -0.5989 0.3362 -0.7269
vn -0.6706 0.1461 -0.7273
vn -0.6520 0.2124 -0.7279
vn -0.6811 0.0812 -0.7277
vn -0.6820 0.0814 -0.7268
vn -0.6848 -0.0531 -0.7268
vn -0.6750 -0.1216 -0.7277
vn -0.6837 -0.0533 -0.7278
vn -0.6613 -0.1857 -0.7268
vn -0.6385 -0.2509 -0.7276
vn -0.6603 -0.1857 -0.7277
vn -0.6116 -0.3110 -0.7275
vn -0.6124 -0.3112 -0.7267
vn -0.5398 -0.4246 -0.7268
vn -0.4937 -0.4761 -0.7277
vn -0.5388 -0.4241 -0.7278
vn -0.4467 -0.5219 -0.7267
vn -0.3916 -0.5636 -0.7273
vn -0.4459 -0.5213 -0.7276
vn -0.3356 -0.5984 -0.7275
vn -0.2122 -0.6515 -0.7283
vn -0.0815 -0.6820 -0.7268
vn -0.0124 -0.6856 -0.7279
vn -0.0812 -0.6814 -0.7274
vn 0.0533 -0.6836 -0.7279
vn 0.0532 -0.6849 -0.7267
vn 0.1857 -0.6601 -0.7279
vn 0.1858 -0.6611 -0.7269
vn 0.3110 -0.6114 -0.7277
vn 0.3113 -0.6124 -0.7267
vn 0.4241 -0.5387 -0.7280
vn 0.0106 0.0035 -0.9999
vn 0.5214 -0.4460 -0.7274
vn 0.5633 -0.3914 -0.7276
vn 0.5980 -0.3356 -0.7279
vn 0.0110 0.0044 -0.9999
vn 0.0108 0.0039 -0.9999
vn 0.6521 -0.2126 -0.7277
vn 0.0114 0.0052 -0.9999
vn 0.0113 0.0048 -0.9999
vn 0.6811 -0.0812 -0.7277
vn 0.0114 0.0062 -0.9999
vn 0.0114 0.0057 -0.9999
vn 0.0113 0.0067 -0.9999
vn 0.6750 0.1215 -0.7277
vn 0.0114 0.0072 -0.9999
vn 0.6606 0.1857 -0.7274
vn 0.0122 0.0047 -0.9999
vn 0.0104 0.0095 -0.9999
vn 0.0096 0.0085 -0.9999
vn 0.0089 0.0107 -0.9999
vn 0.2739 0.6284 -0.7281
vn 0.0084 0.0109 -0.9999
vn 0.0086 0.0095 -0.9999
vn 0.0080 0.0111 -0.9999
vn 0.1461 0.6704 -0.7275
vn 0.0075 0.0112 -0.9999
vn 0.0070 0.0114 -0.9999
vn 0.0125 0.6856 -0.7279
vn 0.0066 0.0115 -0.9999
vn -0.0532 0.6837 -0.7279
vn 0.0056 0.0113 -0.9999
vn 0.0061 0.0114 -0.9999
vn -0.1857 0.6604 -0.7276
vn 0.0046 0.0110 -0.9999
vn 0.0051 0.0111 -0.9999
vn -0.3107 0.6110 -0.7281
vn 0.0037 0.0105 -0.9999
vn 0.0042 0.0108 -0.9999
vn -0.4241 0.5389 -0.7279
vn 0.0024 0.0100 -0.9999
vn 0.0033 0.0103 -0.9999
vn -0.8127 0.5612 0.1567
vn -0.7526 0.6441 0.1371
vn -0.7745 0.4340 0.4602
vn -0.9052 0.3925 0.1628
vn -0.8106 0.3512 0.4687
vn -0.8654 0.1857 0.4653
vn -0.9373 0.3081 0.1631
vn -0.9652 0.2108 0.1544
vn -0.9255 0.1069 0.3632
vn -0.9916 0.0166 0.1279
vn -0.9241 0.0153 0.3818
vn -0.9216 -0.0712 0.3816
vn -0.9738 -0.1792 0.1397
vn -0.8688 -0.3457 0.3546
vn -0.9524 -0.2660 0.1487
vn -0.9221 -0.3619 0.1374
vn -0.8292 -0.5371 0.1548
vn -0.7111 -0.6879 0.1456
vn -0.5638 -0.8112 0.1552
vn -0.4857 -0.8619 0.1458
vn -0.3940 -0.9076 0.1447
vn -0.3099 -0.9408 0.1377
vn -0.1926 -0.8987 0.3939
vn -0.2852 -0.8871 0.3629
vn -0.1188 -0.9847 0.1279
vn -0.1128 -0.9128 0.3926
vn 0.1744 -0.9729 0.1519
vn 0.1600 -0.8709 0.4647
vn 0.3634 -0.9195 0.1502
vn 0.4477 -0.8815 0.1500
vn 0.6096 -0.7803 0.1394
vn 0.5794 -0.7353 0.3515
vn -0.7602 -0.3007 0.5759
vn 0.5021 -0.6364 0.5856
vn -0.5917 0.4017 0.6990
vn -0.6870 0.2224 0.6918
vn -0.6478 -0.2565 0.7174
vn -0.2378 -0.2815 0.9296
vn -0.2248 -0.3248 0.9187
vn -0.3282 -0.2151 0.9198
vn 0.0692 -0.3619 0.9296
vn -0.0001 0.0001 1.0000
vn -0.0001 -0.0001 1.0000
vn -0.0000 -0.0001 1.0000
vn -0.1118 -0.2014 0.9731
vn -0.0415 -0.3643 0.9304
vn 0.0001 -0.0001 1.0000
vn 0.0001 -0.0002 1.0000
vn 0.3636 -0.9300 -0.0543
vn 0.4539 -0.8901 -0.0405
vn -0.2720 -0.8403 -0.4689
vn -0.2139 -0.9754 -0.0534
vn -0.3080 -0.9499 -0.0534
vn -0.1172 -0.9922 -0.0430
vn -0.8167 -0.3181 -0.4814
vn -0.9608 -0.2718 -0.0551
vn -0.8395 -0.2376 -0.4886
vn -0.8904 -0.4532 -0.0424
vn -0.9830 -0.1753 -0.0550
vn -0.9148 0.4005 -0.0530
vn -0.9504 0.3083 -0.0399
vn 0.0628 -0.7861 -0.6149
vn 0.0780 -0.9926 -0.0932
vn -0.7599 0.6487 -0.0421
vn -0.6626 0.5708 -0.4850
vn -0.5696 -0.8167 -0.0921
vn -0.9891 0.1161 -0.0907
vn -0.7839 0.0926 -0.6139
vn 0.3127 -0.6205 -0.7192
vn -0.5913 -0.1672 -0.7889
vn -0.6055 -0.1080 -0.7885
vn -0.6586 0.2911 -0.6939
vn 0.2609 -0.4052 -0.8762
vn 0.2117 -0.4120 -0.8862
vn 0.3003 -0.3858 -0.8723
vn 0.0390 -0.4908 -0.8704
vn -0.2349 -0.4176 -0.8777
vn -0.3123 -0.3680 -0.8758
vn -0.4492 -0.6443 -0.6190
vn -0.4885 0.0576 -0.8706
vn -0.4039 0.2279 -0.8860
vn -0.0163 -0.0089 -0.9998
vn -0.0165 -0.0079 -0.9998
vn -0.0033 -0.0107 -0.9999
vn -0.0039 -0.0107 -0.9999
vn -0.0037 -0.0095 -0.9999
vn -0.0059 -0.0116 -0.9999
vn -0.0080 -0.0100 -0.9999
vn -0.0089 -0.0108 -0.9999
vn -0.0094 -0.0106 -0.9999
vn -0.0098 -0.0103 -0.9999
vn -0.0097 -0.0082 -0.9999
vn -0.0105 -0.0060 -0.9999
vn -0.0117 -0.0055 -0.9999
vn -0.0109 -0.0035 -0.9999
vn 0.2110 -0.4109 0.8869
vn 0.0004 -0.0006 1.0000
vn 0.0003 -0.0006 1.0000
vn -0.0000 -0.0008 1.0000
vn 0.0369 -0.4817 0.8756
vn -0.2352 -0.4182 0.8774
vn -0.0004 -0.0005 1.0000
vn -0.0005 -0.0007 1.0000
vn -0.2792 -0.4004 0.8728
vn -0.0007 -0.0006 1.0000
vn -0.3122 -0.3678 0.8759
vn -0.3545 -0.2796 0.8923
vn -0.0007 -0.0005 1.0000
vn -0.0008 -0.0004 1.0000
vn -0.4880 0.0575 0.8709
vn -0.0008 0.0002 1.0000
vn -0.0010 0.0003 1.0000
vn -0.0009 0.0006 1.0000
vn -0.4031 0.2278 0.8864
vn -0.0018 -0.0004 1.0000
vn -0.5929 -0.1677 0.7876
vn -0.0007 0.0006 1.0000
vn -0.0019 -0.0002 1.0000
vn 0.3127 -0.6205 0.7192
vn 0.2607 -0.4052 0.8763
vn -0.4500 -0.6462 0.6164
vn -0.5549 -0.4377 0.7075
vn -0.3331 -0.3225 0.8860
vn -0.3803 -0.2433 0.8923
vn -0.7824 0.0922 0.6160
vn 0.2404 -0.8492 0.4702
vn -0.2721 -0.8407 0.4682
vn -0.7008 -0.5533 0.4503
vn -0.7905 -0.4020 0.4621
vn -0.5964 -0.3813 0.7063
vn -0.8402 -0.2378 0.4874
vn -0.6057 -0.1082 0.7883
vn -0.6586 0.2911 0.6939
vn -0.5695 -0.8169 0.0916
vn -0.9891 0.1161 0.0911
vn 0.3637 -0.9299 0.0544
vn 0.2711 -0.9611 0.0525
vn 0.4540 -0.8901 0.0410
vn -0.2141 -0.9753 0.0536
vn -0.3080 -0.9499 0.0534
vn -0.1171 -0.9922 0.0420
vn -0.7843 -0.6182 0.0520
vn -0.8413 -0.5384 0.0491
vn -0.8891 -0.4549 0.0514
vn -0.9300 -0.3636 0.0540
vn -0.9608 -0.2718 0.0539
vn -0.9830 -0.1752 0.0545
vn -0.9147 0.4006 0.0528
vn -0.9504 0.3083 0.0411
vn -0.4736 0.7371 0.4820
vn 0.0191 0.9945 0.1030
vn 0.1039 0.8700 0.4820
vn 0.1863 0.8663 0.4635
vn 0.6415 0.6202 0.4516
vn 0.7811 0.6131 0.1185
vn 0.6987 0.5468 0.4614
vn 0.6495 0.7532 0.1036
vn 0.9561 0.2676 0.1197
vn 0.8429 0.2347 0.4841
vn 0.9770 0.1777 0.1178
vn 0.8847 0.0687 0.4612
vn 0.8622 0.1577 0.4815
vn 0.9717 -0.2130 0.1017
vn 0.8338 -0.2740 0.4793
vn 0.9111 -0.3947 0.1183
vn 0.7732 -0.4339 0.4625
vn 0.8047 -0.3476 0.4812
vn 0.7333 -0.5077 0.4522
vn 0.5078 0.4909 0.7079
vn 0.4558 0.5254 0.7184
vn 0.7189 0.0525 0.6931
vn 0.6236 -0.3542 0.6969
vn 0.5824 -0.4031 0.7059
vn -0.1269 0.4546 0.8816
vn -0.0849 0.4744 0.8762
vn 0.1549 0.7021 0.6950
vn 0.1452 0.4402 0.8861
vn 0.2986 0.3498 0.8880
vn 0.3241 0.3134 0.8926
vn 0.4629 -0.0093 0.8863
vn 0.4722 -0.0569 0.8796
vn 0.3707 -0.2570 0.8925
vn -0.0002 -0.0001 1.0000
vn -0.0003 0.0010 1.0000
vn -0.0003 0.0008 1.0000
vn -0.0002 0.0010 1.0000
vn 0.0002 0.0010 1.0000
vn 0.0001 0.0008 1.0000
vn 0.0003 0.0007 1.0000
vn 0.0005 0.0008 1.0000
vn 0.0006 0.0007 1.0000
vn 0.0009 0.0001 1.0000
vn 0.0008 -0.0000 1.0000
vn 0.0006 0.0002 1.0000
vn 0.3497 -0.3016 0.8870
vn 0.0007 -0.0004 1.0000
vn 0.0005 -0.0002 1.0000
vn -0.7208 -0.6918 -0.0418
vn 0.6902 -0.7100 0.1394
vn 0.5358 -0.8309 0.1502
vn 0.2668 -0.9524 0.1474
vn 0.3649 -0.9237 0.1169
vn 0.0769 -0.9852 0.1531
vn -0.0200 -0.9947 0.1005
vn -0.0135 -0.9903 0.1385
vn -0.2095 -0.9705 0.1192
vn -0.2094 -0.9694 0.1279
vn -0.6419 -0.7510 0.1549
vn -0.7790 -0.6080 0.1532
vn -0.9889 -0.0761 0.1279
vn -0.9856 0.1192 0.1196
vn -0.9926 0.0168 0.1202
vn -0.9706 0.2098 0.1183
vn -0.8651 0.4911 0.1025
vn -0.6129 0.7798 0.1272
vn -0.6904 0.7122 0.1266
vn -0.0102 -0.0092 -0.9999
vn -0.0099 -0.0096 -0.9999
vn -0.4451 0.8846 0.1392
vn -0.5376 0.8346 0.1200
vn -0.5374 0.8336 0.1279
vn -0.3634 0.9201 0.1462
vn -0.1746 0.9730 0.1510
vn -0.0776 0.9853 0.1522
vn 0.1188 0.9846 0.1279
vn 0.0135 0.9903 0.1384
vn 0.2109 0.9680 0.1359
vn 0.3086 0.9402 0.1443
vn 0.4853 0.8621 0.1459
vn 0.3937 0.9076 0.1459
vn 0.6436 0.7516 0.1443
vn 0.5630 0.8138 0.1443
vn 0.7801 0.6124 0.1279
vn 0.7135 0.6905 0.1185
vn 0.7105 0.6903 0.1369
vn 0.8823 0.4449 0.1536
vn 0.8339 0.5348 0.1362
vn 0.9531 0.2687 0.1391
vn 0.9262 0.3630 0.1014
vn 0.9177 0.3651 0.1565
vn 0.9751 0.1753 0.1358
vn 0.9903 0.0750 0.1171
vn 0.9878 -0.0155 0.1547
vn 0.9379 -0.3088 0.1581
vn 0.9678 -0.2106 0.1377
vn 0.8641 -0.4841 0.1380
vn 0.9068 -0.3909 0.1578
vn 0.8163 -0.5655 0.1176
vn 0.7500 -0.6443 0.1496
vn 0.9152 -0.4009 -0.0402
vn 0.8715 -0.4875 0.0530
vn 0.8717 -0.4872 -0.0535
vn 0.9831 0.1750 -0.0541
vn 0.9955 0.0784 -0.0529
vn 0.9308 0.3637 -0.0371
vn 0.9617 0.2707 0.0433
vn 0.9607 0.2727 -0.0519
vn 0.7849 0.6182 -0.0428
vn 0.7208 0.6921 0.0383
vn 0.7824 0.6205 0.0533
vn 0.4003 0.9150 -0.0506
vn 0.4891 0.8712 0.0423
vn 0.4865 0.8721 -0.0522
vn 0.3086 0.9498 -0.0515
vn 0.2141 0.9753 0.0548
vn 0.1152 0.9919 0.0529
vn 0.1181 0.9920 -0.0445
vn -0.1755 0.9830 -0.0536
vn -0.0788 0.9956 0.0512
vn -0.2715 0.9615 -0.0413
vn -0.2710 0.9617 0.0415
vn -0.5377 0.8416 0.0511
vn -0.6188 0.7837 0.0539
vn -0.6919 0.7199 -0.0548
vn -0.6918 0.7200 0.0548
vn 0.4472 -0.8885 0.1032
vn -0.1190 -0.9857 0.1191
vn -0.1041 -0.8708 0.4804
vn -0.1866 -0.8668 0.4625
vn -0.3089 -0.9437 0.1185
vn -0.2779 -0.8482 0.4509
vn -0.8658 0.1048 0.4893
vn -0.9919 -0.0722 0.1041
vn -0.8526 0.1845 0.4889
vn -0.2200 -0.6721 0.7070
vn -0.1545 -0.7005 0.6967
vn -0.6098 0.0737 0.7891
vn -0.6012 0.1301 0.7885
vn 0.2623 -0.6727 0.6918
vn -0.1404 -0.4287 0.8925
vn -0.1861 -0.4250 0.8858
vn -0.2334 -0.4148 0.8795
vn -0.2688 -0.3885 0.8814
vn -0.4216 -0.2134 0.8813
vn -0.4034 -0.2612 0.8769
vn -0.0018 0.0003 1.0000
vn -0.0018 0.0005 1.0000
vn 0.0003 -0.0003 1.0000
vn -0.0002 -0.0005 1.0000
vn -0.0004 -0.0007 1.0000
vn -0.0006 -0.0006 1.0000
vn -0.0009 -0.0003 1.0000
vn -0.0007 -0.0003 1.0000
vn -0.0007 0.0004 1.0000
vn -0.0005 0.0010 1.0000
vn -0.2092 0.4134 0.8862
vn 0.0004 0.0009 1.0000
vn 0.2242 0.4041 0.8868
vn 0.0007 0.0005 1.0000
vn 0.4292 0.2175 0.8766
vn 0.4700 -0.0552 0.8809
vn 0.4600 -0.1478 0.8755
vn 0.0008 -0.0001 1.0000
vn 0.0003 -0.0007 1.0000
vn -0.0014 0.0014 1.0000
vn 0.6065 0.1084 0.7877
vn -0.3851 0.6062 0.6958
vn 0.3434 0.6065 0.7171
vn 0.0862 0.7124 0.6965
vn 0.5819 -0.4038 0.7059
vn -0.6045 0.6289 0.4890
vn -0.4267 0.4437 0.7880
vn -0.1571 0.8720 0.4636
vn -0.0686 0.8836 0.4632
vn 0.0176 0.8807 0.4733
vn 0.1020 0.8812 0.4617
vn 0.1913 0.8664 0.4612
vn 0.6874 0.5446 0.4805
vn 0.7706 -0.4308 0.4697
vn -0.5448 0.6881 0.4793
vn 0.9830 0.1753 0.0541
vn 0.9152 -0.4008 0.0418
vn -0.6189 0.7836 -0.0545
vn -0.6087 0.6306 -0.4815
vn 0.8200 -0.5711 0.0395
vn -0.1576 0.8727 -0.4622
vn 0.2722 0.8392 -0.4708
vn 0.2136 0.9754 -0.0547
vn 0.4310 0.7744 -0.4632
vn 0.8454 0.2409 -0.4766
vn 0.8844 0.0690 -0.4616
vn 0.7666 -0.4271 -0.4795
vn -0.5499 0.6944 -0.4642
vn 0.1870 0.8566 -0.4808
vn 0.3540 0.6277 -0.6933
vn 0.7088 0.1237 -0.6944
vn -0.2175 0.4291 -0.8767
vn -0.0350 0.4607 -0.8868
vn 0.3149 0.3671 -0.8753
vn -0.0003 0.0127 -0.9999
vn 0.0040 0.0110 -0.9999
vn -0.2479 0.3895 -0.8870
vn 0.0041 0.0094 -0.9999
vn 0.0060 0.0118 -0.9999
vn 0.0099 0.0104 -0.9999
vn 0.2658 0.3790 -0.8864
vn 0.0085 0.0099 -0.9999
vn 0.0098 0.0084 -0.9999
vn 0.0104 0.0070 -0.9999
vn 0.0118 0.0051 -0.9999
vn 0.0104 0.0058 -0.9999
vn 0.0096 0.0033 -0.9999
vn 0.0096 0.0041 -0.9999
vn 0.8131 -0.5654 0.1383
vn 0.9071 -0.1940 0.3735
vn 0.8844 0.0655 0.4620
vn 0.9158 0.1715 0.3632
vn 0.7795 0.5084 0.3660
vn 0.1951 0.9155 0.3519
vn 0.1118 0.9249 0.3634
vn -0.2667 0.9530 0.1441
vn -0.5053 0.7833 0.3620
vn -0.6408 0.6590 0.3938
vn -0.5743 0.7285 0.3734
vn 0.7921 0.3992 0.4618
vn 0.1662 0.7898 0.5904
vn -0.3634 0.7179 0.5938
vn -0.4447 0.6945 0.5656
vn -0.5241 0.5430 0.6561
vn -0.5154 0.6606 0.5458
vn 0.7152 0.0547 0.6968
vn 0.6543 0.3318 0.6796
vn 0.0763 0.6305 0.7724
vn -0.2894 0.5768 0.7639
vn -0.3846 0.5897 0.7101
vn -0.4165 0.5324 0.7369
vn 0.4599 0.0854 0.8839
vn -0.0880 0.4729 0.8767
vn -0.0588 0.7114 0.7004
vn 0.3072 -0.2078 0.9287
vn 0.3495 0.1015 0.9314
vn 0.3601 0.1425 0.9220
vn 0.2078 0.3064 0.9289
vn 0.0491 0.4024 0.9141
vn 0.0790 0.3825 0.9206
vn -0.1456 0.3638 0.9200
vn -0.2791 0.2395 -0.9299
vn 0.0001 0.0001 1.0000
vn 0.0002 0.0001 1.0000
vn -0.0104 -0.0033 -0.9999
vn -0.5633 0.3913 -0.7277
vn -0.0108 -0.0042 -0.9999
vn -0.0106 -0.0037 -0.9999
vn -0.0111 -0.0046 -0.9999
vn -0.0113 -0.0051 -0.9999
vn -0.0113 -0.0061 -0.9999
vn -0.0113 -0.0056 -0.9999
vn -0.0112 -0.0065 -0.9999
vn -0.0112 -0.0070 -0.9999
vn -0.0111 -0.0075 -0.9999
vn -0.0110 -0.0080 -0.9999
vn -0.0105 -0.0089 -0.9999
vn -0.0108 -0.0085 -0.9999
vn -0.0096 -0.0100 -0.9999
vn -0.0092 -0.0103 -0.9999
vn -0.0083 -0.0107 -0.9999
vn -0.0088 -0.0106 -0.9999
vn -0.0078 -0.0109 -0.9999
vn -0.1460 -0.6702 -0.7277
vn -0.0074 -0.0110 -0.9999
vn -0.0069 -0.0111 -0.9999
vn -0.0064 -0.0113 -0.9999
vn -0.0054 -0.0111 -0.9999
vn -0.0059 -0.0112 -0.9999
vn -0.0050 -0.0109 -0.9999
vn 0.2509 -0.6379 -0.7281
vn -0.0044 -0.0108 -0.9999
vn -0.0035 -0.0104 -0.9999
vn -0.0024 -0.0098 -0.9999
vn -0.0032 -0.0101 -0.9999
vn 0.3023 -0.2094 -0.9299
vn 0.0003 -0.0000 -1.0000
vn 0.1774 0.0332 -0.9836
vn 0.1819 0.0126 -0.9832
vn 0.1676 0.0672 -0.9836
vn 0.1741 0.0473 -0.9836
vn 0.0002 0.0001 -1.0000
vn 0.1512 0.0986 -0.9836
vn 0.1615 0.0804 -0.9836
vn 0.0001 0.0001 -1.0000
vn 0.1277 0.1249 -0.9839
vn 0.1428 0.1103 -0.9836
vn -0.0335 0.1790 -0.9833
vn -0.0129 0.1815 -0.9833
vn -0.0000 0.0002 -1.0000
vn -0.0671 0.1675 -0.9836
vn -0.0479 0.1760 -0.9832
vn -0.0001 0.0002 -1.0000
vn -0.0986 0.1512 -0.9836
vn -0.0804 0.1615 -0.9836
vn -0.1249 0.1277 -0.9839
vn -0.1103 0.1428 -0.9836
vn 0.3205 -0.1804 -0.9299
vn 0.3374 -0.1465 -0.9299
vn 0.3495 -0.1145 -0.9299
vn 0.3594 -0.0778 -0.9299
vn 0.3677 -0.0062 -0.9299
vn 0.3619 0.0657 -0.9299
vn 0.3421 0.1350 -0.9299
vn 0.3280 0.1662 -0.9299
vn 0.3092 0.1991 -0.9299
vn 0.2645 0.2557 -0.9299
vn 0.2094 0.3023 -0.9299
vn 0.2395 0.2790 -0.9300
vn 0.1464 0.3374 -0.9299
vn 0.1144 0.3496 -0.9299
vn 0.0778 0.3594 -0.9299
vn 0.0062 0.3678 -0.9299
vn -0.0657 0.3618 -0.9299
vn -0.0990 0.3542 -0.9299
vn -0.1350 0.3421 -0.9299
vn -0.1662 0.3281 -0.9299
vn -0.1992 0.3092 -0.9299
vn -0.2269 0.2893 -0.9300
vn -0.2557 0.2644 -0.9299
vn 0.4062 -0.3481 -0.8449
vn 0.4395 -0.3047 -0.8450
vn 0.4663 -0.2621 -0.8449
vn 0.4905 -0.2132 -0.8450
vn 0.5226 -0.1134 -0.8450
vn 0.5309 -0.0638 -0.8450
vn 0.5348 -0.0093 -0.8449
vn 0.5332 0.0410 -0.8450
vn 0.5263 0.0952 -0.8450
vn 0.5150 0.1443 -0.8449
vn 0.4976 0.1961 -0.8450
vn 0.4770 0.2419 -0.8450
vn 0.4498 0.2894 -0.8449
vn 0.3848 0.3716 -0.8449
vn 0.2893 0.2270 -0.9299
vn 0.3048 0.4395 -0.8449
vn 0.2621 0.4662 -0.8450
vn 0.2132 0.4905 -0.8449
vn 0.1662 0.5083 -0.8450
vn 0.1135 0.5227 -0.8449
vn 0.0637 0.5311 -0.8449
vn 0.0093 0.5348 -0.8449
vn -0.0411 0.5333 -0.8449
vn -0.0952 0.5263 -0.8450
vn -0.1961 0.4977 -0.8449
vn -0.2421 0.4770 -0.8449
vn -0.2894 0.4498 -0.8449
vn -0.3305 0.4206 -0.8449
vn -0.3716 0.3847 -0.8450
vn 0.5642 -0.3918 -0.7267
vn 0.6297 -0.2742 -0.7268
vn 0.6712 -0.1461 -0.7267
vn 0.5085 -0.1661 -0.8449
vn 0.6867 -0.0123 -0.7268
vn 0.6760 0.1218 -0.7268
vn 0.6393 0.2513 -0.7267
vn 0.5778 0.3713 -0.7268
vn 0.5399 0.4246 -0.7268
vn 0.4945 0.4769 -0.7267
vn 0.4466 0.5217 -0.7269
vn 0.3917 0.5641 -0.7269
vn 0.3363 0.5989 -0.7268
vn 0.2743 0.6298 -0.7268
vn 0.1461 0.6712 -0.7268
vn 0.0123 0.6869 -0.7267
vn -0.1219 0.6759 -0.7268
vn -0.2514 0.6392 -0.7268
vn -0.1443 0.5150 -0.8449
vn -0.3111 0.6123 -0.7268
vn -0.3712 0.5778 -0.7269
vn -0.4769 0.4943 -0.7268
vn -0.4246 0.5399 -0.7268
vn 0.5219 -0.4467 -0.7267
vn 0.6283 -0.2738 -0.7282
vn 0.5989 -0.3363 -0.7268
vn 0.6531 -0.2130 -0.7267
vn 0.6820 -0.0815 -0.7268
vn 0.6847 0.0531 -0.7269
vn 0.6614 0.1857 -0.7266
vn 0.6123 0.3111 -0.7269
vn 0.2130 0.6530 -0.7268
vn 0.0816 0.6821 -0.7267
vn -0.0531 0.6849 -0.7267
vn -0.1857 0.6613 -0.7268
vn -0.3706 0.5771 -0.7278
vn -0.4761 0.4938 -0.7277
vn 0.1226 -0.9556 -0.2680
vn 0.2503 -0.9274 -0.2781
vn 0.3974 -0.8725 -0.2843
vn -0.6449 -0.7094 -0.2841
vn 0.9352 -0.2069 -0.2872
vn 0.9288 -0.2364 -0.2853
vn -0.8874 0.3736 -0.2700
vn 0.9128 -0.2984 -0.2789
vn -0.6468 -0.7065 -0.2872
vn -0.6691 -0.6860 -0.2858
vn -0.7152 -0.6442 -0.2710
vn -0.2602 0.9223 -0.2857
vn -0.2883 0.9134 -0.2875
vn 0.7456 0.6113 -0.2654
vn 0.7787 0.5506 -0.3008
vn 0.7399 0.6099 -0.2838
vn 0.6465 0.7100 -0.2792
vn 0.7085 0.6449 -0.2866
vn 0.5297 0.7953 -0.2948
vn 0.5276 0.7883 -0.3166
vn 0.6521 0.6776 -0.3400
vn 0.4152 -0.8160 -0.4021
vn 0.1598 0.9143 -0.3723
vn 0.4581 0.7934 -0.4009
vn 0.7713 0.5135 -0.3760
vn 0.3761 0.8391 -0.3930
vn 0.6413 0.6616 -0.3886
vn -0.6481 0.6848 -0.3333
vn -0.8052 0.4822 -0.3451
vn -0.9359 -0.0660 -0.3459
vn 0.1896 -0.8994 -0.3939
vn 0.5041 0.7791 -0.3727
vn 0.6734 0.6255 -0.3941
vn -0.8719 -0.3180 -0.3724
vn -0.9161 -0.0000 -0.4009
vn -0.8304 0.4112 -0.3760
vn -0.9147 -0.0939 -0.3930
vn -0.8936 0.2248 -0.3885
vn -0.2694 -0.9035 -0.3333
vn -0.0150 -0.9384 -0.3451
vn -0.2842 -0.3222 -0.9030
vn 0.0023 -0.0012 -1.0000
vn 0.9651 0.0071 -0.2618
vn 0.5581 0.3829 -0.7362
vn -0.0830 0.3306 -0.9401
vn -0.0005 0.0061 -1.0000
vn -0.0014 0.0059 -1.0000
vn 0.6868 -0.2184 -0.6933
vn -0.1767 0.6157 -0.7679
vn -0.1146 0.4085 -0.9055
vn -0.6276 0.3424 -0.6992
vn 0.0545 -0.2779 -0.9591
vn 0.1085 -0.4955 -0.8618
vn -0.6106 0.2918 -0.7362
vn -0.3631 0.5335 -0.7639
vn -0.2640 0.5311 -0.8051
vn -0.4886 0.8323 -0.2618
vn -0.0006 0.0053 -1.0000
vn 0.0063 -0.0004 -1.0000
vn 0.3613 -0.0622 -0.9304
vn 0.0173 -0.7148 -0.6991
vn 0.3061 -0.6560 -0.6899
vn 0.2103 -0.4149 -0.8852
vn 0.3256 -0.6532 -0.6836
vn -0.4471 -0.4633 -0.7652
vn 0.3107 -0.3306 -0.8911
vn 0.6216 -0.1547 -0.7679
vn 0.4126 -0.1055 -0.9048
vn -0.3237 -0.2987 -0.8978
vn -0.3512 -0.1549 -0.9234
vn 0.9173 0.2177 -0.3335
vn 0.6118 0.3647 -0.7019
vn 0.7610 0.4772 -0.4395
vn 0.7607 0.4775 -0.4397
vn 0.5933 0.4219 -0.6855
vn 0.5872 0.4418 -0.6782
vn 0.0518 -0.6751 -0.7359
vn -0.2795 -0.5810 -0.7644
vn -0.4763 -0.8391 -0.2627
vn -0.5060 -0.3694 -0.7794
vn 0.6142 -0.1401 -0.7766
vn -0.1426 0.3878 -0.9107
vn 0.3396 0.2996 -0.8916
vn 0.5306 0.4799 -0.6987
vn -0.3668 -0.0281 -0.9299
vn -0.2893 -0.2271 -0.9299
vn 0.0990 -0.3541 -0.9300
vn 0.2791 -0.2395 -0.9299
vn -0.5083 0.1661 -0.8450
vn -0.2621 -0.4663 -0.8449
vn -0.1661 -0.5084 -0.8449
vn -0.6282 0.2736 -0.7283
vn -0.6856 0.0125 -0.7279
vn -0.5771 -0.3706 -0.7278
vn -0.2737 -0.6283 -0.7283
vn 0.1216 -0.6751 -0.7276
vn 0.3708 -0.5772 -0.7275
vn 0.4762 -0.4937 -0.7277
vn 0.0102 0.0027 -0.9999
vn 0.6705 -0.1462 -0.7274
vn 0.6856 -0.0126 -0.7278
vn 0.5391 0.4242 -0.7276
vn 0.3357 0.5983 -0.7276
vn 0.2125 0.6518 -0.7280
vn 0.0812 0.6813 -0.7274
vn -0.1216 0.6753 -0.7275
vn -0.2507 0.6379 -0.7281
vn -0.0101 -0.0024 -0.9999
vn -0.8599 0.4836 0.1632
vn -0.8424 0.2779 0.4618
vn -0.9831 0.1206 0.1378
vn -0.8827 -0.4495 0.1372
vn 0.0588 -0.7218 0.6896
vn 0.1665 -0.3224 0.9319
vn 0.3218 -0.8264 -0.4620
vn -0.1890 -0.8616 -0.4711
vn -0.9300 -0.3636 -0.0540
vn -0.8592 -0.1532 -0.4881
vn -0.8133 0.3542 -0.4617
vn -0.2789 -0.4000 -0.8731
vn -0.0056 -0.0102 -0.9999
vn -0.0098 -0.0045 -0.9999
vn 0.0001 -0.0006 1.0000
vn -0.5046 -0.4801 0.7176
vn 0.3219 -0.8264 0.4620
vn -0.1891 -0.8607 0.4728
vn -0.7520 -0.4812 0.4505
vn -0.8170 -0.3181 0.4810
vn -0.8598 -0.1533 0.4871
vn -0.8138 0.3548 0.4604
vn -0.7209 -0.6918 0.0427
vn 0.2096 0.9705 0.1189
vn 0.9437 -0.3089 0.1184
vn 0.8654 -0.4870 0.1177
vn -0.3380 0.3482 0.8744
vn 0.0006 -0.0004 1.0000
vn 0.1188 0.9856 0.1203
vn 0.9854 0.0731 0.1535
vn 0.0199 0.9985 0.0504
vn -0.1754 0.9830 0.0539
vn -0.8761 0.0157 0.4818
vn 0.2661 0.3792 0.8862
vn 0.0002 0.0007 1.0000
vn 0.0005 0.0005 1.0000
vn 0.4707 -0.1048 0.8760
vn 0.0006 0.0001 1.0000
vn 0.0017 0.0004 1.0000
vn 0.0005 -0.0003 1.0000
vn -0.1242 0.7104 0.6927
vn -0.4794 0.7462 0.4618
vn 0.8591 0.1536 0.4882
vn 0.3530 0.8071 -0.4734
vn 0.8740 0.1575 -0.4596
vn -0.1242 0.7094 -0.6938
vn 0.4619 -0.1014 -0.8811
vn 0.0036 0.0107 -0.9999
vn 0.0058 0.0103 -0.9999
vn 0.0095 0.0107 -0.9999
vn 0.9837 -0.1166 0.1368
vn 0.7267 0.5701 0.3832
vn -0.4247 0.8341 0.3520
vn 0.0970 0.8040 0.5867
vn 0.1918 0.3434 0.9194
vn -0.1763 0.3520 0.9192
vn -0.1031 0.3553 0.9290
vn 0.0002 -0.0001 1.0000
vn 0.3651 -0.0441 -0.9299
vn 0.3666 0.0280 -0.9299
vn 0.3541 0.0989 -0.9300
vn 0.1804 0.3204 -0.9299
vn 0.0441 0.3651 -0.9299
vn -0.0280 0.3667 -0.9299
vn 0.4206 0.3304 -0.8450
vn 0.3481 0.4061 -0.8450
vn 0.6835 0.0532 -0.7281
vt 0.955756 0.007455
vt 0.954315 0.006684
vt 0.957385 0.007320
vt 0.948865 0.006763
vt 0.947571 0.006275
vt 0.950705 0.006300
vt 0.942240 0.007416
vt 0.940876 0.007190
vt 0.943955 0.006603
vt 0.936124 0.009257
vt 0.934489 0.009393
vt 0.937394 0.008216
vt 0.915564 0.034097
vt 0.914833 0.035270
vt 0.915469 0.032201
vt 0.914913 0.040721
vt 0.914425 0.042015
vt 0.914449 0.038880
vt 0.915566 0.047345
vt 0.915340 0.048709
vt 0.914752 0.045630
vt 0.917499 0.053715
vt 0.917543 0.055097
vt 0.916366 0.052191
vt 0.979884 0.059690
vt 0.977996 0.062644
vt 0.977903 0.062569
vt 0.984784 0.046376
vt 0.984170 0.049827
vt 0.984055 0.049794
vt 0.942401 0.039594
vt 0.942187 0.042748
vt 0.942199 0.039605
vt 0.938794 0.036293
vt 0.938651 0.033436
vt 0.938807 0.033391
vt 0.938965 0.056319
vt 0.938814 0.053160
vt 0.939045 0.053122
vt 0.937120 0.027831
vt 0.937116 0.030354
vt 0.936966 0.027890
vt 0.937288 0.033324
vt 0.937258 0.036185
vt 0.937060 0.033399
vt 0.991720 0.064476
vt 0.990690 0.067546
vt 0.991549 0.064422
vt 0.989296 0.070876
vt 0.987696 0.073648
vt 0.989158 0.070766
vt 0.938857 0.039652
vt 0.938746 0.042719
vt 0.938580 0.039661
vt 0.938746 0.062960
vt 0.938664 0.059879
vt 0.938859 0.059885
vt 0.992531 0.050906
vt 0.992739 0.054068
vt 0.992317 0.050926
vt 0.978392 0.083514
vt 0.980738 0.081467
vt 0.980905 0.081585
vt 0.966071 0.089168
vt 0.969082 0.088223
vt 0.969131 0.088347
vt 0.945902 0.087916
vt 0.948966 0.088832
vt 0.948944 0.089033
vt 0.929862 0.075698
vt 0.931901 0.078162
vt 0.931762 0.078297
vt 0.926443 0.069860
vt 0.927993 0.072560
vt 0.927845 0.072701
vt 0.987441 0.073564
vt 0.988932 0.070718
vt 0.983326 0.078954
vt 0.985344 0.076454
vt 0.985556 0.076545
vt 0.972398 0.086841
vt 0.975195 0.085305
vt 0.975357 0.085471
vt 0.959336 0.089945
vt 0.962432 0.089599
vt 0.962460 0.089750
vt 0.952565 0.089537
vt 0.955670 0.089802
vt 0.955640 0.090032
vt 0.936799 0.082862
vt 0.934500 0.080725
vt 0.936936 0.082694
vt 0.926646 0.069750
vt 0.991332 0.064393
vt 0.990267 0.067435
vt 0.991170 0.064358
vt 0.990589 0.065806
vt 0.935487 0.049854
vt 0.935430 0.053549
vt 0.935339 0.049857
vt 0.927241 0.066909
vt 0.927406 0.070454
vt 0.927236 0.070429
vt 0.927460 0.077043
vt 0.927302 0.073765
vt 0.927476 0.073798
vt 0.935646 0.036138
vt 0.935468 0.039417
vt 0.935476 0.036165
vt 0.935570 0.071336
vt 0.935547 0.074608
vt 0.935397 0.071303
vt 0.934063 0.050829
vt 0.933904 0.047167
vt 0.934096 0.047135
vt 0.927112 0.066870
vt 0.935257 0.053567
vt 0.935243 0.049880
vt 0.923624 0.068150
vt 0.921050 0.065495
vt 0.923690 0.068071
vt 0.913693 0.052966
vt 0.915127 0.056338
vt 0.915028 0.056433
vt 0.912637 0.049502
vt 0.911972 0.045864
vt 0.912742 0.049481
vt 0.915325 0.024517
vt 0.913964 0.027912
vt 0.913862 0.027892
vt 0.943694 0.003824
vt 0.940134 0.004582
vt 0.940078 0.004455
vt 0.958213 0.004664
vt 0.954607 0.003977
vt 0.954610 0.003847
vt 0.921196 0.065394
vt 0.923782 0.067961
vt 0.913884 0.052985
vt 0.915265 0.056287
vt 0.912145 0.045862
vt 0.912868 0.049390
vt 0.915454 0.024648
vt 0.914116 0.027928
vt 0.943723 0.003998
vt 0.940155 0.004730
vt 0.958160 0.004836
vt 0.954591 0.004123
vt 0.935230 0.017416
vt 0.932264 0.019411
vt 0.932170 0.019294
vt 0.924524 0.027034
vt 0.922441 0.030024
vt 0.924414 0.026942
vt 0.918245 0.040049
vt 0.917480 0.043545
vt 0.918100 0.040024
vt 0.917125 0.047260
vt 0.917054 0.050865
vt 0.916987 0.047198
vt 0.955642 0.086368
vt 0.952005 0.086439
vt 0.951999 0.086293
vt 0.935214 0.017221
vt 0.969776 0.083107
vt 0.966351 0.084431
vt 0.969694 0.082951
vt 0.932080 0.019200
vt 0.922280 0.029951
vt 0.924334 0.026876
vt 0.917296 0.043599
vt 0.917985 0.039948
vt 0.916879 0.050894
vt 0.916879 0.047196
vt 0.955644 0.086544
vt 0.951973 0.086574
vt 0.936839 0.030341
vt 0.936707 0.033158
vt 0.936734 0.030273
vt 0.936456 0.049880
vt 0.936409 0.053567
vt 0.936354 0.049857
vt 0.969838 0.083205
vt 0.966378 0.084559
vt 0.928454 0.073759
vt 0.928458 0.077038
vt 0.928273 0.073776
vt 0.936488 0.039417
vt 0.936444 0.036137
vt 0.936628 0.036165
vt 0.935042 0.047163
vt 0.935058 0.050825
vt 0.934885 0.047133
vt 0.934815 0.065289
vt 0.934861 0.061746
vt 0.935020 0.061702
vt 0.928254 0.066905
vt 0.928203 0.070431
vt 0.928104 0.066897
vt 0.936531 0.033116
vt 0.936587 0.030249
vt 0.936228 0.053529
vt 0.936208 0.049855
vt 0.934679 0.065295
vt 0.943180 0.036204
vt 0.943374 0.033296
vt 0.943511 0.033270
vt 0.931318 0.077268
vt 0.931376 0.079545
vt 0.931172 0.077317
vt 0.937926 0.069164
vt 0.938008 0.066293
vt 0.938075 0.069190
vt 0.943340 0.036145
vt 0.931149 0.032868
vt 0.930968 0.035579
vt 0.930970 0.032827
vt 0.930803 0.062194
vt 0.930702 0.058997
vt 0.930879 0.058996
vt 0.930953 0.065632
vt 0.930909 0.068653
vt 0.930774 0.065677
vt 0.936171 0.019086
vt 0.933479 0.020911
vt 0.933427 0.020850
vt 0.930229 0.075137
vt 0.927876 0.072826
vt 0.927979 0.072782
vt 0.938190 0.066325
vt 0.938177 0.069238
vt 0.919859 0.057546
vt 0.919165 0.054317
vt 0.919299 0.054294
vt 0.935679 0.079344
vt 0.932918 0.077550
vt 0.932994 0.077477
vt 0.955484 0.084510
vt 0.952151 0.084559
vt 0.952192 0.084458
vt 0.930128 0.075217
vt 0.927748 0.072947
vt 0.941889 0.082433
vt 0.938794 0.081233
vt 0.938891 0.081084
vt 0.962322 0.083646
vt 0.959039 0.084371
vt 0.959109 0.084183
vt 0.919686 0.057583
vt 0.919017 0.054330
vt 0.935658 0.079534
vt 0.932804 0.077646
vt 0.955486 0.084686
vt 0.952203 0.084708
vt 0.954985 0.039411
vt 0.955202 0.039056
vt 0.953168 0.045306
vt 0.937902 0.030251
vt 0.937668 0.027785
vt 0.937810 0.027749
vt 0.938049 0.042607
vt 0.937965 0.039488
vt 0.938115 0.039475
vt 0.939393 0.072261
vt 0.939418 0.074798
vt 0.939269 0.074760
vt 0.939589 0.056365
vt 0.939632 0.053130
vt 0.939736 0.056348
vt 0.939595 0.049491
vt 0.939608 0.046245
vt 0.939740 0.049498
vt 0.939527 0.039569
vt 0.939682 0.042700
vt 0.939538 0.042690
vt 0.942971 0.039584
vt 0.942930 0.042690
vt 0.942791 0.042693
vt 0.938230 0.042567
vt 0.937986 0.033255
vt 0.938121 0.036114
vt 0.937945 0.036140
vt 0.939475 0.036219
vt 0.939505 0.033338
vt 0.939650 0.036177
vt 0.939330 0.027779
vt 0.939483 0.030276
vt 0.939301 0.030325
vt 0.943363 0.066361
vt 0.943682 0.069231
vt 0.943522 0.069170
vt 0.942825 0.046270
vt 0.942852 0.049515
vt 0.942691 0.049492
vt 0.943134 0.039530
vt 0.938252 0.039414
vt 0.985757 0.064502
vt 0.987077 0.061513
vt 0.985857 0.064546
vt 0.939811 0.053121
vt 0.939843 0.056380
vt 0.939794 0.046246
vt 0.939843 0.049491
vt 0.939707 0.039553
vt 0.939820 0.042656
vt 0.943042 0.042682
vt 0.972022 0.079568
vt 0.974799 0.077819
vt 0.972107 0.079673
vt 0.979956 0.073233
vt 0.977664 0.075588
vt 0.977566 0.075497
vt 0.972496 0.019298
vt 0.975270 0.021091
vt 0.975182 0.021197
vt 0.939321 0.017277
vt 0.942420 0.016103
vt 0.939391 0.017393
vt 0.974850 0.077997
vt 0.987215 0.061517
vt 0.986008 0.064628
vt 0.984396 0.031370
vt 0.982656 0.028596
vt 0.984524 0.031237
vt 0.942358 0.015938
vt 0.980132 0.073304
vt 0.977723 0.075734
vt 0.972592 0.019150
vt 0.975365 0.020976
vt 0.939229 0.017159
vt 0.985784 0.068569
vt 0.983790 0.071703
vt 0.983648 0.071644
vt 0.991073 0.051391
vt 0.991144 0.047785
vt 0.991216 0.051432
vt 0.976390 0.019749
vt 0.973453 0.017704
vt 0.976469 0.019625
vt 0.948911 0.012657
vt 0.945425 0.013280
vt 0.948924 0.012509
vt 0.990834 0.055042
vt 0.990157 0.058656
vt 0.989972 0.058675
vt 0.985899 0.068715
vt 0.983881 0.071803
vt 0.991320 0.047783
vt 0.991318 0.051454
vt 0.973463 0.017503
vt 0.976583 0.019548
vt 0.945318 0.013124
vt 0.948926 0.012404
vt 0.929245 0.045034
vt 0.929223 0.041637
vt 0.929351 0.045011
vt 0.979355 0.021861
vt 0.981978 0.024458
vt 0.981923 0.024512
vt 0.929161 0.076804
vt 0.929171 0.079916
vt 0.928994 0.079885
vt 0.929395 0.048465
vt 0.929525 0.052093
vt 0.929344 0.052120
vt 0.928489 0.030080
vt 0.928484 0.027694
vt 0.928660 0.027751
vt 0.928338 0.038619
vt 0.928218 0.041861
vt 0.928162 0.038547
vt 0.928100 0.063331
vt 0.928169 0.059667
vt 0.928280 0.063349
vt 0.929403 0.041577
vt 0.929496 0.045002
vt 0.929028 0.029959
vt 0.929183 0.032553
vt 0.929034 0.032584
vt 0.933219 0.075039
vt 0.932823 0.077944
vt 0.933074 0.075010
vt 0.930214 0.044989
vt 0.930201 0.041580
vt 0.930353 0.045020
vt 0.929834 0.029974
vt 0.930040 0.032582
vt 0.929901 0.032566
vt 0.927405 0.038572
vt 0.927311 0.041844
vt 0.927258 0.038583
vt 0.927258 0.048764
vt 0.927175 0.045246
vt 0.927319 0.045203
vt 0.927302 0.063355
vt 0.927171 0.059672
vt 0.927310 0.059666
vt 0.929968 0.079934
vt 0.930168 0.076806
vt 0.930138 0.079887
vt 0.930267 0.066657
vt 0.930410 0.063015
vt 0.930440 0.066669
vt 0.930126 0.038406
vt 0.930142 0.035356
vt 0.930300 0.038465
vt 0.932636 0.077893
vt 0.932956 0.074974
vt 0.930367 0.041639
vt 0.930457 0.045037
vt 0.978650 0.063189
vt 0.980700 0.060120
vt 0.980766 0.060166
vt 0.927140 0.041903
vt 0.927132 0.038651
vt 0.927086 0.048800
vt 0.927075 0.045261
vt 0.927129 0.063355
vt 0.927067 0.059663
vt 0.961669 0.005732
vt 0.965082 0.007147
vt 0.965039 0.007245
vt 0.976662 0.015923
vt 0.974050 0.013363
vt 0.974121 0.013247
vt 0.984040 0.028463
vt 0.982599 0.025086
vt 0.982705 0.024996
vt 0.982418 0.056897
vt 0.983772 0.053525
vt 0.983909 0.053528
vt 0.985678 0.035559
vt 0.984898 0.031986
vt 0.985067 0.031922
vt 0.985988 0.042822
vt 0.985910 0.039247
vt 0.986080 0.039159
vt 0.961126 0.075811
vt 0.964458 0.074352
vt 0.964539 0.074508
vt 0.976575 0.016086
vt 0.973921 0.013446
vt 0.983849 0.028444
vt 0.982481 0.025177
vt 0.982231 0.056888
vt 0.983636 0.053463
vt 0.937403 0.046183
vt 0.937512 0.049380
vt 0.937282 0.049420
vt 0.937434 0.056261
vt 0.937365 0.053011
vt 0.937521 0.053010
vt 0.937291 0.069142
vt 0.937269 0.066236
vt 0.937424 0.066266
vt 0.937140 0.077264
vt 0.936960 0.079311
vt 0.936912 0.077172
vt 0.931666 0.035635
vt 0.931825 0.032972
vt 0.931888 0.035711
vt 0.937199 0.046200
vt 0.937408 0.059806
vt 0.937247 0.062876
vt 0.937140 0.059707
vt 0.931779 0.065579
vt 0.931900 0.068504
vt 0.931680 0.068597
vt 0.932550 0.031741
vt 0.930571 0.034200
vt 0.930412 0.034089
vt 0.940690 0.025124
vt 0.943531 0.023793
vt 0.940750 0.025398
vt 0.960375 0.020651
vt 0.963587 0.021083
vt 0.960353 0.020865
vt 0.981698 0.029954
vt 0.979191 0.027921
vt 0.979288 0.027743
vt 0.923445 0.056686
vt 0.923791 0.059782
vt 0.923567 0.059850
vt 0.923853 0.049877
vt 0.923588 0.053020
vt 0.923361 0.053062
vt 0.937718 0.027353
vt 0.935335 0.029361
vt 0.935229 0.029251
vt 0.924708 0.046348
vt 0.925763 0.043332
vt 0.924870 0.046383
vt 0.974609 0.025463
vt 0.973302 0.024611
vt 0.976023 0.026120
vt 0.942242 0.074019
vt 0.943415 0.074750
vt 0.940349 0.074115
vt 0.948866 0.074671
vt 0.950160 0.075160
vt 0.947025 0.075135
vt 0.955490 0.074019
vt 0.956854 0.074246
vt 0.953775 0.074833
vt 0.961606 0.072179
vt 0.963242 0.072043
vt 0.960336 0.073219
vt 0.982128 0.047608
vt 0.982900 0.046167
vt 0.982264 0.049237
vt 0.982821 0.040717
vt 0.983309 0.039423
vt 0.983284 0.042558
vt 0.982168 0.034092
vt 0.982394 0.032728
vt 0.982982 0.035808
vt 0.980236 0.027723
vt 0.980192 0.026341
vt 0.981368 0.029246
vt 0.973494 0.029333
vt 0.972208 0.028641
vt 0.973555 0.028420
vt 0.947588 0.032209
vt 0.948852 0.032579
vt 0.947554 0.033070
vt 0.946070 0.031740
vt 0.947337 0.032418
vt 0.946048 0.032811
vt 0.950479 0.032581
vt 0.949209 0.032216
vt 0.950478 0.032468
vt 0.975543 0.029185
vt 0.975496 0.027798
vt 0.975641 0.027791
vt 0.975305 0.027794
vt 0.975216 0.029186
vt 0.975124 0.027804
vt 0.975007 0.029191
vt 0.974989 0.027823
vt 0.966596 0.030894
vt 0.965297 0.030588
vt 0.966583 0.030760
vt 0.947348 0.032589
vt 0.946041 0.033083
vt 0.946028 0.033003
vt 0.946025 0.032911
vt 0.947570 0.033132
vt 0.971313 0.030007
vt 0.969988 0.030078
vt 0.969993 0.029907
vt 0.971275 0.028168
vt 0.969936 0.028306
vt 0.971258 0.028059
vt 0.966839 0.030984
vt 0.968141 0.030590
vt 0.968143 0.030740
vt 0.947631 0.027872
vt 0.948961 0.028167
vt 0.948927 0.028301
vt 0.962040 0.031373
vt 0.960729 0.031120
vt 0.960711 0.030983
vt 0.973534 0.028327
vt 0.974826 0.027773
vt 0.974832 0.029067
vt 0.974712 0.029090
vt 0.975912 0.027776
vt 0.976130 0.029062
vt 0.975836 0.027752
vt 0.953193 0.032497
vt 0.953325 0.032364
vt 0.953363 0.032412
vt 0.952954 0.032498
vt 0.953108 0.032421
vt 0.953181 0.032316
vt 0.952931 0.032343
vt 0.948931 0.028548
vt 0.948923 0.028443
vt 0.949015 0.028472
vt 0.949003 0.028335
vt 0.968213 0.028198
vt 0.968204 0.030426
vt 0.968173 0.028132
vt 0.950819 0.031020
vt 0.950881 0.031201
vt 0.948840 0.031135
vt 0.948915 0.030656
vt 0.948877 0.031636
vt 0.948854 0.030172
vt 0.948948 0.029619
vt 0.948862 0.029170
vt 0.948947 0.031616
vt 0.949002 0.030628
vt 0.953437 0.027969
vt 0.953743 0.029045
vt 0.953657 0.029067
vt 0.953795 0.030104
vt 0.953399 0.032245
vt 0.953609 0.031142
vt 0.953771 0.031159
vt 0.953684 0.030104
vt 0.953331 0.032235
vt 0.953561 0.029064
vt 0.968105 0.028018
vt 0.968103 0.028171
vt 0.969923 0.028146
vt 0.969832 0.028129
vt 0.969908 0.028009
vt 0.950683 0.031135
vt 0.950783 0.031146
vt 0.950785 0.031311
vt 0.950855 0.031309
vt 0.953154 0.027751
vt 0.953132 0.027809
vt 0.952960 0.027710
vt 0.953308 0.027973
vt 0.953218 0.027931
vt 0.969735 0.028313
vt 0.969743 0.028435
vt 0.969657 0.028488
vt 0.950922 0.029971
vt 0.950862 0.030354
vt 0.950775 0.029249
vt 0.950813 0.029847
vt 0.950718 0.030970
vt 0.950769 0.030347
vt 0.950729 0.029860
vt 0.969856 0.028308
vt 0.969925 0.028947
vt 0.969818 0.028921
vt 0.969877 0.029396
vt 0.969962 0.029449
vt 0.950855 0.028955
vt 0.950795 0.028892
vt 0.952836 0.027750
vt 0.952784 0.027690
vt 0.969574 0.030442
vt 0.969650 0.030450
vt 0.969909 0.029975
vt 0.969979 0.030286
vt 0.969896 0.030172
vt 0.969894 0.030363
vt 0.950763 0.029102
vt 0.950698 0.029260
vt 0.966827 0.030834
vt 0.966799 0.030699
vt 0.966865 0.030713
vt 0.947634 0.028019
vt 0.947555 0.027854
vt 0.947206 0.046833
vt 0.947355 0.046993
vt 0.947145 0.046875
vt 0.946972 0.046669
vt 0.947089 0.046643
vt 0.947291 0.047078
vt 0.947137 0.047027
vt 0.947509 0.047246
vt 0.947036 0.046481
vt 0.947033 0.046335
vt 0.947115 0.046347
vt 0.947628 0.028117
vt 0.947550 0.028052
vt 0.947659 0.029194
vt 0.947553 0.029200
vt 0.947634 0.031260
vt 0.947550 0.031284
vt 0.950811 0.046903
vt 0.951827 0.046535
vt 0.950847 0.046983
vt 0.949777 0.047273
vt 0.948672 0.047352
vt 0.948685 0.047217
vt 0.947535 0.047172
vt 0.951879 0.046637
vt 0.950850 0.047082
vt 0.947976 0.043563
vt 0.947918 0.043471
vt 0.978678 0.027789
vt 0.978678 0.027690
vt 0.978737 0.027736
vt 0.978557 0.027828
vt 0.978557 0.027690
vt 0.978606 0.027792
vt 0.968377 0.028178
vt 0.968367 0.028350
vt 0.968298 0.028198
vt 0.952995 0.045428
vt 0.952969 0.045210
vt 0.953069 0.045429
vt 0.953051 0.045679
vt 0.952978 0.045650
vt 0.952925 0.045812
vt 0.952936 0.045977
vt 0.952827 0.045957
vt 0.953071 0.045180
vt 0.953011 0.044939
vt 0.952786 0.045896
vt 0.971237 0.027767
vt 0.971308 0.027690
vt 0.971328 0.027809
vt 0.948099 0.043258
vt 0.948299 0.043095
vt 0.948311 0.043213
vt 0.948449 0.043018
vt 0.948500 0.043112
vt 0.948041 0.043186
vt 0.950890 0.042621
vt 0.950981 0.042805
vt 0.949216 0.043015
vt 0.950264 0.042606
vt 0.949745 0.042909
vt 0.949394 0.043065
vt 0.949012 0.043128
vt 0.950269 0.042702
vt 0.949783 0.042997
vt 0.949410 0.043154
vt 0.950295 0.042786
vt 0.971354 0.028124
vt 0.971292 0.028679
vt 0.971402 0.029984
vt 0.971299 0.029482
vt 0.971403 0.029458
vt 0.971253 0.029089
vt 0.971345 0.029075
vt 0.971402 0.030418
vt 0.971420 0.030598
vt 0.971318 0.030539
vt 0.950777 0.042703
vt 0.950917 0.042879
vt 0.950524 0.042695
vt 0.950528 0.042617
vt 0.974745 0.029162
vt 0.963529 0.030729
vt 0.963605 0.030805
vt 0.963522 0.030923
vt 0.963594 0.030614
vt 0.954034 0.029004
vt 0.954094 0.029085
vt 0.953980 0.029194
vt 0.954140 0.028832
vt 0.954212 0.028834
vt 0.954130 0.028960
vt 0.954235 0.028943
vt 0.954168 0.029126
vt 0.954071 0.029211
vt 0.956305 0.027840
vt 0.954255 0.029911
vt 0.954188 0.030293
vt 0.954148 0.029785
vt 0.954092 0.030289
vt 0.954066 0.029800
vt 0.953947 0.030880
vt 0.954016 0.030238
vt 0.973940 0.029305
vt 0.974308 0.029190
vt 0.974244 0.029288
vt 0.956529 0.027734
vt 0.956506 0.027793
vt 0.956336 0.027690
vt 0.956679 0.027960
vt 0.956589 0.027916
vt 0.963607 0.028197
vt 0.963577 0.028311
vt 0.963521 0.028305
vt 0.956229 0.027766
vt 0.956186 0.027690
vt 0.963783 0.030722
vt 0.963713 0.030605
vt 0.963789 0.030548
vt 0.963786 0.030879
vt 0.963706 0.030813
vt 0.954072 0.031038
vt 0.954184 0.031076
vt 0.954162 0.031189
vt 0.977666 0.028100
vt 0.977593 0.028429
vt 0.977593 0.027690
vt 0.960701 0.028977
vt 0.960632 0.029511
vt 0.960624 0.028545
vt 0.960731 0.029920
vt 0.960687 0.030532
vt 0.957204 0.030097
vt 0.957081 0.031161
vt 0.957122 0.030096
vt 0.956687 0.032232
vt 0.956968 0.031133
vt 0.957010 0.030119
vt 0.956602 0.032241
vt 0.956941 0.029067
vt 0.956094 0.032452
vt 0.954101 0.031250
vt 0.956441 0.032458
vt 0.956238 0.032477
vt 0.956419 0.032394
vt 0.956611 0.032350
vt 0.956509 0.032247
vt 0.960699 0.030635
vt 0.960607 0.030629
vt 0.960625 0.030768
vt 0.962182 0.030917
vt 0.962155 0.030723
vt 0.962246 0.030732
vt 0.949631 0.038070
vt 0.949618 0.037849
vt 0.949714 0.037861
vt 0.949751 0.038294
vt 0.949884 0.038510
vt 0.949681 0.038328
vt 0.951068 0.039928
vt 0.950474 0.039034
vt 0.950835 0.039414
vt 0.951126 0.039840
vt 0.950915 0.039358
vt 0.950631 0.039076
vt 0.951198 0.039790
vt 0.950706 0.039026
vt 0.950987 0.039320
vt 0.975890 0.027690
vt 0.976325 0.027803
vt 0.949504 0.038018
vt 0.950453 0.035018
vt 0.950521 0.035056
vt 0.965059 0.031040
vt 0.965135 0.031156
vt 0.965057 0.031154
vt 0.965055 0.030857
vt 0.965127 0.030799
vt 0.965130 0.030961
vt 0.951223 0.039999
vt 0.951417 0.040198
vt 0.973629 0.028384
vt 0.973567 0.028228
vt 0.962239 0.027713
vt 0.962235 0.027873
vt 0.962160 0.027690
vt 0.950881 0.034787
vt 0.950706 0.034918
vt 0.950846 0.034722
vt 0.951069 0.034572
vt 0.951082 0.034691
vt 0.951250 0.034656
vt 0.951385 0.034565
vt 0.951424 0.034668
vt 0.950629 0.034845
vt 0.950693 0.034698
vt 0.951392 0.034734
vt 0.954649 0.039497
vt 0.951726 0.040162
vt 0.951775 0.040066
vt 0.961901 0.027856
vt 0.961979 0.028746
vt 0.961897 0.028772
vt 0.961950 0.029763
vt 0.962046 0.029730
vt 0.973466 0.030141
vt 0.973587 0.029359
vt 0.973575 0.030186
vt 0.953274 0.035910
vt 0.954058 0.036689
vt 0.953983 0.036735
vt 0.952451 0.035165
vt 0.952403 0.035284
vt 0.954607 0.037616
vt 0.954699 0.037547
vt 0.953356 0.035824
vt 0.955122 0.038644
vt 0.955200 0.038629
vt 0.954117 0.036610
vt 0.965109 0.027798
vt 0.965135 0.027904
vt 0.965069 0.027911
vt 0.962007 0.031066
vt 0.961998 0.030911
vt 0.962083 0.031067
vt 0.954993 0.039098
vt 0.955057 0.038889
vt 0.955060 0.039129
vt 0.954942 0.039350
vt 0.954887 0.039294
vt 0.955163 0.038902
vt 0.954773 0.039421
vt 0.954616 0.039419
vt 0.961999 0.030810
vt 0.962079 0.030856
vt 0.978422 0.027831
vt 0.978407 0.027690
vt 0.978484 0.027690
vt 0.966665 0.030805
vt 0.966656 0.031014
vt 0.966592 0.030635
vt 0.942723 0.041938
vt 0.942925 0.042024
vt 0.942685 0.042002
vt 0.942478 0.041861
vt 0.942540 0.041812
vt 0.942900 0.042128
vt 0.942738 0.042143
vt 0.943139 0.042194
vt 0.942352 0.041465
vt 0.942474 0.041558
vt 0.942393 0.041644
vt 0.942394 0.041867
vt 0.942249 0.041539
vt 0.946003 0.041505
vt 0.946196 0.041527
vt 0.946102 0.030671
vt 0.946019 0.030668
vt 0.946019 0.029611
vt 0.945959 0.028569
vt 0.946076 0.028623
vt 0.942538 0.039309
vt 0.942348 0.040372
vt 0.942449 0.039296
vt 0.942233 0.040366
vt 0.942359 0.039268
vt 0.946128 0.041290
vt 0.945969 0.041413
vt 0.945947 0.041334
vt 0.946192 0.041379
vt 0.946325 0.041164
vt 0.946447 0.040939
vt 0.946390 0.041207
vt 0.975763 0.027772
vt 0.975726 0.027843
vt 0.975093 0.027724
vt 0.944401 0.036222
vt 0.944187 0.036271
vt 0.944394 0.036148
vt 0.944645 0.036139
vt 0.944623 0.036215
vt 0.944791 0.036251
vt 0.944944 0.036215
vt 0.944913 0.036325
vt 0.944146 0.036173
vt 0.944262 0.036063
vt 0.943891 0.036276
vt 0.944867 0.036386
vt 0.974910 0.027827
vt 0.974905 0.027733
vt 0.946693 0.039884
vt 0.946533 0.040984
vt 0.946534 0.040368
vt 0.946569 0.039989
vt 0.946711 0.039640
vt 0.946415 0.040373
vt 0.946480 0.039981
vt 0.946361 0.040921
vt 0.946847 0.038523
vt 0.946956 0.038519
vt 0.950431 0.030547
vt 0.950509 0.030678
vt 0.950436 0.030695
vt 0.950430 0.030358
vt 0.950506 0.030304
vt 0.950507 0.030467
vt 0.947023 0.038786
vt 0.947100 0.038775
vt 0.947043 0.039027
vt 0.947103 0.039127
vt 0.946977 0.039200
vt 0.957951 0.032432
vt 0.957975 0.032374
vt 0.958145 0.032476
vt 0.957802 0.032206
vt 0.957892 0.032250
vt 0.965219 0.030577
vt 0.965208 0.030448
vt 0.965293 0.030409
vt 0.947306 0.030720
vt 0.947372 0.030222
vt 0.947365 0.031273
vt 0.947306 0.029724
vt 0.947367 0.029198
vt 0.947299 0.028774
vt 0.947358 0.028239
vt 0.957379 0.030074
vt 0.957540 0.031098
vt 0.957428 0.031125
vt 0.957581 0.029064
vt 0.957497 0.030083
vt 0.958176 0.032325
vt 0.960314 0.031041
vt 0.960245 0.031227
vt 0.958224 0.032385
vt 0.975381 0.029186
vt 0.975327 0.029258
vt 0.958043 0.027708
vt 0.958245 0.027690
vt 0.958064 0.027772
vt 0.957881 0.027925
vt 0.957872 0.027816
vt 0.957973 0.027919
vt 0.974905 0.029214
vt 0.975018 0.029298
vt 0.975129 0.029274
vt 0.949136 0.032102
vt 0.949206 0.032063
vt 0.949214 0.032347
vt 0.949132 0.032245
vt 0.960447 0.031278
vt 0.960376 0.031243
vt 0.960447 0.031163
vt 0.965311 0.028094
vt 0.965296 0.028244
vt 0.965212 0.028158
vt 0.960387 0.031082
vt 0.960502 0.030973
vt 0.960410 0.030956
vt 0.960381 0.028917
vt 0.960336 0.028963
vt 0.958388 0.027715
vt 0.960350 0.029210
vt 0.958266 0.027845
vt 0.960293 0.029027
vt 0.960232 0.029993
vt 0.960284 0.030378
vt 0.960377 0.030372
vt 0.960342 0.029886
vt 0.960426 0.029884
vt 0.960458 0.030353
vt 0.949183 0.031532
vt 0.949167 0.030331
vt 0.949097 0.030224
vt 0.949174 0.030160
vt 0.949167 0.030493
vt 0.949087 0.030434
vt 0.960411 0.029129
vt 0.975677 0.065462
vt 0.975594 0.065368
vt 0.983112 0.053300
vt 0.982989 0.053267
vt 0.971492 0.030301
vt 0.971492 0.027690
vt 0.971729 0.030217
vt 0.938983 0.042707
vt 0.938937 0.046309
vt 0.938715 0.072220
vt 0.938719 0.069153
vt 0.938874 0.069198
vt 0.937457 0.042605
vt 0.937301 0.042622
vt 0.938948 0.049507
vt 0.938686 0.049465
vt 0.936912 0.030428
vt 0.992376 0.060904
vt 0.992183 0.060802
vt 0.990513 0.067447
vt 0.959295 0.090145
vt 0.939836 0.084883
vt 0.939760 0.084993
vt 0.990731 0.044365
vt 0.989491 0.040993
vt 0.990873 0.044309
vt 0.991747 0.047360
vt 0.991597 0.047387
vt 0.992542 0.057684
vt 0.992509 0.054091
vt 0.942604 0.086346
vt 0.946004 0.087723
vt 0.930055 0.075595
vt 0.925249 0.066420
vt 0.988775 0.070606
vt 0.959302 0.089693
vt 0.955673 0.089608
vt 0.960843 0.089453
vt 0.927387 0.066913
vt 0.927796 0.082924
vt 0.927866 0.085475
vt 0.927651 0.082872
vt 0.935553 0.067989
vt 0.935411 0.067978
vt 0.933568 0.036736
vt 0.933766 0.040050
vt 0.933415 0.036751
vt 0.934200 0.058161
vt 0.934074 0.061729
vt 0.934053 0.058134
vt 0.935448 0.060880
vt 0.935371 0.064442
vt 0.935275 0.060845
vt 0.918735 0.062720
vt 0.920987 0.065584
vt 0.935285 0.067925
vt 0.933581 0.040122
vt 0.933267 0.036797
vt 0.933889 0.061706
vt 0.933939 0.058137
vt 0.919109 0.018259
vt 0.921474 0.015475
vt 0.919186 0.018336
vt 0.939552 0.076707
vt 0.936063 0.075692
vt 0.936047 0.075501
vt 0.918844 0.062642
vt 0.911719 0.042275
vt 0.917133 0.021349
vt 0.933212 0.006991
vt 0.930114 0.008732
vt 0.929977 0.008616
vt 0.947359 0.003570
vt 0.921551 0.015657
vt 0.919316 0.018392
vt 0.929051 0.076599
vt 0.931735 0.078891
vt 0.928926 0.076676
vt 0.938463 0.015594
vt 0.920623 0.033153
vt 0.917276 0.054471
vt 0.941409 0.084156
vt 0.944764 0.085314
vt 0.941289 0.084297
vt 0.959296 0.086136
vt 0.931691 0.079079
vt 0.928864 0.076765
vt 0.928391 0.066864
vt 0.944762 0.085447
vt 0.941255 0.084405
vt 0.935137 0.058133
vt 0.935048 0.058131
vt 0.936377 0.064442
vt 0.936246 0.060880
vt 0.936419 0.060845
vt 0.934556 0.040066
vt 0.934277 0.036745
vt 0.934416 0.036747
vt 0.934908 0.058159
vt 0.931297 0.030045
vt 0.931147 0.030030
vt 0.931000 0.038804
vt 0.931118 0.035605
vt 0.930903 0.055379
vt 0.930755 0.055396
vt 0.930950 0.062169
vt 0.938046 0.046151
vt 0.938195 0.046128
vt 0.930946 0.041821
vt 0.930791 0.045303
vt 0.930765 0.041832
vt 0.931404 0.081849
vt 0.931198 0.079630
vt 0.938168 0.062962
vt 0.931014 0.029941
vt 0.930823 0.038789
vt 0.930862 0.035544
vt 0.930649 0.055402
vt 0.930668 0.062238
vt 0.938297 0.046119
vt 0.930601 0.023092
vt 0.933380 0.020761
vt 0.919982 0.040590
vt 0.920998 0.037082
vt 0.921115 0.037161
vt 0.925625 0.069995
vt 0.925536 0.070055
vt 0.925866 0.028152
vt 0.928113 0.025299
vt 0.928257 0.025402
vt 0.918867 0.047387
vt 0.919150 0.043722
vt 0.919313 0.043826
vt 0.920800 0.061008
vt 0.930425 0.023012
vt 0.933272 0.020658
vt 0.919817 0.040538
vt 0.920852 0.037058
vt 0.925453 0.070182
vt 0.939357 0.033342
vt 0.943808 0.072159
vt 0.943947 0.072188
vt 0.942666 0.053142
vt 0.942799 0.053139
vt 0.939568 0.069269
vt 0.939573 0.072311
vt 0.939610 0.033280
vt 0.972464 0.019400
vt 0.969294 0.017622
vt 0.942913 0.053119
vt 0.984093 0.067719
vt 0.984193 0.067762
vt 0.988215 0.058049
vt 0.986037 0.034628
vt 0.986149 0.034545
vt 0.962833 0.015206
vt 0.966337 0.016228
vt 0.966289 0.016317
vt 0.945897 0.015107
vt 0.945876 0.015001
vt 0.982318 0.070508
vt 0.989340 0.051251
vt 0.989047 0.054925
vt 0.988880 0.054849
vt 0.969383 0.017515
vt 0.949135 0.014385
vt 0.952775 0.013954
vt 0.952704 0.014134
vt 0.984293 0.067870
vt 0.988369 0.058172
vt 0.987331 0.061623
vt 0.986295 0.034522
vt 0.962884 0.015042
vt 0.966363 0.016081
vt 0.945790 0.014876
vt 0.988882 0.062031
vt 0.989012 0.062099
vt 0.987679 0.033713
vt 0.986077 0.030569
vt 0.987830 0.033685
vt 0.976007 0.079230
vt 0.978849 0.077059
vt 0.976048 0.079419
vt 0.987590 0.065471
vt 0.990912 0.044132
vt 0.984046 0.027463
vt 0.981833 0.024572
vt 0.984191 0.027363
vt 0.966853 0.014509
vt 0.963410 0.013328
vt 0.966893 0.014337
vt 0.941844 0.014229
vt 0.989107 0.062140
vt 0.986194 0.030425
vt 0.987950 0.033625
vt 0.928852 0.082687
vt 0.928957 0.082749
vt 0.929428 0.055706
vt 0.929293 0.055729
vt 0.928463 0.035622
vt 0.928329 0.035540
vt 0.928256 0.045262
vt 0.928324 0.041892
vt 0.929219 0.038416
vt 0.928229 0.048795
vt 0.928150 0.052339
vt 0.928057 0.048761
vt 0.929105 0.082758
vt 0.929572 0.055696
vt 0.928183 0.035526
vt 0.928076 0.045212
vt 0.928068 0.041848
vt 0.930313 0.070141
vt 0.930174 0.070158
vt 0.929812 0.027739
vt 0.930003 0.030039
vt 0.927146 0.052353
vt 0.930417 0.070127
vt 0.985788 0.035549
vt 0.976263 0.065955
vt 0.978555 0.063099
vt 0.967769 0.072850
vt 0.967727 0.072750
vt 0.950428 0.077936
vt 0.954032 0.077536
vt 0.954025 0.077671
vt 0.978912 0.018821
vt 0.980610 0.060061
vt 0.970776 0.070751
vt 0.973549 0.068389
vt 0.973647 0.068532
vt 0.943122 0.077443
vt 0.946685 0.077721
vt 0.946756 0.077906
vt 0.985541 0.035572
vt 0.976186 0.065773
vt 0.978420 0.063038
vt 0.967628 0.072648
vt 0.950399 0.077765
vt 0.953973 0.077394
vt 0.931840 0.071738
vt 0.931684 0.071778
vt 0.931550 0.065619
vt 0.931584 0.062180
vt 0.931472 0.058989
vt 0.931528 0.055360
vt 0.931628 0.058980
vt 0.931621 0.041837
vt 0.931649 0.045368
vt 0.931493 0.045345
vt 0.928398 0.037110
vt 0.928308 0.037047
vt 0.937581 0.027071
vt 0.937641 0.027164
vt 0.931886 0.038944
vt 0.931665 0.038853
vt 0.924093 0.063378
vt 0.924294 0.063381
vt 0.923245 0.056645
vt 0.924477 0.046345
vt 0.923603 0.049801
vt 0.953614 0.020914
vt 0.950010 0.021644
vt 0.949975 0.021453
vt 0.927045 0.039953
vt 0.925445 0.043308
vt 0.946929 0.022605
vt 0.943640 0.023996
vt 0.956762 0.020664
vt 0.956741 0.020882
vt 0.973414 0.024401
vt 0.970037 0.023018
vt 0.970107 0.022812
vt 0.986114 0.035063
vt 0.988052 0.038204
vt 0.985986 0.035146
vt 0.927281 0.040097
vt 0.925525 0.044671
vt 0.979028 0.028229
vt 0.930451 0.012191
vt 0.928654 0.012800
vt 0.931274 0.011079
vt 0.925240 0.016332
vt 0.923595 0.017280
vt 0.925830 0.015081
vt 0.920936 0.021410
vt 0.919509 0.022661
vt 0.921271 0.020068
vt 0.917587 0.027473
vt 0.916550 0.028735
vt 0.917772 0.025849
vt 0.920498 0.059354
vt 0.920950 0.060932
vt 0.919229 0.058312
vt 0.924482 0.064346
vt 0.925431 0.065990
vt 0.923231 0.063756
vt 0.929560 0.068648
vt 0.930811 0.070076
vt 0.928218 0.068314
vt 0.935621 0.071997
vt 0.936883 0.073034
vt 0.933999 0.071812
vt 0.950762 0.005773
vt 0.947523 0.005747
vt 0.943908 0.006074
vt 0.940726 0.006681
vt 0.937244 0.007708
vt 0.934242 0.008923
vt 0.928321 0.012388
vt 0.923188 0.016940
vt 0.920864 0.019728
vt 0.919043 0.022407
vt 0.916044 0.028577
vt 0.914963 0.032043
vt 0.914306 0.035214
vt 0.913897 0.042063
vt 0.914224 0.045678
vt 0.914831 0.048859
vt 0.915858 0.052341
vt 0.917074 0.055343
vt 0.918760 0.058558
vt 0.920538 0.061265
vt 0.925091 0.066397
vt 0.927879 0.068721
vt 0.930558 0.070542
vt 0.933746 0.072278
vt 0.936725 0.073540
vt 0.957689 0.006344
vt 0.954371 0.006157
vt 0.954423 0.005667
vt 0.950814 0.005283
vt 0.947479 0.005257
vt 0.940587 0.006209
vt 0.934014 0.008487
vt 0.937105 0.007235
vt 0.930799 0.010173
vt 0.928011 0.012004
vt 0.922810 0.016625
vt 0.925496 0.014668
vt 0.918611 0.022171
vt 0.920485 0.019413
vt 0.916874 0.025359
vt 0.915574 0.028431
vt 0.914493 0.031896
vt 0.913817 0.035162
vt 0.913406 0.042107
vt 0.913922 0.038824
vt 0.914359 0.048998
vt 0.916638 0.055571
vt 0.920155 0.061574
vt 0.922436 0.064398
vt 0.924776 0.066775
vt 0.930322 0.070974
vt 0.927564 0.069099
vt 0.933510 0.072710
vt 0.936579 0.074009
vt 0.957820 0.005926
vt 0.947439 0.004821
vt 0.943824 0.005148
vt 0.940464 0.005789
vt 0.933811 0.008100
vt 0.927737 0.011664
vt 0.922475 0.016345
vt 0.925187 0.014285
vt 0.918227 0.021962
vt 0.915157 0.028300
vt 0.913382 0.035115
vt 0.912998 0.038725
vt 0.912971 0.042146
vt 0.913299 0.045761
vt 0.913940 0.049121
vt 0.916251 0.055774
vt 0.915385 0.052480
vt 0.919815 0.061848
vt 0.918324 0.058786
vt 0.924496 0.067110
vt 0.930113 0.071357
vt 0.936449 0.074426
vt 0.933301 0.073094
vt 0.941087 0.058039
vt 0.941501 0.061483
vt 0.940955 0.061331
vt 0.941198 0.051055
vt 0.941720 0.054532
vt 0.941171 0.054466
vt 0.941171 0.047426
vt 0.941637 0.043931
vt 0.941720 0.047418
vt 0.940774 0.037229
vt 0.941502 0.040379
vt 0.940955 0.040483
vt 0.940531 0.033903
vt 0.940791 0.030668
vt 0.941074 0.033728
vt 0.924913 0.013945
vt 0.922141 0.016063
vt 0.924641 0.013603
vt 0.919816 0.018857
vt 0.920150 0.019132
vt 0.944791 0.051962
vt 0.945219 0.048772
vt 0.945260 0.052130
vt 0.944721 0.045124
vt 0.945174 0.041715
vt 0.945190 0.045210
vt 0.944722 0.034685
vt 0.945176 0.038078
vt 0.944708 0.038088
vt 0.944793 0.027855
vt 0.945222 0.031036
vt 0.944752 0.031127
vt 0.914966 0.052603
vt 0.915868 0.055977
vt 0.914547 0.052724
vt 0.917555 0.059199
vt 0.917937 0.058989
vt 0.921757 0.064950
vt 0.922096 0.064672
vt 0.927009 0.069768
vt 0.927284 0.069435
vt 0.945844 0.031115
vt 0.945335 0.027690
vt 0.945806 0.027851
vt 0.943178 0.076759
vt 0.939790 0.075924
vt 0.943218 0.076634
vt 0.946827 0.077019
vt 0.950346 0.077177
vt 0.946795 0.077142
vt 0.953944 0.076717
vt 0.957410 0.076187
vt 0.953961 0.076844
vt 0.960875 0.075036
vt 0.964166 0.073838
vt 0.960887 0.075168
vt 0.967401 0.072149
vt 0.970262 0.070115
vt 0.970366 0.070194
vt 0.973089 0.067829
vt 0.973175 0.067927
vt 0.981751 0.056530
vt 0.980010 0.059722
vt 0.985298 0.042744
vt 0.985198 0.039260
vt 0.985323 0.039212
vt 0.984913 0.046358
vt 0.984995 0.035594
vt 0.984215 0.032200
vt 0.984328 0.032134
vt 0.983301 0.028648
vt 0.981869 0.025463
vt 0.981981 0.025398
vt 0.980184 0.022242
vt 0.978367 0.019248
vt 0.980311 0.022204
vt 0.975978 0.016487
vt 0.973617 0.013906
vt 0.976092 0.016424
vt 0.970730 0.011664
vt 0.967890 0.009581
vt 0.970833 0.011580
vt 0.964645 0.007961
vt 0.961475 0.006477
vt 0.964702 0.007844
vt 0.942454 0.042693
vt 0.942605 0.039584
vt 0.942086 0.046321
vt 0.942319 0.049491
vt 0.942046 0.049542
vt 0.942124 0.056330
vt 0.942331 0.053139
vt 0.942382 0.056372
vt 0.942312 0.059900
vt 0.942667 0.062998
vt 0.942469 0.062980
vt 0.942698 0.066307
vt 0.943158 0.069169
vt 0.942946 0.069133
vt 0.938718 0.030367
vt 0.938837 0.027826
vt 0.938923 0.030339
vt 0.939093 0.036220
vt 0.939201 0.042689
vt 0.939252 0.049492
vt 0.939258 0.053141
vt 0.939251 0.056373
vt 0.939234 0.059925
vt 0.938982 0.062997
vt 0.939015 0.059901
vt 0.939143 0.066376
vt 0.938932 0.066347
vt 0.938929 0.074756
vt 0.938644 0.074701
vt 0.937413 0.030296
vt 0.937506 0.033301
vt 0.937627 0.039508
vt 0.937414 0.039514
vt 0.942174 0.059883
vt 0.942274 0.062950
vt 0.942734 0.069042
vt 0.942559 0.066275
vt 0.938540 0.027898
vt 0.938563 0.030413
vt 0.937258 0.039546
vt 0.941822 0.049478
vt 0.942009 0.042743
vt 0.941878 0.053135
vt 0.941937 0.056313
vt 0.983512 0.079059
vt 0.985697 0.076715
vt 0.983588 0.079137
vt 0.938524 0.036320
vt 0.938425 0.074574
vt 0.938743 0.056306
vt 0.938512 0.069068
vt 0.938710 0.066280
vt 0.937106 0.042630
vt 0.937121 0.039589
vt 0.936991 0.036287
vt 0.991879 0.047336
vt 0.991042 0.044201
vt 0.992739 0.057725
vt 0.962457 0.089946
vt 0.972541 0.087055
vt 0.952459 0.089777
vt 0.934332 0.080861
vt 0.969025 0.088081
vt 0.966003 0.088947
vt 0.978245 0.083336
vt 0.939923 0.084757
vt 0.990566 0.044474
vt 0.992067 0.051033
vt 0.992275 0.054088
vt 0.992265 0.057718
vt 0.991886 0.060862
vt 0.987272 0.073273
vt 0.983223 0.078612
vt 0.978131 0.083161
vt 0.980575 0.081245
vt 0.972321 0.086544
vt 0.968917 0.087917
vt 0.965966 0.088742
vt 0.962403 0.089436
vt 0.952591 0.089239
vt 0.946168 0.087553
vt 0.948998 0.088682
vt 0.942747 0.086110
vt 0.939980 0.084544
vt 0.937012 0.082512
vt 0.934625 0.080427
vt 0.932121 0.077892
vt 0.930241 0.075474
vt 0.928243 0.072444
vt 0.926815 0.069587
vt 0.927690 0.080069
vt 0.927599 0.077062
vt 0.935375 0.046298
vt 0.935563 0.042750
vt 0.935515 0.046296
vt 0.935616 0.039392
vt 0.932400 0.027732
vt 0.932934 0.030516
vt 0.932783 0.030543
vt 0.935686 0.074617
vt 0.933272 0.033496
vt 0.934238 0.054467
vt 0.934215 0.050838
vt 0.935563 0.033158
vt 0.935830 0.030269
vt 0.935732 0.033133
vt 0.933971 0.065298
vt 0.933814 0.065292
vt 0.935422 0.057178
vt 0.933958 0.043579
vt 0.933775 0.043627
vt 0.927355 0.076990
vt 0.935317 0.042796
vt 0.935246 0.046340
vt 0.935342 0.039467
vt 0.932259 0.027827
vt 0.932644 0.030629
vt 0.935442 0.074556
vt 0.932982 0.033600
vt 0.933972 0.054462
vt 0.933918 0.050820
vt 0.929501 0.072451
vt 0.926412 0.070475
vt 0.926463 0.070381
vt 0.933663 0.065242
vt 0.932624 0.074309
vt 0.932695 0.074199
vt 0.916709 0.059640
vt 0.916817 0.059562
vt 0.911749 0.038618
vt 0.911619 0.042264
vt 0.911619 0.038555
vt 0.912872 0.031386
vt 0.912006 0.034957
vt 0.912746 0.031357
vt 0.936621 0.005610
vt 0.933186 0.006860
vt 0.936601 0.005476
vt 0.951007 0.003497
vt 0.951006 0.003605
vt 0.924147 0.013084
vt 0.924099 0.012894
vt 0.927016 0.010766
vt 0.929546 0.072305
vt 0.926570 0.070285
vt 0.932765 0.074071
vt 0.916965 0.059529
vt 0.911865 0.042242
vt 0.911898 0.038566
vt 0.912286 0.034995
vt 0.913012 0.031430
vt 0.917279 0.021394
vt 0.933299 0.007116
vt 0.936699 0.005736
vt 0.950939 0.003745
vt 0.926725 0.024171
vt 0.929414 0.021719
vt 0.926852 0.024249
vt 0.919340 0.036549
vt 0.919182 0.036548
vt 0.917968 0.058069
vt 0.917425 0.054476
vt 0.918113 0.058049
vt 0.918994 0.061562
vt 0.920502 0.064904
vt 0.920369 0.064974
vt 0.924083 0.071259
vt 0.922210 0.068150
vt 0.924211 0.071188
vt 0.926495 0.074009
vt 0.948365 0.086059
vt 0.944826 0.085178
vt 0.948426 0.085918
vt 0.962790 0.085321
vt 0.962876 0.085446
vt 0.934748 0.080945
vt 0.934737 0.081146
vt 0.966309 0.084287
vt 0.937988 0.082717
vt 0.926659 0.024088
vt 0.929342 0.021589
vt 0.919062 0.036490
vt 0.920527 0.033114
vt 0.917179 0.054498
vt 0.917847 0.058148
vt 0.918875 0.061617
vt 0.920250 0.065025
vt 0.923995 0.071315
vt 0.922068 0.068195
vt 0.926365 0.074081
vt 0.948370 0.086195
vt 0.962897 0.085551
vt 0.922202 0.029874
vt 0.928380 0.070423
vt 0.928568 0.076984
vt 0.936376 0.046298
vt 0.936530 0.042796
vt 0.936514 0.046340
vt 0.936622 0.039467
vt 0.936527 0.067942
vt 0.936425 0.067978
vt 0.936549 0.074585
vt 0.936584 0.071299
vt 0.936655 0.074556
vt 0.934651 0.081222
vt 0.937916 0.082878
vt 0.935171 0.054458
vt 0.935170 0.050815
vt 0.936229 0.057178
vt 0.934748 0.043596
vt 0.934719 0.040119
vt 0.934905 0.043623
vt 0.928410 0.080055
vt 0.928658 0.082867
vt 0.928512 0.082911
vt 0.928315 0.077048
vt 0.936280 0.042750
vt 0.936226 0.046296
vt 0.936336 0.039402
vt 0.936273 0.067990
vt 0.936331 0.071355
vt 0.936402 0.074633
vt 0.936485 0.077656
vt 0.936727 0.080478
vt 0.936581 0.080531
vt 0.933981 0.033505
vt 0.934945 0.054452
vt 0.934922 0.050822
vt 0.931245 0.027690
vt 0.930941 0.045322
vt 0.930764 0.048510
vt 0.930754 0.052135
vt 0.930986 0.071849
vt 0.931214 0.074487
vt 0.931068 0.074538
vt 0.931053 0.068625
vt 0.937742 0.079434
vt 0.937692 0.077316
vt 0.937844 0.077347
vt 0.937783 0.074729
vt 0.937997 0.072233
vt 0.937926 0.074765
vt 0.938021 0.062932
vt 0.938196 0.059836
vt 0.938068 0.056250
vt 0.938219 0.053025
vt 0.938215 0.056271
vt 0.938206 0.049387
vt 0.930646 0.023196
vt 0.930657 0.045282
vt 0.930629 0.048530
vt 0.930962 0.074576
vt 0.930880 0.071872
vt 0.930802 0.068690
vt 0.935740 0.079252
vt 0.938063 0.074826
vt 0.938107 0.072270
vt 0.938273 0.062976
vt 0.938331 0.059826
vt 0.938353 0.056252
vt 0.938325 0.053007
vt 0.938317 0.049377
vt 0.924104 0.030928
vt 0.923998 0.030904
vt 0.922393 0.034142
vt 0.922277 0.034076
vt 0.918965 0.047417
vt 0.918833 0.050712
vt 0.920938 0.061007
vt 0.922035 0.064064
vt 0.923826 0.067258
vt 0.923719 0.067280
vt 0.945355 0.083513
vt 0.948586 0.084039
vt 0.948563 0.084173
vt 0.941909 0.082331
vt 0.968819 0.081283
vt 0.965823 0.082609
vt 0.965783 0.082513
vt 0.962301 0.083540
vt 0.936024 0.018849
vt 0.923905 0.030777
vt 0.925756 0.028060
vt 0.922166 0.033964
vt 0.918690 0.050678
vt 0.918719 0.047391
vt 0.920682 0.061113
vt 0.921935 0.064193
vt 0.923624 0.067406
vt 0.945336 0.083658
vt 0.948593 0.084328
vt 0.930047 0.075343
vt 0.941869 0.082581
vt 0.968882 0.081363
vt 0.965888 0.082740
vt 0.962408 0.083771
vt 0.935863 0.080519
vt 0.935514 0.064438
vt 0.937675 0.042605
vt 0.937562 0.036156
vt 0.937331 0.027793
vt 0.937755 0.030287
vt 0.939009 0.072250
vt 0.939426 0.069240
vt 0.939086 0.069237
vt 0.939534 0.063032
vt 0.939194 0.063026
vt 0.939224 0.046252
vt 0.939143 0.039579
vt 0.942896 0.066325
vt 0.942844 0.059912
vt 0.943003 0.063003
vt 0.942719 0.056372
vt 0.942692 0.046260
vt 0.943040 0.033316
vt 0.942807 0.036210
vt 0.915984 0.024900
vt 0.914616 0.028148
vt 0.943658 0.027700
vt 0.943687 0.030238
vt 0.943354 0.030248
vt 0.931527 0.032880
vt 0.931380 0.038821
vt 0.931326 0.041837
vt 0.931255 0.048515
vt 0.931281 0.045322
vt 0.931240 0.052132
vt 0.931242 0.055381
vt 0.931288 0.062157
vt 0.931253 0.058983
vt 0.931393 0.068607
vt 0.931337 0.065619
vt 0.931552 0.074473
vt 0.931133 0.071804
vt 0.931471 0.071790
vt 0.931759 0.079527
vt 0.931656 0.077254
vt 0.937351 0.077310
vt 0.937600 0.079394
vt 0.937257 0.079391
vt 0.937449 0.074717
vt 0.937855 0.072193
vt 0.937586 0.069148
vt 0.937706 0.059821
vt 0.937682 0.062943
vt 0.937739 0.053022
vt 0.937728 0.056252
vt 0.938064 0.049382
vt 0.937701 0.046160
vt 0.927290 0.052343
vt 0.928005 0.056023
vt 0.927292 0.056036
vt 0.927541 0.032654
vt 0.927466 0.035540
vt 0.927726 0.027690
vt 0.928342 0.030057
vt 0.927626 0.030069
vt 0.929999 0.035347
vt 0.929369 0.038398
vt 0.929283 0.035335
vt 0.930282 0.052082
vt 0.929543 0.048464
vt 0.930255 0.048450
vt 0.930289 0.055697
vt 0.929568 0.059404
vt 0.929551 0.063030
vt 0.930268 0.063031
vt 0.930106 0.073603
vt 0.929458 0.070169
vt 0.930018 0.076827
vt 0.929307 0.076825
vt 0.933925 0.075047
vt 0.933573 0.077960
vt 0.934224 0.071983
vt 0.933770 0.068684
vt 0.934479 0.068669
vt 0.937839 0.033292
vt 0.939485 0.066379
vt 0.939634 0.066385
vt 0.939681 0.063025
vt 0.939567 0.059923
vt 0.939714 0.059907
vt 0.942980 0.059923
vt 0.939182 0.027813
vt 0.943229 0.066327
vt 0.942859 0.056377
vt 0.937922 0.027690
vt 0.938123 0.033190
vt 0.939708 0.069315
vt 0.939768 0.066438
vt 0.939820 0.059939
vt 0.939787 0.063071
vt 0.959606 0.014651
vt 0.959596 0.014538
vt 0.939459 0.027690
vt 0.966274 0.016397
vt 0.942973 0.056380
vt 0.982253 0.070429
vt 0.942918 0.046247
vt 0.989258 0.047955
vt 0.989361 0.047934
vt 0.989027 0.044312
vt 0.988282 0.041132
vt 0.988410 0.041085
vt 0.987392 0.037621
vt 0.980265 0.025840
vt 0.978054 0.023405
vt 0.980381 0.025780
vt 0.982553 0.028681
vt 0.949121 0.014522
vt 0.959701 0.014375
vt 0.955986 0.014157
vt 0.956092 0.013985
vt 0.982442 0.070587
vt 0.972114 0.079840
vt 0.989483 0.051220
vt 0.989505 0.047895
vt 0.988563 0.041088
vt 0.989176 0.044317
vt 0.987540 0.037605
vt 0.978180 0.023328
vt 0.980483 0.025673
vt 0.982744 0.028465
vt 0.969391 0.017358
vt 0.949055 0.014249
vt 0.981321 0.074430
vt 0.981450 0.074504
vt 0.987453 0.065418
vt 0.990091 0.040600
vt 0.990228 0.040559
vt 0.990693 0.055001
vt 0.989049 0.037083
vt 0.979204 0.022101
vt 0.979265 0.021955
vt 0.959848 0.012741
vt 0.959817 0.012593
vt 0.952558 0.012175
vt 0.956202 0.012349
vt 0.952526 0.012325
vt 0.938554 0.015712
vt 0.972914 0.081276
vt 0.970274 0.015769
vt 0.978910 0.077149
vt 0.981537 0.074562
vt 0.990327 0.040530
vt 0.990935 0.055064
vt 0.989301 0.037048
vt 0.959838 0.012488
vt 0.956212 0.012073
vt 0.952527 0.012043
vt 0.941822 0.014123
vt 0.938373 0.015489
vt 0.973059 0.081515
vt 0.972983 0.081436
vt 0.981587 0.074625
vt 0.929242 0.073568
vt 0.929204 0.070125
vt 0.929315 0.070139
vt 0.929020 0.076758
vt 0.929360 0.066653
vt 0.929295 0.063016
vt 0.929401 0.063006
vt 0.929419 0.059399
vt 0.929002 0.035447
vt 0.929136 0.035354
vt 0.929286 0.048496
vt 0.966954 0.014246
vt 0.973550 0.017427
vt 0.928293 0.056021
vt 0.928152 0.056036
vt 0.928279 0.059657
vt 0.928853 0.030036
vt 0.934614 0.068676
vt 0.934364 0.071961
vt 0.928984 0.085412
vt 0.928258 0.032641
vt 0.928003 0.052330
vt 0.933511 0.071984
vt 0.933619 0.068679
vt 0.928026 0.059650
vt 0.930249 0.073570
vt 0.930431 0.055715
vt 0.930288 0.059418
vt 0.930399 0.048476
vt 0.927482 0.030084
vt 0.927323 0.035545
vt 0.927148 0.056050
vt 0.933254 0.071917
vt 0.933362 0.071964
vt 0.976756 0.015857
vt 0.930534 0.055715
vt 0.930433 0.059401
vt 0.930539 0.063007
vt 0.930556 0.052119
vt 0.930498 0.048498
vt 0.973737 0.068595
vt 0.982498 0.056985
vt 0.970850 0.070825
vt 0.967820 0.072911
vt 0.927019 0.056010
vt 0.971244 0.011028
vt 0.968270 0.008883
vt 0.971344 0.010939
vt 0.981000 0.021813
vt 0.980921 0.021876
vt 0.984857 0.050050
vt 0.985702 0.046461
vt 0.984989 0.050071
vt 0.986086 0.042852
vt 0.957654 0.076946
vt 0.961127 0.075955
vt 0.943120 0.077551
vt 0.961629 0.005905
vt 0.971138 0.011125
vt 0.968211 0.008968
vt 0.964937 0.007349
vt 0.980785 0.021926
vt 0.984728 0.049969
vt 0.985600 0.046429
vt 0.985841 0.042826
vt 0.980457 0.060035
vt 0.970659 0.070654
vt 0.957584 0.076707
vt 0.961066 0.075682
vt 0.939625 0.076573
vt 0.943177 0.077312
vt 0.937725 0.049398
vt 0.937469 0.062903
vt 0.937230 0.072161
vt 0.937231 0.074680
vt 0.931869 0.077229
vt 0.931453 0.052144
vt 0.931467 0.048527
vt 0.931465 0.035608
vt 0.943149 0.030276
vt 0.942609 0.036215
vt 0.942841 0.033332
vt 0.931994 0.074335
vt 0.937076 0.074623
vt 0.932045 0.079481
vt 0.932024 0.077177
vt 0.931609 0.052151
vt 0.932001 0.030142
vt 0.931946 0.027777
vt 0.932101 0.027839
vt 0.942402 0.036250
vt 0.942701 0.033376
vt 0.937223 0.056198
vt 0.937018 0.068953
vt 0.936939 0.074546
vt 0.937011 0.072059
vt 0.935136 0.029155
vt 0.932433 0.031561
vt 0.931860 0.062036
vt 0.931836 0.058944
vt 0.932036 0.071682
vt 0.931749 0.055360
vt 0.931812 0.052120
vt 0.931819 0.048522
vt 0.931857 0.045435
vt 0.984197 0.032547
vt 0.986319 0.034931
vt 0.986227 0.034990
vt 0.932103 0.033044
vt 0.925043 0.066481
vt 0.989705 0.040850
vt 0.988196 0.038039
vt 0.988289 0.037980
vt 0.928565 0.037248
vt 0.946910 0.022393
vt 0.976135 0.025892
vt 0.973482 0.024195
vt 0.976281 0.025747
vt 0.924444 0.063353
vt 0.930697 0.034286
vt 0.932729 0.031888
vt 0.950037 0.021794
vt 0.967117 0.021839
vt 0.967043 0.022058
vt 0.963494 0.021295
vt 0.981503 0.030079
vt 0.925474 0.066267
vt 0.923752 0.056653
vt 0.924128 0.049936
vt 0.928833 0.037336
vt 0.957543 0.006814
vt 0.930902 0.034353
vt 0.932957 0.031977
vt 0.935470 0.029501
vt 0.937904 0.027572
vt 0.941009 0.025575
vt 0.943796 0.024164
vt 0.947124 0.022824
vt 0.950148 0.021985
vt 0.953682 0.021324
vt 0.956839 0.021106
vt 0.960408 0.021132
vt 0.963448 0.021507
vt 0.969872 0.023188
vt 0.981415 0.030315
vt 0.983919 0.032848
vt 0.985811 0.035259
vt 0.989202 0.041067
vt 0.987753 0.038252
vt 0.954559 0.004674
vt 0.957944 0.005507
vt 0.954507 0.004796
vt 0.950898 0.004413
vt 0.947391 0.004255
vt 0.950943 0.004291
vt 0.943753 0.004589
vt 0.940339 0.005374
vt 0.940308 0.005251
vt 0.936850 0.006400
vt 0.933553 0.007600
vt 0.936850 0.006263
vt 0.930313 0.009296
vt 0.927465 0.011323
vt 0.927371 0.011237
vt 0.924540 0.013520
vt 0.922033 0.015997
vt 0.917735 0.021690
vt 0.919719 0.018768
vt 0.914741 0.028167
vt 0.913530 0.031619
vt 0.912951 0.035072
vt 0.912826 0.035052
vt 0.912564 0.038687
vt 0.912409 0.042169
vt 0.912439 0.038638
vt 0.912733 0.045808
vt 0.913521 0.049242
vt 0.913406 0.049296
vt 0.914433 0.052782
vt 0.915752 0.056032
vt 0.919365 0.062182
vt 0.917421 0.059225
vt 0.921654 0.065024
vt 0.924215 0.067443
vt 0.924150 0.067556
vt 0.929826 0.071838
vt 0.926921 0.069865
vt 0.933101 0.073480
vt 0.936259 0.074956
vt 0.933004 0.073577
vt 0.943359 0.075277
vt 0.967279 0.069245
vt 0.969077 0.068636
vt 0.966457 0.070357
vt 0.972491 0.065105
vt 0.974136 0.064157
vt 0.971902 0.066356
vt 0.976795 0.060027
vt 0.978223 0.058777
vt 0.976461 0.061369
vt 0.980026 0.054208
vt 0.981182 0.052702
vt 0.979960 0.055589
vt 0.977237 0.022084
vt 0.976785 0.020506
vt 0.978506 0.023126
vt 0.973253 0.017092
vt 0.972305 0.015447
vt 0.974504 0.017681
vt 0.968175 0.012788
vt 0.966924 0.011360
vt 0.969517 0.013122
vt 0.962355 0.009558
vt 0.960850 0.008401
vt 0.963737 0.009624
vt 0.946969 0.075662
vt 0.950208 0.075688
vt 0.953823 0.075361
vt 0.957004 0.074754
vt 0.963488 0.072512
vt 0.969411 0.069049
vt 0.974543 0.064496
vt 0.976868 0.061709
vt 0.978689 0.059030
vt 0.981689 0.052860
vt 0.983427 0.046223
vt 0.982770 0.049395
vt 0.983837 0.039375
vt 0.983510 0.035760
vt 0.982903 0.032578
vt 0.980661 0.026094
vt 0.977197 0.020172
vt 0.974917 0.017348
vt 0.972645 0.015040
vt 0.969857 0.012715
vt 0.967178 0.010894
vt 0.963990 0.009158
vt 0.961008 0.007895
vt 0.940044 0.075090
vt 0.943307 0.075767
vt 0.946917 0.076151
vt 0.950252 0.076178
vt 0.957144 0.075226
vt 0.960626 0.074200
vt 0.963717 0.072948
vt 0.966932 0.071262
vt 0.969720 0.069431
vt 0.972544 0.067151
vt 0.974921 0.064811
vt 0.977246 0.062024
vt 0.979121 0.059265
vt 0.982159 0.053006
vt 0.980425 0.055842
vt 0.983916 0.046275
vt 0.984301 0.042666
vt 0.984327 0.039330
vt 0.984000 0.035715
vt 0.983375 0.032439
vt 0.982349 0.028957
vt 0.981097 0.025865
vt 0.979411 0.022651
vt 0.977580 0.019863
vt 0.972960 0.014662
vt 0.970172 0.012337
vt 0.967414 0.010462
vt 0.964226 0.008725
vt 0.961155 0.007425
vt 0.943261 0.076201
vt 0.950291 0.076613
vt 0.957267 0.075645
vt 0.953867 0.075851
vt 0.963920 0.073335
vt 0.969995 0.069771
vt 0.975257 0.065091
vt 0.979505 0.059474
vt 0.981242 0.056286
vt 0.982576 0.053136
vt 0.983657 0.049671
vt 0.984351 0.046321
vt 0.984736 0.042712
vt 0.984763 0.039291
vt 0.983795 0.032315
vt 0.981484 0.025662
vt 0.977921 0.019588
vt 0.973240 0.014326
vt 0.975300 0.017039
vt 0.970452 0.012001
vt 0.967623 0.010078
vt 0.961285 0.007007
vt 0.964435 0.008341
vt 0.945886 0.038070
vt 0.945403 0.034588
vt 0.945872 0.034671
vt 0.945403 0.045186
vt 0.945887 0.041700
vt 0.945875 0.045107
vt 0.945812 0.051952
vt 0.945382 0.048751
vt 0.945849 0.048672
vt 0.960749 0.074619
vt 0.967135 0.071649
vt 0.972819 0.067491
vt 0.977582 0.062303
vt 0.944149 0.034582
vt 0.944585 0.031291
vt 0.944616 0.034638
vt 0.944169 0.041697
vt 0.944634 0.038247
vt 0.944635 0.041667
vt 0.944129 0.048765
vt 0.944621 0.045284
vt 0.944593 0.048646
vt 0.979799 0.022447
vt 0.975640 0.016764
vt 0.940778 0.071053
vt 0.939915 0.073502
vt 0.940237 0.070816
vt 0.940531 0.067759
vt 0.941307 0.064869
vt 0.941067 0.067992
vt 0.976621 0.029140
vt 0.976329 0.029079
vt 0.974028 0.027980
vt 0.974344 0.027894
vt 0.963522 0.030552
vt 0.960682 0.028110
vt 0.960618 0.027690
vt 0.963813 0.028375
vt 0.965044 0.030675
vt 0.969947 0.028567
vt 0.968287 0.030842
vt 0.947649 0.030245
vt 0.968114 0.030417
vt 0.966844 0.027855
vt 0.966597 0.027867
vt 0.946050 0.027690
vt 0.946102 0.029622
vt 0.950425 0.030199
vt 0.949233 0.028202
vt 0.950494 0.027708
vt 0.949189 0.030858
vt 0.950422 0.030778
vt 0.950439 0.031161
vt 0.950447 0.031500
vt 0.949191 0.031132
vt 0.950458 0.031873
vt 0.950462 0.032373
vt 0.949172 0.030649
vt 0.947348 0.028125
vt 0.965294 0.030793
vt 0.966605 0.031071
vt 0.966607 0.031185
vt 0.965310 0.030956
vt 0.969660 0.028314
vt 0.969664 0.028097
vt 0.976819 0.028995
vt 0.976819 0.027690
vt 0.976934 0.028947
vt 0.968365 0.027991
vt 0.968364 0.027815
vt 0.969655 0.027904
vt 0.968347 0.027690
vt 0.971320 0.030382
vt 0.971327 0.030203
vt 0.971256 0.027925
vt 0.966833 0.031148
vt 0.968173 0.030795
vt 0.963789 0.028239
vt 0.960702 0.030787
vt 0.965099 0.027690
vt 0.962029 0.031235
vt 0.963531 0.028157
vt 0.973481 0.027746
vt 0.972159 0.028236
vt 0.972133 0.028049
vt 0.972184 0.028457
vt 0.973522 0.027892
vt 0.973542 0.028072
vt 0.962257 0.030920
vt 0.962253 0.031090
vt 0.962257 0.031231
vt 0.968214 0.030569
vt 0.952881 0.032403
vt 0.952811 0.032475
vt 0.953255 0.032226
vt 0.948933 0.032540
vt 0.977007 0.028826
vt 0.977007 0.027690
vt 0.977049 0.028377
vt 0.953875 0.030100
vt 0.953501 0.032198
vt 0.969824 0.027970
vt 0.969746 0.028117
vt 0.950633 0.030946
vt 0.978132 0.027921
vt 0.978132 0.027690
vt 0.978188 0.027751
vt 0.953366 0.027795
vt 0.953486 0.027944
vt 0.952883 0.027803
vt 0.953330 0.027844
vt 0.952932 0.027862
vt 0.950875 0.029069
vt 0.950684 0.029068
vt 0.969972 0.030433
vt 0.966780 0.031172
vt 0.966762 0.030996
vt 0.947564 0.027690
vt 0.947545 0.047093
vt 0.947128 0.046485
vt 0.947563 0.030264
vt 0.946925 0.046362
vt 0.977519 0.028581
vt 0.977454 0.027768
vt 0.977520 0.027690
vt 0.951785 0.046458
vt 0.949763 0.047140
vt 0.947831 0.043440
vt 0.968313 0.027980
vt 0.968287 0.027765
vt 0.952923 0.045610
vt 0.952855 0.045752
vt 0.952888 0.045037
vt 0.952944 0.044984
vt 0.953113 0.045716
vt 0.971367 0.027975
vt 0.968288 0.028383
vt 0.966759 0.027714
vt 0.966766 0.027839
vt 0.948041 0.043446
vt 0.971420 0.028170
vt 0.948152 0.043326
vt 0.950861 0.042939
vt 0.952837 0.045082
vt 0.971412 0.028680
vt 0.971411 0.030211
vt 0.950732 0.042803
vt 0.977747 0.027690
vt 0.977747 0.028314
vt 0.977738 0.027953
vt 0.953947 0.029084
vt 0.954090 0.030893
vt 0.954012 0.030881
vt 0.972050 0.028094
vt 0.972066 0.028271
vt 0.976155 0.029137
vt 0.972099 0.028465
vt 0.972117 0.028625
vt 0.963720 0.030987
vt 0.963793 0.031023
vt 0.956704 0.027831
vt 0.956808 0.027958
vt 0.953993 0.031070
vt 0.957135 0.029041
vt 0.957056 0.029045
vt 0.972158 0.029568
vt 0.972240 0.029223
vt 0.972050 0.029517
vt 0.956791 0.032187
vt 0.956874 0.031119
vt 0.963723 0.028397
vt 0.956217 0.032322
vt 0.956190 0.032385
vt 0.960645 0.030951
vt 0.956239 0.032536
vt 0.962178 0.031117
vt 0.962175 0.031280
vt 0.949740 0.038060
vt 0.949944 0.038447
vt 0.949802 0.038564
vt 0.950354 0.038821
vt 0.950406 0.038755
vt 0.974041 0.027892
vt 0.974356 0.027807
vt 0.976590 0.027785
vt 0.976621 0.027871
vt 0.950597 0.035076
vt 0.962155 0.027858
vt 0.965132 0.031268
vt 0.965122 0.030667
vt 0.951298 0.039919
vt 0.951451 0.040112
vt 0.951642 0.040068
vt 0.951739 0.040254
vt 0.973580 0.027873
vt 0.973632 0.028077
vt 0.973562 0.027690
vt 0.973672 0.028244
vt 0.954724 0.039579
vt 0.955049 0.038675
vt 0.953226 0.035978
vt 0.954849 0.039240
vt 0.954730 0.039340
vt 0.962083 0.031260
vt 0.943115 0.042040
vt 0.943133 0.042115
vt 0.945959 0.033156
vt 0.966686 0.031208
vt 0.942465 0.041456
vt 0.942512 0.041654
vt 0.966671 0.030614
vt 0.977122 0.028771
vt 0.977122 0.027690
vt 0.977229 0.028760
vt 0.945973 0.031746
vt 0.942778 0.038253
vt 0.943298 0.037280
vt 0.942859 0.038280
vt 0.943183 0.037234
vt 0.943943 0.036337
vt 0.944007 0.036385
vt 0.942693 0.038211
vt 0.946110 0.041238
vt 0.946276 0.041132
vt 0.966584 0.027713
vt 0.966659 0.027690
vt 0.950557 0.032621
vt 0.950547 0.032430
vt 0.975310 0.027731
vt 0.975532 0.027707
vt 0.978052 0.028155
vt 0.978052 0.027690
vt 0.978060 0.027965
vt 0.944741 0.036328
vt 0.975696 0.027690
vt 0.944675 0.036073
vt 0.947174 0.039096
vt 0.946898 0.039162
vt 0.946632 0.039606
vt 0.950522 0.031195
vt 0.950530 0.031533
vt 0.950560 0.031904
vt 0.950560 0.027690
vt 0.947045 0.038487
vt 0.950505 0.030814
vt 0.950503 0.030177
vt 0.946959 0.039011
vt 0.946917 0.038639
vt 0.965213 0.030759
vt 0.977819 0.028312
vt 0.977819 0.027690
vt 0.977827 0.028019
vt 0.957742 0.032386
vt 0.957777 0.032335
vt 0.947418 0.032402
vt 0.947477 0.030250
vt 0.958269 0.032439
vt 0.957673 0.032207
vt 0.947299 0.031734
vt 0.947455 0.031294
vt 0.947456 0.029226
vt 0.957471 0.029019
vt 0.957692 0.027978
vt 0.957796 0.027934
vt 0.960270 0.031335
vt 0.965207 0.028280
vt 0.975524 0.029272
vt 0.975649 0.029272
vt 0.975695 0.029174
vt 0.958293 0.027781
vt 0.949143 0.028235
vt 0.960535 0.031084
vt 0.960317 0.031401
vt 0.960446 0.029284
vt 0.949099 0.030624
vt 0.949093 0.031512
vt 0.949116 0.031102
vt 0.960489 0.029097
vt 0.960535 0.029288
vt 0.931028 0.010609
vt 0.917307 0.025595
vt 0.922819 0.064089
vt 0.940191 0.074621
vt 0.943863 0.005584
vt 0.913433 0.038771
vt 0.913734 0.045722
vt 0.954470 0.005232
vt 0.950860 0.004848
vt 0.936982 0.006816
vt 0.930596 0.009786
vt 0.916491 0.025150
vt 0.914076 0.031765
vt 0.939914 0.075507
vt 0.940762 0.064711
vt 0.941635 0.058105
vt 0.941750 0.051041
vt 0.941319 0.037048
vt 0.940451 0.027690
vt 0.940255 0.030918
vt 0.939915 0.027939
vt 0.917840 0.021755
vt 0.916109 0.024939
vt 0.944750 0.048686
vt 0.945191 0.034590
vt 0.919481 0.062129
vt 0.929912 0.071745
vt 0.945375 0.031038
vt 0.939728 0.076038
vt 0.936330 0.074846
vt 0.957393 0.076062
vt 0.964125 0.073720
vt 0.981621 0.056502
vt 0.985169 0.042766
vt 0.984871 0.035644
vt 0.983190 0.028717
vt 0.978259 0.019311
vt 0.973518 0.013988
vt 0.961415 0.006590
vt 0.958006 0.005395
vt 0.942360 0.046252
vt 0.942051 0.053152
vt 0.942510 0.059906
vt 0.943469 0.072157
vt 0.943191 0.072103
vt 0.939024 0.033346
vt 0.938617 0.077269
vt 0.941908 0.046315
vt 0.938462 0.077211
vt 0.938514 0.033497
vt 0.938725 0.046307
vt 0.938504 0.072105
vt 0.936711 0.083020
vt 0.942559 0.086545
vt 0.932011 0.078055
vt 0.991402 0.047508
vt 0.985211 0.076313
vt 0.975138 0.085103
vt 0.949038 0.088493
vt 0.927544 0.080031
vt 0.935421 0.042756
vt 0.935769 0.077641
vt 0.935625 0.077624
vt 0.933122 0.033513
vt 0.934091 0.054451
vt 0.935833 0.027714
vt 0.935656 0.030317
vt 0.935254 0.057186
vt 0.927447 0.079994
vt 0.921375 0.015420
vt 0.935271 0.064411
vt 0.933476 0.068613
vt 0.939482 0.076827
vt 0.912135 0.035000
vt 0.917008 0.021303
vt 0.947320 0.003468
vt 0.926914 0.010619
vt 0.918977 0.062574
vt 0.947311 0.003713
vt 0.920762 0.033200
vt 0.919125 0.061496
vt 0.959216 0.086000
vt 0.929264 0.021479
vt 0.921970 0.068233
vt 0.926277 0.074138
vt 0.959275 0.086243
vt 0.928660 0.079989
vt 0.928558 0.080026
vt 0.920465 0.033062
vt 0.936419 0.042756
vt 0.936473 0.071322
vt 0.936483 0.064411
vt 0.936631 0.077609
vt 0.936770 0.077580
vt 0.937838 0.082959
vt 0.935077 0.054447
vt 0.936412 0.057186
vt 0.936693 0.027690
vt 0.936230 0.064425
vt 0.933645 0.030525
vt 0.934117 0.033509
vt 0.943824 0.030205
vt 0.930901 0.052128
vt 0.931547 0.081817
vt 0.938049 0.059814
vt 0.938072 0.053012
vt 0.930647 0.052127
vt 0.931037 0.077364
vt 0.938924 0.080980
vt 0.933038 0.077410
vt 0.936126 0.018958
vt 0.925961 0.028246
vt 0.922140 0.064043
vt 0.945374 0.083411
vt 0.968933 0.081501
vt 0.935976 0.027698
vt 0.939165 0.077322
vt 0.930913 0.048515
vt 0.931889 0.081803
vt 0.937517 0.072180
vt 0.929665 0.027690
vt 0.929510 0.066684
vt 0.929389 0.073614
vt 0.929865 0.082771
vt 0.939307 0.077348
vt 0.943144 0.063029
vt 0.938007 0.030208
vt 0.971978 0.030246
vt 0.971801 0.030299
vt 0.971801 0.027690
vt 0.962801 0.015308
vt 0.943095 0.059926
vt 0.988930 0.044340
vt 0.989233 0.051231
vt 0.978725 0.076980
vt 0.989211 0.037106
vt 0.990776 0.044211
vt 0.981754 0.024696
vt 0.956236 0.012204
vt 0.963410 0.013482
vt 0.970268 0.015963
vt 0.941928 0.014349
vt 0.987670 0.065536
vt 0.991052 0.044168
vt 0.963448 0.013200
vt 0.976140 0.079485
vt 0.978954 0.077218
vt 0.929136 0.073547
vt 0.929222 0.066622
vt 0.929316 0.059399
vt 0.928933 0.032638
vt 0.929082 0.038470
vt 0.970363 0.015690
vt 0.928256 0.052355
vt 0.928732 0.027776
vt 0.928907 0.027690
vt 0.934060 0.075006
vt 0.928404 0.032663
vt 0.930428 0.052107
vt 0.927398 0.032667
vt 0.932439 0.080567
vt 0.932259 0.080500
vt 0.930349 0.073549
vt 0.930555 0.059413
vt 0.970914 0.070877
vt 0.976374 0.065996
vt 0.964598 0.074600
vt 0.927017 0.052353
vt 0.978975 0.018731
vt 0.957645 0.076846
vt 0.968114 0.009082
vt 0.978755 0.018856
vt 0.985449 0.046434
vt 0.937635 0.066288
vt 0.931765 0.074449
vt 0.931846 0.030091
vt 0.931641 0.030051
vt 0.931623 0.048535
vt 0.943009 0.030320
vt 0.937170 0.052986
vt 0.937068 0.066130
vt 0.935010 0.029051
vt 0.931833 0.041914
vt 0.984315 0.032409
vt 0.926846 0.039908
vt 0.953608 0.021141
vt 0.984029 0.032685
vt 0.979104 0.028047
vt 0.924000 0.059807
vt 0.923796 0.053023
vt 0.966963 0.022234
vt 0.943787 0.004713
vt 0.930396 0.009398
vt 0.913660 0.031633
vt 0.912537 0.042194
vt 0.960486 0.073728
vt 0.966703 0.070827
vt 0.972235 0.066768
vt 0.983811 0.042614
vt 0.981877 0.029096
vt 0.978975 0.022879
vt 0.980858 0.056078
vt 0.983240 0.049541
vt 0.946871 0.076585
vt 0.953907 0.076285
vt 0.984436 0.035675
vt 0.982768 0.028833
vt 0.945416 0.038070
vt 0.945417 0.041700
vt 0.967336 0.072038
vt 0.944536 0.027829
vt 0.944117 0.031151
vt 0.944069 0.027690
vt 0.944167 0.038190
vt 0.944155 0.045313
vt 0.944548 0.052132
vt 0.944081 0.052256
vt 0.948820 0.032032
vt 0.947617 0.027723
vt 0.941093 0.044029
vt 0.944708 0.041718
vt 0.945263 0.027690
vt 0.950328 0.077049
vt 0.967836 0.009694
vt 0.932548 0.027690
vt 0.923581 0.068214
vt 0.929444 0.072573
vt 0.931390 0.027722
vt 0.928319 0.025493
vt 0.941925 0.082251
vt 0.918939 0.050693
vt 0.943996 0.027690
vt 0.924649 0.063316
vt 0.987289 0.037640
vt 0.977993 0.023494
vt 0.928841 0.085391
vt 0.928732 0.085323
vt 0.928541 0.032769
vt 0.927579 0.027717
vt 0.943465 0.027736
vt 0.926706 0.039828
vt 0.947396 0.004384
vt 0.933604 0.007713
vt 0.912863 0.045804
vt 0.945341 0.052118
vt 0.940447 0.073800
vt 0.950487 0.032691
vt 0.976694 0.029118
vt 0.976694 0.027690
vt 0.976746 0.027750
vt 0.966830 0.027690
vt 0.953121 0.032539
vt 0.978260 0.027690
vt 0.978334 0.027695
vt 0.978260 0.027906
vt 0.950633 0.029260
vt 0.952707 0.045892
vt 0.977980 0.027690
vt 0.977980 0.028252
vt 0.977899 0.028219
vt 0.950521 0.042754
vt 0.963633 0.030560
vt 0.956456 0.032510
vt 0.963715 0.028285
vt 0.949803 0.038267
vt 0.974832 0.027690
vt 0.965048 0.031225
vt 0.951483 0.040032
vt 0.954958 0.039077
vt 0.966686 0.027835
vt 0.977381 0.027690
vt 0.977381 0.028656
vt 0.977301 0.028570
vt 0.946232 0.041100
vt 0.946965 0.038795
vt 0.957928 0.032501
vt 0.947426 0.032545
vt 0.957277 0.030064
vt 0.938828 0.077316
vt 0.938425 0.030474
vt 0.945847 0.088087
vt 0.939654 0.085116
vt 0.973867 0.030204
vt 0.973745 0.030237
vt 0.973745 0.027690
vt 0.936840 0.027714
vt 0.933781 0.030531
vt 0.925697 0.069960
vt 0.984021 0.067680
vt 0.943457 0.066386
vt 0.984256 0.027272
vt 0.930299 0.076761
vt 0.927222 0.035602
vt 0.932186 0.081725
s 1
f 1342/1/1 1307/2/2 35/3/3
f 1407/4/4 2/5/5 1/6/6
f 1343/7/7 3/8/8 1308/9/9
f 1344/10/7 4/11/10 1309/12/11
f 1349/13/12 9/14/13 1314/15/14
f 1350/16/15 10/17/16 1315/18/17
f 1351/19/15 11/20/18 1316/21/19
f 1352/22/20 12/23/21 1317/24/22
f 112/25/23 92/26/24 103/27/25
f 114/28/26 94/29/27 104/30/28
f 157/31/29 1438/32/30 160/33/31
f 1465/34/32 192/35/33 183/36/34
f 1468/37/35 201/38/36 184/39/37
f 187/40/38 1472/41/39 197/42/40
f 188/43/41 1439/44/42 204/45/43
f 189/46/44 1474/47/45 205/48/46
f 190/49/47 1475/50/48 206/51/49
f 193/52/50 1477/53/51 208/54/52
f 1478/55/53 211/56/54 195/57/55
f 124/58/56 198/59/57 126/60/58
f 1483/61/59 1502/62/60 199/63/61
f 1484/64/62 209/65/63 200/66/64
f 1486/67/65 212/68/66 202/69/67
f 1441/70/68 214/71/69 204/72/43
f 161/73/70 127/74/71 125/75/72
f 1491/76/73 1500/77/74 206/51/49
f 1492/78/75 1501/79/76 207/80/77
f 1493/81/78 1503/82/79 208/83/52
f 1494/84/80 1505/85/81 210/86/82
f 1495/87/83 1506/88/84 211/89/54
f 213/90/85 1497/91/86 1509/92/87
f 164/93/88 127/74/71 161/73/70
f 1499/94/89 216/95/90 1447/96/91
f 1458/97/92 1447/96/91 216/95/90
f 1512/98/93 292/99/94 260/100/95
f 302/101/96 286/102/97 1518/103/98
f 1529/104/99 224/105/100 222/106/101
f 254/107/102 1531/108/103 267/109/104
f 256/110/105 1534/111/106 272/112/107
f 1537/113/108 274/114/109 258/115/110
f 302/101/96 1518/103/98 303/116/111
f 1540/117/112 269/118/113 260/100/95
f 1543/119/114 1544/120/115 1557/121/116
f 1545/122/117 1559/123/118 267/124/104
f 268/125/119 1546/126/120 1560/127/121
f 1547/128/122 1563/129/123 271/130/124
f 1551/131/125 1566/132/126 274/133/109
f 236/134/127 227/135/128 225/136/129
f 279/137/130 239/138/131 1557/121/116
f 280/139/132 241/140/133 1559/123/118
f 281/141/134 242/142/135 1560/127/121
f 282/143/136 245/144/137 1563/129/123
f 1566/132/126 1567/145/138 250/146/139
f 237/147/140 252/148/141 227/135/128
f 334/149/142 318/150/143 1583/151/144
f 1571/152/145 320/153/146 1618/154/147
f 1573/155/148 322/156/149 340/157/150
f 1574/158/151 323/159/152 341/160/153
f 331/161/154 347/162/155 1580/163/156
f 334/149/142 1583/151/144 335/164/157
f 368/165/158 306/166/159 333/167/160
f 335/164/157 1583/151/144 1585/168/161
f 1619/169/162 1625/170/163 1618/154/147
f 340/157/150 1620/171/164 359/172/165
f 1621/173/166 351/174/167 341/160/153
f 347/162/155 1624/175/168 362/176/169
f 350/177/170 1626/178/171 1641/179/172
f 352/180/173 1627/181/174 1643/182/175
f 369/183/176 308/184/177 368/165/158
f 307/185/178 358/186/179 1594/187/180
f 1633/188/181 1598/189/182 359/190/165
f 362/191/169 1639/192/183 1607/193/184
f 369/194/176 1609/195/185 308/196/177
f 336/197/186 1588/198/187 1595/199/188
f 363/200/189 1597/201/190 1641/179/172
f 364/202/191 1600/203/192 1643/182/175
f 370/204/193 1609/195/185 369/194/176
f 400/205/194 385/206/195 1661/207/196
f 1654/208/197 394/209/198 426/210/199
f 1657/211/200 397/212/201 429/213/202
f 400/205/194 1661/207/196 450/214/203
f 419/215/204 1677/216/205 1689/217/206
f 1680/218/207 435/219/208 421/220/209
f 422/221/210 1681/222/211 436/223/212
f 450/224/203 1661/225/196 1663/226/213
f 1687/227/214 442/228/215 426/229/199
f 1688/230/216 439/231/217 429/213/202
f 1693/232/218 1710/233/219 435/234/208
f 1696/235/220 1713/236/221 438/237/222
f 1698/238/223 1715/239/224 440/240/225
f 1704/241/226 412/242/227 442/228/215
f 1705/243/228 414/244/229 443/245/230
f 1666/246/231 417/247/232 444/248/233
f 1710/233/219 447/249/234 409/250/235
f 448/251/236 413/252/237 1713/236/221
f 1715/239/224 1716/253/238 416/254/239
f 1168/255/240 1169/256/240 1012/257/240
f 1877/258/241 1722/259/242 1869/260/243
f 1717/261/244 1720/262/245 484/263/246
f 1723/264/247 501/265/248 475/266/249
f 478/267/250 1726/268/251 504/269/252
f 479/270/253 1727/271/254 505/272/255
f 1728/273/256 506/274/257 480/275/258
f 1669/276/259 485/277/260 483/278/261
f 1717/261/244 484/263/246 1672/279/262
f 1868/280/263 1863/281/264 1861/282/265
f 497/283/266 1872/284/267 513/285/268
f 1873/286/269 514/287/270 498/288/271
f 1874/289/272 515/290/273 499/291/274
f 1862/292/275 516/293/276 500/294/277
f 1671/295/278 485/277/260 1669/276/259
f 1672/279/262 484/263/246 486/296/279
f 501/297/248 1878/298/280 517/299/281
f 1879/300/282 511/301/283 504/269/252
f 505/272/255 1880/302/284 512/303/285
f 506/274/257 1881/304/286 519/305/287
f 1671/295/278 487/306/288 485/277/260
f 1672/307/262 486/308/279 1673/309/289
f 509/310/290 1866/311/291 1863/312/264
f 1887/313/292 1904/314/293 514/315/270
f 1718/316/294 487/317/288 1671/318/278
f 1673/309/289 486/308/279 488/319/295
f 1892/320/296 1821/321/297 517/299/281
f 519/322/287 1896/323/298 1826/324/299
f 1718/316/294 471/325/300 487/317/288
f 522/326/301 1819/327/302 1866/311/291
f 1904/314/293 524/328/303 1828/329/304
f 1719/330/305 471/325/300 1718/316/294
f 1845/331/306 1922/332/307 527/333/308
f 529/334/309 1842/335/310 558/336/311
f 533/337/237 1837/338/229 562/339/312
f 536/340/313 1833/341/314 565/342/315
f 1916/343/316 568/344/317 554/345/318
f 1922/332/307 1923/346/319 1935/347/320
f 558/336/311 1924/348/321 569/349/322
f 562/339/312 1926/350/323 577/351/324
f 565/342/315 1909/352/325 574/353/326
f 570/354/327 1931/355/328 1948/356/329
f 1932/357/330 1950/358/331 572/359/332
f 1936/360/333 1817/361/334 1935/362/320
f 1940/363/335 1813/364/336 576/365/337
f 1942/366/338 1809/367/339 577/368/324
f 578/369/340 1944/370/341 1807/371/342
f 1593/372/343 542/373/344 1592/374/345
f 580/375/346 1812/376/347 1948/356/329
f 581/377/348 1810/378/349 1950/379/331
f 1953/380/350 1804/381/351 1955/382/352
f 586/383/353 1798/384/354 617/385/355
f 1796/386/356 618/387/357 587/388/358
f 590/389/359 1793/390/360 621/391/361
f 1792/392/362 622/393/363 591/394/364
f 1524/395/365 595/396/366 593/397/367
f 610/398/368 1960/399/369 1972/400/370
f 611/401/371 1962/402/372 625/403/373
f 612/404/374 1965/405/375 627/406/376
f 613/407/377 1956/408/378 1955/382/352
f 1968/409/379 626/410/380 617/385/355
f 1969/411/381 628/412/382 618/413/357
f 621/391/361 1970/414/383 635/415/384
f 622/393/363 1971/416/385 630/417/386
f 1568/418/387 597/419/388 595/396/366
f 1527/420/389 596/421/390 598/422/391
f 1973/423/392 1989/424/393 1972/425/370
f 1975/426/394 1991/427/395 625/428/373
f 1978/429/396 1993/430/397 627/431/376
f 1982/432/398 1753/433/399 632/434/400
f 1983/435/401 1754/436/402 633/437/403
f 1987/438/404 1760/439/405 635/440/384
f 1989/424/393 637/441/406 1750/442/407
f 638/443/408 1752/444/409 1991/427/395
f 639/445/410 1756/446/411 1993/430/397
f 1453/447/412 655/448/413 657/449/414
f 2010/450/415 2000/451/416 1998/452/417
f 2012/453/418 682/454/419 676/455/420
f 677/456/421 2014/457/422 693/458/423
f 680/459/424 2022/460/425 699/461/426
f 1453/447/412 657/449/414 1454/462/427
f 2023/463/428 2024/464/429 2042/465/430
f 2028/466/431 696/467/432 685/468/433
f 2034/469/434 702/470/435 693/471/423
f 695/472/436 2036/473/437 2053/474/438
f 697/475/439 2038/476/440 2056/477/441
f 2041/478/442 706/479/443 699/480/426
f 700/481/444 2005/482/445 2003/483/446
f 2043/484/447 2048/485/448 2042/486/430
f 2045/487/449 2052/488/450 703/489/451
f 2049/490/452 708/491/453 2008/492/454
f 1858/493/92 2009/494/455 674/495/456
f 459/496/457 732/497/458 1357/498/459
f 1747/499/460 2076/500/461 2075/501/462
f 1746/502/460 2077/503/463 733/504/464
f 1745/505/465 2078/506/466 734/507/467
f 1742/508/468 2083/509/469 739/510/470
f 1741/511/468 2084/512/471 740/513/472
f 1740/514/468 2085/515/473 741/516/474
f 1739/517/475 2086/518/476 742/519/477
f 803/520/478 805/521/479 1143/522/480
f 819/523/481 941/524/482 821/525/483
f 834/526/484 835/527/485 1187/528/486
f 849/529/487 846/530/488 850/531/489
f 861/532/490 1218/533/491 1227/534/492
f 862/535/493 859/536/494 863/537/495
f 860/538/496 864/539/497 863/537/495
f 868/540/498 865/541/499 867/542/500
f 870/543/501 1179/544/502 1189/545/503
f 1187/528/486 835/527/485 866/546/504
f 821/525/483 941/524/482 872/547/505
f 1038/548/506 878/549/507 879/550/508
f 886/551/509 944/552/510 885/553/511
f 978/554/512 893/555/513 890/556/514
f 895/557/515 891/558/516 892/559/517
f 1164/560/518 900/561/519 898/562/520
f 1143/522/480 805/521/479 905/563/521
f 793/564/522 912/565/523 913/566/524
f 920/567/525 1069/568/526 919/569/527
f 891/570/516 932/571/528 892/572/517
f 891/570/516 933/573/529 934/574/530
f 934/574/530 927/575/531 932/571/528
f 934/574/530 928/576/532 927/575/531
f 930/577/533 923/578/534 924/579/535
f 932/580/528 924/579/535 923/578/534
f 943/581/536 929/582/537 946/583/538
f 951/584/539 928/576/532 949/585/540
f 818/586/541 823/587/542 824/588/543
f 816/589/544 822/590/545 823/587/542
f 814/591/546 930/577/533 822/590/545
f 824/588/543 823/587/542 935/592/547
f 823/587/542 822/590/545 939/593/548
f 942/594/549 935/595/547 936/596/550
f 939/597/548 936/596/550 935/595/547
f 924/598/535 937/599/551 822/600/545
f 937/599/551 940/601/552 939/597/548
f 931/602/553 937/599/551 924/598/535
f 936/596/550 940/601/552 938/603/554
f 883/604/555 946/583/538 882/605/556
f 884/606/557 947/607/558 883/608/555
f 947/609/558 948/610/559 946/611/538
f 948/610/559 949/585/540 943/612/536
f 959/613/560 961/614/561 958/615/562
f 961/614/561 954/616/563 957/617/564
f 958/618/562 953/619/565 952/620/566
f 962/621/567 951/584/539 963/622/568
f 977/623/569 962/621/567 964/624/570
f 962/621/567 963/622/568 964/624/570
f 950/625/571 963/622/568 951/584/539
f 964/624/570 965/626/572 966/627/573
f 945/628/574 967/629/575 965/630/572
f 966/631/573 967/629/575 968/632/576
f 972/633/577 969/634/578 953/635/565
f 969/634/578 952/636/566 953/635/565
f 970/637/579 952/620/566 969/638/578
f 878/549/507 973/639/580 879/550/508
f 880/640/581 974/641/582 878/549/507
f 880/640/581 969/642/578 974/641/582
f 976/643/583 977/623/569 975/644/584
f 985/645/585 979/646/586 889/647/587
f 895/557/515 896/648/588 988/649/589
f 987/650/590 988/651/589 990/652/591
f 990/652/591 991/653/592 986/654/593
f 990/652/591 992/655/594 982/656/595
f 992/655/594 983/657/595 982/656/595
f 989/658/596 984/659/597 979/660/586
f 813/661/598 980/662/599 896/648/588
f 813/661/598 812/663/600 993/664/601
f 817/665/602 819/523/481 999/666/603
f 813/661/598 993/664/601 980/662/599
f 999/667/603 994/668/604 1001/669/605
f 1000/670/606 995/671/595 993/672/601
f 981/673/607 995/671/595 983/657/595
f 996/674/606 997/675/595 1001/669/605
f 1003/676/608 979/660/586 984/659/597
f 1004/677/609 1003/676/608 984/659/597
f 821/678/483 872/679/505 1006/680/610
f 1014/681/611 1006/682/610 872/683/505
f 873/684/612 811/685/613 1017/686/614
f 1016/687/615 1017/688/614 1019/689/616
f 1019/689/616 1020/690/617 1015/691/618
f 1018/692/619 1010/693/620 1008/694/621
f 1019/689/616 1021/695/622 1012/257/240
f 1021/695/622 1013/696/240 1012/257/240
f 1018/692/619 1008/694/621 1006/697/610
f 887/698/623 1028/699/624 1027/700/625
f 1029/701/626 1030/702/627 1026/703/628
f 1030/702/627 1024/704/4 1023/705/629
f 1024/704/4 1030/702/627 1025/706/4
f 452/707/7 1013/696/240 1044/708/630
f 464/709/4 463/710/4 1031/711/631
f 464/709/4 1039/712/632 1032/713/633
f 1031/711/631 1039/712/632 464/709/4
f 1041/714/634 1031/711/631 463/710/4
f 1033/715/635 1040/716/636 1039/712/632
f 1037/717/637 1033/715/635 1041/714/634
f 1022/718/638 1034/719/639 886/551/509
f 1037/720/637 1035/721/640 1033/722/635
f 1035/721/640 1036/723/641 1040/724/636
f 1045/725/642 1043/726/643 877/727/644
f 1047/728/645 1044/708/630 1043/729/643
f 1048/730/646 1041/714/634 1049/731/647
f 912/565/523 1054/732/648 913/566/524
f 914/733/649 1055/734/650 912/735/523
f 914/733/649 1052/736/651 1055/734/650
f 1055/737/650 1056/738/652 1054/739/648
f 1052/740/651 1053/741/653 1057/742/654
f 1057/742/654 1058/743/655 1056/738/652
f 1056/738/652 1051/744/656 1050/745/657
f 1073/746/658 1051/744/656 1058/743/655
f 1061/747/659 1062/748/660 1063/749/661
f 1063/749/661 1064/750/662 1065/751/663
f 1068/752/664 1066/753/665 1064/750/662
f 1066/754/665 1067/755/666 1065/756/663
f 1077/757/667 1079/758/668 1076/759/669
f 1079/758/668 1072/760/670 1074/761/671
f 1076/762/669 1060/763/672 794/764/673
f 1076/759/669 1059/765/674 1060/766/672
f 917/767/675 1081/768/676 916/769/677
f 918/770/678 1082/771/679 917/767/675
f 1084/772/680 1080/773/681 1083/774/682
f 802/775/683 807/776/684 808/777/685
f 800/778/686 806/779/687 807/780/684
f 798/781/688 797/782/689 806/779/687
f 807/783/684 806/784/687 1089/785/690
f 1095/786/691 1086/787/692 806/784/687
f 1086/787/692 1090/788/693 1089/785/690
f 1091/789/694 1086/787/692 1095/786/691
f 1072/760/670 1087/790/695 1074/761/671
f 1093/791/696 1081/792/676 1083/774/682
f 1100/793/697 1101/794/698 1102/795/699
f 1102/795/699 1091/789/694 1099/796/700
f 1102/795/699 1097/797/701 1091/789/694
f 797/782/689 1094/798/702 1095/799/691
f 1099/800/700 1095/799/691 1094/798/702
f 1107/801/703 1104/802/704 911/803/705
f 1109/804/706 1105/805/707 1104/806/704
f 1110/807/708 1112/808/709 1111/809/710
f 1125/810/711 462/811/4 1114/812/712
f 1124/813/713 1114/812/712 1116/814/714
f 1114/812/712 1121/815/715 1116/814/714
f 1124/813/713 1116/814/714 1123/816/716
f 1116/814/714 1122/817/717 1118/818/718
f 1123/819/716 1118/820/718 920/567/525
f 457/821/4 1142/822/4 1105/805/707
f 1139/823/719 1105/805/707 1142/822/4
f 922/824/720 1128/825/721 919/826/527
f 921/827/722 1130/828/723 1129/829/724
f 1131/830/725 1125/810/711 1124/813/713
f 1125/810/711 1131/830/725 1126/831/4
f 1143/522/480 905/563/521 1136/832/726
f 1144/833/727 1136/832/726 905/563/521
f 907/834/728 906/835/729 1147/836/730
f 1146/837/731 1147/838/730 1149/839/732
f 1149/839/732 1150/840/4 1145/841/733
f 1148/842/734 1140/843/4 1138/844/735
f 1149/839/732 1151/845/736 1141/846/4
f 1151/845/736 1142/822/4 1141/846/4
f 1148/842/734 1138/844/735 1136/847/726
f 1152/848/737 1133/849/738 1127/850/739
f 801/851/740 1159/852/741 799/853/742
f 796/854/743 1159/852/741 1155/855/744
f 801/856/740 1154/857/745 1160/858/746
f 1160/859/746 1161/860/747 1159/861/741
f 1136/847/726 1156/862/748 1154/863/745
f 1155/864/744 1161/860/747 1157/865/240
f 1156/862/748 1162/866/749 1160/859/746
f 1138/844/735 1156/862/748 1136/847/726
f 1167/867/750 1157/865/240 1170/868/240
f 1161/860/747 1162/866/749 1158/869/240
f 1171/870/751 1165/871/752 897/872/753
f 902/873/754 903/874/755 1174/875/756
f 1173/876/757 1174/877/756 1176/878/758
f 1176/878/758 1177/879/759 1172/880/760
f 1176/878/758 1178/881/761 1169/256/240
f 1178/881/761 1170/868/240 1169/256/240
f 1175/882/762 1152/848/737 1165/883/752
f 1163/884/763 1166/885/764 903/874/755
f 1180/886/765 1190/887/766 1179/888/502
f 868/540/498 1192/889/767 1191/890/768
f 867/542/500 826/891/769 1192/889/767
f 1191/892/768 1192/893/767 1193/894/770
f 1193/894/770 1194/895/771 1190/896/766
f 1193/894/770 1195/897/772 1185/898/620
f 1195/897/772 1186/899/620 1185/898/620
f 1188/900/773 866/901/504 1182/902/774
f 1184/903/620 453/904/620 1182/902/774
f 1209/905/775 454/906/7 1186/899/620
f 832/907/776 834/526/484 1203/908/777
f 1202/909/778 1196/910/779 837/911/780
f 1203/912/777 1197/913/781 1205/914/782
f 1205/914/782 1198/915/592 1201/916/620
f 1211/917/783 1208/918/784 845/919/785
f 1213/920/786 1209/905/775 1208/918/784
f 1214/921/787 1216/922/788 1215/923/789
f 1227/534/492 1219/924/790 857/925/791
f 863/537/495 864/539/497 1230/926/792
f 1229/927/793 1230/928/792 1232/929/794
f 1232/929/794 1233/930/795 1228/931/796
f 1231/932/797 1222/933/7 1226/934/798
f 1232/929/794 1234/935/799 1224/936/620
f 1234/935/799 1225/937/620 1224/936/620
f 1231/932/797 1226/934/798 1219/938/790
f 1206/939/800 1220/940/801 864/539/497
f 460/941/4 1217/942/4 1235/943/802
f 460/941/4 1242/944/803 1236/945/804
f 460/941/4 1235/943/802 1242/944/803
f 1216/922/788 1235/943/802 1217/942/4
f 1216/922/788 1237/946/805 1235/943/802
f 1237/946/805 1243/947/806 1242/944/803
f 1210/948/807 1237/946/805 1216/922/788
f 1245/949/808 1219/938/790 1226/934/798
f 1246/950/809 1245/949/808 1226/934/798
f 1247/951/810 1251/952/811 854/953/812
f 856/954/813 1253/955/814 1252/956/815
f 1255/957/816 1246/950/809 1256/958/817
f 1254/959/818 1250/960/819 1249/961/820
f 1256/958/817 1250/960/819 1254/959/818
f 1265/962/821 1267/963/822 1264/964/823
f 1267/963/822 1259/965/824 1262/966/825
f 1264/967/823 1258/968/826 1257/969/827
f 831/970/828 838/971/829 839/972/830
f 829/973/831 836/974/832 838/971/829
f 828/975/833 827/976/834 836/974/832
f 1273/977/835 1270/978/836 1268/979/837
f 1259/965/824 1270/978/836 1262/966/825
f 1273/977/835 1271/980/838 1272/981/839
f 1261/982/840 1288/983/841 1276/984/842
f 1276/984/842 1260/985/843 1261/982/840
f 858/986/844 1284/987/845 859/536/494
f 1284/988/845 1285/989/846 1286/990/847
f 1286/990/847 1274/991/848 1283/992/849
f 1286/990/847 1280/993/850 1274/991/848
f 827/994/834 860/538/496 1278/995/851
f 1283/996/849 1278/995/851 860/538/496
f 846/530/488 1289/997/852 847/998/853
f 848/999/854 1290/1000/855 846/530/488
f 848/1001/854 1291/1002/856 1290/1003/855
f 848/1004/854 1275/1005/857 1291/1006/856
f 1290/1003/855 1292/1007/858 1289/1008/852
f 1291/1002/856 1276/984/842 1292/1007/858
f 1292/1007/858 1288/983/841 1287/1009/859
f 1302/1010/860 1304/1011/861 1282/1012/862
f 843/1013/863 1281/1014/864 1306/1015/865
f 1288/983/841 844/1016/866 1293/1017/867
f 1287/1009/859 1293/1017/867 1295/1018/868
f 1293/1017/867 1294/1019/869 1295/1018/868
f 1287/1009/859 1295/1018/868 1289/1008/852
f 1296/1020/870 1297/1021/871 1295/1018/868
f 1289/997/852 1297/1022/871 847/998/853
f 852/1023/872 1302/1024/860 851/1025/873
f 853/1026/874 1303/1027/875 852/1023/872
f 1305/1028/876 1306/1015/865 1304/1011/861
f 92/26/24 76/1029/877 111/1030/878
f 94/29/27 78/1031/879 113/1032/880
f 1463/1033/881 191/1034/882 1475/1035/48
f 1466/1036/883 194/1037/884 1477/53/51
f 196/1038/885 1479/1039/886 1470/1040/887
f 158/1041/888 1453/447/412 159/1042/889
f 1467/1043/890 201/38/36 1484/1044/62
f 1472/41/39 204/45/43 1488/1045/891
f 1481/1046/892 205/48/46 1489/1047/893
f 206/51/49 1490/1048/894 1474/47/45
f 207/80/77 1491/76/73 1475/50/48
f 1485/1049/895 211/89/54 1494/84/80
f 213/90/85 1496/1050/896 1487/1051/897
f 163/1052/898 1455/1053/899 162/1054/900
f 1442/1055/901 126/60/58 1443/1056/902
f 1498/1057/903 215/1058/904 198/59/57
f 1486/67/65 1508/1059/905 219/1060/906
f 1441/70/68 127/74/71 1444/1061/907
f 1456/1062/908 164/93/88 161/73/70
f 216/95/90 169/1063/909 1458/97/92
f 135/1064/910 174/1065/911 1459/1066/92
f 1524/395/365 301/1067/912 302/101/96
f 288/1068/913 253/1069/914 1530/1070/915
f 294/1071/916 256/110/105 1533/1072/917
f 297/1073/918 257/1074/919 1536/1075/920
f 300/1076/921 223/1077/922 1517/1078/923
f 293/1079/924 261/1080/925 1541/1081/926
f 1568/418/387 302/101/96 303/116/111
f 266/1082/927 1544/120/115 1530/1083/915
f 1533/1072/917 272/112/107 1547/1084/122
f 1536/1075/920 273/1085/928 1550/1086/929
f 225/1087/129 1519/1088/930 1517/1078/923
f 1548/1089/931 277/1090/932 1555/1091/933
f 1569/1092/934 303/1093/111 1748/1094/935
f 1558/1095/936 279/137/130 1544/120/115
f 1545/122/117 1560/127/121 280/139/132
f 1561/1096/937 281/141/134 1546/126/120
f 1547/128/122 1564/1097/938 282/143/136
f 1565/1098/939 284/1099/940 1550/1100/929
f 285/1101/941 1567/145/138 1551/131/125
f 247/1102/942 232/1103/943 1555/1091/933
f 327/1104/944 337/1105/945 1616/1106/946
f 335/164/157 1591/1107/947 334/149/142
f 320/153/146 339/1108/948 1619/169/162
f 341/160/153 1620/171/164 322/156/149
f 323/159/152 342/1109/949 1621/173/166
f 329/1110/950 346/1111/951 1623/1112/952
f 331/161/154 348/1113/953 1624/175/168
f 355/1114/954 1630/1115/955 1616/1106/946
f 336/197/186 1592/374/345 335/1116/157
f 361/1117/956 1638/1118/957 1623/1112/952
f 1586/1119/958 308/196/177 1587/1120/959
f 1644/1121/960 365/1122/961 1628/1123/962
f 1595/199/188 1593/372/343 336/197/186
f 1606/1124/963 316/1125/964 1638/1126/957
f 1609/195/185 1589/1127/965 1587/1120/959
f 386/1128/966 419/215/204 1676/1129/967
f 420/1130/968 1677/216/205 387/1131/969
f 390/1132/970 421/220/209 1679/1133/971
f 391/1134/972 422/221/210 1680/218/207
f 1670/1135/973 1717/261/244 449/1136/974
f 388/1137/975 423/1138/976 1686/1139/977
f 394/209/198 427/1140/978 1687/1141/214
f 430/1142/979 1688/230/216 397/212/201
f 1689/217/206 432/1143/980 1676/1129/967
f 433/1144/981 1690/1145/982 1677/216/205
f 1679/1133/971 435/219/208 1692/1146/983
f 1680/218/207 436/223/212 1693/1147/218
f 1672/279/262 401/1148/984 449/1136/974
f 375/1149/985 1665/1150/986 1663/226/213
f 441/1151/987 1700/1152/988 1686/1153/977
f 1695/1154/989 442/228/215 1703/1155/990
f 1707/1156/991 445/1157/992 432/1158/980
f 1709/1159/993 446/1160/994 1691/1161/995
f 1711/1162/996 447/249/234 1693/232/218
f 404/1163/997 1667/1164/998 1665/1150/986
f 1700/1152/988 407/1165/999 378/1166/1000
f 1703/1155/990 412/242/227 381/1167/1001
f 1861/282/265 484/263/246 1720/262/245
f 498/288/271 1872/284/267 1729/1168/1002
f 1730/1169/1003 499/291/274 1873/1170/269
f 1733/1171/1004 500/294/277 1876/1172/1005
f 1723/264/247 502/1173/1006 1878/1174/280
f 505/272/255 1879/300/282 1726/268/251
f 506/274/257 1880/302/284 1727/271/254
f 484/263/246 1863/281/264 486/296/279
f 1872/284/267 514/287/270 1886/1175/1007
f 1873/1176/269 515/1177/273 1887/313/292
f 1876/1172/1005 516/293/276 1890/1178/1008
f 1883/1179/1009 517/299/281 1891/1180/1010
f 1878/298/280 518/1181/1011 1892/320/296
f 1880/1182/284 519/322/287 1895/1183/1012
f 520/1184/1013 1898/1185/1014 1888/1186/1015
f 1864/1187/1016 487/317/288 1865/1188/1017
f 1866/311/291 488/319/295 486/308/279
f 509/310/290 1899/1189/1018 522/326/301
f 1900/1190/1019 523/1191/1020 1884/1192/1021
f 1905/1193/1022 524/328/303 1887/313/292
f 526/1194/1023 1906/1195/1024 1890/1196/1008
f 1821/321/297 489/1197/1025 1891/1180/1010
f 1822/1198/1020 490/1199/151 1892/320/296
f 1826/324/299 493/1200/1026 1895/1183/1012
f 1830/1201/1027 496/1202/1028 1898/1185/1014
f 1865/1188/1017 471/325/300 1867/1203/1029
f 1844/1204/1030 554/345/318 1915/1205/1031
f 1840/1206/1032 555/1207/1033 1918/1208/1034
f 472/1209/1035 1908/1210/1036 538/1211/1037
f 1845/331/306 557/1212/1038 1923/346/319
f 1842/335/310 559/1213/1039 1924/348/321
f 1839/1214/1040 561/1215/1041 1925/1216/1042
f 1836/1217/1043 563/1218/1044 1927/1219/1045
f 539/1220/1046 1909/352/325 1833/341/314
f 1915/1205/1031 568/344/317 1928/1221/1047
f 1918/1208/1034 571/1222/1048 1931/1223/328
f 566/1224/1049 1935/362/320 575/1225/1050
f 576/365/337 1939/1226/1051 1924/1227/321
f 1927/1228/1045 578/369/340 1943/1229/1052
f 579/1230/1053 1944/370/341 1933/1231/1054
f 1949/1232/1055 580/375/346 1931/355/328
f 1934/1233/1056 582/1234/1057 1952/1235/1058
f 1817/361/334 544/1236/1059 575/1225/1050
f 1813/364/336 548/1237/1060 1939/1226/1051
f 1807/371/342 552/1238/1061 1943/1229/1052
f 1806/1239/1062 553/1240/1063 1944/370/341
f 611/401/371 1961/1241/1064 1802/1242/1065
f 1796/386/356 619/1243/1066 1969/1244/381
f 622/393/363 1970/414/383 1793/390/360
f 623/1245/1067 1971/416/385 1792/392/362
f 625/403/373 1974/1246/1068 1961/1241/1064
f 1976/1247/1069 633/437/403 1982/432/398
f 634/1248/1070 1985/1249/1071 1969/411/381
f 1980/1250/1072 635/440/384 1986/1251/1073
f 636/1252/1074 1988/1253/1075 1971/1254/385
f 1990/1255/1076 637/441/406 1973/423/392
f 1994/1256/1077 639/445/410 1978/429/396
f 1995/1257/1078 640/1258/1079 1979/1259/1080
f 599/1260/1081 1959/1261/1082 1957/1262/1083
f 1982/432/398 1754/436/402 603/1263/1084
f 1758/1264/1085 606/1265/1086 1985/1249/1071
f 1760/439/405 607/1266/1087 1986/1251/1073
f 1762/1267/1088 609/1268/1089 1988/1253/1075
f 685/468/433 2027/1269/1090 2016/1270/1091
f 2017/1271/1092 686/1272/1093 2028/466/431
f 2018/1273/1094 687/1274/1095 2029/1275/1096
f 689/1276/1097 2031/1277/1098 2020/1278/1099
f 693/471/423 2033/1279/1100 2025/1280/1101
f 2026/1281/1102 695/472/436 2035/1282/1103
f 699/461/426 2040/1283/1104 2021/1284/1105
f 657/1285/414 2003/483/446 660/1286/1106
f 691/1287/1107 2042/486/430 700/481/444
f 701/1288/1108 2043/484/447 2024/1289/429
f 704/1290/1109 2046/1291/1110 2028/1292/431
f 2050/1293/1111 708/491/453 2032/1294/1112
f 2054/1295/1113 710/1296/1114 2036/473/437
f 2037/1297/1115 2056/477/441 712/1298/1116
f 2058/1299/1117 714/1300/1118 2039/1301/1119
f 2004/1302/1120 662/1303/1121 2006/1304/1122
f 1850/1305/1123 1849/1306/1124 708/491/453
f 674/495/456 1859/1307/1125 1858/493/92
f 1345/1308/4 5/1309/1126 1310/1310/1127
f 1346/1311/711 6/1312/1128 1311/1313/1129
f 1347/1314/711 7/1315/1130 1312/1316/1131
f 1348/1317/1132 8/1318/1133 1313/1319/1134
f 1353/1320/592 13/1321/1135 1318/1322/1136
f 1354/1323/592 14/1324/1137 1319/1325/1138
f 1355/1326/606 15/1327/1139 1320/1328/1140
f 1356/1329/606 37/1330/1141 1321/1331/1142
f 16/1332/1143 2/5/5 1381/1333/1144
f 44/1334/1145 3/8/8 1382/1335/1146
f 45/1336/1147 4/11/10 1383/1337/1148
f 1384/1338/1149 1310/1310/1127 5/1309/1126
f 1385/1339/1150 1311/1313/1129 6/1312/1128
f 48/1340/1151 7/1315/1130 1386/1341/1152
f 1387/1342/1153 1313/1319/1134 8/1318/1133
f 50/1343/1154 9/14/13 1388/1344/1155
f 1389/1345/1156 1315/18/17 10/17/16
f 52/1346/1157 11/20/18 1390/1347/1158
f 53/1348/1159 12/23/21 1391/1349/1160
f 54/1350/1161 13/1321/1135 1392/1351/1162
f 1393/1352/1163 1319/1325/1138 14/1324/1137
f 56/1353/1164 15/1327/1139 1323/1354/1165
f 17/1355/1166 37/1330/1141 39/1356/1167
f 40/1357/1168 1322/1358/1169 1324/1359/1170
f 18/1360/1171 1381/1333/1144 57/1361/1172
f 58/1362/1173 44/1334/1145 1382/1335/1146
f 45/1336/1147 59/1363/1174 1395/1364/1175
f 1396/1365/1176 1384/1338/1149 60/1366/1177
f 61/1367/1178 47/1368/1179 1385/1339/1150
f 48/1340/1151 62/1369/1180 1398/1370/1181
f 1399/1371/1182 1387/1342/1153 63/1372/1183
f 1400/1373/1184 1388/1344/1155 64/1374/1185
f 65/1375/1186 51/1376/1187 1389/1345/1156
f 66/1377/1188 52/1346/1157 1390/1347/1158
f 67/1378/1189 53/1348/1159 1391/1349/1160
f 68/1379/1190 54/1350/1161 1392/1351/1162
f 1405/1380/1191 1393/1352/1163 1406/1381/1192
f 56/1353/1164 1325/1382/1193 69/1383/1194
f 19/1384/1195 39/1356/1167 41/1385/1196
f 1324/1359/1170 42/1386/1197 40/1357/1168
f 22/1387/1198 18/1360/1171 57/1361/1172
f 1328/1388/1199 58/1362/1173 23/1389/1200
f 24/1390/1201 1395/1364/1175 59/1363/1174
f 25/1391/1202 1396/1365/1176 60/1366/1177
f 26/1392/1203 1397/1393/1204 61/1367/1178
f 27/1394/1205 1398/1370/1181 62/1369/1180
f 28/1395/1206 1399/1371/1182 63/1372/1183
f 29/1396/1207 1400/1373/1184 64/1374/1185
f 1335/1397/1208 65/1375/1186 30/1398/1209
f 1336/1399/1210 66/1377/1188 31/1400/1211
f 32/1401/1212 1403/1402/1213 67/1378/1189
f 33/1403/1214 1404/1404/1215 68/1379/1190
f 1340/1405/1216 1405/1380/1191 1406/1381/1192
f 1327/1406/1217 69/1383/1194 1325/1382/1193
f 19/1384/1195 43/1407/1218 21/1408/1219
f 1326/1409/1220 1411/1410/1221 42/1411/1197
f 22/1412/1198 2061/1413/1222 20/1414/1223
f 1328/1415/1199 1367/1416/1224 2063/1417/1225
f 24/1418/1201 2064/1419/1226 1329/1420/1227
f 1330/1421/1228 1369/1422/1229 2065/1423/1230
f 1331/1424/1231 1370/1425/1232 2066/1426/1233
f 27/1394/1205 2067/1427/1234 1332/1428/1235
f 1333/1429/1236 1372/1430/1237 2068/1431/1238
f 1334/1432/1239 1373/1433/1240 2069/1434/1241
f 30/1435/1209 2070/1436/1242 1335/1437/1208
f 31/1438/1211 2071/1439/1243 1336/1440/1210
f 1337/1441/1244 1376/1442/1245 2072/1443/1246
f 33/1403/1214 2073/1444/1247 1338/1445/1248
f 1340/1405/1216 2074/1446/1249 1339/1447/1250
f 1327/1406/1217 731/1448/1251 34/1449/1252
f 43/1450/1218 716/1451/1253 21/1452/1219
f 1408/1453/1254 84/1454/1255 106/1455/1256
f 70/1456/1257 72/1457/1258 86/1458/1259
f 1413/1459/1260 73/1460/1261 88/1461/1262
f 1414/1462/1263 74/1463/1264 89/1464/1265
f 90/1465/1266 110/1466/1267 75/1467/1268
f 1416/1468/1269 76/1029/877 91/1469/1270
f 93/1470/1271 113/1032/880 78/1031/879
f 92/26/24 112/25/23 77/1471/1272
f 95/1472/1273 115/1473/1274 80/1474/1275
f 94/29/27 114/28/26 79/1475/1276
f 96/1476/1277 116/1477/1278 81/1478/1279
f 97/1479/1280 117/1480/1281 82/1481/1282
f 1421/1482/1283 83/1483/1284 98/1484/1285
f 1422/1485/1286 1410/1486/1287 99/1487/1288
f 105/1488/1289 1409/1489/1290 100/1490/1291
f 71/1491/1292 85/1492/1293 101/1493/1294
f 141/1494/1295 157/31/29 139/1495/1296
f 122/1496/1297 142/1497/1298 1460/1498/1299
f 1461/1499/1300 1424/1500/1301 143/1501/1302
f 181/1502/1303 144/1503/1304 1462/1504/1305
f 182/1505/1306 145/1506/1307 1463/1507/881
f 1464/1508/1308 1427/1509/1309 146/1510/1310
f 183/36/34 147/1511/1311 1465/34/32
f 193/52/50 148/1512/1312 1466/1036/883
f 194/1037/884 149/1513/1313 1467/1043/890
f 1468/37/35 1431/1514/1314 150/1515/1315
f 1432/1516/1316 1469/1517/1317 185/1518/1318
f 1433/1519/1319 1470/1040/887 186/1520/1320
f 196/1038/885 153/1521/1321 1471/1522/1322
f 187/40/38 154/1523/1323 1472/41/39
f 1436/1524/1324 1439/44/42 188/43/41
f 1437/1525/1325 158/1041/888 121/1526/1326
f 189/1527/44 1462/1504/1305 1474/1528/45
f 182/1505/1306 1475/1529/48 190/1530/47
f 195/57/55 1469/1517/1317 1478/55/53
f 191/1531/882 1464/1508/1308 1476/1532/1327
f 1466/1036/883 1477/53/51 193/52/50
f 1479/1039/886 186/1520/1320 1470/1040/887
f 123/1533/1328 158/1041/888 159/1042/889
f 198/1534/57 122/1496/1297 1460/1498/1299
f 160/33/31 1438/32/30 1440/1535/1329
f 1480/1536/1330 1461/1499/1300 1481/1537/892
f 1482/1538/1331 191/1539/882 1476/1540/1327
f 1483/1541/59 192/35/33 1465/34/32
f 1484/1044/62 194/1037/884 1467/1043/890
f 1487/1542/897 196/1038/885 1471/1522/1322
f 201/38/36 1468/37/35 1485/1543/895
f 1479/1039/886 1486/1544/65 202/1545/67
f 1488/1045/891 197/42/40 1472/41/39
f 123/1533/1328 161/1546/70 125/1547/72
f 1439/44/42 1441/1548/68 204/45/43
f 1440/1549/1329 162/1054/900 160/1550/31
f 1489/1047/893 1480/1551/1330 1481/1046/892
f 1494/84/80 201/1552/36 1485/1049/895
f 205/48/46 1474/47/45 1490/1048/894
f 1475/50/48 1491/76/73 206/51/49
f 1482/1538/1331 1492/78/75 207/80/77
f 1477/1553/51 1493/81/78 208/83/52
f 1508/1059/905 1487/1051/897 1496/1050/896
f 211/89/54 1478/1554/53 1495/87/83
f 1443/1056/902 162/1054/900 1442/1055/901
f 1488/1555/891 1497/91/86 213/90/85
f 1499/94/89 1490/1048/894 216/95/90
f 126/60/58 198/59/57 215/1058/904
f 1504/1556/1332 1484/64/62 218/1557/1333
f 1502/62/60 1483/61/59 217/1558/1334
f 219/1060/906 212/68/66 1486/67/65
f 1444/1061/907 214/71/69 1441/70/68
f 1508/1059/905 1496/1050/896 220/1559/1335
f 1443/1056/902 167/1560/1336 163/1052/898
f 166/1561/909 215/1058/904 128/1562/909
f 168/1563/909 1489/1047/893 129/1564/909
f 130/1565/909 1500/77/74 1491/76/73
f 131/1566/1337 1501/79/76 1492/78/75
f 1502/62/60 132/1567/1337 171/1568/1337
f 133/1569/1337 1503/82/79 1493/81/78
f 173/1570/1337 218/1557/1333 134/1571/1338
f 1448/1572/1339 1494/84/80 135/1064/910
f 174/1065/911 1495/87/83 136/1573/1338
f 137/1574/1338 1507/1575/1340 219/1060/906
f 176/1576/1338 220/1559/1335 138/1577/1338
f 177/1578/1341 1497/91/86 1449/1579/1338
f 178/1580/1338 1444/1061/907 1446/1581/1341
f 179/1582/1342 164/93/88 165/1583/1341
f 1530/1070/915 1510/1584/1343 288/1068/913
f 1459/1066/92 1448/1572/1339 135/1064/910
f 302/101/96 301/1067/912 286/102/97
f 287/1585/1344 1529/104/99 222/106/101
f 1532/1586/1345 1511/1587/1346 291/1588/1347
f 290/1589/1348 1531/108/103 254/107/102
f 261/1080/925 294/1071/916 1533/1072/917
f 262/1590/1349 296/1591/1350 1535/1592/1351
f 295/1593/1352 1534/111/106 256/110/105
f 1536/1075/920 1515/1594/1353 297/1073/918
f 1517/1078/923 1516/1595/1354 300/1076/921
f 258/115/110 299/1596/1355 1537/113/108
f 1539/1597/1356 253/1598/914 289/1599/1357
f 234/1600/1358 235/1601/1359 223/1077/922
f 1541/1081/926 255/1602/1360 293/1079/924
f 292/99/94 1540/117/112 260/100/95
f 273/1085/928 298/1603/1361 1542/1604/1362
f 1543/119/114 1530/1083/915 1544/120/115
f 235/1601/1359 225/1087/129 223/1077/922
f 224/105/100 1529/104/99 265/1605/1363
f 268/1606/119 1532/1586/1345 1546/1607/120
f 1531/108/103 1545/1608/117 267/109/104
f 1547/1084/122 261/1080/925 1533/1072/917
f 277/1609/932 1535/1592/1351 1549/1610/1364
f 272/112/107 1534/111/106 1548/1611/931
f 278/1612/1365 1536/1075/920 1550/1086/929
f 275/1613/1366 1517/1078/923 1519/1088/930
f 274/114/109 1537/113/108 1551/1614/125
f 226/1615/1367 265/1616/1363 276/1617/1368
f 235/1601/1359 236/1618/127 225/1087/129
f 303/1093/111 1518/1619/98 1520/1620/1369
f 1558/1095/936 1539/1621/1356 1552/1622/1370
f 1553/1623/1371 269/1624/113 1540/1625/112
f 1554/1626/1372 270/1627/1373 1541/1628/926
f 1564/1097/938 1548/1089/931 1555/1091/933
f 1556/1629/1374 273/1630/928 1542/1631/1362
f 285/1101/941 1519/1632/930 1521/1633/1375
f 283/1634/1376 277/1090/932 1549/1635/1364
f 1748/1094/935 303/1093/111 1520/1620/1369
f 1557/121/116 1544/120/115 279/137/130
f 1559/123/118 1545/122/117 280/139/132
f 1560/127/121 1546/126/120 281/141/134
f 1563/129/123 1547/128/122 282/143/136
f 248/1636/1377 1550/1100/929 284/1099/940
f 238/1637/1378 276/1617/1368 228/1638/1379
f 1566/132/126 1551/131/125 1567/145/138
f 236/134/127 237/147/140 227/135/128
f 1748/1094/935 1520/1620/1369 1522/1639/1380
f 229/1640/1381 1558/1095/936 1552/1622/1370
f 243/1641/1382 1553/1623/1371 230/1642/1383
f 244/1643/1384 1554/1626/1372 231/1644/1385
f 246/1645/1386 1555/1091/933 232/1103/943
f 249/1646/1387 1556/1629/1374 233/1647/1388
f 1523/1648/1389 285/1101/941 1521/1633/1375
f 1611/1649/1390 304/1650/1391 319/1651/1392
f 339/1108/948 321/1652/1393 1612/1653/1394
f 1613/1654/1395 1575/1655/1396 324/1656/1397
f 343/1657/1398 325/1658/1399 1614/1659/1400
f 1615/1660/1401 1577/1661/1402 326/1662/1403
f 1616/1106/946 1578/1663/1403 327/1104/944
f 1617/1664/1404 1579/1665/1405 330/1666/1406
f 348/1113/953 332/1667/1407 1584/1668/1408
f 355/1114/954 328/1669/1409 1622/1670/1410
f 333/167/160 306/166/159 1582/1671/1411
f 320/153/146 1619/169/162 1618/154/147
f 322/156/149 1620/171/164 340/157/150
f 323/159/152 1621/173/166 341/160/153
f 1623/1112/952 338/1672/1412 329/1110/950
f 349/1673/1413 305/1674/1414 1611/1649/1390
f 331/161/154 1624/175/168 347/162/155
f 339/1108/948 1626/1675/171 350/1676/170
f 352/1677/173 1613/1654/1395 1627/1678/174
f 360/1679/1415 1614/1659/1400 1628/1680/962
f 1629/1681/1416 344/1682/1417 1615/1660/1401
f 1630/1115/955 345/1683/1418 1616/1106/946
f 361/1117/956 1617/1664/1404 1631/1684/1419
f 1586/1685/958 348/1113/953 1584/1668/1408
f 1632/1686/1420 1625/170/163 1619/169/162
f 368/165/158 308/184/177 306/166/159
f 336/197/186 335/1116/157 1585/1687/161
f 349/1688/1413 358/186/179 307/185/178
f 1634/1689/1421 351/1690/167 1621/1691/166
f 359/190/165 1620/1692/164 1633/188/181
f 1644/1121/960 1629/1693/1416 1635/1694/1422
f 1636/1695/1423 354/1696/1424 1630/1697/955
f 1637/1698/1425 355/1114/954 1622/1670/1410
f 1638/1118/957 356/1699/1426 1623/1112/952
f 1587/1120/959 357/1700/1427 1586/1119/958
f 1624/1701/168 1639/192/183 362/191/169
f 1601/1702/1428 1628/1123/962 365/1122/961
f 336/197/186 1585/1687/161 1588/198/187
f 1626/178/171 363/200/189 1641/179/172
f 1643/182/175 1627/181/174 364/202/191
f 366/1703/1429 361/1704/956 1631/1705/1419
f 1596/1706/1430 1632/1707/1420 310/1708/1431
f 1594/187/180 358/186/179 309/1709/1432
f 1599/1710/1433 1634/1689/1421 312/1711/1434
f 1598/189/182 1633/188/181 311/1712/1435
f 313/1713/1436 1644/1121/960 1635/1694/1422
f 1603/1714/1437 1636/1695/1423 314/1715/1438
f 1604/1716/1439 1637/1717/1425 315/1718/1440
f 1605/1719/1441 1638/1126/957 316/1125/964
f 1608/1720/1442 1587/1120/959 1589/1127/965
f 1639/192/183 1590/1721/1443 1607/193/184
f 372/1722/1444 386/1128/966 1676/1129/967
f 1651/1723/1445 1678/1724/1446 423/1138/976
f 387/1131/969 1677/216/205 419/215/204
f 424/1725/1447 390/1132/970 1679/1133/971
f 425/1726/1448 393/1727/1449 1682/1728/1450
f 421/220/209 391/1134/972 1680/218/207
f 392/1729/1451 1681/222/211 422/221/210
f 427/1730/978 395/1731/1452 1683/1732/1453
f 1656/1733/1454 1684/1734/1455 428/1735/1456
f 1658/1736/1457 1685/1737/1458 430/1142/979
f 1659/1738/1459 1662/1739/1460 431/1740/1461
f 373/1741/1462 1670/1135/973 449/1136/974
f 433/1144/981 388/1137/975 1686/1139/977
f 372/1742/1444 432/1158/980 375/1149/985
f 394/209/198 1687/1141/214 426/210/199
f 429/213/202 397/212/201 1688/230/216
f 441/1743/987 1678/1724/1446 1691/1744/995
f 1677/216/205 1690/1145/982 1689/217/206
f 1692/1146/983 424/1725/1447 1679/1133/971
f 425/1726/1448 1695/1745/989 437/1746/1463
f 435/219/208 1680/218/207 1693/1147/218
f 436/223/212 1681/222/211 1694/1747/1464
f 438/237/222 1683/1748/1453 1696/235/220
f 443/1749/230 1684/1734/1455 1697/1750/1465
f 440/1751/225 1685/1737/1458 1698/1752/223
f 444/1753/233 1662/1739/1460 1664/1754/1466
f 374/1755/1467 449/1136/974 401/1148/984
f 1665/1150/986 450/224/203 1663/226/213
f 1707/1156/991 1690/1756/982 1699/1757/1468
f 433/1758/981 1700/1152/988 1708/1759/1469
f 434/1760/1470 1701/1761/1471 1709/1159/993
f 436/1762/212 1702/1763/1472 1711/1162/996
f 437/1764/1463 1703/1155/990 1712/1765/1473
f 1714/1766/1474 1688/1767/216 1706/1768/1475
f 1687/227/214 1704/241/226 442/228/215
f 443/245/230 1697/1769/1465 1705/243/228
f 401/1770/984 376/1771/1476 374/1772/1467
f 1664/1773/1466 1666/246/231 444/248/233
f 404/1163/997 432/1158/980 445/1157/992
f 441/1151/987 446/1160/994 407/1165/999
f 1674/1774/1477 1665/1150/986 1667/1164/998
f 1710/233/219 1693/232/218 447/249/234
f 1713/236/221 1696/235/220 448/251/236
f 1715/239/224 1698/238/223 1716/253/238
f 1707/1156/991 377/1775/1478 405/1776/1479
f 1708/1759/1469 378/1166/1000 406/1777/1480
f 1709/1159/993 379/1778/1481 408/1779/1482
f 410/1780/1483 1702/1763/1472 380/1781/1484
f 411/1782/1485 1703/1155/990 381/1167/1001
f 415/1783/1486 1706/1768/1475 384/1784/1487
f 412/242/227 1704/241/226 382/1785/237
f 414/244/229 1705/243/228 383/1786/1488
f 402/1787/1489 418/1788/1490 376/1771/1476
f 417/247/232 1666/246/231 1668/1789/1491
f 234/1600/1358 1609/195/185 370/204/193
f 1516/1595/1354 1589/1127/965 300/1076/921
f 258/115/110 1590/1721/1443 299/1596/1355
f 298/1603/1361 1606/1124/963 366/1703/1429
f 297/1073/918 1605/1719/1441 316/1125/964
f 296/1790/1350 1604/1716/1439 315/1718/1440
f 295/1593/1352 1603/1714/1437 314/1715/1438
f 1513/1791/1492 313/1713/1436 294/1071/916
f 293/1079/924 1601/1702/1428 365/1122/961
f 1512/98/93 364/202/191 292/99/94
f 1511/1587/1346 312/1711/1434 291/1588/1347
f 290/1589/1348 1598/189/182 311/1712/1435
f 253/1598/914 363/200/189 289/1599/1357
f 1510/1584/1343 310/1708/1431 288/1068/913
f 222/106/101 309/1709/1432 287/1585/1344
f 1588/198/187 301/1067/912 1595/199/188
f 1437/1525/1325 1717/261/244 156/1792/1493
f 1436/1524/1324 1861/282/265 155/1793/1494
f 1435/1794/1495 474/1795/1496 154/1523/1323
f 1434/1796/1497 475/266/249 153/1521/1321
f 1433/1519/1319 476/1797/1498 152/1798/1499
f 1432/1516/1316 477/1799/1500 151/1800/1501
f 1431/1514/1314 478/267/250 150/1515/1315
f 1430/1801/1502 479/270/253 149/1513/1313
f 1429/1802/1503 480/275/258 148/1512/1312
f 147/1511/1311 1729/1168/1002 497/283/266
f 1427/1509/1309 498/288/271 146/1510/1310
f 1426/1803/1504 499/291/274 145/1506/1307
f 144/1503/1304 1732/1804/1505 481/1805/1506
f 1424/1500/1301 482/1806/1507 143/1501/1302
f 142/1497/1298 1734/1807/1508 500/294/277
f 141/1494/1295 1669/276/259 483/278/261
f 1353/1320/592 1355/1326/606 1354/1323/592
f 1201/916/620 1198/915/592 1349/13/12
f 1356/1329/606 982/656/595 983/657/595
f 1141/846/4 1142/822/4 1222/933/7
f 78/1031/879 94/29/27 1756/446/411
f 654/1808/1509 400/205/194 140/1809/1510
f 245/144/137 1769/1810/1511 724/1811/1512
f 653/1812/1513 371/1813/1514 1777/1814/1515
f 1778/1815/1516 387/1131/969 419/215/204
f 388/1137/975 1779/1816/1517 651/1817/1518
f 650/1818/1519 1651/1723/1445 1780/1819/1520
f 390/1132/970 1781/1820/1521 649/1821/1522
f 648/1822/1523 421/220/209 1782/1823/1524
f 647/1824/1525 422/221/210 1783/1825/1526
f 646/1826/1527 1653/1827/1528 1784/1828/1529
f 645/1829/1530 1654/208/197 1785/1830/1531
f 644/1831/1532 1655/1832/1533 1786/1833/1534
f 1787/1834/1535 396/1835/1536 1656/1733/1454
f 1788/1836/1537 397/212/201 1657/211/200
f 641/1837/1538 1658/1736/1457 1789/1838/1539
f 1997/1839/1540 1659/1738/1459 1790/1840/1541
f 1660/1841/1542 1450/1842/1543 1670/1135/973
f 593/397/367 1593/372/343 1524/395/365
f 592/1843/1544 1913/1844/1545 1791/1845/1546
f 1792/392/362 1806/1239/1062 1952/1235/1058
f 590/389/359 553/1240/1063 1793/390/360
f 589/1846/1547 552/1238/1061 1794/1847/1548
f 588/1848/1549 551/1849/1550 1795/1850/1551
f 1796/386/356 1810/378/349 581/377/348
f 1797/1851/1552 1811/1852/1553 550/1853/1554
f 586/383/353 580/375/346 1798/384/354
f 585/1854/1555 549/1855/1556 1799/1856/1557
f 1800/1857/1558 1814/1858/1559 548/1237/1060
f 611/401/371 547/1859/1560 1801/1860/1561
f 583/1861/1562 546/1862/1563 1802/1242/1065
f 1803/1863/1564 1817/361/334 545/1864/1565
f 1804/381/351 1818/1865/1566 544/1866/1059
f 543/1867/1567 1525/1868/1568 1610/1869/1569
f 555/1207/1033 493/1200/1026 1826/324/299
f 325/1658/1399 410/1780/1483 380/1781/1484
f 1459/1066/92 1849/1306/1124 1858/493/92
f 1861/282/265 1721/1870/1570 1868/280/263
f 502/1173/1006 1724/1871/1571 1870/1872/1572
f 503/1873/1573 1725/1874/1574 1871/1875/1575
f 1875/1876/1576 481/1805/1506 1732/1804/1505
f 1729/1168/1002 1872/284/267 497/283/266
f 1730/1877/1003 1873/286/269 498/288/271
f 1731/1878/1577 1874/289/272 499/291/274
f 508/1879/1578 1733/1171/1004 1876/1172/1005
f 1883/1880/1009 1877/258/241 1869/260/243
f 1734/1807/1508 1862/292/275 500/294/277
f 1723/264/247 1878/1174/280 501/265/248
f 504/269/252 1726/268/251 1879/300/282
f 1727/271/254 1880/302/284 505/272/255
f 1728/273/256 1881/304/286 506/274/257
f 1863/281/264 1868/280/263 509/1881/290
f 518/1882/1011 1870/1872/1572 1884/1883/1021
f 503/1873/1573 1885/1884/1579 510/1885/1580
f 520/1184/1013 1875/1886/1576 1889/1887/1581
f 513/285/268 1872/284/267 1886/1175/1007
f 514/287/270 1873/286/269 1887/1888/292
f 515/1177/273 1874/1889/272 1888/1186/1015
f 521/1890/1582 1876/1172/1005 1890/1178/1008
f 1882/1891/1583 1891/1180/1010 1899/1189/1018
f 516/293/276 1862/292/275 1864/1892/1016
f 1900/1190/1019 1885/1893/1579 1893/1894/1584
f 517/299/281 1878/298/280 1892/320/296
f 1901/1895/1585 1879/1896/282 1894/1897/1586
f 1902/1898/1587 1880/1182/284 1895/1183/1012
f 513/1899/268 1897/1900/1588 1903/1901/1589
f 519/322/287 1881/1902/286 1896/323/298
f 515/1177/273 1898/1185/1014 1905/1193/1022
f 516/1903/276 1865/1188/1017 526/1194/1023
f 518/1181/1011 523/1191/1020 1822/1198/1020
f 1866/311/291 509/310/290 522/326/301
f 520/1184/1013 525/1904/1590 1830/1201/1027
f 1904/314/293 1887/313/292 524/328/303
f 521/1905/1582 1906/1195/1024 1831/1906/1591
f 1899/1189/1018 489/1197/1025 1820/1907/1025
f 1675/1908/1592 1673/309/289 488/319/295
f 1823/1909/1593 1893/1894/1584 491/1910/1594
f 1892/320/296 490/1199/151 1821/321/297
f 1901/1895/1585 492/1911/1397 1824/1912/1397
f 1902/1898/1587 493/1200/1026 1825/1913/1595
f 1903/1901/1589 495/1914/1596 1827/1915/1596
f 1826/324/299 1896/323/298 494/1916/1597
f 1829/1917/1028 1898/1185/1014 496/1202/1028
f 1832/1918/1598 1865/1188/1017 1867/1203/1029
f 1908/1210/1036 1846/1919/1599 1914/1920/1600
f 1915/1205/1031 528/1921/1030 1844/1204/1030
f 559/1213/1039 1841/1922/1601 1917/1923/1602
f 554/345/318 1843/1924/309 1916/343/316
f 1918/1208/1034 531/1925/1601 1840/1206/1032
f 561/1215/1041 1838/1926/1603 1919/1927/1604
f 563/1218/1044 1835/1928/1487 1920/1929/1605
f 1921/1930/1606 535/1931/1607 1834/1932/1607
f 539/1220/1046 317/1933/1608 1591/1107/947
f 538/1211/1037 1648/1934/1609 472/1209/1035
f 571/1222/1048 1839/1214/1040 1925/1216/1042
f 1922/332/307 1845/331/306 1923/346/319
f 1842/335/310 1924/348/321 558/336/311
f 573/1935/1610 1836/1217/1043 1927/1219/1045
f 1837/338/229 1926/350/323 562/339/312
f 1910/1936/1611 1914/1920/1600 566/1937/1049
f 1833/341/314 1909/352/325 565/342/315
f 1928/1221/1047 557/1212/1038 1915/1205/1031
f 1930/1938/1612 559/1213/1039 1917/1923/1602
f 568/344/317 1916/343/316 1929/1939/1613
f 570/1940/327 1918/1208/1034 1931/1223/328
f 561/1215/1041 1932/357/330 572/359/332
f 1933/1941/1054 563/1218/1044 1920/1929/1605
f 579/1942/1053 1921/1930/1606 1934/1943/1056
f 540/1944/1614 1591/1107/947 1592/1945/345
f 538/1211/1037 1650/1946/1615 1649/1947/1616
f 575/1948/1050 1910/1936/1611 566/1937/1049
f 1945/1949/1617 1928/1950/1047 1937/1951/1618
f 1935/362/320 1923/1952/319 1936/360/333
f 1946/1953/1619 1929/1954/1613 1938/1955/1620
f 1947/1956/1621 1924/1227/321 1939/1226/1051
f 1949/1232/1055 1925/1957/1042 1941/1958/1622
f 1930/1959/1612 1940/363/335 576/365/337
f 1943/1960/1052 573/1935/1610 1927/1219/1045
f 577/351/324 1926/350/323 1942/1961/338
f 582/1234/1057 1909/1962/325 1911/1963/1623
f 1933/1231/1054 1944/370/341 578/369/340
f 1952/1235/1058 579/1230/1053 1934/1233/1056
f 1592/374/345 542/373/344 540/1964/1614
f 1931/355/328 580/375/346 1948/356/329
f 1950/379/331 1932/1965/330 581/377/348
f 543/1867/1567 1650/1966/1615 541/1967/1624
f 1818/1968/1566 575/1225/1050 544/1236/1059
f 546/1862/1563 1945/1949/1617 1937/1951/1618
f 1936/360/333 545/1864/1565 1817/361/334
f 547/1859/1560 1946/1953/1619 1938/1955/1620
f 1814/1858/1559 1939/1226/1051 548/1237/1060
f 550/1853/1554 1949/1232/1055 1941/1958/1622
f 1940/363/335 549/1855/1556 1813/364/336
f 1808/1969/1625 1943/1229/1052 552/1238/1061
f 1942/366/338 551/1849/1550 1809/367/339
f 582/1234/1057 1913/1844/1545 1805/1970/1626
f 1944/370/341 553/1240/1063 1807/371/342
f 469/1971/1627 1526/1972/1628 1525/1868/1568
f 1593/372/343 470/1973/1629 542/373/344
f 614/1974/1630 1802/1242/1065 1961/1241/1064
f 610/398/368 1803/1863/1564 1960/399/369
f 1963/1975/1631 584/1976/1632 1800/1857/1558
f 1801/1860/1561 1962/402/372 611/401/371
f 1964/1977/1633 585/1854/1555 1799/1856/1557
f 1966/1978/1634 588/1848/1549 1795/1850/1551
f 1797/1851/1552 1965/405/375 612/404/374
f 1967/1979/1635 589/1846/1547 1794/1847/1548
f 623/1245/1067 1791/1845/1546 1954/1980/1636
f 596/1981/390 1526/1972/1628 594/1982/1637
f 1804/381/351 613/407/377 1955/382/352
f 617/385/355 1798/384/354 1968/409/379
f 1796/386/356 1969/1244/381 618/387/357
f 1793/390/360 1970/414/383 621/391/361
f 1792/392/362 1971/416/385 622/393/363
f 1524/395/365 1568/418/387 595/396/366
f 1974/1246/1068 614/1974/1630 1961/1241/1064
f 1960/1983/369 1973/423/392 1972/425/370
f 1976/1984/1069 615/1985/1638 1963/1975/1631
f 1962/402/372 1975/1986/394 625/403/373
f 633/1987/403 1964/1977/1633 1977/1988/1639
f 634/1248/1070 1966/1989/1634 1979/1259/1080
f 627/431/376 1965/1990/375 1978/429/396
f 629/1991/1640 1967/1992/1635 1980/1250/1072
f 1957/1993/1083 623/1245/1067 1954/1980/1636
f 631/1994/1641 1956/1995/378 613/1996/377
f 1990/1255/1076 1974/1997/1068 1981/1998/1642
f 1984/1999/1643 626/2000/380 1968/2001/379
f 1976/1247/1069 1982/432/398 632/434/400
f 633/437/403 1977/2002/1639 1983/435/401
f 1985/1249/1071 628/412/382 1969/411/381
f 1995/1257/1078 1980/1250/1072 1986/1251/1073
f 1988/1253/1075 630/2003/386 1971/1254/385
f 635/440/384 1970/2004/383 1987/438/404
f 597/2005/388 1569/1092/934 599/1260/1081
f 640/1258/1079 634/1248/1070 1979/1259/1080
f 1528/2006/1644 1527/420/389 598/422/391
f 1973/423/392 637/441/406 1989/424/393
f 1991/427/395 1975/426/394 638/443/408
f 1978/429/396 639/445/410 1993/430/397
f 1762/1267/1088 1957/1262/1083 1959/1261/1082
f 601/2007/1645 1958/2008/1646 631/1994/1641
f 1528/2006/1644 598/422/391 600/2009/1647
f 602/2010/1648 1990/1255/1076 1981/1998/1642
f 605/2011/1649 1992/2012/1650 1984/1999/1643
f 1982/432/398 603/1263/1084 1753/433/399
f 1754/436/402 1983/435/401 604/2013/1651
f 1757/2014/1652 1985/1249/1071 606/1265/1086
f 1759/2015/1653 1986/1251/1073 607/1266/1087
f 1761/2016/1654 1988/1253/1075 609/1268/1089
f 1987/438/404 608/2017/1655 1760/439/405
f 599/1260/1081 1570/2018/1656 466/2019/1657
f 655/448/413 1450/1842/1543 468/2020/1658
f 1998/452/417 1790/1840/1541 2010/450/415
f 2011/2021/1659 641/1837/1538 1789/1838/1539
f 676/455/420 1788/1836/1537 2012/453/418
f 683/2022/1660 1787/1834/1535 2013/2023/1661
f 677/456/421 1786/1833/1534 2014/457/422
f 2015/2024/1662 645/1829/1530 1785/1830/1531
f 2016/1270/1091 646/1826/1527 1784/1828/1529
f 2017/1271/1092 647/1824/1525 1783/1825/1526
f 2018/1273/1094 648/1822/1523 1782/1823/1524
f 649/1821/1522 2019/2025/1663 687/1274/1095
f 650/1818/1519 2020/1278/1099 679/2026/1664
f 689/1276/1097 1779/1816/1517 2021/1284/1105
f 2022/460/425 652/2027/1665 1778/1815/1516
f 1999/2028/1666 653/1812/1513 1777/1814/1515
f 654/1808/1509 1451/2029/1667 656/2030/1668
f 695/2031/436 2016/1270/1091 2027/1269/1090
f 2011/2021/1659 2024/464/429 2023/463/428
f 2013/2023/1661 2025/2032/1101 683/2022/1660
f 684/2033/1669 2015/2024/1662 2026/2034/1102
f 2031/1277/1098 679/2026/1664 2020/1278/1099
f 2017/1271/1092 2028/466/431 685/468/433
f 686/1272/1093 2018/1273/1094 2029/1275/1096
f 687/1274/1095 2019/2025/1663 2030/2035/1670
f 690/2036/1671 1999/2037/1666 2001/2038/1672
f 656/2030/1668 1452/2039/1673 658/2040/1674
f 691/2041/1107 2000/451/416 2010/450/415
f 2032/2042/1112 682/454/419 2012/453/418
f 683/2022/1660 2033/2043/1100 692/2044/1675
f 694/2045/1676 2026/1281/1102 2035/1282/1103
f 693/471/423 2014/2046/422 2034/469/434
f 704/2047/1109 2029/1275/1096 2037/2048/1115
f 695/2031/436 2027/1269/1090 2036/2049/437
f 697/2050/439 2030/2035/1670 2038/2051/440
f 705/2052/1677 2031/1277/1098 2039/2053/1119
f 2040/1283/1104 689/1276/1097 2021/1284/1105
f 707/2054/1678 2001/2055/1672 2002/2056/1679
f 2022/460/425 2041/2057/442 699/461/426
f 660/1286/1106 1454/2058/427 657/1285/414
f 1452/2059/1673 659/2060/1680 658/2061/1674
f 2050/1293/1111 2033/1279/1100 2044/2062/1681
f 2003/483/446 691/1287/1107 700/481/444
f 2042/486/430 2024/1289/429 2043/484/447
f 2045/487/449 694/2045/1676 2035/1282/1103
f 2046/1291/1110 696/2063/432 2028/1292/431
f 2047/2064/1682 698/2065/1683 2040/2066/1104
f 662/1303/1121 1452/2059/1673 1455/1053/899
f 2002/2056/1679 2004/1302/1120 707/2054/1678
f 2049/490/452 2032/1294/1112 708/491/453
f 1456/1062/908 660/1286/1106 661/2067/1684
f 2051/2068/1685 2034/469/434 709/2069/1686
f 712/1298/1116 704/1290/1109 2037/1297/1115
f 2053/474/438 2036/473/437 710/1296/1114
f 2046/1291/1110 711/2070/1687 2054/1295/1113
f 705/2071/1677 714/1300/1118 2057/2072/1688
f 2056/477/441 2038/476/440 713/2073/1689
f 2060/2074/1690 706/479/443 2041/478/442
f 2006/1304/1122 707/2054/1678 2004/1302/1120
f 661/2067/1684 180/2075/1341 1456/1062/908
f 664/2076/1341 2005/482/445 700/481/444
f 665/2077/1124 2048/485/448 2043/484/447
f 1850/1305/1123 2044/2062/1681 666/2078/1123
f 1307/2/2 38/2079/1691 35/3/3
f 1851/2080/1123 709/2069/1686 667/2081/1124
f 1852/2082/1692 2045/487/449 668/2083/1693
f 1853/2084/1692 710/1296/1114 669/2085/1692
f 1854/2086/1692 711/2070/1687 670/2087/1692
f 1855/2088/1692 712/1298/1116 671/2089/1125
f 1856/2090/1692 713/2073/1689 672/2091/1125
f 673/2092/1125 2057/2072/1688 714/1300/1118
f 2009/494/455 2047/2064/1682 674/495/456
f 1859/1307/1125 2060/2074/1690 675/2093/1125
f 1860/2094/1336 2006/1304/1122 2007/2095/1336
f 662/1303/1121 1457/2096/1336 473/2097/1336
f 717/2098/1694 1411/2099/1221 1364/2100/1695
f 1849/1306/1124 2008/492/454 708/491/453
f 2061/2101/1222 718/2102/1696 1763/2103/1697
f 1764/2104/1698 1367/2105/1224 719/2106/1699
f 2064/2107/1226 720/2108/1700 1765/2109/1701
f 1766/2110/1702 1369/2111/1229 721/2112/1703
f 1767/2113/1704 1370/1425/1232 722/2114/1705
f 2067/1427/1234 723/2115/1706 1768/2116/1707
f 1769/1810/1511 1372/2117/1237 724/1811/1512
f 1770/2118/1708 1373/2119/1240 725/2120/1709
f 2070/2121/1242 726/2122/1710 1771/2123/1711
f 1772/2124/1712 1375/2125/1713 727/2126/1714
f 1773/2127/1715 1376/1442/1245 728/2128/1716
f 2073/1444/1247 729/2129/1717 1774/2130/1718
f 1775/2131/1719 1378/2132/1720 730/2133/1721
f 731/1448/1251 2062/2134/1722 1776/2135/1379
f 716/2136/1253 1412/2137/1723 467/2138/1724
f 747/2139/1725 1357/498/459 732/497/458
f 1744/2140/1726 2079/2141/1727 735/2142/1728
f 1743/2143/1726 2080/2144/1729 736/2145/1730
f 1735/2146/1731 2081/2147/1732 737/2148/1733
f 458/2149/1734 2082/2150/1735 738/2151/1736
f 1738/2152/475 2087/2153/1737 743/2154/1738
f 1737/2155/1739 2088/2156/1740 744/2157/1741
f 1736/2158/1742 2089/2159/1743 745/2160/1744
f 36/2161/1742 1341/2162/1745 746/2163/1746
f 2090/2164/1747 2076/500/461 2109/2165/1748
f 766/2166/1749 2077/503/463 2110/2167/1750
f 2111/2168/1751 734/507/467 2078/506/466
f 2112/2169/1752 735/2142/1728 2079/2141/1727
f 2113/2170/1753 736/2145/1730 2080/2144/1729
f 770/2171/1754 2081/2147/1732 2114/2172/1755
f 2115/2173/1756 738/2151/1736 2082/2150/1735
f 739/510/470 2116/2174/1757 772/2175/1758
f 2117/2176/1759 740/513/472 2084/512/471
f 774/2177/1760 2085/515/473 2118/2178/1761
f 2119/2179/1762 742/519/477 2086/518/476
f 2120/2180/1763 743/2154/1738 2087/2153/1737
f 777/2181/1764 2088/2156/1740 2121/2182/1765
f 778/2183/1766 2089/2159/1743 2091/2184/1767
f 748/2185/1768 1341/2162/1745 1358/2186/1769
f 1361/2187/1770 747/2139/1725 749/2188/1771
f 2092/2189/1772 2109/2165/1748 779/2190/1773
f 780/2191/1774 766/2166/1749 2110/2167/1750
f 2123/2192/1775 2111/2168/1751 781/2193/1776
f 2124/2194/1777 2112/2169/1752 782/2195/1778
f 2125/2196/1779 2113/2170/1753 783/2197/1780
f 2126/2198/1781 2114/2172/1755 784/2199/1782
f 785/2200/1783 771/2201/1784 2115/2173/1756
f 786/2202/1785 772/2175/1758 2116/2174/1757
f 2129/2203/1786 2117/2176/1759 787/2204/1787
f 2130/2205/1788 2118/2178/1761 788/2206/1789
f 2131/2207/1790 2119/2179/1762 789/2208/1791
f 2132/2209/1792 2120/2180/1763 790/2210/1793
f 2134/2211/1794 777/2181/1764 2121/2182/1765
f 791/2212/1795 2091/2184/1767 2093/2213/1796
f 750/2214/1797 1358/2186/1769 1360/2215/1798
f 751/2216/1799 1361/2187/1770 749/2188/1771
f 753/2217/1800 2092/2189/1772 779/2190/1773
f 754/2218/1801 2122/2219/1802 780/2191/1774
f 755/2220/1803 2123/2192/1775 781/2193/1776
f 756/2221/1804 2124/2194/1777 782/2195/1778
f 757/2222/1805 2125/2196/1779 783/2197/1780
f 758/2223/1806 2126/2198/1781 784/2199/1782
f 2101/2224/1807 785/2200/1783 759/2225/1808
f 2102/2226/1809 786/2202/1785 760/2227/1810
f 2103/2228/1811 787/2204/1787 761/2229/1812
f 762/2230/1813 2130/2205/1788 788/2206/1789
f 763/2231/1814 2131/2207/1790 789/2208/1791
f 764/2232/1815 2132/2209/1792 790/2210/1793
f 765/2233/1816 2133/2234/1817 2134/2211/1794
f 2108/2235/1818 2093/2213/1796 2095/2236/1819
f 750/2214/1797 1362/2237/1820 752/2238/1821
f 751/2239/1799 84/2240/1255 1363/2241/1822
f 107/2242/1823 2094/2243/1824 753/2244/1800
f 754/2245/1801 1413/2246/1260 2096/2247/1825
f 755/2220/1803 1414/1462/1263 2097/2248/1826
f 110/1466/1267 2098/2249/1827 756/2221/1804
f 757/2222/1805 1416/1468/1269 2099/2250/1828
f 112/25/23 2100/2251/1829 758/2223/1806
f 113/1032/880 2101/2224/1807 759/2225/1808
f 114/28/26 2102/2226/1809 760/2227/1810
f 115/2252/1274 2103/2253/1811 761/2254/1812
f 116/2255/1278 2104/2256/1830 762/2257/1813
f 117/2258/1281 2105/2259/1831 763/2260/1814
f 764/2232/1815 1421/1482/1283 2106/2261/1832
f 765/2233/1816 1422/1485/1286 2107/2262/1833
f 1423/2263/1834 2108/2264/1818 2095/2265/1819
f 752/2266/1821 1365/2267/1835 71/2268/1292
f 1118/820/718 1066/2269/665 792/2270/1836
f 792/2270/1836 920/567/525 1118/820/718
f 1120/2271/1837 1067/755/666 1066/754/665
f 913/566/524 1119/2272/1838 793/564/522
f 911/803/705 794/764/673 795/2273/1839
f 797/782/689 796/854/743 1163/884/763
f 796/854/743 798/781/688 806/779/687
f 799/853/742 800/778/686 807/780/684
f 801/851/740 802/2274/683 808/2275/685
f 1092/2276/1840 809/2277/1841 916/769/677
f 1034/719/639 967/629/575 810/2278/1842
f 1051/744/656 1073/746/658 1087/790/695
f 810/2278/1842 886/551/509 1034/719/639
f 1036/723/641 968/632/576 967/629/575
f 879/550/508 1035/721/640 1038/548/506
f 877/2279/644 952/620/566 970/637/579
f 930/577/533 812/663/600 813/661/598
f 812/663/600 814/591/546 822/590/545
f 815/2280/1843 816/589/544 823/587/542
f 817/665/602 818/586/541 824/588/543
f 825/2281/1844 1002/2282/1845 882/605/556
f 1257/969/827 845/2283/785 826/891/769
f 951/584/539 962/621/567 937/599/551
f 827/976/834 837/911/780 1206/2284/800
f 837/911/780 828/975/833 836/974/832
f 830/2285/1846 829/973/831 838/971/829
f 832/907/776 831/970/828 839/972/830
f 1244/2286/1847 840/2287/1848 857/2288/791
f 841/2289/1849 855/2290/1850 1239/2291/1851
f 1241/2292/1852 1297/1022/871 1298/2293/1853
f 1297/1022/871 1240/2294/1854 847/998/853
f 1240/2294/1854 842/2295/1855 847/998/853
f 848/1004/854 845/2283/785 1275/1005/857
f 843/1013/863 844/1016/866 1271/980/838
f 849/529/487 848/999/854 846/530/488
f 842/2295/1855 846/530/488 847/998/853
f 852/1023/872 1244/2286/1847 856/954/813
f 853/1026/874 854/953/812 1300/2296/1856
f 1247/951/810 852/1023/872 856/954/813
f 853/1026/874 852/1023/872 1247/951/810
f 857/925/791 861/532/490 1227/534/492
f 1300/2296/1856 854/953/812 855/2290/1850
f 855/2290/1850 841/2289/1849 1300/2296/1856
f 862/535/493 858/986/844 859/536/494
f 1218/533/491 861/532/490 858/986/844
f 1206/2284/800 860/2297/496 827/976/834
f 859/536/494 860/538/496 863/537/495
f 826/891/769 865/541/499 1257/969/827
f 869/2298/1857 868/540/498 1180/2299/765
f 869/2298/1857 1179/2300/502 870/2301/501
f 866/546/504 870/543/501 1189/545/503
f 871/2302/1858 811/685/613 873/684/612
f 873/684/612 875/2303/1859 871/2302/1858
f 876/2304/1860 872/2305/505 941/2306/482
f 874/2307/1861 1005/2308/1862 875/2303/1859
f 1005/2308/1862 876/2309/1860 875/2303/1859
f 1005/2308/1862 1014/2310/611 876/2309/1860
f 877/727/644 880/640/581 1042/2311/1863
f 1042/2311/1863 878/549/507 881/2312/1864
f 1002/2282/1845 883/604/555 882/605/556
f 1038/548/506 881/2312/1864 878/549/507
f 887/698/623 884/606/557 883/608/555
f 885/553/511 884/606/557 888/2313/1865
f 893/555/513 889/647/587 825/2281/1844
f 886/551/509 810/2278/1842 944/552/510
f 894/2314/1866 890/556/514 891/2315/516
f 978/554/512 985/645/585 893/555/513
f 892/559/517 896/648/588 895/557/515
f 813/661/598 923/578/534 930/577/533
f 900/2316/519 897/872/753 1092/2276/1840
f 902/873/754 898/562/520 899/2317/1867
f 1164/2318/518 1171/870/751 900/2316/519
f 901/2319/1868 1164/560/518 898/562/520
f 899/2317/1867 903/874/755 902/873/754
f 1163/884/763 1094/798/702 797/782/689
f 904/2320/1869 906/835/729 907/834/728
f 907/2321/728 909/2322/1870 904/2323/1869
f 910/2324/1871 905/563/521 805/521/479
f 908/2325/1872 1135/2326/1873 909/2322/1870
f 1135/2326/1873 910/2324/1871 909/2322/1870
f 1135/2326/1873 1144/833/727 910/2324/1871
f 911/803/705 914/733/649 1103/2327/1874
f 1103/2327/1874 912/735/523 915/2328/1875
f 809/2277/1841 917/767/675 916/769/677
f 793/2329/522 915/2328/1875 912/735/523
f 921/827/722 918/770/678 917/767/675
f 919/826/527 918/770/678 922/824/720
f 933/2330/529 890/556/514 893/555/513
f 920/567/525 792/2270/1836 1069/568/526
f 892/559/517 932/580/528 923/578/534
f 929/582/537 893/555/513 825/2281/1844
f 929/582/537 882/605/556 946/583/538
f 891/570/516 934/574/530 932/571/528
f 932/571/528 931/602/553 924/598/535
f 932/571/528 927/575/531 931/602/553
f 934/574/530 933/573/529 925/2331/1876
f 933/573/529 929/2332/537 925/2331/1876
f 926/2333/1877 931/602/553 927/575/531
f 934/574/530 925/2331/1876 928/576/532
f 925/2331/1876 943/612/536 949/585/540
f 824/588/543 942/2334/549 941/524/482
f 949/585/540 928/576/532 925/2331/1876
f 824/2335/543 941/2336/482 820/2337/1878
f 938/603/554 954/616/563 936/596/550
f 823/2338/542 939/597/548 935/595/547
f 930/2339/533 924/598/535 822/600/545
f 822/600/545 937/599/551 939/597/548
f 954/616/563 942/594/549 936/596/550
f 936/596/550 939/597/548 940/601/552
f 945/628/574 884/606/557 944/552/510
f 931/602/553 926/2333/1877 937/599/551
f 883/608/555 947/607/558 946/2340/538
f 958/618/562 875/2303/1859 959/2341/560
f 946/611/538 948/610/559 943/612/536
f 947/609/558 950/625/571 948/610/559
f 947/609/558 945/2342/574 950/625/571
f 948/610/559 951/584/539 949/585/540
f 948/610/559 950/625/571 951/584/539
f 871/2302/1858 958/618/562 952/620/566
f 959/2343/560 876/2344/1860 960/2345/1879
f 942/594/549 876/2346/1860 941/2347/482
f 966/627/573 975/644/584 964/624/570
f 958/615/562 955/2348/1880 953/635/565
f 958/615/562 961/614/561 955/2348/1880
f 959/613/560 960/2349/1879 961/614/561
f 961/614/561 960/2349/1879 954/616/563
f 960/2349/1879 942/594/549 954/616/563
f 956/2350/1881 955/2348/1880 961/614/561
f 961/614/561 957/617/564 956/2350/1881
f 977/623/569 971/2351/1882 962/621/567
f 975/644/584 977/623/569 964/624/570
f 963/622/568 965/626/572 964/624/570
f 950/625/571 965/626/572 963/622/568
f 968/632/576 973/639/580 966/631/573
f 950/625/571 945/2342/574 965/626/572
f 966/631/573 965/630/572 967/629/575
f 956/2350/1881 972/633/577 955/2348/1880
f 945/628/574 944/552/510 967/629/575
f 967/629/575 944/552/510 810/2278/1842
f 975/644/584 974/2352/582 976/643/583
f 972/633/577 953/635/565 955/2348/1880
f 878/549/507 974/641/582 973/639/580
f 880/640/581 970/2353/579 969/642/578
f 972/633/577 974/2352/582 969/634/578
f 978/554/512 987/2354/590 986/2355/593
f 976/643/583 971/2351/1882 977/623/569
f 976/643/583 972/633/577 971/2351/1882
f 978/554/512 986/2355/593 985/645/585
f 987/2356/590 895/557/515 988/649/589
f 992/655/594 980/2357/599 981/673/607
f 985/2358/585 989/658/596 979/660/586
f 985/2358/585 986/654/593 989/658/596
f 987/650/590 990/652/591 986/654/593
f 986/654/593 991/653/592 989/658/596
f 990/652/591 988/651/589 992/655/594
f 993/664/601 815/2280/1843 998/2359/1883
f 989/658/596 455/2360/592 984/659/597
f 989/658/596 991/653/592 455/2360/592
f 990/652/591 982/656/595 991/653/592
f 988/649/589 896/648/588 980/662/599
f 992/655/594 981/673/607 983/657/595
f 998/2359/1883 817/665/602 999/666/603
f 994/2361/604 821/2362/483 1006/2363/610
f 819/2364/481 994/668/604 999/667/603
f 1000/670/606 999/667/603 1001/669/605
f 998/2365/1883 1000/670/606 993/672/601
f 993/672/601 981/673/607 980/2357/599
f 994/668/604 1008/694/621 996/674/606
f 994/668/604 996/674/606 1001/669/605
f 979/646/586 1002/2282/1845 889/647/587
f 1001/669/605 997/675/595 1000/670/606
f 1008/694/621 1010/693/620 996/674/606
f 984/659/597 465/2366/7 1004/677/609
f 1005/2308/1862 1016/2367/615 1015/2368/618
f 1005/2369/1862 1015/691/618 1014/2370/611
f 1016/2367/615 873/684/612 1017/686/614
f 1021/695/622 1007/2371/1884 1009/2372/1885
f 1014/2370/611 1018/692/619 1006/697/610
f 1014/2370/611 1015/691/618 1018/692/619
f 1016/687/615 1019/689/616 1015/691/618
f 1015/691/618 1020/690/617 1018/692/619
f 1019/689/616 1017/688/614 1021/695/622
f 1011/2373/240 1018/692/619 1020/690/617
f 1011/2373/240 1019/689/616 1012/257/240
f 885/553/511 1026/2374/628 1022/718/638
f 1017/686/614 811/685/613 1007/2375/1884
f 1021/695/622 1009/2372/1885 1013/696/240
f 885/553/511 1022/718/638 886/551/509
f 1028/2376/624 1002/2282/1845 1003/2377/608
f 888/2313/1865 1027/700/625 1026/2374/628
f 888/2313/1865 887/698/623 1027/700/625
f 1029/701/626 1028/2378/624 1004/677/609
f 1022/718/638 1026/2374/628 1023/2379/629
f 1027/2380/625 1029/701/626 1026/703/628
f 1025/706/4 1004/677/609 465/2366/7
f 1028/2378/624 1003/676/608 1004/677/609
f 1026/703/628 1030/702/627 1023/705/629
f 1029/701/626 1025/706/4 1030/702/627
f 1009/2372/1885 1043/729/643 1044/708/630
f 1044/708/630 1013/696/240 1009/2372/1885
f 877/2381/644 1007/2371/1884 811/2382/613
f 1032/713/633 1024/704/4 464/709/4
f 1034/719/639 1023/2379/629 1032/2383/633
f 1031/711/631 1033/715/635 1039/712/632
f 1041/714/634 1033/715/635 1031/711/631
f 1040/716/636 1032/713/633 1039/712/632
f 1042/2311/1863 1046/2384/1886 1045/725/642
f 1040/724/636 1033/722/635 1035/721/640
f 1040/724/636 1036/723/641 1034/719/639
f 1037/720/637 1038/548/506 1035/721/640
f 1042/2311/1863 1045/725/642 877/727/644
f 1037/720/637 881/2312/1864 1038/548/506
f 1045/2385/642 1048/730/646 1047/728/645
f 1045/2385/642 1047/728/645 1043/729/643
f 1048/730/646 1037/717/637 1041/714/634
f 1053/741/653 1060/766/672 1059/765/674
f 1048/730/646 1049/731/647 1047/728/645
f 1049/731/647 1041/714/634 463/710/4
f 452/707/7 1044/708/630 1047/728/645
f 452/707/7 1047/728/645 1049/731/647
f 463/2386/4 452/2387/7 1049/2388/647
f 912/2389/523 1055/737/650 1054/739/648
f 914/733/649 795/2273/1839 1052/736/651
f 1054/739/648 1056/738/652 1050/745/657
f 1055/737/650 1057/742/654 1056/738/652
f 1055/737/650 1052/740/651 1057/742/654
f 1057/742/654 1053/741/653 1058/743/655
f 1056/738/652 1058/743/655 1051/744/656
f 1059/765/674 1073/746/658 1058/743/655
f 1059/765/674 1058/743/655 1053/741/653
f 795/2273/1839 1060/763/672 1052/736/651
f 1062/748/660 1080/773/681 1070/2390/1887
f 1063/749/661 1051/744/656 1061/747/659
f 1070/2390/1887 1064/750/662 1062/748/660
f 1062/748/660 1064/750/662 1063/749/661
f 1065/751/663 1050/745/657 1063/749/661
f 1067/755/666 1054/732/648 1065/756/663
f 1071/2391/1888 1068/752/664 1064/750/662
f 1064/750/662 1066/753/665 1065/751/663
f 1076/2392/669 909/2322/1870 1077/2393/667
f 1068/2394/664 1069/568/526 1066/2269/665
f 1066/2269/665 1069/568/526 792/2270/1836
f 904/2320/1869 1076/762/669 794/764/673
f 1077/2393/667 910/2324/1871 1078/2395/1889
f 1075/2396/1890 910/2324/1871 805/521/479
f 1068/2397/664 918/770/678 1069/2398/526
f 1076/759/669 1079/758/668 1059/765/674
f 1077/757/667 1078/2399/1889 1079/758/668
f 1079/758/668 1078/2399/1889 1072/760/670
f 1078/2399/1889 1075/2400/1890 1072/760/670
f 1073/746/658 1059/765/674 1079/758/668
f 1079/758/668 1074/761/671 1073/746/658
f 917/767/675 1082/771/679 1081/768/676
f 1083/774/682 1082/2401/679 1084/772/680
f 1071/2391/1888 1082/2401/679 1068/752/664
f 808/2402/685 1089/785/690 1085/2403/1891
f 1084/772/680 1071/2391/1888 1070/2390/1887
f 1084/772/680 1070/2390/1887 1080/773/681
f 808/2404/685 805/521/479 804/2405/1892
f 1075/2396/1890 805/521/479 808/2404/685
f 1075/2396/1890 808/2404/685 1085/2406/1891
f 1087/790/695 1075/2400/1890 1085/2403/1891
f 797/2407/689 1095/786/691 806/784/687
f 1089/785/690 806/784/687 1086/787/692
f 1087/790/695 1089/785/690 1090/788/693
f 1088/2408/1893 1091/789/694 1097/797/701
f 1090/788/693 1086/787/692 1088/2408/1893
f 916/769/677 1093/2409/696 1092/2276/1840
f 1098/2410/1894 1083/774/682 1080/773/681
f 1096/2411/1895 1093/791/696 1083/774/682
f 899/2317/1867 1100/2412/697 1099/800/700
f 899/2317/1867 1099/800/700 1094/798/702
f 1100/793/697 900/2413/519 1101/794/698
f 1093/2409/696 900/2316/519 1092/2276/1840
f 1098/2410/1894 1102/795/699 1096/2411/1895
f 1100/793/697 1102/795/699 1099/796/700
f 1099/796/700 1091/789/694 1095/786/691
f 1102/795/699 1101/794/698 1096/2411/1895
f 1101/794/698 1093/791/696 1096/2411/1895
f 1103/2327/1874 1108/2414/1896 1107/801/703
f 1103/2327/1874 1107/801/703 911/803/705
f 1106/2415/1897 915/2328/1875 793/2329/522
f 1107/2416/703 1110/807/708 1109/804/706
f 1107/2416/703 1109/804/706 1104/806/704
f 1110/807/708 1106/2417/1897 1112/808/709
f 1113/2418/4 1115/2419/1898 462/811/4
f 1110/807/708 1111/809/710 1109/804/706
f 1111/809/710 1112/808/709 1113/2418/4
f 457/821/4 1105/805/707 1109/804/706
f 457/821/4 1109/804/706 1111/809/710
f 1113/2418/4 457/821/4 1111/809/710
f 1124/813/713 1125/810/711 1114/812/712
f 462/811/4 1121/815/715 1114/812/712
f 462/811/4 1115/2419/1898 1121/815/715
f 1117/2420/1899 1121/815/715 1115/2419/1898
f 1116/814/714 1121/815/715 1122/817/717
f 1115/2419/1898 1106/2417/1897 1117/2420/1899
f 1119/2272/1838 1122/2421/717 1117/2422/1899
f 1123/816/716 1116/814/714 1118/818/718
f 1122/2423/717 1120/2424/1837 1118/820/718
f 1117/2422/1899 793/564/522 1119/2272/1838
f 1104/806/704 1139/823/719 1137/2425/1900
f 1137/2426/1900 911/803/705 1104/802/704
f 1123/2427/716 919/826/527 1128/825/721
f 1130/828/723 809/2277/1841 1127/2428/739
f 922/824/720 1129/829/724 1128/825/721
f 922/824/720 921/827/722 1129/829/724
f 1124/813/713 1128/2429/721 1131/830/725
f 1128/2429/721 1132/2430/1901 1131/830/725
f 1132/2430/1901 1130/2431/723 1133/849/738
f 1126/831/4 1133/849/738 1134/2432/7
f 1130/2431/723 1127/850/739 1133/849/738
f 1132/2430/1901 1126/831/4 1131/830/725
f 1135/2326/1873 1146/2433/731 1145/2434/733
f 1135/2326/1873 1145/2434/733 1144/833/727
f 1146/2433/731 907/2321/728 1147/2435/730
f 1151/845/736 1137/2425/1900 1139/823/719
f 1144/833/727 1148/2436/734 1136/832/726
f 1144/833/727 1145/2434/733 1148/2436/734
f 1146/837/731 1149/839/732 1145/841/733
f 1145/841/733 1150/840/4 1148/842/734
f 1149/839/732 1147/838/730 1151/845/736
f 809/2277/1841 1165/871/752 1127/2428/739
f 1148/842/734 1150/840/4 1140/843/4
f 1149/839/732 1141/846/4 1150/840/4
f 1147/836/730 906/835/729 1137/2426/1900
f 1151/845/736 1139/823/719 1142/822/4
f 1134/2432/7 1152/848/737 1153/2437/1734
f 1165/883/752 1152/848/737 1127/850/739
f 1155/855/744 1163/884/763 796/854/743
f 799/853/742 1159/852/741 796/854/743
f 803/520/478 1154/857/745 801/856/740
f 1143/522/480 1154/857/745 803/520/478
f 1155/864/744 1167/867/750 1166/2438/764
f 1159/861/741 801/2439/740 1160/859/746
f 1143/522/480 1136/832/726 1154/857/745
f 1159/861/741 1161/860/747 1155/864/744
f 1160/859/746 1154/863/745 1156/862/748
f 1164/2440/518 1173/876/757 1172/880/760
f 1161/860/747 1160/859/746 1162/866/749
f 1157/865/240 1161/860/747 1158/869/240
f 1138/844/735 1140/843/4 1156/862/748
f 1164/2440/518 1172/880/760 1171/2441/751
f 1173/2442/757 902/873/754 1174/875/756
f 1178/881/761 1166/2438/764 1167/867/750
f 1171/2441/751 1175/882/762 1165/883/752
f 1171/2441/751 1172/880/760 1175/882/762
f 1173/876/757 1176/878/758 1172/880/760
f 1172/880/760 1177/879/759 1175/882/762
f 1176/878/758 1174/877/756 1178/881/761
f 1168/255/240 1175/882/762 1177/879/759
f 1175/882/762 1153/2437/1734 1152/848/737
f 1168/255/240 1176/878/758 1169/256/240
f 1195/897/772 1181/2443/1902 1183/2444/1903
f 1174/875/756 903/874/755 1166/885/764
f 1178/881/761 1167/867/750 1170/868/240
f 1179/544/502 1190/2445/766 1189/545/503
f 1180/2299/765 1191/890/768 1190/2446/766
f 1180/2299/765 868/540/498 1191/890/768
f 868/540/498 867/542/500 1192/889/767
f 1188/900/773 1187/2447/486 866/901/504
f 1189/2448/503 1182/902/774 866/901/504
f 1189/2448/503 1190/896/766 1182/902/774
f 1191/892/768 1193/894/770 1190/896/766
f 1190/896/766 1194/895/771 1182/902/774
f 1193/894/770 1192/893/767 1195/897/772
f 1184/903/620 1193/894/770 1185/898/620
f 1182/902/774 1194/895/771 1184/903/620
f 1183/2444/1903 1208/918/784 1209/905/775
f 453/904/620 1188/900/773 1182/902/774
f 1192/889/767 826/891/769 1181/2449/1902
f 1195/897/772 1183/2444/1903 1186/899/620
f 1209/905/775 1186/899/620 1183/2444/1903
f 845/2283/785 1181/2449/1902 826/891/769
f 1202/909/778 832/907/776 1203/908/777
f 837/911/780 830/2285/1846 1202/909/778
f 1196/2450/779 1206/2451/800 837/2452/780
f 1197/913/781 1187/2447/486 1188/900/773
f 834/526/484 1197/2453/781 1203/908/777
f 1204/2454/1904 1203/912/777 1205/914/782
f 1196/2455/779 1202/2456/778 1204/2454/1904
f 1199/2457/620 1221/2458/1905 1196/2455/779
f 1221/2458/1905 1220/2459/801 1196/2455/779
f 1197/913/781 1198/915/592 1205/914/782
f 1188/900/773 1198/915/592 1197/913/781
f 1199/2457/620 1204/2454/1904 1200/2460/7
f 1204/2454/1904 1201/916/620 1200/2460/7
f 1207/2461/1906 1212/2462/1907 1211/917/783
f 1188/900/773 453/904/620 1198/915/592
f 1207/2463/1906 1211/2464/783 845/2283/785
f 1212/2465/1907 850/531/489 1210/2466/807
f 1211/917/783 1214/921/787 1213/920/786
f 850/531/489 842/2295/1855 1210/2466/807
f 1211/917/783 1213/920/786 1208/918/784
f 1214/921/787 1210/948/807 1216/922/788
f 1218/533/491 1229/2467/793 1228/2468/796
f 1214/921/787 1215/923/789 1213/920/786
f 1215/923/789 1216/922/788 1217/942/4
f 454/906/7 1209/905/775 1213/920/786
f 454/906/7 1213/920/786 1215/923/789
f 1217/2469/1908 454/2470/1909 1215/2471/1909
f 1218/533/491 1228/2468/796 1227/534/492
f 1229/2467/793 863/537/495 1230/926/792
f 1234/935/799 1220/2459/801 1221/2458/1905
f 1227/2472/492 1231/932/797 1219/938/790
f 1227/534/492 1228/2468/796 1231/2473/797
f 1229/927/793 1232/929/794 1228/931/796
f 1228/931/796 1233/930/795 1231/932/797
f 1232/929/794 1230/928/792 1234/935/799
f 1223/2474/620 1231/932/797 1233/930/795
f 1223/2474/620 1232/929/794 1224/936/620
f 1236/945/804 1250/960/819 460/941/4
f 1230/926/792 864/539/497 1220/940/801
f 1234/935/799 1221/2458/1905 1225/937/620
f 1250/960/819 456/2475/4 460/941/4
f 1248/2476/1910 1236/945/804 1238/2477/1911
f 1235/943/802 1237/946/805 1242/944/803
f 1238/2477/1911 1242/944/803 1243/947/806
f 855/2290/1850 1238/2478/1911 1239/2291/1851
f 1241/2292/1852 1238/2478/1911 1243/2479/806
f 1240/2294/1854 1243/2479/806 1237/2480/805
f 1237/2480/805 842/2295/1855 1240/2294/1854
f 1219/2481/790 1244/2286/1847 857/2288/791
f 1226/934/798 461/2482/4 1246/950/809
f 1248/2483/1910 854/953/812 1251/952/811
f 1253/955/814 1244/2286/1847 1245/2484/808
f 1247/951/810 1252/956/815 1251/952/811
f 1247/951/810 856/954/813 1252/956/815
f 1249/961/820 1251/2485/811 1254/959/818
f 1251/2485/811 1255/957/816 1254/959/818
f 1255/957/816 1253/2486/814 1246/950/809
f 1264/967/823 869/2298/1857 1265/2487/821
f 1253/2486/814 1245/949/808 1246/950/809
f 1255/957/816 1256/958/817 1254/959/818
f 1256/958/817 1246/950/809 461/2482/4
f 456/2475/4 1250/960/819 1256/958/817
f 461/2488/4 456/2489/4 1256/2490/817
f 865/541/499 1264/967/823 1257/969/827
f 1265/962/821 870/2491/501 1266/2492/1912
f 1263/2493/1913 870/543/501 835/527/485
f 1273/2494/835 839/972/830 838/971/829
f 1264/964/823 1260/985/843 1258/2495/826
f 1264/964/823 1267/963/822 1260/985/843
f 1265/962/821 1266/2492/1912 1267/963/822
f 1267/963/822 1266/2492/1912 1259/965/824
f 1266/2492/1912 1263/2496/1913 1259/965/824
f 1261/982/840 1260/985/843 1267/963/822
f 1267/963/822 1262/966/825 1261/982/840
f 839/972/830 835/527/485 833/2497/1914
f 1263/2493/1913 835/527/485 839/972/830
f 1263/2493/1913 839/972/830 1268/2498/837
f 1269/2499/1915 838/971/829 836/974/832
f 1269/2500/1915 827/2501/834 1278/2502/851
f 1270/978/836 1263/2496/1913 1268/979/837
f 1278/2502/851 1271/980/838 1269/2500/1915
f 1273/977/835 1269/2500/1915 1271/980/838
f 1260/985/843 1277/2503/1916 1258/2495/826
f 1270/978/836 1273/977/835 1272/981/839
f 1274/991/848 1280/993/850 1271/980/838
f 1257/969/827 1277/2504/1916 1275/1005/857
f 1285/2505/846 858/986/844 861/532/490
f 1283/996/849 860/538/496 859/536/494
f 859/536/494 1284/987/845 1283/996/849
f 1282/2506/862 861/532/490 840/2507/1848
f 1281/1014/864 1286/990/847 1279/2508/1917
f 1284/988/845 1286/990/847 1283/992/849
f 1283/992/849 1274/991/848 1278/2502/851
f 1286/990/847 1285/989/846 1279/2508/1917
f 1285/989/846 1282/1012/862 1279/2508/1917
f 1282/2509/862 851/1025/873 1302/1024/860
f 846/2510/488 1290/1003/855 1289/1008/852
f 1291/1002/856 1275/2511/857 1277/2503/1916
f 1289/1008/852 1292/1007/858 1287/1009/859
f 1290/1003/855 1291/1002/856 1292/1007/858
f 1291/1002/856 1277/2503/1916 1276/984/842
f 1292/1007/858 1276/984/842 1288/983/841
f 1282/1012/862 1306/1015/865 1279/2508/1917
f 843/1013/863 1294/1019/869 844/1016/866
f 1306/1015/865 1281/1014/864 1279/2508/1917
f 1287/1009/859 1288/983/841 1293/1017/867
f 844/1016/866 1294/1019/869 1293/1017/867
f 1301/2512/1918 1296/1020/870 1294/1019/869
f 1295/1018/868 1294/1019/869 1296/1020/870
f 1298/2293/1853 1299/2513/1919 1300/2296/1856
f 1289/997/852 1295/2514/868 1297/1022/871
f 1297/1022/871 1296/2515/870 1298/2293/1853
f 1299/2513/1919 853/1026/874 1300/2296/1856
f 1298/2293/1853 1300/2296/1856 841/2289/1849
f 852/1023/872 1303/1027/875 1302/1024/860
f 1304/1011/861 1303/2516/875 1305/1028/876
f 1301/2512/1918 1303/2516/875 1299/2517/1919
f 1342/1/1 1341/2162/1745 36/2161/1742
f 1305/1028/876 843/1013/863 1306/1015/865
f 1305/1028/876 1301/2512/1918 843/1013/863
f 1/6/6 1342/1/1 1407/4/4
f 1308/9/9 1407/4/4 1343/7/7
f 1309/12/11 1343/7/7 1344/10/7
f 4/11/10 1345/1308/4 1310/1310/1127
f 5/1309/1126 1346/1311/711 1311/1313/1129
f 6/1312/1128 1347/1314/711 1312/1316/1131
f 7/1315/1130 1348/1317/1132 1313/1319/1134
f 1314/15/14 1348/1317/1132 1349/13/12
f 1315/18/17 1349/13/12 1350/16/15
f 1316/21/19 1350/16/15 1351/19/15
f 1317/24/22 1351/19/15 1352/22/20
f 1318/1322/1136 1352/22/20 1353/1320/592
f 13/1321/1135 1354/1323/592 1319/1325/1138
f 14/1324/1137 1355/1326/606 1320/1328/1140
f 15/1327/1139 1356/1329/606 1321/1331/1142
f 1357/498/459 1356/1329/606 459/496/457
f 35/3/3 1358/2186/1769 1341/2162/1745
f 1322/1358/1169 1/6/6 16/1332/1143
f 44/1334/1145 2/5/5 1308/9/9
f 1382/1335/1146 1309/12/11 45/1336/1147
f 46/2518/1920 4/11/10 1310/1310/1127
f 5/1309/1126 47/1368/1179 1384/1338/1149
f 48/1340/1151 6/1312/1128 1312/1316/1131
f 1386/1341/1152 1313/1319/1134 49/2519/1921
f 1387/1342/1153 1314/15/14 50/1343/1154
f 1388/1344/1155 1315/18/17 51/1376/1187
f 52/1346/1157 10/17/16 1316/21/19
f 1390/1347/1158 1317/24/22 53/1348/1159
f 1391/1349/1160 1318/1322/1136 54/1350/1161
f 1392/1351/1162 1319/1325/1138 55/2520/1922
f 1393/1352/1163 1320/1328/1140 56/1353/1164
f 1323/1354/1165 1321/1331/1142 17/1355/1166
f 39/1356/1167 1357/498/459 1359/2521/1923
f 38/2079/1691 1360/2215/1798 1358/2186/1769
f 1324/1359/1170 16/1332/1143 18/1360/1171
f 57/1361/1172 44/1334/1145 1394/2522/1924
f 1395/1364/1175 1382/1335/1146 45/1336/1147
f 59/1363/1174 46/2518/1920 1396/1365/1176
f 60/1366/1177 47/1368/1179 1397/1393/1204
f 61/1367/1178 48/1340/1151 1398/1370/1181
f 62/1369/1180 49/2519/1921 1399/1371/1182
f 63/1372/1183 50/1343/1154 1400/1373/1184
f 1401/2523/1925 1388/1344/1155 51/1376/1187
f 1402/2524/1926 1389/1345/1156 52/1346/1157
f 1403/1402/1213 1390/1347/1158 53/1348/1159
f 1404/1404/1215 1391/1349/1160 54/1350/1161
f 68/1379/1190 55/2520/1922 1405/1380/1191
f 1406/1381/1192 56/1353/1164 69/1383/1194
f 1325/1382/1193 17/1355/1166 19/1384/1195
f 41/1385/1196 1359/2521/1923 1361/2187/1770
f 1360/2215/1798 42/1386/1197 1362/2237/1820
f 1326/2525/1220 18/1360/1171 20/2526/1223
f 1328/1388/1199 57/1361/1172 1394/2522/1924
f 23/1389/1200 1395/1364/1175 1329/2527/1227
f 1330/2528/1228 59/1363/1174 1396/1365/1176
f 1331/1424/1231 60/1366/1177 1397/1393/1204
f 26/1392/1203 1398/1370/1181 1332/1428/1235
f 1333/2529/1236 62/1369/1180 1399/1371/1182
f 1334/2530/1239 63/1372/1183 1400/1373/1184
f 29/1396/1207 1401/2523/1925 1335/1397/1208
f 30/1398/1209 1402/2524/1926 1336/1399/1210
f 31/1400/1211 1403/1402/1213 1337/1441/1244
f 1338/1445/1248 67/1378/1189 1404/1404/1215
f 1339/1447/1250 68/1379/1190 1405/1380/1191
f 34/1449/1252 1406/1381/1192 69/1383/1194
f 1327/1406/1217 19/1384/1195 21/1408/1219
f 1363/2531/1822 41/1385/1196 1361/2187/1770
f 42/1411/1197 1365/2267/1835 1362/2532/1820
f 1364/2533/1695 20/1414/1223 2061/1413/1222
f 1366/2534/1927 1328/1415/1199 2063/1417/1225
f 1367/1416/1224 1329/1420/1227 2064/1419/1226
f 1368/2535/1928 1330/1421/1228 2065/1423/1230
f 2066/2536/1233 25/2537/1202 1331/2538/1231
f 2067/1427/1234 26/1392/1203 1332/1428/1235
f 1371/2539/1929 1333/2529/1236 2068/2540/1238
f 2069/1434/1241 28/2541/1206 1334/1432/1239
f 1373/1433/1240 1335/1437/1208 2070/1436/1242
f 1374/2542/1930 1336/1440/1210 2071/1439/1243
f 2072/1443/1246 31/1400/1211 1337/1441/1244
f 1376/1442/1245 1338/1445/1248 2073/1444/1247
f 1377/2543/1931 1339/1447/1250 2074/1446/1249
f 731/1448/1251 1340/1405/1216 34/1449/1252
f 1379/2544/1932 21/1408/1219 716/2136/1253
f 1380/2545/1933 1363/2241/1822 84/2240/1255
f 87/2546/1934 1380/2547/1933 84/1454/1255
f 111/1030/878 103/27/25 92/26/24
f 113/1032/880 104/30/28 94/29/27
f 106/1455/1256 86/1458/1259 1408/1453/1254
f 72/1457/1258 1413/1459/1260 88/1461/1262
f 108/2548/1935 89/1464/1265 73/1460/1261
f 109/2549/1936 90/1465/1266 74/1463/1264
f 75/1467/1268 1416/1468/1269 91/1469/1270
f 77/1471/1272 1417/2550/1937 93/1470/1271
f 79/1475/1276 1418/2551/1938 95/1472/1273
f 80/1474/1275 1419/2552/1939 96/1476/1277
f 81/1478/1279 1420/2553/1940 97/1479/1280
f 117/1480/1281 98/1484/1285 82/1481/1282
f 118/2554/1941 99/1487/1288 83/1483/1284
f 119/2555/1942 100/1490/1291 1410/1486/1287
f 1409/1489/1290 71/1491/1292 101/1493/1294
f 1365/2556/1835 102/2557/1943 85/1492/1293
f 140/1809/1510 157/31/29 1451/2029/1667
f 1438/32/30 120/2558/1944 122/1496/1297
f 1460/1498/1299 1424/1500/1301 1473/2559/1945
f 181/1502/1303 143/1501/1302 1425/2560/1946
f 1462/1504/1305 1426/1803/1504 182/1505/1306
f 1463/1507/881 1427/2561/1309 191/2562/882
f 1464/1508/1308 1428/2563/1947 183/36/34
f 1465/34/32 1429/1802/1503 193/52/50
f 1466/1036/883 1430/1801/1502 194/1037/884
f 184/39/37 149/1513/1313 1431/1514/1314
f 185/1518/1318 150/1515/1315 1432/1516/1316
f 151/1800/1501 186/1520/1320 1469/1517/1317
f 1470/1040/887 1434/1796/1497 196/1038/885
f 153/1521/1321 187/2564/38 1471/1522/1322
f 188/43/41 154/1523/1323 1436/1524/1324
f 121/1526/1326 155/1793/1494 1437/1525/1325
f 156/1792/1493 1453/447/412 158/1041/888
f 1451/2029/1667 160/33/31 1452/2039/1673
f 1474/1528/45 182/1505/1306 190/1530/47
f 1461/1499/1300 181/1502/1303 189/1527/44
f 1476/1532/1327 183/36/34 192/35/33
f 202/1545/67 1469/1517/1317 186/1520/1320
f 184/39/37 201/38/36 1467/1043/890
f 185/1518/1318 195/57/55 1468/37/35
f 124/2565/56 1438/32/30 122/1496/1297
f 1471/1522/1322 187/2564/38 197/2566/40
f 188/43/41 204/45/43 1472/41/39
f 121/1526/1326 123/1533/1328 1439/44/42
f 1480/1536/1330 1460/1498/1299 1473/2559/1945
f 1481/1046/892 189/46/44 205/48/46
f 199/2567/61 1476/1532/1327 192/35/33
f 1474/47/45 190/49/47 206/51/49
f 1475/50/48 191/1539/882 207/80/77
f 208/54/52 1465/34/32 193/52/50
f 1485/1543/895 195/57/55 211/56/54
f 1477/53/51 194/1037/884 200/2568/64
f 203/2569/1948 1479/1039/886 196/1038/885
f 1487/1051/897 197/2570/40 213/90/85
f 1441/1548/68 123/1533/1328 125/1547/72
f 1454/462/427 159/1042/889 1453/447/412
f 160/1550/31 1455/1053/899 1452/2059/1673
f 1440/1549/1329 126/60/58 1442/1055/901
f 1492/78/75 199/63/61 1502/62/60
f 198/59/57 1480/1551/1330 1498/1057/903
f 1493/81/78 200/66/64 209/65/63
f 212/68/66 1478/1554/53 202/69/67
f 1484/64/62 201/1552/36 210/86/82
f 214/71/69 1488/1555/891 204/72/43
f 203/2571/1948 1508/1059/905 1486/67/65
f 216/95/90 206/51/49 1500/77/74
f 125/75/72 127/74/71 1441/70/68
f 1454/2058/427 1456/1062/908 161/73/70
f 205/48/46 1499/94/89 1489/1047/893
f 217/1558/1334 208/83/52 1503/82/79
f 207/80/77 1501/79/76 1491/76/73
f 218/1557/1333 210/86/82 1505/85/81
f 1493/81/78 209/65/63 1504/1556/1332
f 1509/92/87 1496/1050/896 213/90/85
f 1494/84/80 211/89/54 1506/88/84
f 1495/87/83 212/68/66 1507/1575/1340
f 163/1052/898 1457/2096/1336 1455/1053/899
f 1497/91/86 214/71/69 221/2572/1949
f 1445/2573/1336 126/60/58 166/1561/909
f 128/1562/909 1498/1057/903 168/1563/909
f 129/1564/909 1499/94/89 1447/96/91
f 170/2574/909 1491/76/73 1501/79/76
f 216/95/90 1500/77/74 169/1063/909
f 171/1568/1337 1492/78/75 1502/62/60
f 172/2575/1337 217/1558/1334 1503/82/79
f 133/1569/1337 1504/1556/1332 173/1570/1337
f 1448/1572/1339 218/1557/1333 1505/85/81
f 135/1064/910 1506/88/84 174/1065/911
f 136/1573/1338 1507/1575/1340 175/2576/1338
f 176/1576/1338 219/1060/906 1508/1059/905
f 138/1577/1338 1509/92/87 177/1578/1341
f 1449/1579/1338 221/2572/1949 178/1580/1338
f 179/1582/1342 1444/1061/907 127/74/71
f 165/1583/1341 1456/1062/908 180/2075/1341
f 287/1585/1344 1538/2577/1950 1529/104/99
f 1447/96/91 1458/97/92 129/1564/909
f 1448/1572/1339 1459/1066/92 134/1571/1338
f 259/2578/1951 290/1589/1348 1511/1587/1346
f 291/1588/1347 260/100/95 1532/1586/1345
f 1534/111/106 1514/2579/1952 262/2580/1349
f 1513/1791/1492 261/1080/925 293/1079/924
f 263/2581/1953 296/1591/1350 1515/1594/1353
f 264/2582/1954 299/1596/1355 1516/1595/1354
f 235/1601/1359 1525/1868/1568 1526/1972/1628
f 1518/103/98 222/106/101 224/105/100
f 1568/418/387 1524/395/365 302/101/96
f 267/109/104 289/1599/1357 254/107/102
f 1530/2583/915 253/1598/914 266/2584/927
f 1540/117/112 255/1602/1360 270/2585/1373
f 1542/1604/1362 258/115/110 274/114/109
f 256/110/105 272/112/107 1533/1072/917
f 257/1074/919 273/1085/928 1536/1075/920
f 1529/104/99 1543/2586/114 265/1605/1363
f 1517/1078/923 223/1077/922 225/1087/129
f 1545/1608/117 259/2578/1951 268/1606/119
f 1546/1607/120 260/100/95 269/118/113
f 1548/1089/931 262/2587/1349 277/1090/932
f 1541/1081/926 261/1080/925 271/2588/124
f 1549/1610/1364 263/2581/1953 278/1612/1365
f 275/1613/1366 1537/113/108 264/2582/1954
f 1527/2589/389 235/1601/1359 1526/1972/1628
f 1518/1619/98 226/1615/1367 1520/1620/1369
f 303/1093/111 1569/1092/934 1568/2590/387
f 276/1617/1368 1543/119/114 1557/121/116
f 1552/1622/1370 267/124/104 1559/123/118
f 1544/120/115 266/1082/927 1558/1095/936
f 1562/2591/1955 1540/1625/112 270/1627/1373
f 268/125/119 1560/127/121 1545/122/117
f 1546/126/120 269/1624/113 1561/1096/937
f 1554/1626/1372 271/130/124 1563/129/123
f 1542/1631/1362 1566/132/126 1556/1629/1374
f 272/2592/107 1564/1097/938 1547/128/122
f 1550/1100/929 273/1630/928 1565/1098/939
f 1521/1633/1375 225/136/129 227/135/128
f 275/2593/1366 285/1101/941 1551/131/125
f 248/1636/1377 1549/1635/1364 278/2594/1365
f 1555/1091/933 277/1090/932 247/1102/942
f 237/147/140 1527/420/389 1528/2006/1644
f 1522/1639/1380 226/1615/1367 238/1637/1378
f 1748/1094/935 1570/2018/1656 1569/1092/934
f 239/138/131 276/1617/1368 1557/121/116
f 241/140/133 1552/1622/1370 1559/123/118
f 279/137/130 1558/1095/936 240/2595/1956
f 230/1642/1383 1562/2591/1955 244/1643/1384
f 1560/127/121 242/142/135 280/139/132
f 281/141/134 1561/1096/937 243/1641/1382
f 231/1644/1385 1563/129/123 245/144/137
f 233/1647/1388 1566/132/126 250/146/139
f 1564/1097/938 246/1645/1386 282/143/136
f 284/1099/940 1565/1098/939 249/1646/1387
f 252/148/141 1521/1633/1375 227/135/128
f 1567/145/138 285/1101/941 251/2596/1957
f 305/1674/1414 318/150/143 304/1650/1391
f 1591/1107/947 317/1933/1608 334/149/142
f 1611/1649/1390 1571/152/145 1618/154/147
f 1612/1653/1394 1573/155/148 340/157/150
f 1572/2597/1958 339/1108/948 320/153/146
f 1613/1654/1395 1576/2598/1595 343/1657/1398
f 322/156/149 1574/158/151 341/160/153
f 1575/1655/1396 342/1109/949 323/159/152
f 344/1682/1417 325/1658/1399 1577/1661/1402
f 345/1683/1418 326/1662/1403 1578/1663/1403
f 347/162/155 330/1666/1406 1580/163/156
f 1579/1665/1405 346/1111/951 329/1110/950
f 1584/1668/1408 1582/1671/1411 306/166/159
f 1581/2599/1598 348/1113/953 331/161/154
f 1622/1670/1410 338/1672/1412 356/1699/1426
f 337/1105/945 355/1114/954 1616/1106/946
f 333/167/160 1649/1947/1616 368/165/158
f 1585/168/161 305/1674/1414 307/2600/178
f 1592/1945/345 1591/1107/947 335/164/157
f 1625/170/163 1611/1649/1390 1618/154/147
f 359/172/165 1612/1653/1394 340/157/150
f 339/1108/948 350/1676/170 1619/169/162
f 1627/1678/174 343/1657/1398 360/1679/1415
f 1620/171/164 341/160/153 351/174/167
f 342/1109/949 352/1677/173 1621/173/166
f 353/2601/1959 1614/1659/1400 344/1682/1417
f 354/2602/1424 1615/1660/1401 345/1683/1418
f 1631/1684/1419 347/162/155 362/176/169
f 346/1111/951 361/1117/956 1623/1112/952
f 1584/1668/1408 308/184/177 1586/1685/958
f 1624/175/168 348/1113/953 357/2603/1427
f 358/186/179 1625/2604/163 1640/2605/1960
f 1641/2606/172 1619/169/162 350/1676/170
f 1620/1692/164 1642/2607/1961 1633/188/181
f 1643/182/175 1621/1691/166 352/180/173
f 1629/1693/1416 1645/2608/1962 1635/1694/1422
f 353/2609/1959 1644/1121/960 1628/1123/962
f 1646/2610/1963 1630/1697/955 355/2611/954
f 1647/2612/1964 1622/1670/1410 356/1699/1426
f 1639/192/183 357/1700/1427 367/2613/1965
f 369/183/176 1649/1947/1616 1650/1946/1615
f 1594/187/180 1585/1687/161 307/185/178
f 336/197/186 1593/372/343 1592/374/345
f 363/200/189 359/190/165 1598/189/182
f 1601/1702/1428 1627/181/174 360/2614/1415
f 1607/193/184 1631/1705/1419 362/191/169
f 1638/1126/957 361/1704/956 1606/1124/963
f 1596/1706/1430 358/186/179 1640/2605/1960
f 308/196/177 1609/195/185 1587/1120/959
f 310/2615/1431 1641/179/172 1597/201/190
f 311/1712/1435 1642/2607/1961 1599/1710/1433
f 312/1711/1434 1643/182/175 1600/203/192
f 313/1713/1436 1645/2608/1962 1603/1714/1437
f 365/1122/961 1644/1121/960 1602/2616/1966
f 314/1715/1438 1646/2610/1963 1604/1716/1439
f 315/2617/1440 1647/2618/1964 1605/1719/1441
f 1590/1721/1443 367/2613/1965 1608/1720/1442
f 1610/1869/1569 369/194/176 1650/1966/1615
f 1661/207/196 371/1813/1514 372/2619/1444
f 1678/1724/1446 1652/2620/1967 424/1725/1447
f 1651/1723/1445 423/1138/976 388/1137/975
f 1681/222/211 1653/1827/1528 425/1726/1448
f 1682/1728/1450 1654/208/197 426/210/199
f 428/1735/1456 395/1731/1452 1656/1733/1454
f 1655/2621/1533 427/1140/978 394/209/198
f 396/1835/1536 429/213/202 1684/1734/1455
f 398/2622/1968 431/1740/1461 1685/1737/1458
f 1658/1736/1457 430/1142/979 397/212/201
f 399/2623/1969 373/1741/1462 1662/1739/1460
f 400/205/194 1671/295/278 1669/276/259
f 1661/225/196 375/1149/985 1663/226/213
f 1676/1129/967 419/215/204 1689/217/206
f 1677/216/205 420/1130/968 433/1144/981
f 421/220/209 435/219/208 1679/1133/971
f 422/221/210 436/223/212 1680/218/207
f 449/1136/974 1717/261/244 1672/279/262
f 1691/1744/995 424/1725/1447 434/2624/1470
f 423/1138/976 441/1743/987 1686/1139/977
f 1681/222/211 437/1746/1463 1694/1747/1464
f 1682/1728/1450 442/2625/215 1695/1745/989
f 1696/235/220 428/2626/1456 443/245/230
f 1687/227/214 427/2627/978 438/237/222
f 1697/1750/1465 429/213/202 439/231/217
f 1698/1752/223 431/1740/1461 444/1753/233
f 1688/230/216 430/1142/979 440/1751/225
f 1664/1754/1466 373/1741/1462 374/1755/1467
f 1671/318/278 451/2628/1970 1718/316/294
f 1699/1757/1468 433/1758/981 1708/1759/1469
f 1689/2629/206 1707/1156/991 432/1158/980
f 1701/1761/1471 435/234/208 1710/233/219
f 434/1760/1470 1709/1159/993 1691/1161/995
f 1694/2630/1464 1712/1765/1473 1702/1763/1472
f 436/1762/212 1711/1162/996 1693/232/218
f 1687/227/214 1713/236/221 1704/241/226
f 1705/243/228 439/2631/217 1714/1766/1474
f 1688/1767/216 1715/239/224 1706/1768/1475
f 1666/246/231 374/1772/1467 376/1771/1476
f 402/1787/1489 1672/307/262 1673/309/289
f 448/251/236 443/245/230 414/244/229
f 1665/1150/986 375/1149/985 404/1163/997
f 1700/1152/988 441/1151/987 407/1165/999
f 1703/1155/990 442/228/215 412/242/227
f 1698/238/223 417/247/232 1716/253/238
f 451/2628/1970 1719/330/305 1718/316/294
f 1699/1757/1468 406/1777/1480 377/1775/1478
f 445/1157/992 1707/1156/991 405/1776/1479
f 1701/1761/1471 409/250/235 379/1778/1481
f 446/1160/994 1709/1159/993 408/1779/1482
f 380/1781/1484 1712/1765/1473 411/1782/1485
f 447/249/234 1711/1162/996 410/1780/1483
f 1704/241/226 413/252/237 382/1785/237
f 383/1786/1488 1714/1766/1474 415/1783/1486
f 384/1784/1487 1715/239/224 416/254/239
f 1668/1789/1491 376/1771/1476 418/1788/1490
f 402/1787/1489 1675/1908/1592 403/2632/1971
f 234/1600/1358 1610/1869/1569 1525/1868/1568
f 1589/1127/965 223/1077/922 300/1076/921
f 1608/1720/1442 299/1596/1355 1590/1721/1443
f 366/1703/1429 258/115/110 298/1603/1361
f 316/1125/964 257/1074/919 297/1073/918
f 315/2617/1440 1515/1594/1353 296/1591/1350
f 314/1715/1438 1514/2579/1952 295/1593/1352
f 313/1713/1436 256/110/105 294/1071/916
f 1602/2616/1966 293/1079/924 365/1122/961
f 1601/1702/1428 292/99/94 364/202/191
f 312/1711/1434 1512/98/93 291/1588/1347
f 311/1712/1435 1511/1587/1346 290/1589/1348
f 1598/189/182 289/1599/1357 363/200/189
f 1597/201/190 288/2633/913 310/2615/1431
f 1596/1706/1430 287/1585/1344 309/1709/1432
f 1594/187/180 286/102/97 1588/198/187
f 1595/199/188 1524/395/365 1593/372/343
f 156/1792/1493 1670/1135/973 1450/1842/1543
f 1720/262/245 155/1793/1494 1861/282/265
f 1721/1870/1570 154/1523/1323 474/1795/1496
f 1722/2634/242 153/1521/1321 475/266/249
f 1434/1796/1497 476/1797/1498 1723/264/247
f 1433/1519/1319 477/1799/1500 1724/1871/1571
f 1725/1874/1574 150/1515/1315 478/267/250
f 1726/268/251 149/1513/1313 479/270/253
f 1430/1801/1502 480/275/258 1727/271/254
f 1429/1802/1503 497/283/266 1728/273/256
f 1729/1168/1002 146/1510/1310 498/288/271
f 1730/1169/1003 145/1506/1307 499/291/274
f 1731/1878/1577 144/1503/1304 481/1805/1506
f 482/1806/1507 1425/2560/1946 143/1501/1302
f 1733/1171/1004 142/1497/1298 500/294/277
f 483/278/261 120/2558/1944 141/1494/1295
f 139/1495/1296 400/205/194 1669/276/259
f 1528/2006/1644 102/2557/1943 237/147/140
f 1748/1094/935 87/2546/1934 1570/2018/1656
f 385/206/195 1777/1814/1515 371/1813/1514
f 386/1128/966 1778/1815/1516 419/215/204
f 652/2027/1665 420/1130/968 387/1131/969
f 651/1817/1518 1651/1723/1445 388/1137/975
f 650/1818/1519 1652/2620/1967 389/2635/1972
f 390/1132/970 1782/1823/1524 421/220/209
f 391/1134/972 1783/1825/1526 422/221/210
f 392/1729/1451 1784/1828/1529 1653/1827/1528
f 393/1727/1449 1785/1830/1531 1654/208/197
f 394/209/198 1786/2636/1534 1655/2621/1533
f 644/1831/1532 1656/1733/1454 395/1731/1452
f 1657/211/200 643/2637/1973 1788/1836/1537
f 397/212/201 1789/1838/1539 1658/1736/1457
f 398/2622/1968 1790/1840/1541 1659/1738/1459
f 399/2623/1969 468/2020/1658 1660/1841/1542
f 470/1973/1629 1791/1845/1546 1913/1844/1545
f 1805/1970/1626 1792/392/362 1952/1235/1058
f 553/1240/1063 591/394/364 1793/390/360
f 1807/371/342 1794/1847/1548 552/1238/1061
f 1808/1969/1625 1795/1850/1551 551/1849/1550
f 581/377/348 588/2638/1549 1796/386/356
f 550/1853/1554 587/388/358 1797/1851/1552
f 1811/1852/1553 1798/384/354 580/375/346
f 1812/376/347 1799/1856/1557 549/1855/1556
f 1813/364/336 1800/1857/1558 548/1237/1060
f 547/1859/1560 584/1976/1632 1801/1860/1561
f 1815/2639/1974 1802/1242/1065 546/1862/1563
f 1816/2640/1975 1803/1863/1564 545/1864/1565
f 544/1236/1059 610/398/368 1804/2641/351
f 543/1867/1567 1953/380/350 469/1971/1627
f 334/149/142 1719/330/305 1674/1774/1477
f 1675/1908/1592 333/167/160 403/2632/1971
f 1868/280/263 474/1795/1496 1877/258/241
f 1869/2642/243 475/266/249 501/265/248
f 1870/1872/1572 477/1799/1500 503/1873/1573
f 476/1797/1498 502/1173/1006 1723/264/247
f 1871/1875/1575 478/267/250 504/269/252
f 1731/1878/1577 507/2643/1976 1874/289/272
f 479/270/253 505/272/255 1726/268/251
f 480/275/258 506/274/257 1727/271/254
f 1875/1876/1576 482/1806/1507 508/1879/1578
f 1734/1807/1508 485/277/260 1862/292/275
f 1728/273/256 513/285/268 1881/304/286
f 1861/282/265 1863/281/264 484/263/246
f 1882/2644/1583 1868/280/263 1877/258/241
f 1872/284/267 498/288/271 514/287/270
f 499/2645/274 515/2646/273 1873/2647/269
f 500/294/277 516/293/276 1876/1172/1005
f 1883/1179/1009 501/297/248 517/299/281
f 1870/1872/1572 510/1885/1580 1884/1883/1021
f 1878/1174/280 502/1173/1006 518/1882/1011
f 1871/1875/1575 511/301/283 1885/1884/1579
f 1888/1186/1015 507/2648/1976 520/1184/1013
f 1879/300/282 505/272/255 512/303/285
f 1880/302/284 506/274/257 519/305/287
f 1889/2649/1581 508/1879/1578 521/1890/1582
f 1864/1892/1016 485/277/260 487/306/288
f 1893/1894/1584 511/2650/283 1901/1895/1585
f 486/308/279 1863/312/264 1866/311/291
f 1882/1891/1583 1899/1189/1018 509/310/290
f 510/2651/1580 1900/1190/1019 1884/1192/1021
f 1879/1896/282 1902/1898/1587 1894/1897/1586
f 1881/1902/286 1903/1901/1589 1896/323/298
f 1897/1900/1588 514/315/270 1904/314/293
f 1889/1887/1581 1831/1906/1591 525/1904/1590
f 515/1177/273 1905/1193/1022 1887/313/292
f 516/1903/276 526/1194/1023 1890/1196/1008
f 1891/1180/1010 517/299/281 1821/321/297
f 518/1181/1011 1822/1198/1020 1892/320/296
f 1895/1183/1012 519/322/287 1826/324/299
f 1898/1185/1014 520/1184/1013 1830/1201/1027
f 491/1910/1594 1901/1895/1585 1824/1912/1397
f 1865/1188/1017 487/317/288 471/325/300
f 1866/311/291 1819/327/302 488/319/295
f 522/326/301 1899/1189/1018 1820/1907/1025
f 523/1191/1020 1900/1190/1019 1823/1909/1593
f 1894/1897/1586 1825/1913/1595 492/1911/1397
f 494/1916/1597 1903/1901/1589 1827/1915/1596
f 1897/1900/1588 1828/329/304 495/1914/1596
f 1914/1920/1600 527/333/308 1922/332/307
f 524/328/303 1905/1193/1022 1829/1917/1028
f 1906/1195/1024 526/1194/1023 1832/1918/1598
f 1907/2652/998 1908/1210/1036 472/1209/1035
f 558/336/311 1843/1924/309 529/334/309
f 528/1921/1030 557/1212/1038 1845/331/306
f 560/2653/1977 1841/1922/1601 531/1925/1601
f 530/2654/1978 559/1213/1039 1842/335/310
f 1919/1927/1604 533/337/237 562/339/312
f 532/2655/1979 561/1215/1041 1839/1214/1040
f 1920/1929/1605 535/1931/1607 564/2656/1980
f 534/2657/1981 563/1218/1044 1836/1217/1043
f 565/342/315 1834/1932/1607 536/340/313
f 1926/350/323 556/2658/1982 573/1935/1610
f 537/2659/1983 539/1220/1046 1833/341/314
f 554/345/318 568/344/317 1915/1205/1031
f 555/1207/1033 571/1222/1048 1918/1208/1034
f 1914/1920/1600 1935/347/320 566/1937/1049
f 538/1211/1037 1908/1210/1036 1910/1936/1611
f 569/349/322 1916/343/316 558/336/311
f 1923/346/319 557/1212/1038 567/2660/1984
f 1930/1938/1612 560/2653/1977 570/1940/327
f 1924/348/321 559/1213/1039 576/2661/337
f 577/351/324 1919/1927/1604 562/339/312
f 1925/1216/1042 561/1215/1041 572/359/332
f 1933/1941/1054 564/2656/1980 579/1942/1053
f 563/1218/1044 578/2662/340 1927/1219/1045
f 1934/1943/1056 565/342/315 574/353/326
f 541/2663/1624 1910/1936/1611 1912/2664/1985
f 1909/352/325 539/1220/1046 540/1944/1614
f 1936/360/333 567/2665/1984 1945/1949/1617
f 1937/1951/1618 568/2666/317 1946/1953/1619
f 1938/1955/1620 569/2667/322 1947/1956/1621
f 1940/363/335 570/354/327 1948/356/329
f 1941/1958/1622 572/2668/332 1950/379/331
f 1931/355/328 571/2669/1048 1949/1232/1055
f 1951/2670/1986 1926/350/323 573/1935/1610
f 1911/1963/1623 540/1964/1614 542/373/344
f 574/2671/326 582/1234/1057 1934/1233/1056
f 581/377/348 577/2672/324 1809/2673/339
f 1935/362/320 1817/361/334 575/1225/1050
f 576/365/337 1813/364/336 1939/1226/1051
f 543/1867/1567 1912/2674/1985 1818/1865/1566
f 1943/1229/1052 578/369/340 1807/371/342
f 1944/370/341 579/1230/1053 1806/1239/1062
f 1816/2640/1975 1936/360/333 1945/1949/1617
f 1815/2639/1974 1937/1951/1618 1946/1953/1619
f 1814/1858/1559 1938/1955/1620 1947/1956/1621
f 1812/376/347 1940/363/335 1948/356/329
f 1810/378/349 1941/1958/1622 1950/379/331
f 580/375/346 1949/1232/1055 1811/1852/1553
f 551/1849/1550 1951/2675/1986 1808/1969/1625
f 470/1973/1629 1911/1963/1623 542/373/344
f 582/1234/1057 1805/1970/1626 1952/1235/1058
f 1955/382/352 469/1971/1627 1953/380/350
f 1960/399/369 583/1861/1562 614/1974/1630
f 1962/402/372 584/1976/1632 615/1985/1638
f 616/2676/1987 1800/1857/1558 585/1854/1555
f 617/385/355 1799/1856/1557 586/383/353
f 1965/405/375 587/388/358 618/387/357
f 620/2677/1988 1795/1850/1551 589/1846/1547
f 1796/386/356 588/2638/1549 619/1243/1066
f 621/391/361 1794/1847/1548 590/389/359
f 1954/1980/1636 593/397/367 595/396/366
f 591/394/364 622/393/363 1793/390/360
f 1792/392/362 592/1843/1544 623/1245/1067
f 613/407/377 610/2678/368 1972/2679/370
f 627/406/376 1798/384/354 612/404/374
f 1961/1241/1064 611/401/371 625/403/373
f 596/1981/390 1955/382/352 1956/408/378
f 624/2680/1989 1960/399/369 614/1974/1630
f 632/2681/400 1962/402/372 615/1985/1638
f 1976/1984/1069 616/2676/1987 633/1987/403
f 1977/1988/1639 617/385/355 626/410/380
f 628/412/382 1965/1990/375 618/413/357
f 1979/1259/1080 620/2682/1988 629/1991/1640
f 619/2683/1066 634/1248/1070 1969/411/381
f 1980/1250/1072 621/2684/361 635/440/384
f 597/419/388 1954/1980/1636 595/396/366
f 1970/414/383 622/393/363 630/417/386
f 1971/416/385 623/1245/1067 636/2685/1074
f 1958/2008/1646 596/421/390 1956/1995/378
f 1989/424/393 613/1996/377 1972/425/370
f 1981/1998/1642 625/428/373 1991/427/395
f 624/2686/1989 1990/1255/1076 1973/423/392
f 1992/2012/1650 1977/2002/1639 626/2000/380
f 1984/1999/1643 627/431/376 1993/430/397
f 1996/2687/1990 1970/2004/383 630/2003/386
f 628/412/382 1994/1256/1077 1978/429/396
f 629/1991/1640 1995/1257/1078 1979/1259/1080
f 1753/433/399 1975/426/394 632/434/400
f 597/2005/388 599/1260/1081 1957/1262/1083
f 1749/2688/1991 598/422/391 1958/2008/1646
f 633/437/403 1754/436/402 1982/432/398
f 1985/1249/1071 634/1248/1070 1758/1264/1085
f 1986/1251/1073 635/440/384 1760/439/405
f 1988/1253/1075 636/1252/1074 1762/1267/1088
f 1750/442/407 631/1994/1641 1989/424/393
f 602/2010/1648 1991/427/395 1752/444/409
f 637/441/406 1990/1255/1076 1751/2689/1992
f 604/2013/1651 1992/2012/1650 1755/2690/1993
f 1756/446/411 1984/1999/1643 1993/430/397
f 608/2017/1655 1996/2687/1990 1761/2016/1654
f 1994/1256/1077 1757/2014/1652 639/445/410
f 1995/1257/1078 1759/2015/1653 640/1258/1079
f 1998/452/417 468/2020/1658 1997/1839/1540
f 1959/1261/1082 599/1260/1081 466/2019/1657
f 2010/450/415 641/1837/1538 2023/463/428
f 676/455/420 1789/1838/1539 642/2691/1994
f 2012/453/418 643/2637/1973 683/2022/1660
f 1787/1834/1535 677/456/421 2013/2023/1661
f 684/2033/1669 1786/2636/1534 645/1829/1530
f 678/2692/1995 1785/1830/1531 646/1826/1527
f 685/468/433 1784/1828/1529 647/1824/1525
f 686/1272/1093 1783/1825/1526 648/1822/1523
f 2018/1273/1094 649/1821/1522 687/1274/1095
f 1781/1820/1521 679/2026/1664 2019/2025/1663
f 2020/1278/1099 651/1817/1518 689/1276/1097
f 2021/1284/1105 652/2027/1665 680/459/424
f 681/2693/1996 1778/1815/1516 653/2694/1513
f 656/2030/1668 1777/1814/1515 654/1808/1509
f 657/449/414 1998/452/417 2000/451/416
f 2024/464/429 676/455/420 682/454/419
f 2025/2032/1101 677/456/421 693/458/423
f 2026/2034/1102 678/2692/1995 695/2031/436
f 688/2695/1997 2019/2025/1663 679/2026/1664
f 2001/2696/1672 656/2030/1668 658/2040/1674
f 2021/1284/1105 680/459/424 699/461/426
f 681/2693/1996 690/2036/1671 2022/460/425
f 2042/465/430 2010/450/415 2023/463/428
f 657/449/414 2000/451/416 2003/2697/446
f 692/2044/1675 2012/453/418 683/2022/1660
f 2024/464/429 682/454/419 701/2698/1108
f 694/2045/1676 2014/2046/422 684/2699/1669
f 696/467/432 2027/1269/1090 685/468/433
f 697/2050/439 2029/1275/1096 687/1274/1095
f 686/1272/1093 704/2047/1109 2028/466/431
f 2038/2051/440 688/2695/1997 705/2052/1677
f 698/2700/1683 2031/1277/1098 689/1276/1097
f 2041/478/442 690/2701/1671 707/2054/1678
f 659/2060/1680 2001/2055/1672 658/2061/1674
f 702/470/435 2033/1279/1100 693/471/423
f 692/2702/1675 2050/1293/1111 2032/1294/1112
f 2053/474/438 2035/1282/1103 695/472/436
f 2034/469/434 694/2045/1676 703/489/451
f 706/479/443 2040/2066/1104 699/480/426
f 2036/473/437 696/2063/432 2054/1295/1113
f 697/475/439 2056/477/441 2037/1297/1115
f 698/2065/1683 2058/1299/1117 2039/1301/1119
f 2004/1302/1120 659/2060/1680 662/1303/1121
f 661/2067/1684 2003/483/446 2005/482/445
f 709/2069/1686 703/489/451 2052/488/450
f 2042/486/430 2048/485/448 700/481/444
f 701/1288/1108 2049/490/452 2043/484/447
f 2044/2062/1681 702/470/435 2051/2068/1685
f 2055/2703/1998 2046/1291/1110 704/1290/1109
f 2057/2072/1688 2038/476/440 705/2071/1677
f 715/2704/1999 2041/478/442 707/2054/1678
f 706/479/443 2059/2705/2000 2047/2064/1682
f 1847/2706/1341 661/2067/1684 2005/482/445
f 664/2076/1341 2048/485/448 1848/2707/2001
f 665/2077/1124 2049/490/452 2008/492/454
f 666/2078/1123 2051/2068/1685 1851/2080/1123
f 708/491/453 2050/1293/1111 1850/1305/1123
f 667/2081/1124 2052/488/450 1852/2082/1692
f 668/2083/1693 2053/474/438 1853/2084/1692
f 669/2085/1692 2054/1295/1113 1854/2086/1692
f 670/2087/1692 2055/2703/1998 1855/2088/1692
f 671/2089/1125 2056/477/441 1856/2090/1692
f 1857/2708/1125 713/2073/1689 2057/2072/1688
f 2009/494/455 714/1300/1118 2058/1299/1117
f 674/495/456 2059/2705/2000 1859/1307/1125
f 675/2093/1125 715/2704/1999 1860/2094/1336
f 473/2097/1336 2006/1304/1122 662/1303/1121
f 1364/2100/1695 1763/2103/1697 717/2098/1694
f 2008/492/454 1849/1306/1124 665/2077/1124
f 2009/494/455 1858/493/92 673/2092/1125
f 718/2102/1696 2063/2709/1225 1764/2104/1698
f 1367/2105/1224 1765/2109/1701 719/2106/1699
f 720/2108/1700 2065/2710/1230 1766/2110/1702
f 721/2112/1703 2066/1426/1233 1767/2113/1704
f 722/2114/1705 2067/1427/1234 1768/2116/1707
f 723/2115/1706 2068/2540/1238 1769/1810/1511
f 724/1811/1512 2069/2711/1241 1770/2118/1708
f 1373/2119/1240 1771/2123/1711 725/2120/1709
f 1374/2712/1930 1772/2124/1712 726/2122/1710
f 727/2126/1714 2072/1443/1246 1773/2127/1715
f 1376/1442/1245 1774/2130/1718 728/2128/1716
f 1377/2543/1931 1775/2131/1719 729/2129/1717
f 730/2133/1721 731/1448/1251 1776/2135/1379
f 1379/2544/1932 467/2138/1724 2062/2134/1722
f 2075/501/462 459/496/457 1747/499/460
f 733/504/464 1747/499/460 1746/502/460
f 734/507/467 1746/502/460 1745/505/465
f 2078/506/466 1744/2140/1726 735/2142/1728
f 2079/2141/1727 1743/2143/1726 736/2145/1730
f 2080/2144/1729 1735/2146/1731 737/2148/1733
f 2081/2147/1732 458/2149/1734 738/2151/1736
f 2082/2150/1735 1742/508/468 739/510/470
f 740/513/472 1742/508/468 1741/511/468
f 741/516/474 1741/511/468 1740/514/468
f 742/519/477 1740/514/468 1739/517/475
f 743/2154/1738 1739/517/475 1738/2152/475
f 2087/2153/1737 1737/2155/1739 744/2157/1741
f 2088/2156/1740 1736/2158/1742 745/2160/1744
f 2089/2159/1743 36/2161/1742 746/2163/1746
f 2090/2164/1747 732/497/458 2075/501/462
f 2076/500/461 766/2166/1749 2109/2165/1748
f 767/2713/2002 2077/503/463 734/507/467
f 768/2714/2003 2078/506/466 735/2142/1728
f 2112/2169/1752 736/2145/1730 769/2715/2004
f 770/2171/1754 2080/2144/1729 737/2148/1733
f 771/2201/1784 2081/2147/1732 738/2151/1736
f 2115/2173/1756 739/510/470 772/2175/1758
f 773/2716/2005 2083/509/469 740/513/472
f 774/2177/1760 2084/512/471 741/516/474
f 775/2717/2006 2085/515/473 742/519/477
f 776/2718/2007 2086/518/476 743/2154/1738
f 2120/2180/1763 744/2157/1741 777/2181/1764
f 2121/2182/1765 745/2160/1744 778/2183/1766
f 2091/2184/1767 746/2163/1746 748/2185/1768
f 2092/2189/1772 747/2139/1725 2090/2164/1747
f 2122/2219/1802 2109/2165/1748 766/2166/1749
f 780/2191/1774 767/2713/2002 2123/2192/1775
f 2111/2168/1751 2124/2194/1777 781/2193/1776
f 782/2195/1778 769/2715/2004 2125/2196/1779
f 783/2197/1780 770/2171/1754 2126/2198/1781
f 2127/2719/2008 2114/2172/1755 771/2201/1784
f 2128/2720/2009 2115/2173/1756 772/2175/1758
f 786/2202/1785 773/2716/2005 2129/2203/1786
f 787/2204/1787 774/2177/1760 2130/2205/1788
f 788/2206/1789 775/2717/2006 2131/2207/1790
f 2132/2209/1792 2119/2179/1762 776/2718/2007
f 2133/2234/1817 2120/2180/1763 777/2181/1764
f 791/2212/1795 2121/2182/1765 778/2183/1766
f 2093/2213/1796 748/2185/1768 750/2214/1797
f 2094/2721/1824 749/2188/1771 2092/2189/1772
f 2096/2722/1825 779/2190/1773 2122/2219/1802
f 2097/2248/1826 780/2191/1774 2123/2192/1775
f 755/2220/1803 2124/2194/1777 2098/2249/1827
f 756/2221/1804 2125/2196/1779 2099/2250/1828
f 2100/2251/1829 783/2197/1780 2126/2198/1781
f 758/2223/1806 2127/2719/2008 2101/2224/1807
f 759/2225/1808 2128/2720/2009 2102/2226/1809
f 786/2202/1785 2103/2228/1811 760/2227/1810
f 787/2204/1787 2104/2723/1830 761/2229/1812
f 2105/2724/1831 788/2206/1789 2131/2207/1790
f 2106/2261/1832 789/2208/1791 2132/2209/1792
f 2107/2262/1833 790/2210/1793 2133/2234/1817
f 765/2233/1816 791/2212/1795 2108/2235/1818
f 2095/2236/1819 750/2214/1797 752/2238/1821
f 106/2725/1256 2094/2243/1824 70/2726/1257
f 753/2244/1800 1413/2246/1260 107/2242/1823
f 108/2548/1935 2097/2248/1826 1414/1462/1263
f 755/2220/1803 1415/2727/2010 109/2549/1936
f 756/2221/1804 1416/1468/1269 110/1466/1267
f 757/2222/1805 103/27/25 111/1030/878
f 758/2223/1806 1417/2550/1937 112/25/23
f 759/2225/1808 104/30/28 113/1032/880
f 760/2728/1810 1418/2729/1938 114/2730/26
f 761/2254/1812 1419/2731/1939 115/2252/1274
f 762/2257/1813 1420/2732/1940 116/2255/1278
f 117/2258/1281 2106/2733/1832 1421/2734/1283
f 118/2554/1941 2107/2262/1833 1422/1485/1286
f 119/2555/1942 2108/2235/1818 105/1488/1289
f 2095/2265/1819 71/2268/1292 1423/2263/1834
f 1158/869/240 1162/866/749 1737/2155/1739
f 1162/866/749 1342/1/1 36/2161/1742
f 36/2161/1742 1736/2158/1742 1162/866/749
f 1158/869/240 1737/2155/1739 1738/2152/475
f 1736/2158/1742 1737/2155/1739 1162/866/749
f 1157/865/240 1738/2152/475 1739/517/475
f 1739/517/475 1740/514/468 1170/868/240
f 1740/514/468 1741/511/468 1170/868/240
f 1741/511/468 1742/508/468 1169/256/240
f 1170/868/240 1741/511/468 1169/256/240
f 1742/508/468 458/2149/1734 1012/257/240
f 458/2149/1734 1010/693/620 1011/2373/240
f 458/2149/1734 1011/2373/240 1012/257/240
f 1739/517/475 1170/868/240 1157/865/240
f 1738/2152/475 1157/865/240 1158/869/240
f 1013/696/240 452/707/7 1134/2432/7
f 1742/508/468 1012/257/240 1169/256/240
f 1012/257/240 1013/696/240 1153/2437/1734
f 1012/257/240 1153/2437/1734 1168/255/240
f 1013/696/240 1134/2432/7 1153/2437/1734
f 1877/258/241 474/1795/1496 1722/259/242
f 803/520/478 804/2405/1892 805/521/479
f 819/523/481 820/2735/1878 941/524/482
f 834/526/484 833/2497/1914 835/527/485
f 895/557/515 894/2736/1866 891/558/516
f 16/1332/1143 1/6/6 2/5/5
f 44/1334/1145 1308/9/9 3/8/8
f 45/1336/1147 1309/12/11 4/11/10
f 1384/1338/1149 46/2518/1920 1310/1310/1127
f 1385/1339/1150 47/1368/1179 1311/1313/1129
f 48/1340/1151 1312/1316/1131 7/1315/1130
f 1387/1342/1153 49/2519/1921 1313/1319/1134
f 50/1343/1154 1314/15/14 9/14/13
f 1389/1345/1156 51/1376/1187 1315/18/17
f 52/1346/1157 1316/21/19 11/20/18
f 53/1348/1159 1317/24/22 12/23/21
f 54/1350/1161 1318/1322/1136 13/1321/1135
f 1393/1352/1163 55/2520/1922 1319/1325/1138
f 56/1353/1164 1320/1328/1140 15/1327/1139
f 17/1355/1166 1321/1331/1142 37/1330/1141
f 40/1357/1168 38/2079/1691 1322/1358/1169
f 18/1360/1171 16/1332/1143 1381/1333/1144
f 58/1362/1173 1394/2522/1924 44/1334/1145
f 45/1336/1147 1383/1337/1148 59/1363/1174
f 1396/1365/1176 46/2518/1920 1384/1338/1149
f 61/1367/1178 1397/1393/1204 47/1368/1179
f 48/1340/1151 1386/1341/1152 62/1369/1180
f 1399/1371/1182 49/2519/1921 1387/1342/1153
f 1400/1373/1184 50/1343/1154 1388/1344/1155
f 65/1375/1186 1401/2523/1925 51/1376/1187
f 66/1377/1188 1402/2524/1926 52/1346/1157
f 67/1378/1189 1403/1402/1213 53/1348/1159
f 68/1379/1190 1404/1404/1215 54/1350/1161
f 1405/1380/1191 55/2520/1922 1393/1352/1163
f 56/1353/1164 1323/1354/1165 1325/1382/1193
f 19/1384/1195 17/1355/1166 39/1356/1167
f 1324/1359/1170 1326/2525/1220 42/1386/1197
f 22/1387/1198 20/2526/1223 18/1360/1171
f 1328/1388/1199 1394/2522/1924 58/1362/1173
f 24/1390/1201 1329/2527/1227 1395/1364/1175
f 25/1391/1202 1330/2528/1228 1396/1365/1176
f 26/1392/1203 1331/1424/1231 1397/1393/1204
f 27/1394/1205 1332/1428/1235 1398/1370/1181
f 28/1395/1206 1333/2529/1236 1399/1371/1182
f 29/1396/1207 1334/2530/1239 1400/1373/1184
f 1335/1397/1208 1401/2523/1925 65/1375/1186
f 1336/1399/1210 1402/2524/1926 66/1377/1188
f 32/1401/1212 1337/1441/1244 1403/1402/1213
f 33/1403/1214 1338/1445/1248 1404/1404/1215
f 1340/1405/1216 1339/1447/1250 1405/1380/1191
f 1327/1406/1217 34/1449/1252 69/1383/1194
f 19/1384/1195 41/1385/1196 43/1407/1218
f 1326/1409/1220 1364/2533/1695 1411/1410/1221
f 22/1412/1198 1366/2534/1927 2061/1413/1222
f 1328/1415/1199 23/2737/1200 1367/1416/1224
f 24/1418/1201 1368/2535/1928 2064/1419/1226
f 1330/1421/1228 25/2537/1202 1369/1422/1229
f 1331/1424/1231 26/1392/1203 1370/1425/1232
f 27/1394/1205 1371/2539/1929 2067/1427/1234
f 1333/1429/1236 28/2541/1206 1372/1430/1237
f 1334/1432/1239 29/2738/1207 1373/1433/1240
f 30/1435/1209 1374/2542/1930 2070/1436/1242
f 31/1438/1211 1375/2739/1713 2071/1439/1243
f 1337/1441/1244 32/1401/1212 1376/1442/1245
f 33/1403/1214 1377/2543/1931 2073/1444/1247
f 1340/1405/1216 1378/2132/1720 2074/1446/1249
f 1327/1406/1217 1379/2544/1932 731/1448/1251
f 43/1450/1218 1380/2545/1933 716/1451/1253
f 1408/1453/1254 87/2546/1934 84/1454/1255
f 70/1456/1257 107/2740/1823 72/1457/1258
f 1413/1459/1260 108/2548/1935 73/1460/1261
f 1414/1462/1263 109/2549/1936 74/1463/1264
f 90/1465/1266 1415/2727/2010 110/1466/1267
f 1416/1468/1269 111/1030/878 76/1029/877
f 93/1470/1271 1417/2550/1937 113/1032/880
f 95/1472/1273 1418/2551/1938 115/1473/1274
f 96/1476/1277 1419/2552/1939 116/1477/1278
f 97/1479/1280 1420/2553/1940 117/1480/1281
f 1421/1482/1283 118/2554/1941 83/1483/1284
f 1422/1485/1286 119/2555/1942 1410/1486/1287
f 105/1488/1289 1423/2741/1834 1409/1489/1290
f 71/1491/1292 1365/2556/1835 85/1492/1293
f 141/1494/1295 1438/32/30 157/31/29
f 122/1496/1297 120/2558/1944 142/1497/1298
f 1461/1499/1300 1473/2559/1945 1424/1500/1301
f 181/1502/1303 1425/2560/1946 144/1503/1304
f 182/1505/1306 1426/1803/1504 145/1506/1307
f 1464/1508/1308 191/1531/882 1427/1509/1309
f 183/36/34 1428/2563/1947 147/1511/1311
f 193/52/50 1429/1802/1503 148/1512/1312
f 194/1037/884 1430/1801/1502 149/1513/1313
f 1468/37/35 184/39/37 1431/1514/1314
f 1432/1516/1316 151/1800/1501 1469/1517/1317
f 1433/1519/1319 152/1798/1499 1470/1040/887
f 196/1038/885 1434/1796/1497 153/1521/1321
f 187/40/38 1435/1794/1495 154/1523/1323
f 1436/1524/1324 155/1793/1494 1439/44/42
f 1437/1525/1325 156/1792/1493 158/1041/888
f 189/1527/44 181/1502/1303 1462/1504/1305
f 182/1505/1306 1463/1507/881 1475/1529/48
f 195/57/55 185/1518/1318 1469/1517/1317
f 1479/1039/886 202/1545/67 186/1520/1320
f 123/1533/1328 121/1526/1326 158/1041/888
f 198/1534/57 124/2565/56 122/1496/1297
f 1480/1536/1330 1473/2559/1945 1461/1499/1300
f 1482/1538/1331 207/80/77 191/1539/882
f 1483/1541/59 199/2567/61 192/35/33
f 1484/1044/62 200/2568/64 194/1037/884
f 1487/1542/897 203/2569/1948 196/1038/885
f 1488/1555/891 213/90/85 197/2570/40
f 123/1533/1328 159/1042/889 161/1546/70
f 1440/1549/1329 1442/1055/901 162/1054/900
f 1489/1047/893 1498/1057/903 1480/1551/1330
f 1494/84/80 210/86/82 201/1552/36
f 1508/1059/905 203/2571/1948 1487/1051/897
f 1443/1056/902 163/1052/898 162/1054/900
f 1499/94/89 205/48/46 1490/1048/894
f 1504/1556/1332 209/65/63 1484/64/62
f 219/1060/906 1507/1575/1340 212/68/66
f 1444/1061/907 221/2572/1949 214/71/69
f 1443/1056/902 1445/2573/1336 167/1560/1336
f 166/1561/909 126/60/58 215/1058/904
f 168/1563/909 1498/1057/903 1489/1047/893
f 130/1565/909 169/1063/909 1500/77/74
f 131/1566/1337 170/2574/909 1501/79/76
f 1502/62/60 217/1558/1334 132/1567/1337
f 133/1569/1337 172/2575/1337 1503/82/79
f 173/1570/1337 1504/1556/1332 218/1557/1333
f 1448/1572/1339 1505/85/81 1494/84/80
f 174/1065/911 1506/88/84 1495/87/83
f 137/1574/1338 175/2576/1338 1507/1575/1340
f 176/1576/1338 1508/1059/905 220/1559/1335
f 177/1578/1341 1509/92/87 1497/91/86
f 178/1580/1338 221/2572/1949 1444/1061/907
f 179/1582/1342 127/74/71 164/93/88
f 1530/1070/915 1538/2577/1950 1510/1584/1343
f 1532/1586/1345 259/2578/1951 1511/1587/1346
f 261/1080/925 1513/1791/1492 294/1071/916
f 262/1590/1349 1514/2742/1952 296/1591/1350
f 1536/1075/920 263/2581/1953 1515/1594/1353
f 1517/1078/923 264/2582/1954 1516/1595/1354
f 1539/1597/1356 266/2584/927 253/1598/914
f 1541/1081/926 270/2585/1373 255/1602/1360
f 273/1085/928 257/1074/919 298/1603/1361
f 1543/119/114 1538/2743/1950 1530/1083/915
f 268/1606/119 259/2578/1951 1532/1586/1345
f 1547/1084/122 271/2588/124 261/1080/925
f 277/1609/932 262/1590/1349 1535/1592/1351
f 278/1612/1365 263/2581/1953 1536/1075/920
f 275/1613/1366 264/2582/1954 1517/1078/923
f 226/1615/1367 224/2744/100 265/1616/1363
f 1558/1095/936 266/1082/927 1539/1621/1356
f 1553/1623/1371 1561/1096/937 269/1624/113
f 1554/1626/1372 1562/2591/1955 270/1627/1373
f 1564/1097/938 272/2592/107 1548/1089/931
f 1556/1629/1374 1565/1098/939 273/1630/928
f 285/1101/941 275/2593/1366 1519/1632/930
f 283/1634/1376 247/1102/942 277/1090/932
f 248/1636/1377 278/2594/1365 1550/1100/929
f 238/1637/1378 226/1615/1367 276/1617/1368
f 229/1640/1381 240/2595/1956 1558/1095/936
f 243/1641/1382 1561/1096/937 1553/1623/1371
f 244/1643/1384 1562/2591/1955 1554/1626/1372
f 246/1645/1386 1564/1097/938 1555/1091/933
f 249/1646/1387 1565/1098/939 1556/1629/1374
f 1523/1648/1389 251/2596/1957 285/1101/941
f 1611/1649/1390 305/1674/1414 304/1650/1391
f 339/1108/948 1572/2597/1958 321/1652/1393
f 1613/1654/1395 342/1109/949 1575/1655/1396
f 343/1657/1398 1576/2598/1595 325/1658/1399
f 1615/1660/1401 344/1682/1417 1577/1661/1402
f 1616/1106/946 345/1683/1418 1578/1663/1403
f 1617/1664/1404 346/1111/951 1579/1665/1405
f 348/1113/953 1581/2599/1598 332/1667/1407
f 355/1114/954 337/1105/945 328/1669/1409
f 1623/1112/952 356/1699/1426 338/1672/1412
f 349/1673/1413 307/2600/178 305/1674/1414
f 339/1108/948 1612/1653/1394 1626/1675/171
f 352/1677/173 342/1109/949 1613/1654/1395
f 360/1679/1415 343/1657/1398 1614/1659/1400
f 1629/1681/1416 353/2601/1959 344/1682/1417
f 1630/1115/955 354/2602/1424 345/1683/1418
f 361/1117/956 346/1111/951 1617/1664/1404
f 1586/1685/958 357/2603/1427 348/1113/953
f 1632/1707/1420 1640/2605/1960 1625/2604/163
f 1634/1689/1421 1642/2607/1961 351/1690/167
f 1644/1121/960 353/2609/1959 1629/1693/1416
f 1636/1695/1423 1645/2608/1962 354/1696/1424
f 1637/1717/1425 1646/2610/1963 355/2611/954
f 1638/1118/957 1647/2612/1964 356/1699/1426
f 1587/1120/959 367/2613/1965 357/1700/1427
f 1601/1702/1428 360/2614/1415 1628/1123/962
f 366/1703/1429 1606/1124/963 361/1704/956
f 1596/1706/1430 1640/2605/1960 1632/1707/1420
f 1599/1710/1433 1642/2607/1961 1634/1689/1421
f 313/1713/1436 1602/2616/1966 1644/1121/960
f 1603/1714/1437 1645/2608/1962 1636/1695/1423
f 1604/1716/1439 1646/2610/1963 1637/1717/1425
f 1605/1719/1441 1647/2618/1964 1638/1126/957
f 1608/1720/1442 367/2613/1965 1587/1120/959
f 372/1722/1444 371/2745/1514 386/1128/966
f 1651/1723/1445 389/2635/1972 1678/1724/1446
f 424/1725/1447 1652/2620/1967 390/1132/970
f 425/1726/1448 1653/1827/1528 393/1727/1449
f 427/1730/978 1655/1832/1533 395/1731/1452
f 1656/1733/1454 396/1835/1536 1684/1734/1455
f 1658/1736/1457 398/2622/1968 1685/1737/1458
f 1659/1738/1459 399/2623/1969 1662/1739/1460
f 373/1741/1462 1660/1841/1542 1670/1135/973
f 433/1144/981 420/1130/968 388/1137/975
f 372/1742/1444 1676/2746/967 432/1158/980
f 441/1743/987 423/1138/976 1678/1724/1446
f 1692/1146/983 434/2624/1470 424/1725/1447
f 425/1726/1448 1682/1728/1450 1695/1745/989
f 438/237/222 427/2627/978 1683/1748/1453
f 443/245/230 428/2626/1456 1684/2747/1455
f 440/1751/225 430/1142/979 1685/1737/1458
f 444/1753/233 431/1740/1461 1662/1739/1460
f 374/1755/1467 373/1741/1462 449/1136/974
f 1665/1150/986 451/2628/1970 450/224/203
f 1707/1156/991 1689/2629/206 1690/1756/982
f 433/1758/981 1686/1153/977 1700/1152/988
f 434/1760/1470 1692/2748/983 1701/1761/1471
f 436/1762/212 1694/2630/1464 1702/1763/1472
f 437/1764/1463 1695/1154/989 1703/1155/990
f 1714/1766/1474 439/2631/217 1688/1767/216
f 401/1770/984 402/1787/1489 376/1771/1476
f 404/1163/997 375/1149/985 432/1158/980
f 441/1151/987 1691/1161/995 446/1160/994
f 1674/1774/1477 451/2628/1970 1665/1150/986
f 1707/1156/991 1699/1757/1468 377/1775/1478
f 1708/1759/1469 1700/1152/988 378/1166/1000
f 1709/1159/993 1701/1761/1471 379/1778/1481
f 410/1780/1483 1711/1162/996 1702/1763/1472
f 411/1782/1485 1712/1765/1473 1703/1155/990
f 415/1783/1486 1714/1766/1474 1706/1768/1475
f 402/1787/1489 403/2632/1971 418/1788/1490
f 234/1600/1358 223/1077/922 1609/195/185
f 1516/1595/1354 1608/1720/1442 1589/1127/965
f 258/115/110 1607/193/184 1590/1721/1443
f 298/1603/1361 257/1074/919 1606/1124/963
f 297/1073/918 1515/1594/1353 1605/1719/1441
f 296/1790/1350 1514/2579/1952 1604/1716/1439
f 295/1593/1352 256/110/105 1603/1714/1437
f 1513/1791/1492 1602/2616/1966 313/1713/1436
f 293/1079/924 255/1602/1360 1601/1702/1428
f 1512/98/93 1600/203/192 364/202/191
f 1511/1587/1346 1599/1710/1433 312/1711/1434
f 290/1589/1348 254/107/102 1598/189/182
f 253/1598/914 1597/201/190 363/200/189
f 1510/1584/1343 1596/1706/1430 310/1708/1431
f 222/106/101 1594/187/180 309/1709/1432
f 1588/198/187 286/102/97 301/1067/912
f 1437/1525/1325 1720/262/245 1717/261/244
f 1436/1524/1324 1721/1870/1570 1861/282/265
f 1435/1794/1495 1722/259/242 474/1795/1496
f 1434/1796/1497 1723/264/247 475/266/249
f 1433/1519/1319 1724/1871/1571 476/1797/1498
f 1432/1516/1316 1725/1874/1574 477/1799/1500
f 1431/1514/1314 1726/268/251 478/267/250
f 1430/1801/1502 1727/271/254 479/270/253
f 1429/1802/1503 1728/273/256 480/275/258
f 147/1511/1311 1428/2563/1947 1729/1168/1002
f 1427/1509/1309 1730/1877/1003 498/288/271
f 1426/1803/1504 1731/1878/1577 499/291/274
f 144/1503/1304 1425/2560/1946 1732/1804/1505
f 1424/1500/1301 1733/1171/1004 482/1806/1507
f 142/1497/1298 120/2558/1944 1734/1807/1508
f 141/1494/1295 139/1495/1296 1669/276/259
f 1353/1320/592 1356/1329/606 1355/1326/606
f 1186/899/620 454/906/7 1353/1320/592
f 1353/1320/592 1352/22/20 1184/903/620
f 1352/22/20 1351/19/15 453/904/620
f 1353/1320/592 1185/898/620 1186/899/620
f 1351/19/15 1350/16/15 453/904/620
f 1350/16/15 1349/13/12 1198/915/592
f 1200/2460/7 1348/1317/1132 1199/2457/620
f 1349/13/12 1348/1317/1132 1201/916/620
f 1348/1317/1132 1347/1314/711 1199/2457/620
f 1199/2457/620 1347/1314/711 1225/937/620
f 1347/1314/711 1346/1311/711 1225/937/620
f 1346/1311/711 1345/1308/4 1225/937/620
f 1345/1308/4 1344/10/7 1224/936/620
f 1344/10/7 1343/7/7 1224/936/620
f 1345/1308/4 1224/936/620 1225/937/620
f 1343/7/7 1407/4/4 1223/2474/620
f 1407/4/4 1222/933/7 1223/2474/620
f 1348/1317/1132 1200/2460/7 1201/916/620
f 1185/898/620 1353/1320/592 1184/903/620
f 1184/903/620 1352/22/20 453/904/620
f 1343/7/7 1223/2474/620 1224/936/620
f 1198/915/592 453/904/620 1350/16/15
f 996/674/606 1010/693/620 1744/2140/1726
f 1010/693/620 458/2149/1734 1735/2146/1731
f 1735/2146/1731 1743/2143/1726 1010/693/620
f 996/674/606 1744/2140/1726 1745/505/465
f 1743/2143/1726 1744/2140/1726 1010/693/620
f 997/675/595 1745/505/465 1746/502/460
f 1746/502/460 1747/499/460 1000/670/606
f 1747/499/460 459/496/457 995/671/595
f 459/496/457 1356/1329/606 983/657/595
f 1747/499/460 995/671/595 1000/670/606
f 1356/1329/606 1353/1320/592 982/656/595
f 1353/1320/592 465/2366/7 455/2360/592
f 1353/1320/592 455/2360/592 991/653/592
f 1746/502/460 1000/670/606 997/675/595
f 1745/505/465 997/675/595 996/674/606
f 1353/1320/592 991/653/592 982/656/595
f 995/671/595 459/496/457 983/657/595
f 1025/706/4 465/2366/7 454/906/7
f 465/2366/7 1353/1320/592 454/906/7
f 463/710/4 464/709/4 1125/810/711
f 464/709/4 1024/704/4 460/941/4
f 460/941/4 1024/704/4 1217/942/4
f 1024/704/4 1025/706/4 1217/942/4
f 1025/706/4 454/906/7 1217/942/4
f 460/941/4 456/2475/4 462/811/4
f 1134/2432/7 452/707/7 1126/831/4
f 452/707/7 463/710/4 1126/831/4
f 464/709/4 460/941/4 462/811/4
f 1125/810/711 464/709/4 462/811/4
f 1113/2418/4 462/811/4 456/2475/4
f 1125/810/711 1126/831/4 463/710/4
f 456/2475/4 461/2482/4 457/821/4
f 461/2482/4 1222/933/7 1142/822/4
f 1222/933/7 1407/4/4 1141/846/4
f 1407/4/4 1342/1/1 1140/843/4
f 1342/1/1 1162/866/749 1156/862/748
f 1342/1/1 1156/862/748 1140/843/4
f 1113/2418/4 456/2475/4 457/821/4
f 1407/4/4 1140/843/4 1150/840/4
f 1142/822/4 457/821/4 461/2482/4
f 1407/4/4 1150/840/4 1141/846/4
f 101/1493/1294 85/1492/1293 600/2009/1647
f 85/1492/1293 1528/2006/1644 600/2009/1647
f 600/2009/1647 1749/2688/1991 101/1493/1294
f 1749/2688/1991 601/2007/1645 1409/1489/1290
f 601/2007/1645 1750/442/407 100/1490/1291
f 1409/1489/1290 601/2007/1645 100/1490/1291
f 1750/442/407 637/441/406 1410/1486/1287
f 637/441/406 1751/2689/1992 99/1487/1288
f 1751/2689/1992 602/2010/1648 83/1483/1284
f 602/2010/1648 1752/444/409 82/1481/1282
f 83/1483/1284 602/2010/1648 98/1484/1285
f 1752/444/409 638/443/408 97/1479/1280
f 638/443/408 1753/433/399 97/1479/1280
f 1753/433/399 603/1263/1084 96/1476/1277
f 603/1263/1084 1754/436/402 80/1474/1275
f 1753/433/399 96/1476/1277 81/1478/1279
f 1754/436/402 604/2013/1651 95/1472/1273
f 604/2013/1651 1755/2690/1993 79/1475/1276
f 95/1472/1273 604/2013/1651 79/1475/1276
f 1755/2690/1993 605/2011/1649 79/1475/1276
f 605/2011/1649 1756/446/411 94/29/27
f 79/1475/1276 605/2011/1649 94/29/27
f 1756/446/411 639/445/410 93/1470/1271
f 639/445/410 1757/2014/1652 77/1471/1272
f 1757/2014/1652 606/1265/1086 92/26/24
f 606/1265/1086 1758/1264/1085 92/26/24
f 1758/1264/1085 640/1258/1079 76/1029/877
f 640/1258/1079 1759/2015/1653 75/1467/1268
f 1759/2015/1653 607/1266/1087 90/1465/1266
f 607/1266/1087 1760/439/405 74/1463/1264
f 90/1465/1266 607/1266/1087 74/1463/1264
f 1760/439/405 608/2017/1655 74/1463/1264
f 608/2017/1655 1761/2016/1654 89/1464/1265
f 1761/2016/1654 609/1268/1089 88/1461/1262
f 609/1268/1089 1762/1267/1088 72/1457/1258
f 88/1461/1262 609/1268/1089 72/1457/1258
f 1762/1267/1088 1959/1261/1082 86/1458/1259
f 1959/1261/1082 466/2019/1657 86/1458/1259
f 466/2019/1657 1570/2018/1656 1408/1453/1254
f 1570/2018/1656 87/2546/1934 1408/1453/1254
f 1409/1489/1290 101/1493/1294 1749/2688/1991
f 466/2019/1657 1408/1453/1254 86/1458/1259
f 1762/1267/1088 86/1458/1259 72/1457/1258
f 1410/1486/1287 100/1490/1291 1750/442/407
f 99/1487/1288 1410/1486/1287 637/441/406
f 1761/2016/1654 88/1461/1262 73/1460/1261
f 83/1483/1284 99/1487/1288 1751/2689/1992
f 608/2017/1655 89/1464/1265 74/1463/1264
f 1761/2016/1654 73/1460/1261 89/1464/1265
f 98/1484/1285 602/2010/1648 82/1481/1282
f 97/1479/1280 82/1481/1282 1752/444/409
f 1759/2015/1653 90/1465/1266 75/1467/1268
f 81/1478/1279 97/1479/1280 1753/433/399
f 640/1258/1079 75/1467/1268 91/1469/1270
f 640/1258/1079 91/1469/1270 76/1029/877
f 96/1476/1277 603/1263/1084 80/1474/1275
f 1758/1264/1085 76/1029/877 92/26/24
f 95/1472/1273 80/1474/1275 1754/436/402
f 1757/2014/1652 92/26/24 77/1471/1272
f 639/445/410 77/1471/1272 93/1470/1271
f 1756/446/411 93/1470/1271 78/1031/879
f 654/1808/1509 385/206/195 400/205/194
f 467/2138/1724 1412/2137/1723 1748/1094/935
f 1748/1094/935 1522/1639/1380 467/2138/1724
f 1522/1639/1380 238/1637/1378 467/2138/1724
f 238/1637/1378 228/1638/1379 1776/2135/1379
f 228/1638/1379 239/138/131 730/2133/1721
f 238/1637/1378 1776/2135/1379 2062/2134/1722
f 239/138/131 279/137/130 1775/2131/1719
f 279/137/130 240/2595/1956 1775/2131/1719
f 240/2595/1956 229/1640/1381 729/2129/1717
f 229/1640/1381 241/140/133 1774/2130/1718
f 729/2129/1717 229/1640/1381 1774/2130/1718
f 241/140/133 280/139/132 728/2128/1716
f 280/139/132 242/142/135 727/2126/1714
f 1773/2127/1715 280/139/132 727/2126/1714
f 242/142/135 281/141/134 1772/2124/1712
f 281/141/134 243/1641/1382 1772/2124/1712
f 243/1641/1382 230/1642/1383 726/2122/1710
f 230/1642/1383 244/1643/1384 725/2120/1709
f 1771/2123/1711 230/1642/1383 725/2120/1709
f 244/1643/1384 231/1644/1385 1770/2118/1708
f 231/1644/1385 245/144/137 724/1811/1512
f 244/1643/1384 1770/2118/1708 725/2120/1709
f 245/144/137 282/143/136 1769/1810/1511
f 282/143/136 246/1645/1386 723/2115/1706
f 246/1645/1386 232/1103/943 1768/2116/1707
f 232/1103/943 247/1102/942 1768/2116/1707
f 247/1102/942 283/1634/1376 722/2114/1705
f 283/1634/1376 248/1636/1377 1767/2113/1704
f 1767/2113/1704 248/1636/1377 721/2112/1703
f 248/1636/1377 284/1099/940 1766/2110/1702
f 284/1099/940 249/1646/1387 720/2108/1700
f 1766/2110/1702 284/1099/940 720/2108/1700
f 249/1646/1387 233/1647/1388 1765/2109/1701
f 233/1647/1388 250/146/139 719/2106/1699
f 1765/2109/1701 233/1647/1388 719/2106/1699
f 250/146/139 1567/145/138 1764/2104/1698
f 1567/145/138 251/2596/1957 1764/2104/1698
f 251/2596/1957 1523/1648/1389 718/2102/1696
f 1523/1648/1389 252/148/141 1763/2103/1697
f 252/148/141 237/147/140 717/2098/1694
f 237/147/140 102/2557/1943 717/2098/1694
f 2062/2134/1722 467/2138/1724 238/1637/1378
f 1523/1648/1389 1763/2103/1697 718/2102/1696
f 252/148/141 717/2098/1694 1763/2103/1697
f 1776/2135/1379 228/1638/1379 730/2133/1721
f 251/2596/1957 718/2102/1696 1764/2104/1698
f 1775/2131/1719 730/2133/1721 239/138/131
f 250/146/139 1764/2104/1698 719/2106/1699
f 729/2129/1717 1775/2131/1719 240/2595/1956
f 249/1646/1387 1765/2109/1701 720/2108/1700
f 728/2128/1716 1774/2130/1718 241/140/133
f 1773/2127/1715 728/2128/1716 280/139/132
f 248/1636/1377 1766/2110/1702 721/2112/1703
f 283/1634/1376 1767/2113/1704 722/2114/1705
f 727/2126/1714 242/142/135 1772/2124/1712
f 247/1102/942 722/2114/1705 1768/2116/1707
f 726/2122/1710 1772/2124/1712 243/1641/1382
f 1771/2123/1711 726/2122/1710 230/1642/1383
f 246/1645/1386 1768/2116/1707 723/2115/1706
f 282/143/136 723/2115/1706 1769/1810/1511
f 1770/2118/1708 231/1644/1385 724/1811/1512
f 653/1812/1513 386/2749/966 371/1813/1514
f 1778/1815/1516 652/2027/1665 387/1131/969
f 388/1137/975 420/1130/968 1779/1816/1517
f 650/1818/1519 389/2635/1972 1651/1723/1445
f 390/1132/970 1652/2620/1967 1781/1820/1521
f 648/1822/1523 391/1134/972 421/220/209
f 647/1824/1525 392/1729/1451 422/221/210
f 646/1826/1527 393/1727/1449 1653/1827/1528
f 645/1829/1530 394/209/198 1654/208/197
f 644/1831/1532 395/1731/1452 1655/1832/1533
f 1787/1834/1535 643/2637/1973 396/1835/1536
f 1788/1836/1537 642/2691/1994 397/212/201
f 641/1837/1538 398/2622/1968 1658/1736/1457
f 1997/1839/1540 399/2623/1969 1659/1738/1459
f 1660/1841/1542 468/2020/1658 1450/1842/1543
f 593/397/367 470/1973/1629 1593/372/343
f 592/1843/1544 1805/1970/1626 1913/1844/1545
f 1792/392/362 591/394/364 1806/1239/1062
f 590/389/359 1807/371/342 553/1240/1063
f 589/1846/1547 1808/1969/1625 552/1238/1061
f 588/1848/1549 1809/367/339 551/1849/1550
f 1796/386/356 587/388/358 1810/378/349
f 1797/1851/1552 612/404/374 1811/1852/1553
f 586/383/353 1812/376/347 580/375/346
f 585/1854/1555 1813/364/336 549/1855/1556
f 1800/1857/1558 584/1976/1632 1814/1858/1559
f 611/401/371 1815/2639/1974 547/1859/1560
f 583/1861/1562 1816/2640/1975 546/1862/1563
f 1803/1863/1564 610/398/368 1817/361/334
f 1804/381/351 1953/380/350 1818/1865/1566
f 543/1867/1567 469/1971/1627 1525/1868/1568
f 1719/330/305 317/1933/1608 471/325/300
f 317/1933/1608 537/2659/1983 471/325/300
f 537/2659/1983 1833/341/314 1867/1203/1029
f 1833/341/314 536/340/313 1832/1918/1598
f 1867/1203/1029 1833/341/314 1832/1918/1598
f 536/340/313 1834/1932/1607 1832/1918/1598
f 1834/1932/1607 535/1931/1607 1906/1195/1024
f 1906/1195/1024 535/1931/1607 1831/1906/1591
f 535/1931/1607 1835/1928/1487 1831/1906/1591
f 1835/1928/1487 534/2657/1981 1830/1201/1027
f 1831/1906/1591 1835/1928/1487 525/1904/1590
f 534/2657/1981 1836/1217/1043 496/1202/1028
f 1836/1217/1043 556/2658/1982 1829/1917/1028
f 496/1202/1028 1836/1217/1043 1829/1917/1028
f 556/2658/1982 1837/338/229 524/328/303
f 1837/338/229 533/337/237 1828/329/304
f 524/328/303 1837/338/229 1828/329/304
f 533/337/237 1838/1926/1603 1828/329/304
f 1838/1926/1603 532/2655/1979 1827/1915/1596
f 532/2655/1979 1839/1214/1040 494/1916/1597
f 1839/1214/1040 555/1207/1033 1826/324/299
f 494/1916/1597 1839/1214/1040 1826/324/299
f 555/1207/1033 1840/1206/1032 493/1200/1026
f 1840/1206/1032 531/1925/1601 493/1200/1026
f 493/1200/1026 531/1925/1601 1825/1913/1595
f 531/1925/1601 1841/1922/1601 1825/1913/1595
f 1841/1922/1601 530/2654/1978 492/1911/1397
f 530/2654/1978 1842/335/310 491/1910/1594
f 1842/335/310 529/334/309 1823/1909/1593
f 529/334/309 1843/1924/309 1823/1909/1593
f 1843/1924/309 554/345/318 523/1191/1020
f 1823/1909/1593 1843/1924/309 523/1191/1020
f 554/345/318 1844/1204/1030 1822/1198/1020
f 1844/1204/1030 528/1921/1030 490/1199/151
f 490/1199/151 528/1921/1030 1821/321/297
f 528/1921/1030 1845/331/306 1821/321/297
f 1845/331/306 527/333/308 489/1197/1025
f 527/333/308 1846/1919/1599 522/326/301
f 1846/1919/1599 1907/2652/998 1819/327/302
f 1907/2652/998 472/1209/1035 1819/327/302
f 472/1209/1035 1648/1934/1609 488/319/295
f 1819/327/302 472/1209/1035 488/319/295
f 1648/1934/1609 1675/1908/1592 488/319/295
f 1846/1919/1599 1819/327/302 522/326/301
f 1845/331/306 489/1197/1025 1821/321/297
f 1842/335/310 1823/1909/1593 491/1910/1594
f 1841/1922/1601 492/1911/1397 1825/1913/1595
f 1838/1926/1603 1827/1915/1596 495/1914/1596
f 1827/1915/1596 532/2655/1979 494/1916/1597
f 471/325/300 537/2659/1983 1867/1203/1029
f 527/333/308 522/326/301 1820/1907/1025
f 527/333/308 1820/1907/1025 489/1197/1025
f 1906/1195/1024 1832/1918/1598 1834/1932/1607
f 525/1904/1590 1835/1928/1487 1830/1201/1027
f 1844/1204/1030 490/1199/151 1822/1198/1020
f 496/1202/1028 1830/1201/1027 534/2657/1981
f 554/345/318 1822/1198/1020 523/1191/1020
f 1829/1917/1028 556/2658/1982 524/328/303
f 530/2654/1978 491/1910/1594 1824/1912/1397
f 530/2654/1978 1824/1912/1397 492/1911/1397
f 495/1914/1596 1828/329/304 1838/1926/1603
f 418/1788/1490 403/2632/1971 333/167/160
f 333/167/160 1582/1671/1411 418/1788/1490
f 1582/1671/1411 332/1667/1407 1668/1789/1491
f 418/1788/1490 1582/1671/1411 1668/1789/1491
f 332/1667/1407 1581/2599/1598 417/247/232
f 1581/2599/1598 331/161/154 417/247/232
f 417/247/232 331/161/154 1716/253/238
f 331/161/154 1580/163/156 416/254/239
f 1580/163/156 330/1666/1406 384/1784/1487
f 331/161/154 416/254/239 1716/253/238
f 330/1666/1406 1579/1665/1405 415/1783/1486
f 1579/1665/1405 329/1110/950 383/1786/1488
f 415/1783/1486 1579/1665/1405 383/1786/1488
f 329/1110/950 338/1672/1412 383/1786/1488
f 338/1672/1412 328/1669/1409 448/251/236
f 383/1786/1488 338/1672/1412 414/244/229
f 328/1669/1409 337/1105/945 413/252/237
f 337/1105/945 327/1104/944 413/252/237
f 327/1104/944 1578/1663/1403 382/1785/237
f 1578/1663/1403 326/1662/1403 412/242/227
f 382/1785/237 1578/1663/1403 412/242/227
f 326/1662/1403 1577/1661/1402 411/1782/1485
f 1577/1661/1402 325/1658/1399 380/1781/1484
f 325/1658/1399 1576/2598/1595 410/1780/1483
f 1576/2598/1595 324/1656/1397 447/249/234
f 410/1780/1483 1576/2598/1595 447/249/234
f 324/1656/1397 1575/1655/1396 409/250/235
f 1575/1655/1396 323/159/152 409/250/235
f 409/250/235 323/159/152 379/1778/1481
f 323/159/152 1574/158/151 379/1778/1481
f 1574/158/151 322/156/149 408/1779/1482
f 379/1778/1481 1574/158/151 408/1779/1482
f 322/156/149 1573/155/148 446/1160/994
f 1573/155/148 321/1652/1393 378/1166/1000
f 321/1652/1393 1572/2597/1958 406/1777/1480
f 1572/2597/1958 320/153/146 406/1777/1480
f 320/153/146 1571/152/145 377/1775/1478
f 1571/152/145 319/1651/1392 405/1776/1479
f 405/1776/1479 319/1651/1392 445/1157/992
f 319/1651/1392 304/1650/1391 404/1163/997
f 304/1650/1391 318/150/143 1667/1164/998
f 319/1651/1392 404/1163/997 445/1157/992
f 318/150/143 334/149/142 1667/1164/998
f 334/149/142 1674/1774/1477 1667/1164/998
f 1573/155/148 378/1166/1000 407/1165/999
f 1577/1661/1402 380/1781/1484 411/1782/1485
f 1667/1164/998 404/1163/997 304/1650/1391
f 417/247/232 1668/1789/1491 332/1667/1407
f 1571/152/145 405/1776/1479 377/1775/1478
f 416/254/239 1580/163/156 384/1784/1487
f 320/153/146 377/1775/1478 406/1777/1480
f 415/1783/1486 384/1784/1487 330/1666/1406
f 321/1652/1393 406/1777/1480 378/1166/1000
f 414/244/229 338/1672/1412 448/251/236
f 1573/155/148 407/1165/999 446/1160/994
f 322/156/149 446/1160/994 408/1779/1482
f 413/252/237 448/251/236 328/1669/1409
f 382/1785/237 413/252/237 327/1104/944
f 324/1656/1397 409/250/235 447/249/234
f 381/1167/1001 412/242/227 326/1662/1403
f 411/1782/1485 381/1167/1001 326/1662/1403
f 1853/2084/1692 669/2085/1692 667/2081/1124
f 669/2085/1692 1854/2086/1692 670/2087/1692
f 670/2087/1692 1855/2088/1692 671/2089/1125
f 669/2085/1692 671/2089/1125 1858/493/92
f 671/2089/1125 1856/2090/1692 672/2091/1125
f 1858/493/92 672/2091/1125 673/2092/1125
f 672/2091/1125 1857/2708/1125 673/2092/1125
f 671/2089/1125 672/2091/1125 1858/493/92
f 1858/493/92 1859/1307/1125 675/2093/1125
f 675/2093/1125 1860/2094/1336 2007/2095/1336
f 2007/2095/1336 473/2097/1336 1457/2096/1336
f 1457/2096/1336 167/1560/1336 1445/2573/1336
f 1445/2573/1336 166/1561/909 128/1562/909
f 128/1562/909 168/1563/909 129/1564/909
f 129/1564/909 1458/97/92 128/1562/909
f 1458/97/92 169/1063/909 130/1565/909
f 128/1562/909 1458/97/92 1445/2573/1336
f 130/1565/909 170/2574/909 131/1566/1337
f 131/1566/1337 171/1568/1337 132/1567/1337
f 132/1567/1337 172/2575/1337 133/1569/1337
f 131/1566/1337 132/1567/1337 1459/1066/92
f 133/1569/1337 173/1570/1337 134/1571/1338
f 1459/1066/92 133/1569/1337 134/1571/1338
f 1459/1066/92 174/1065/911 136/1573/1338
f 136/1573/1338 175/2576/1338 137/1574/1338
f 137/1574/1338 176/1576/1338 138/1577/1338
f 138/1577/1338 177/1578/1341 1449/1579/1338
f 1449/1579/1338 178/1580/1338 1446/1581/1341
f 1446/1581/1341 179/1582/1342 165/1583/1341
f 165/1583/1341 180/2075/1341 663/2750/1341
f 663/2750/1341 1847/2706/1341 664/2076/1341
f 664/2076/1341 1848/2707/2001 1849/1306/1124
f 1848/2707/2001 665/2077/1124 1849/1306/1124
f 1849/1306/1124 1850/1305/1123 666/2078/1123
f 667/2081/1124 666/2078/1123 1851/2080/1123
f 1849/1306/1124 666/2078/1123 667/2081/1124
f 667/2081/1124 1852/2082/1692 668/2083/1693
f 1853/2084/1692 667/2081/1124 668/2083/1693
f 669/2085/1692 670/2087/1692 671/2089/1125
f 1858/493/92 675/2093/1125 2007/2095/1336
f 1457/2096/1336 1858/493/92 2007/2095/1336
f 1457/2096/1336 1445/2573/1336 1858/493/92
f 130/1565/909 131/1566/1337 1458/97/92
f 1458/97/92 131/1566/1337 1459/1066/92
f 133/1569/1337 1459/1066/92 132/1567/1337
f 1459/1066/92 136/1573/1338 137/1574/1338
f 138/1577/1338 1459/1066/92 137/1574/1338
f 138/1577/1338 1449/1579/1338 1459/1066/92
f 1449/1579/1338 1446/1581/1341 1849/1306/1124
f 1459/1066/92 1449/1579/1338 1849/1306/1124
f 1446/1581/1341 165/1583/1341 1849/1306/1124
f 165/1583/1341 663/2750/1341 664/2076/1341
f 1849/1306/1124 165/1583/1341 664/2076/1341
f 1849/1306/1124 667/2081/1124 669/2085/1692
f 669/2085/1692 1858/493/92 1849/1306/1124
f 1445/2573/1336 1458/97/92 1858/493/92
f 1858/493/92 1458/97/92 1459/1066/92
f 502/1173/1006 476/1797/1498 1724/1871/1571
f 503/1873/1573 477/1799/1500 1725/1874/1574
f 1875/1876/1576 507/2643/1976 481/1805/1506
f 508/1879/1578 482/1806/1507 1733/1171/1004
f 1883/1880/1009 1882/2644/1583 1877/258/241
f 518/1882/1011 502/1173/1006 1870/1872/1572
f 503/1873/1573 1871/1875/1575 1885/1884/1579
f 520/1184/1013 507/2648/1976 1875/1886/1576
f 521/1890/1582 508/1879/1578 1876/1172/1005
f 1882/1891/1583 1883/1179/1009 1891/1180/1010
f 1900/1190/1019 510/2651/1580 1885/1893/1579
f 1901/1895/1585 511/2650/283 1879/1896/282
f 1902/1898/1587 512/2751/285 1880/1182/284
f 513/1899/268 1886/2752/1007 1897/1900/1588
f 515/1177/273 1888/1186/1015 1898/1185/1014
f 516/1903/276 1864/1187/1016 1865/1188/1017
f 518/1181/1011 1884/1192/1021 523/1191/1020
f 520/1184/1013 1889/1887/1581 525/1904/1590
f 521/1905/1582 1890/1196/1008 1906/1195/1024
f 1899/1189/1018 1891/1180/1010 489/1197/1025
f 1823/1909/1593 1900/1190/1019 1893/1894/1584
f 1901/1895/1585 1894/1897/1586 492/1911/1397
f 1902/1898/1587 1895/1183/1012 493/1200/1026
f 1903/1901/1589 1897/1900/1588 495/1914/1596
f 1829/1917/1028 1905/1193/1022 1898/1185/1014
f 1832/1918/1598 526/1194/1023 1865/1188/1017
f 1908/1210/1036 1907/2652/998 1846/1919/1599
f 1915/1205/1031 557/1212/1038 528/1921/1030
f 559/1213/1039 530/2654/1978 1841/1922/1601
f 1918/1208/1034 560/2653/1977 531/1925/1601
f 561/1215/1041 532/2655/1979 1838/1926/1603
f 563/1218/1044 534/2657/1981 1835/1928/1487
f 1921/1930/1606 564/2656/1980 535/1931/1607
f 539/1220/1046 537/2659/1983 317/1933/1608
f 538/1211/1037 1649/1947/1616 1648/1934/1609
f 571/1222/1048 555/1207/1033 1839/1214/1040
f 573/1935/1610 556/2658/1982 1836/1217/1043
f 1910/1936/1611 1908/1210/1036 1914/1920/1600
f 1928/1221/1047 567/2660/1984 557/1212/1038
f 1930/1938/1612 576/2661/337 559/1213/1039
f 570/1940/327 560/2653/1977 1918/1208/1034
f 561/1215/1041 1919/1927/1604 1932/357/330
f 1933/1941/1054 578/2662/340 563/1218/1044
f 579/1942/1053 564/2656/1980 1921/1930/1606
f 540/1944/1614 539/1220/1046 1591/1107/947
f 538/1211/1037 541/2663/1624 1650/1946/1615
f 575/1225/1050 1912/2753/1985 1910/2754/1611
f 1945/1949/1617 567/2665/1984 1928/1950/1047
f 1946/1953/1619 568/2666/317 1929/1954/1613
f 1947/1956/1621 569/2667/322 1924/1227/321
f 1949/1232/1055 571/2669/1048 1925/1957/1042
f 1943/1229/1052 1951/2675/1986 573/2755/1610
f 582/1234/1057 574/2671/326 1909/1962/325
f 1952/1235/1058 1806/1239/1062 579/1230/1053
f 543/1867/1567 1610/1869/1569 1650/1966/1615
f 1818/1968/1566 1912/2753/1985 575/1225/1050
f 546/1862/1563 1816/2640/1975 1945/1949/1617
f 547/1859/1560 1815/2639/1974 1946/1953/1619
f 1814/1858/1559 1947/1956/1621 1939/1226/1051
f 550/1853/1554 1811/1852/1553 1949/1232/1055
f 1808/1969/1625 1951/2675/1986 1943/1229/1052
f 582/1234/1057 1911/1963/1623 1913/1844/1545
f 469/1971/1627 594/1982/1637 1526/1972/1628
f 614/1974/1630 583/1861/1562 1802/1242/1065
f 1963/1975/1631 615/1985/1638 584/1976/1632
f 1964/1977/1633 616/2676/1987 585/1854/1555
f 1966/1978/1634 619/2756/1066 588/1848/1549
f 1967/1979/1635 620/2677/1988 589/1846/1547
f 623/1245/1067 592/1843/1544 1791/1845/1546
f 596/1981/390 1527/2589/389 1526/1972/1628
f 1974/1246/1068 624/2680/1989 614/1974/1630
f 1976/1984/1069 632/2681/400 615/1985/1638
f 633/1987/403 616/2676/1987 1964/1977/1633
f 634/1248/1070 619/2683/1066 1966/1989/1634
f 629/1991/1640 620/2682/1988 1967/1992/1635
f 1957/1993/1083 636/2685/1074 623/1245/1067
f 631/1994/1641 1958/2008/1646 1956/1995/378
f 1990/1255/1076 624/2686/1989 1974/1997/1068
f 1984/1999/1643 1992/2012/1650 626/2000/380
f 1985/1249/1071 1994/1256/1077 628/412/382
f 1995/1257/1078 629/1991/1640 1980/1250/1072
f 1988/1253/1075 1996/2687/1990 630/2003/386
f 597/2005/388 1568/2590/387 1569/1092/934
f 640/1258/1079 1758/1264/1085 634/1248/1070
f 1762/1267/1088 636/1252/1074 1957/1262/1083
f 601/2007/1645 1749/2688/1991 1958/2008/1646
f 602/2010/1648 1751/2689/1992 1990/1255/1076
f 605/2011/1649 1755/2690/1993 1992/2012/1650
f 1757/2014/1652 1994/1256/1077 1985/1249/1071
f 1759/2015/1653 1995/1257/1078 1986/1251/1073
f 1761/2016/1654 1996/2687/1990 1988/1253/1075
f 599/1260/1081 1569/1092/934 1570/2018/1656
f 655/448/413 1453/447/412 1450/1842/1543
f 1998/452/417 1997/1839/1540 1790/1840/1541
f 2011/2021/1659 2023/463/428 641/1837/1538
f 676/455/420 642/2691/1994 1788/1836/1537
f 683/2022/1660 643/2637/1973 1787/1834/1535
f 677/456/421 644/1831/1532 1786/1833/1534
f 2015/2024/1662 684/2033/1669 645/1829/1530
f 2016/1270/1091 678/2692/1995 646/1826/1527
f 2017/1271/1092 685/468/433 647/1824/1525
f 2018/1273/1094 686/1272/1093 648/1822/1523
f 649/1821/1522 1781/1820/1521 2019/2025/1663
f 650/1818/1519 1780/1819/1520 2020/1278/1099
f 689/1276/1097 651/1817/1518 1779/1816/1517
f 2022/460/425 680/459/424 652/2027/1665
f 1999/2028/1666 681/2757/1996 653/1812/1513
f 654/1808/1509 140/1809/1510 1451/2029/1667
f 695/2031/436 678/2692/1995 2016/1270/1091
f 2031/1277/1098 688/2695/1997 679/2026/1664
f 690/2036/1671 681/2693/1996 1999/2037/1666
f 656/2030/1668 1451/2029/1667 1452/2039/1673
f 691/2041/1107 2003/2697/446 2000/451/416
f 2032/2042/1112 701/2698/1108 682/454/419
f 683/2758/1660 2025/1280/1101 2033/1279/1100
f 694/2045/1676 684/2699/1669 2026/1281/1102
f 704/2047/1109 686/1272/1093 2029/1275/1096
f 697/2050/439 687/1274/1095 2030/2035/1670
f 705/2052/1677 688/2695/1997 2031/1277/1098
f 2040/1283/1104 698/2700/1683 689/1276/1097
f 707/2054/1678 690/2701/1671 2001/2055/1672
f 660/1286/1106 1456/1062/908 1454/2058/427
f 2050/1293/1111 692/2702/1675 2033/1279/1100
f 2045/487/449 703/489/451 694/2045/1676
f 2046/1291/1110 2054/1295/1113 696/2063/432
f 2047/2064/1682 2058/1299/1117 698/2065/1683
f 662/1303/1121 659/2060/1680 1452/2059/1673
f 2049/490/452 701/1288/1108 2032/1294/1112
f 2051/2068/1685 702/470/435 2034/469/434
f 712/1298/1116 2055/2703/1998 704/1290/1109
f 705/2071/1677 2039/1301/1119 714/1300/1118
f 2060/2074/1690 2059/2705/2000 706/479/443
f 2006/1304/1122 715/2704/1999 707/2054/1678
f 661/2067/1684 663/2750/1341 180/2075/1341
f 664/2076/1341 1847/2706/1341 2005/482/445
f 665/2077/1124 1848/2707/2001 2048/485/448
f 1850/1305/1123 2050/1293/1111 2044/2062/1681
f 1307/2/2 1322/1358/1169 38/2079/1691
f 1851/2080/1123 2051/2068/1685 709/2069/1686
f 1852/2082/1692 2052/488/450 2045/487/449
f 1853/2084/1692 2053/474/438 710/1296/1114
f 1854/2086/1692 2054/1295/1113 711/2070/1687
f 1855/2088/1692 2055/2703/1998 712/1298/1116
f 1856/2090/1692 2056/477/441 713/2073/1689
f 673/2092/1125 1857/2708/1125 2057/2072/1688
f 2009/494/455 2058/1299/1117 2047/2064/1682
f 1859/1307/1125 2059/2705/2000 2060/2074/1690
f 1860/2094/1336 715/2704/1999 2006/1304/1122
f 662/1303/1121 1455/1053/899 1457/2096/1336
f 717/2098/1694 102/2557/1943 1411/2099/1221
f 2061/2101/1222 1366/2759/1927 718/2102/1696
f 1764/2104/1698 2063/2709/1225 1367/2105/1224
f 2064/2107/1226 1368/2760/1928 720/2108/1700
f 1766/2110/1702 2065/2710/1230 1369/2111/1229
f 1767/2113/1704 2066/1426/1233 1370/1425/1232
f 2067/1427/1234 1371/2539/1929 723/2115/1706
f 1769/1810/1511 2068/2540/1238 1372/2117/1237
f 1770/2118/1708 2069/2711/1241 1373/2119/1240
f 2070/2121/1242 1374/2712/1930 726/2122/1710
f 1772/2124/1712 2071/2761/1243 1375/2125/1713
f 1773/2127/1715 2072/1443/1246 1376/1442/1245
f 2073/1444/1247 1377/2543/1931 729/2129/1717
f 1775/2131/1719 2074/1446/1249 1378/2132/1720
f 731/1448/1251 1379/2544/1932 2062/2134/1722
f 716/2136/1253 1380/2547/1933 1412/2137/1723
f 747/2139/1725 1359/2521/1923 1357/498/459
f 2090/2164/1747 2075/501/462 2076/500/461
f 766/2166/1749 733/504/464 2077/503/463
f 2111/2168/1751 767/2713/2002 734/507/467
f 2112/2169/1752 768/2714/2003 735/2142/1728
f 2113/2170/1753 769/2715/2004 736/2145/1730
f 770/2171/1754 737/2148/1733 2081/2147/1732
f 2115/2173/1756 771/2201/1784 738/2151/1736
f 739/510/470 2083/509/469 2116/2174/1757
f 2117/2176/1759 773/2716/2005 740/513/472
f 774/2177/1760 741/516/474 2085/515/473
f 2119/2179/1762 775/2717/2006 742/519/477
f 2120/2180/1763 776/2718/2007 743/2154/1738
f 777/2181/1764 744/2157/1741 2088/2156/1740
f 778/2183/1766 745/2160/1744 2089/2159/1743
f 748/2185/1768 746/2163/1746 1341/2162/1745
f 1361/2187/1770 1359/2521/1923 747/2139/1725
f 2092/2189/1772 2090/2164/1747 2109/2165/1748
f 780/2191/1774 2122/2219/1802 766/2166/1749
f 2123/2192/1775 767/2713/2002 2111/2168/1751
f 2124/2194/1777 768/2714/2003 2112/2169/1752
f 2125/2196/1779 769/2715/2004 2113/2170/1753
f 2126/2198/1781 770/2171/1754 2114/2172/1755
f 785/2200/1783 2127/2719/2008 771/2201/1784
f 786/2202/1785 2128/2720/2009 772/2175/1758
f 2129/2203/1786 773/2716/2005 2117/2176/1759
f 2130/2205/1788 774/2177/1760 2118/2178/1761
f 2131/2207/1790 775/2717/2006 2119/2179/1762
f 2132/2209/1792 776/2718/2007 2120/2180/1763
f 2134/2211/1794 2133/2234/1817 777/2181/1764
f 791/2212/1795 778/2183/1766 2091/2184/1767
f 750/2214/1797 748/2185/1768 1358/2186/1769
f 751/2216/1799 1363/2531/1822 1361/2187/1770
f 753/2217/1800 2094/2721/1824 2092/2189/1772
f 754/2218/1801 2096/2722/1825 2122/2219/1802
f 755/2220/1803 2097/2248/1826 2123/2192/1775
f 756/2221/1804 2098/2249/1827 2124/2194/1777
f 757/2222/1805 2099/2250/1828 2125/2196/1779
f 758/2223/1806 2100/2251/1829 2126/2198/1781
f 2101/2224/1807 2127/2719/2008 785/2200/1783
f 2102/2226/1809 2128/2720/2009 786/2202/1785
f 2103/2228/1811 2129/2203/1786 787/2204/1787
f 762/2230/1813 2104/2723/1830 2130/2205/1788
f 763/2231/1814 2105/2724/1831 2131/2207/1790
f 764/2232/1815 2106/2261/1832 2132/2209/1792
f 765/2233/1816 2107/2262/1833 2133/2234/1817
f 2108/2235/1818 791/2212/1795 2093/2213/1796
f 750/2214/1797 1360/2215/1798 1362/2237/1820
f 751/2239/1799 106/2725/1256 84/2240/1255
f 107/2242/1823 70/2726/1257 2094/2243/1824
f 754/2245/1801 108/2762/1935 1413/2246/1260
f 755/2220/1803 109/2549/1936 1414/1462/1263
f 110/1466/1267 1415/2727/2010 2098/2249/1827
f 757/2222/1805 111/1030/878 1416/1468/1269
f 112/25/23 103/27/25 2100/2251/1829
f 113/1032/880 1417/2550/1937 2101/2224/1807
f 114/28/26 104/30/28 2102/2226/1809
f 115/2252/1274 1418/2729/1938 2103/2253/1811
f 116/2255/1278 1419/2731/1939 2104/2256/1830
f 117/2258/1281 1420/2732/1940 2105/2259/1831
f 764/2232/1815 118/2554/1941 1421/1482/1283
f 765/2233/1816 119/2555/1942 1422/1485/1286
f 1423/2263/1834 105/2763/1289 2108/2264/1818
f 752/2266/1821 1362/2532/1820 1365/2267/1835
f 1118/820/718 1120/2424/1837 1066/2269/665
f 1120/2271/1837 1119/2272/1838 1067/755/666
f 913/566/524 1067/755/666 1119/2272/1838
f 911/803/705 906/835/729 794/764/673
f 797/782/689 798/781/688 796/854/743
f 800/778/686 799/853/742 806/779/687
f 799/853/742 796/854/743 806/779/687
f 802/2274/683 801/851/740 807/780/684
f 801/851/740 799/853/742 807/780/684
f 804/2405/1892 803/520/478 808/2404/685
f 803/520/478 801/856/740 808/2404/685
f 1092/2276/1840 897/872/753 809/2277/1841
f 1034/719/639 1036/723/641 967/629/575
f 1074/761/671 1087/790/695 1073/746/658
f 1087/790/695 1090/788/693 1061/747/659
f 1090/788/693 1088/2408/1893 1061/747/659
f 1088/2408/1893 1097/797/701 1098/2410/1894
f 1061/747/659 1088/2408/1893 1080/773/681
f 1098/2410/1894 1080/773/681 1088/2408/1893
f 1061/747/659 1051/744/656 1087/790/695
f 1036/723/641 1035/721/640 968/632/576
f 879/550/508 968/632/576 1035/721/640
f 877/2279/644 811/685/613 952/620/566
f 930/577/533 814/591/546 812/663/600
f 816/589/544 815/2280/1843 822/590/545
f 815/2280/1843 812/663/600 822/590/545
f 818/586/541 817/665/602 823/587/542
f 817/665/602 815/2280/1843 823/587/542
f 820/2735/1878 819/523/481 824/588/543
f 819/523/481 817/665/602 824/588/543
f 825/2281/1844 889/647/587 1002/2282/1845
f 1257/969/827 1275/1005/857 845/2283/785
f 962/621/567 971/2351/1882 938/603/554
f 971/2351/1882 956/2350/1881 938/603/554
f 956/2350/1881 957/617/564 938/603/554
f 938/603/554 940/601/552 962/621/567
f 940/601/552 937/599/551 962/621/567
f 937/599/551 926/2333/1877 928/576/532
f 926/2333/1877 927/575/531 928/576/532
f 928/576/532 951/584/539 937/599/551
f 827/976/834 828/975/833 837/911/780
f 829/973/831 830/2285/1846 836/974/832
f 830/2285/1846 837/911/780 836/974/832
f 831/970/828 832/907/776 838/971/829
f 832/907/776 830/2285/1846 838/971/829
f 833/2497/1914 834/526/484 839/972/830
f 834/526/484 832/907/776 839/972/830
f 1244/2286/1847 851/1025/873 840/2287/1848
f 841/2289/1849 1239/2291/1851 1298/2293/1853
f 1239/2291/1851 1241/2292/1852 1298/2293/1853
f 1297/1022/871 1241/2292/1852 1240/2294/1854
f 848/1004/854 1207/2463/1906 845/2283/785
f 844/1016/866 1288/983/841 1270/978/836
f 1288/983/841 1261/982/840 1270/978/836
f 1261/982/840 1262/966/825 1270/978/836
f 1270/978/836 1272/981/839 844/1016/866
f 1272/981/839 1271/980/838 844/1016/866
f 1271/980/838 1280/993/850 1281/1014/864
f 1281/1014/864 843/1013/863 1271/980/838
f 849/529/487 1207/2764/1906 848/999/854
f 842/2295/1855 850/531/489 846/530/488
f 852/1023/872 851/1025/873 1244/2286/1847
f 853/1026/874 1247/951/810 854/953/812
f 857/925/791 840/2507/1848 861/532/490
f 862/535/493 1218/533/491 858/986/844
f 1206/939/800 864/539/497 860/538/496
f 826/891/769 867/542/500 865/541/499
f 869/2298/1857 865/541/499 868/540/498
f 869/2298/1857 1180/2299/765 1179/2300/502
f 866/546/504 835/527/485 870/543/501
f 871/2302/1858 952/620/566 811/685/613
f 873/684/612 874/2307/1861 875/2303/1859
f 876/2765/1860 1014/2766/611 872/2767/505
f 877/727/644 970/2353/579 880/640/581
f 1042/2311/1863 880/640/581 878/549/507
f 1002/2282/1845 887/2768/623 883/604/555
f 887/698/623 888/2313/1865 884/606/557
f 885/553/511 944/552/510 884/606/557
f 893/555/513 985/645/585 889/647/587
f 894/2314/1866 978/554/512 890/556/514
f 892/559/517 923/578/534 896/648/588
f 813/661/598 896/648/588 923/578/534
f 900/2316/519 1171/870/751 897/872/753
f 902/873/754 901/2319/1868 898/562/520
f 899/2317/1867 1094/798/702 903/874/755
f 1163/884/763 903/874/755 1094/798/702
f 904/2320/1869 794/764/673 906/835/729
f 907/2321/728 908/2325/1872 909/2322/1870
f 910/2324/1871 1144/833/727 905/563/521
f 911/803/705 795/2273/1839 914/733/649
f 1103/2327/1874 914/733/649 912/735/523
f 809/2277/1841 921/827/722 917/767/675
f 921/827/722 922/824/720 918/770/678
f 919/826/527 1069/2398/526 918/770/678
f 933/573/529 891/570/516 890/2769/514
f 929/582/537 933/2330/529 893/555/513
f 929/582/537 825/2281/1844 882/605/556
f 925/2331/1876 929/2332/537 943/612/536
f 824/588/543 935/592/547 942/2334/549
f 938/603/554 957/617/564 954/616/563
f 945/628/574 947/607/558 884/606/557
f 958/618/562 871/2302/1858 875/2303/1859
f 959/2770/560 875/2771/1859 876/2772/1860
f 942/594/549 960/2349/1879 876/2346/1860
f 966/627/573 973/2773/580 975/644/584
f 968/632/576 879/550/508 973/639/580
f 956/2350/1881 971/2351/1882 972/633/577
f 975/644/584 973/2773/580 974/2352/582
f 972/633/577 976/643/583 974/2352/582
f 978/554/512 894/2314/1866 987/2354/590
f 987/2356/590 894/2736/1866 895/557/515
f 992/655/594 988/651/589 980/2357/599
f 993/664/601 812/663/600 815/2280/1843
f 998/2359/1883 815/2280/1843 817/665/602
f 994/668/604 819/2364/481 821/2774/483
f 1000/670/606 998/2365/1883 999/667/603
f 993/672/601 995/671/595 981/673/607
f 994/668/604 1006/697/610 1008/694/621
f 979/646/586 1003/2377/608 1002/2282/1845
f 984/659/597 455/2360/592 465/2366/7
f 1005/2308/1862 874/2307/1861 1016/2367/615
f 1016/2367/615 874/2307/1861 873/684/612
f 1021/695/622 1017/688/614 1007/2371/1884
f 1011/2373/240 1010/693/620 1018/692/619
f 1011/2373/240 1020/690/617 1019/689/616
f 885/553/511 888/2313/1865 1026/2374/628
f 1028/2376/624 887/2768/623 1002/2282/1845
f 1029/701/626 1027/2380/625 1028/2378/624
f 1025/706/4 1029/701/626 1004/677/609
f 1009/2372/1885 1007/2371/1884 1043/729/643
f 877/2381/644 1043/729/643 1007/2371/1884
f 1032/713/633 1023/705/629 1024/704/4
f 1034/2775/639 1022/2776/638 1023/2777/629
f 1040/724/636 1034/719/639 1032/2383/633
f 1042/2311/1863 881/2312/1864 1046/2384/1886
f 1037/720/637 1046/2384/1886 881/2312/1864
f 1045/2385/642 1046/2778/1886 1048/730/646
f 1048/730/646 1046/2778/1886 1037/717/637
f 1053/2779/653 1052/736/651 1060/763/672
f 795/2273/1839 794/764/673 1060/763/672
f 1062/748/660 1061/747/659 1080/773/681
f 1063/749/661 1050/745/657 1051/744/656
f 1070/2390/1887 1071/2391/1888 1064/750/662
f 1065/751/663 1054/739/648 1050/745/657
f 1067/755/666 913/566/524 1054/732/648
f 1076/2392/669 904/2323/1869 909/2322/1870
f 1077/2393/667 909/2322/1870 910/2324/1871
f 1075/2396/1890 1078/2395/1889 910/2324/1871
f 1068/2397/664 1082/771/679 918/770/678
f 1083/774/682 1081/792/676 1082/2401/679
f 1071/2391/1888 1084/772/680 1082/2401/679
f 808/2402/685 807/783/684 1089/785/690
f 1087/790/695 1072/760/670 1075/2400/1890
f 1087/790/695 1085/2403/1891 1089/785/690
f 1088/2408/1893 1086/787/692 1091/789/694
f 916/769/677 1081/768/676 1093/2409/696
f 1098/2410/1894 1096/2411/1895 1083/774/682
f 899/2317/1867 898/562/520 1100/2412/697
f 1100/793/697 898/2780/520 900/2413/519
f 1093/2409/696 1101/2781/698 900/2316/519
f 1098/2410/1894 1097/797/701 1102/795/699
f 1103/2327/1874 915/2328/1875 1108/2414/1896
f 1106/2415/1897 1108/2414/1896 915/2328/1875
f 1107/2416/703 1108/2782/1896 1110/807/708
f 1110/807/708 1108/2782/1896 1106/2417/1897
f 1113/2418/4 1112/808/709 1115/2419/1898
f 1117/2420/1899 1122/817/717 1121/815/715
f 1115/2419/1898 1112/808/709 1106/2417/1897
f 1119/2272/1838 1120/2271/1837 1122/2421/717
f 1117/2422/1899 1106/2783/1897 793/564/522
f 1104/806/704 1105/805/707 1139/823/719
f 1137/2426/1900 906/835/729 911/803/705
f 1123/2427/716 920/2784/525 919/826/527
f 1130/828/723 921/827/722 809/2277/1841
f 1124/813/713 1123/816/716 1128/2429/721
f 1128/2429/721 1129/2785/724 1132/2430/1901
f 1132/2430/1901 1129/2785/724 1130/2431/723
f 1126/831/4 1132/2430/1901 1133/849/738
f 1135/2326/1873 908/2325/1872 1146/2433/731
f 1146/2433/731 908/2325/1872 907/2321/728
f 1151/845/736 1147/838/730 1137/2425/1900
f 809/2277/1841 897/872/753 1165/871/752
f 1134/2432/7 1133/849/738 1152/848/737
f 1155/855/744 1166/885/764 1163/884/763
f 1155/864/744 1157/865/240 1167/867/750
f 1164/2440/518 901/2786/1868 1173/876/757
f 1173/2442/757 901/2319/1868 902/873/754
f 1178/881/761 1174/877/756 1166/2438/764
f 1168/255/240 1153/2437/1734 1175/882/762
f 1168/255/240 1177/879/759 1176/878/758
f 1195/897/772 1192/893/767 1181/2443/1902
f 1184/903/620 1194/895/771 1193/894/770
f 1183/2444/1903 1181/2443/1902 1208/918/784
f 845/2283/785 1208/2787/784 1181/2449/1902
f 1202/909/778 830/2285/1846 832/907/776
f 1196/2788/779 1220/2789/801 1206/2790/800
f 1197/2453/781 834/526/484 1187/528/486
f 1204/2454/1904 1202/2456/778 1203/912/777
f 1199/2457/620 1225/937/620 1221/2458/1905
f 1199/2457/620 1196/2455/779 1204/2454/1904
f 1204/2454/1904 1205/914/782 1201/916/620
f 1207/2461/1906 849/2791/487 1212/2462/1907
f 1212/2465/1907 849/529/487 850/531/489
f 1211/917/783 1212/2462/1907 1214/921/787
f 1214/921/787 1212/2462/1907 1210/948/807
f 1218/533/491 862/535/493 1229/2467/793
f 1229/2467/793 862/535/493 863/537/495
f 1234/935/799 1230/928/792 1220/2459/801
f 1223/2474/620 1222/933/7 1231/932/797
f 1223/2474/620 1233/930/795 1232/929/794
f 1236/945/804 1249/961/820 1250/960/819
f 1248/2476/1910 1249/961/820 1236/945/804
f 1238/2477/1911 1236/945/804 1242/944/803
f 855/2290/1850 1248/2483/1910 1238/2478/1911
f 1241/2292/1852 1239/2291/1851 1238/2478/1911
f 1240/2294/1854 1241/2292/1852 1243/2479/806
f 1237/2480/805 1210/2466/807 842/2295/1855
f 1219/2481/790 1245/2484/808 1244/2286/1847
f 1226/934/798 1222/933/7 461/2482/4
f 1248/2483/1910 855/2290/1850 854/953/812
f 1253/955/814 856/954/813 1244/2286/1847
f 1249/961/820 1248/2476/1910 1251/2485/811
f 1251/2485/811 1252/2792/815 1255/957/816
f 1255/957/816 1252/2792/815 1253/2486/814
f 1264/967/823 865/541/499 869/2298/1857
f 1265/962/821 869/2793/1857 870/2491/501
f 1263/2493/1913 1266/2794/1912 870/543/501
f 1273/2494/835 1268/2498/837 839/972/830
f 1269/2500/1915 1273/977/835 838/2795/829
f 1269/2499/1915 836/974/832 827/976/834
f 1270/978/836 1259/965/824 1263/2496/1913
f 1278/2502/851 1274/991/848 1271/980/838
f 1260/985/843 1276/984/842 1277/2503/1916
f 1257/969/827 1258/968/826 1277/2504/1916
f 1285/2505/846 1284/987/845 858/986/844
f 1282/2506/862 1285/2505/846 861/532/490
f 1281/1014/864 1280/993/850 1286/990/847
f 1282/2509/862 840/2287/1848 851/1025/873
f 1282/1012/862 1304/1011/861 1306/1015/865
f 843/1013/863 1301/2512/1918 1294/1019/869
f 1301/2512/1918 1299/2517/1919 1296/1020/870
f 1298/2293/1853 1296/2515/870 1299/2513/1919
f 1299/2513/1919 1303/1027/875 853/1026/874
f 1304/1011/861 1302/1010/860 1303/2516/875
f 1301/2512/1918 1305/1028/876 1303/2516/875
f 1342/1/1 35/3/3 1341/2162/1745
f 1/6/6 1307/2/2 1342/1/1
f 1308/9/9 2/5/5 1407/4/4
f 1309/12/11 3/8/8 1343/7/7
f 4/11/10 1344/10/7 1345/1308/4
f 5/1309/1126 1345/1308/4 1346/1311/711
f 6/1312/1128 1346/1311/711 1347/1314/711
f 7/1315/1130 1347/1314/711 1348/1317/1132
f 1314/15/14 8/1318/1133 1348/1317/1132
f 1315/18/17 9/14/13 1349/13/12
f 1316/21/19 10/17/16 1350/16/15
f 1317/24/22 11/20/18 1351/19/15
f 1318/1322/1136 12/23/21 1352/22/20
f 13/1321/1135 1353/1320/592 1354/1323/592
f 14/1324/1137 1354/1323/592 1355/1326/606
f 15/1327/1139 1355/1326/606 1356/1329/606
f 1357/498/459 37/1330/1141 1356/1329/606
f 35/3/3 38/2079/1691 1358/2186/1769
f 1322/1358/1169 1307/2/2 1/6/6
f 44/1334/1145 1381/1333/1144 2/5/5
f 1382/1335/1146 3/8/8 1309/12/11
f 46/2518/1920 1383/1337/1148 4/11/10
f 5/1309/1126 1311/1313/1129 47/1368/1179
f 48/1340/1151 1385/1339/1150 6/1312/1128
f 1386/1341/1152 7/1315/1130 1313/1319/1134
f 1387/1342/1153 8/1318/1133 1314/15/14
f 1388/1344/1155 9/14/13 1315/18/17
f 52/1346/1157 1389/1345/1156 10/17/16
f 1390/1347/1158 11/20/18 1317/24/22
f 1391/1349/1160 12/23/21 1318/1322/1136
f 1392/1351/1162 13/1321/1135 1319/1325/1138
f 1393/1352/1163 14/1324/1137 1320/1328/1140
f 1323/1354/1165 15/1327/1139 1321/1331/1142
f 39/1356/1167 37/1330/1141 1357/498/459
f 38/2079/1691 40/1357/1168 1360/2215/1798
f 1324/1359/1170 1322/1358/1169 16/1332/1143
f 57/1361/1172 1381/1333/1144 44/1334/1145
f 1395/1364/1175 58/1362/1173 1382/1335/1146
f 59/1363/1174 1383/1337/1148 46/2518/1920
f 60/1366/1177 1384/1338/1149 47/1368/1179
f 61/1367/1178 1385/1339/1150 48/1340/1151
f 62/1369/1180 1386/1341/1152 49/2519/1921
f 63/1372/1183 1387/1342/1153 50/1343/1154
f 1401/2523/1925 64/1374/1185 1388/1344/1155
f 1402/2524/1926 65/1375/1186 1389/1345/1156
f 1403/1402/1213 66/1377/1188 1390/1347/1158
f 1404/1404/1215 67/1378/1189 1391/1349/1160
f 68/1379/1190 1392/1351/1162 55/2520/1922
f 1406/1381/1192 1393/1352/1163 56/1353/1164
f 1325/1382/1193 1323/1354/1165 17/1355/1166
f 41/1385/1196 39/1356/1167 1359/2521/1923
f 1360/2215/1798 40/1357/1168 42/1386/1197
f 1326/2525/1220 1324/1359/1170 18/1360/1171
f 1328/1388/1199 22/1387/1198 57/1361/1172
f 23/1389/1200 58/1362/1173 1395/1364/1175
f 1330/2528/1228 24/1390/1201 59/1363/1174
f 1331/1424/1231 25/1391/1202 60/1366/1177
f 26/1392/1203 61/1367/1178 1398/1370/1181
f 1333/2529/1236 27/1394/1205 62/1369/1180
f 1334/2530/1239 28/1395/1206 63/1372/1183
f 29/1396/1207 64/1374/1185 1401/2523/1925
f 30/1398/1209 65/1375/1186 1402/2524/1926
f 31/1400/1211 66/1377/1188 1403/1402/1213
f 1338/1445/1248 32/1401/1212 67/1378/1189
f 1339/1447/1250 33/1403/1214 68/1379/1190
f 34/1449/1252 1340/1405/1216 1406/1381/1192
f 1327/1406/1217 1325/1382/1193 19/1384/1195
f 1363/2531/1822 43/1407/1218 41/1385/1196
f 42/1411/1197 1411/1410/1221 1365/2267/1835
f 1364/2533/1695 1326/1409/1220 20/1414/1223
f 1366/2534/1927 22/1412/1198 1328/1415/1199
f 1367/1416/1224 23/2737/1200 1329/1420/1227
f 1368/2535/1928 24/1418/1201 1330/1421/1228
f 2066/2536/1233 1369/1422/1229 25/2537/1202
f 2067/1427/1234 1370/1425/1232 26/1392/1203
f 1371/2539/1929 27/1394/1205 1333/2529/1236
f 2069/1434/1241 1372/1430/1237 28/2541/1206
f 1373/1433/1240 29/2738/1207 1335/1437/1208
f 1374/2542/1930 30/1435/1209 1336/1440/1210
f 2072/1443/1246 1375/2125/1713 31/1400/1211
f 1376/1442/1245 32/1401/1212 1338/1445/1248
f 1377/2543/1931 33/1403/1214 1339/1447/1250
f 731/1448/1251 1378/2132/1720 1340/1405/1216
f 1379/2544/1932 1327/1406/1217 21/1408/1219
f 1380/2545/1933 43/1450/1218 1363/2241/1822
f 87/2546/1934 1412/2137/1723 1380/2547/1933
f 106/1455/1256 70/1456/1257 86/1458/1259
f 72/1457/1258 107/2740/1823 1413/1459/1260
f 108/2548/1935 1414/1462/1263 89/1464/1265
f 109/2549/1936 1415/2727/2010 90/1465/1266
f 75/1467/1268 110/1466/1267 1416/1468/1269
f 77/1471/1272 112/25/23 1417/2550/1937
f 79/1475/1276 114/28/26 1418/2551/1938
f 80/1474/1275 115/1473/1274 1419/2552/1939
f 81/1478/1279 116/1477/1278 1420/2553/1940
f 117/1480/1281 1421/1482/1283 98/1484/1285
f 118/2554/1941 1422/1485/1286 99/1487/1288
f 119/2555/1942 105/1488/1289 100/1490/1291
f 1409/1489/1290 1423/2741/1834 71/1491/1292
f 1365/2556/1835 1411/2099/1221 102/2557/1943
f 140/1809/1510 139/1495/1296 157/31/29
f 1438/32/30 141/1494/1295 120/2558/1944
f 1460/1498/1299 142/1497/1298 1424/1500/1301
f 181/1502/1303 1461/1499/1300 143/1501/1302
f 1462/1504/1305 144/1503/1304 1426/1803/1504
f 1463/1507/881 145/1506/1307 1427/2561/1309
f 1464/1508/1308 146/1510/1310 1428/2563/1947
f 1465/34/32 147/1511/1311 1429/1802/1503
f 1466/1036/883 148/1512/1312 1430/1801/1502
f 184/39/37 1467/1043/890 149/1513/1313
f 185/1518/1318 1468/37/35 150/1515/1315
f 151/1800/1501 1433/1519/1319 186/1520/1320
f 1470/1040/887 152/1798/1499 1434/1796/1497
f 153/1521/1321 1435/2796/1495 187/2564/38
f 188/43/41 1472/41/39 154/1523/1323
f 121/1526/1326 1439/44/42 155/1793/1494
f 156/1792/1493 1450/1842/1543 1453/447/412
f 1451/2029/1667 157/31/29 160/33/31
f 1474/1528/45 1462/1504/1305 182/1505/1306
f 1476/1532/1327 1464/1508/1308 183/36/34
f 202/1545/67 1478/55/53 1469/1517/1317
f 124/2565/56 1440/1535/1329 1438/32/30
f 1480/1536/1330 198/1534/57 1460/1498/1299
f 1481/1537/892 1461/1499/1300 189/1527/44
f 199/2567/61 1482/2797/1331 1476/1532/1327
f 208/54/52 1483/1541/59 1465/34/32
f 1485/1543/895 1468/37/35 195/57/55
f 203/2571/1948 1486/67/65 1479/2798/886
f 1487/1051/897 1471/2799/1322 197/2570/40
f 1441/1548/68 1439/44/42 123/1533/1328
f 1454/462/427 161/1546/70 159/1042/889
f 160/1550/31 162/1054/900 1455/1053/899
f 1440/1549/1329 124/58/56 126/60/58
f 1492/78/75 1482/1538/1331 199/63/61
f 1493/81/78 1477/1553/51 200/66/64
f 212/68/66 1495/87/83 1478/1554/53
f 214/71/69 1497/91/86 1488/1555/891
f 216/95/90 1490/1048/894 206/51/49
f 217/1558/1334 1483/61/59 208/83/52
f 218/1557/1333 1484/64/62 210/86/82
f 1509/92/87 220/1559/1335 1496/1050/896
f 163/1052/898 167/1560/1336 1457/2096/1336
f 1445/2573/1336 1443/1056/902 126/60/58
f 128/1562/909 215/1058/904 1498/1057/903
f 129/1564/909 1489/1047/893 1499/94/89
f 170/2574/909 130/1565/909 1491/76/73
f 171/1568/1337 131/1566/1337 1492/78/75
f 172/2575/1337 132/1567/1337 217/1558/1334
f 133/1569/1337 1493/81/78 1504/1556/1332
f 1448/1572/1339 134/1571/1338 218/1557/1333
f 135/1064/910 1494/84/80 1506/88/84
f 136/1573/1338 1495/87/83 1507/1575/1340
f 176/1576/1338 137/1574/1338 219/1060/906
f 138/1577/1338 220/1559/1335 1509/92/87
f 1449/1579/1338 1497/91/86 221/2572/1949
f 179/1582/1342 1446/1581/1341 1444/1061/907
f 165/1583/1341 164/93/88 1456/1062/908
f 287/1585/1344 1510/1584/1343 1538/2577/1950
f 259/2578/1951 1531/108/103 290/1589/1348
f 291/1588/1347 1512/98/93 260/100/95
f 1534/111/106 295/1593/1352 1514/2579/1952
f 263/2581/1953 1535/1592/1351 296/1591/1350
f 264/2582/1954 1537/113/108 299/1596/1355
f 235/1601/1359 234/1600/1358 1525/1868/1568
f 1518/103/98 286/102/97 222/106/101
f 267/109/104 1539/1597/1356 289/1599/1357
f 1540/117/112 292/99/94 255/1602/1360
f 1542/1604/1362 298/1603/1361 258/115/110
f 1529/104/99 1538/2577/1950 1543/2586/114
f 1545/1608/117 1531/108/103 259/2578/1951
f 1546/1607/120 1532/1586/1345 260/100/95
f 1548/2800/931 1534/2801/106 262/2802/1349
f 1549/1610/1364 1535/1592/1351 263/2581/1953
f 275/1613/1366 1551/1614/125 1537/113/108
f 1527/2589/389 236/1618/127 235/1601/1359
f 1518/1619/98 224/2744/100 226/1615/1367
f 276/1617/1368 265/1616/1363 1543/119/114
f 1552/1622/1370 1539/1621/1356 267/124/104
f 1562/2591/1955 1553/1623/1371 1540/1625/112
f 1554/1626/1372 1541/1628/926 271/130/124
f 1542/1631/1362 274/133/109 1566/132/126
f 1521/1633/1375 1519/1632/930 225/136/129
f 248/1636/1377 283/1634/1376 1549/1635/1364
f 237/147/140 236/134/127 1527/420/389
f 1522/1639/1380 1520/1620/1369 226/1615/1367
f 239/138/131 228/1638/1379 276/1617/1368
f 241/140/133 229/1640/1381 1552/1622/1370
f 230/1642/1383 1553/1623/1371 1562/2591/1955
f 231/1644/1385 1554/1626/1372 1563/129/123
f 233/1647/1388 1556/1629/1374 1566/132/126
f 252/148/141 1523/1648/1389 1521/1633/1375
f 305/1674/1414 1583/151/144 318/150/143
f 1611/1649/1390 319/1651/1392 1571/152/145
f 1612/1653/1394 321/1652/1393 1573/155/148
f 1613/1654/1395 324/1656/1397 1576/2598/1595
f 344/1682/1417 1614/1659/1400 325/1658/1399
f 345/1683/1418 1615/1660/1401 326/1662/1403
f 347/162/155 1617/1664/1404 330/1666/1406
f 1584/1668/1408 332/1667/1407 1582/1671/1411
f 1622/1670/1410 328/1669/1409 338/1672/1412
f 333/167/160 1648/1934/1609 1649/1947/1616
f 1585/168/161 1583/151/144 305/1674/1414
f 1625/170/163 349/1673/1413 1611/1649/1390
f 359/172/165 1626/1675/171 1612/1653/1394
f 1627/1678/174 1613/1654/1395 343/1657/1398
f 353/2601/1959 1628/1680/962 1614/1659/1400
f 354/2602/1424 1629/1681/1416 1615/1660/1401
f 1631/1684/1419 1617/1664/1404 347/162/155
f 1584/1668/1408 306/166/159 308/184/177
f 358/186/179 349/1688/1413 1625/2604/163
f 1641/2606/172 1632/1686/1420 1619/169/162
f 1620/1692/164 351/1690/167 1642/2607/1961
f 1643/182/175 1634/1689/1421 1621/1691/166
f 1629/1693/1416 354/1696/1424 1645/2608/1962
f 1646/2610/1963 1636/1695/1423 1630/1697/955
f 1647/2612/1964 1637/1698/1425 1622/1670/1410
f 1639/192/183 1624/1701/168 357/1700/1427
f 369/183/176 368/165/158 1649/1947/1616
f 1594/187/180 1588/198/187 1585/1687/161
f 363/200/189 1626/178/171 359/190/165
f 1601/1702/1428 364/202/191 1627/181/174
f 1607/193/184 366/1703/1429 1631/1705/1419
f 1596/1706/1430 309/1709/1432 358/186/179
f 310/2615/1431 1632/2803/1420 1641/179/172
f 311/1712/1435 1633/188/181 1642/2607/1961
f 312/1711/1434 1634/1689/1421 1643/182/175
f 313/1713/1436 1635/1694/1422 1645/2608/1962
f 314/1715/1438 1636/1695/1423 1646/2610/1963
f 315/2617/1440 1637/2804/1425 1647/2618/1964
f 1590/1721/1443 1639/192/183 367/2613/1965
f 1610/1869/1569 370/204/193 369/194/176
f 1661/207/196 385/206/195 371/1813/1514
f 1678/1724/1446 389/2635/1972 1652/2620/1967
f 1681/222/211 392/1729/1451 1653/1827/1528
f 1682/1728/1450 393/1727/1449 1654/208/197
f 428/1735/1456 1683/1732/1453 395/1731/1452
f 396/1835/1536 1657/211/200 429/213/202
f 398/2622/1968 1659/1738/1459 431/1740/1461
f 399/2623/1969 1660/1841/1542 373/1741/1462
f 400/205/194 450/214/203 1671/295/278
f 1661/225/196 372/1742/1444 375/1149/985
f 1691/1744/995 1678/1724/1446 424/1725/1447
f 1681/222/211 425/1726/1448 437/1746/1463
f 1682/2805/1450 426/229/199 442/228/215
f 1696/235/220 1683/1748/1453 428/2626/1456
f 1697/1750/1465 1684/1734/1455 429/213/202
f 1698/1752/223 1685/1737/1458 431/1740/1461
f 1664/1754/1466 1662/1739/1460 373/1741/1462
f 1671/318/278 450/224/203 451/2628/1970
f 1699/1757/1468 1690/1756/982 433/1758/981
f 1701/1761/1471 1692/2748/983 435/234/208
f 1694/2630/1464 437/1764/1463 1712/1765/1473
f 1687/227/214 438/237/222 1713/236/221
f 1705/243/228 1697/1769/1465 439/2631/217
f 1688/1767/216 440/240/225 1715/239/224
f 1666/246/231 1664/1773/1466 374/1772/1467
f 402/1787/1489 401/1770/984 1672/307/262
f 448/251/236 1696/235/220 443/245/230
f 1698/238/223 444/248/233 417/247/232
f 451/2628/1970 1674/1774/1477 1719/330/305
f 1699/1757/1468 1708/1759/1469 406/1777/1480
f 1701/1761/1471 1710/233/219 409/250/235
f 380/1781/1484 1702/1763/1472 1712/1765/1473
f 1704/241/226 1713/236/221 413/252/237
f 383/1786/1488 1705/243/228 1714/1766/1474
f 384/1784/1487 1706/1768/1475 1715/239/224
f 1668/1789/1491 1666/246/231 376/1771/1476
f 402/1787/1489 1673/309/289 1675/1908/1592
f 234/1600/1358 370/204/193 1610/1869/1569
f 1589/1127/965 1609/195/185 223/1077/922
f 1608/1720/1442 1516/1595/1354 299/1596/1355
f 366/1703/1429 1607/193/184 258/115/110
f 316/1125/964 1606/1124/963 257/1074/919
f 315/2617/1440 1605/1719/1441 1515/1594/1353
f 314/1715/1438 1604/1716/1439 1514/2579/1952
f 313/1713/1436 1603/1714/1437 256/110/105
f 1602/2616/1966 1513/1791/1492 293/1079/924
f 1601/1702/1428 255/1602/1360 292/99/94
f 312/1711/1434 1600/203/192 1512/98/93
f 311/1712/1435 1599/1710/1433 1511/1587/1346
f 1598/189/182 254/107/102 289/1599/1357
f 1597/201/190 253/1598/914 288/2633/913
f 1596/1706/1430 1510/1584/1343 287/1585/1344
f 1594/187/180 222/106/101 286/102/97
f 1595/199/188 301/1067/912 1524/395/365
f 156/1792/1493 1717/261/244 1670/1135/973
f 1720/262/245 1437/1525/1325 155/1793/1494
f 1721/1870/1570 1436/1524/1324 154/1523/1323
f 1722/2634/242 1435/2796/1495 153/1521/1321
f 1434/1796/1497 152/1798/1499 476/1797/1498
f 1433/1519/1319 151/1800/1501 477/1799/1500
f 1725/1874/1574 1432/1516/1316 150/1515/1315
f 1726/268/251 1431/1514/1314 149/1513/1313
f 1430/1801/1502 148/1512/1312 480/275/258
f 1429/1802/1503 147/1511/1311 497/283/266
f 1729/1168/1002 1428/2563/1947 146/1510/1310
f 1730/1169/1003 1427/2561/1309 145/1506/1307
f 1731/1878/1577 1426/1803/1504 144/1503/1304
f 482/1806/1507 1732/1804/1505 1425/2560/1946
f 1733/1171/1004 1424/1500/1301 142/1497/1298
f 483/278/261 1734/1807/1508 120/2558/1944
f 139/1495/1296 140/1809/1510 400/205/194
f 1528/2006/1644 85/1492/1293 102/2557/1943
f 1748/1094/935 1412/2137/1723 87/2546/1934
f 385/206/195 654/1808/1509 1777/1814/1515
f 386/1128/966 653/2694/1513 1778/1815/1516
f 652/2027/1665 1779/1816/1517 420/1130/968
f 651/1817/1518 1780/1819/1520 1651/1723/1445
f 650/1818/1519 1781/1820/1521 1652/2620/1967
f 390/1132/970 649/1821/1522 1782/1823/1524
f 391/1134/972 648/1822/1523 1783/1825/1526
f 392/1729/1451 647/1824/1525 1784/1828/1529
f 393/1727/1449 646/1826/1527 1785/1830/1531
f 394/209/198 645/1829/1530 1786/2636/1534
f 644/1831/1532 1787/1834/1535 1656/1733/1454
f 1657/211/200 396/1835/1536 643/2637/1973
f 397/212/201 642/2691/1994 1789/1838/1539
f 398/2622/1968 641/1837/1538 1790/1840/1541
f 399/2623/1969 1997/1839/1540 468/2020/1658
f 470/1973/1629 593/397/367 1791/1845/1546
f 1805/1970/1626 592/1843/1544 1792/392/362
f 553/1240/1063 1806/1239/1062 591/394/364
f 1807/371/342 590/389/359 1794/1847/1548
f 1808/1969/1625 589/1846/1547 1795/1850/1551
f 581/377/348 1809/2673/339 588/2638/1549
f 550/1853/1554 1810/378/349 587/388/358
f 1811/1852/1553 612/404/374 1798/384/354
f 1812/376/347 586/383/353 1799/1856/1557
f 1813/364/336 585/1854/1555 1800/1857/1558
f 547/1859/1560 1814/1858/1559 584/1976/1632
f 1815/2639/1974 611/401/371 1802/1242/1065
f 1816/2640/1975 583/1861/1562 1803/1863/1564
f 544/1236/1059 1817/361/334 610/398/368
f 543/1867/1567 1818/1865/1566 1953/380/350
f 334/149/142 317/1933/1608 1719/330/305
f 1675/1908/1592 1648/1934/1609 333/167/160
f 1868/280/263 1721/1870/1570 474/1795/1496
f 1869/2642/243 1722/2634/242 475/266/249
f 1870/1872/1572 1724/1871/1571 477/1799/1500
f 1871/1875/1575 1725/1874/1574 478/267/250
f 1731/1878/1577 481/1805/1506 507/2643/1976
f 1875/1876/1576 1732/1804/1505 482/1806/1507
f 1734/1807/1508 483/278/261 485/277/260
f 1728/273/256 497/283/266 513/285/268
f 1882/2644/1583 509/1881/290 1868/280/263
f 1883/1179/1009 1869/2806/243 501/297/248
f 1870/1872/1572 503/1873/1573 510/1885/1580
f 1871/1875/1575 504/269/252 511/301/283
f 1888/2807/1015 1874/289/272 507/2643/1976
f 1889/2649/1581 1875/1876/1576 508/1879/1578
f 1864/1892/1016 1862/292/275 485/277/260
f 1893/1894/1584 1885/1893/1579 511/2650/283
f 1879/1896/282 512/2751/285 1902/1898/1587
f 1881/1902/286 513/1899/268 1903/1901/1589
f 1897/1900/1588 1886/2752/1007 514/315/270
f 1889/1887/1581 521/1905/1582 1831/1906/1591
f 491/1910/1594 1893/1894/1584 1901/1895/1585
f 1894/1897/1586 1902/1898/1587 1825/1913/1595
f 494/1916/1597 1896/323/298 1903/1901/1589
f 1897/1900/1588 1904/314/293 1828/329/304
f 1914/1920/1600 1846/1919/1599 527/333/308
f 558/336/311 1916/343/316 1843/1924/309
f 560/2653/1977 1917/1923/1602 1841/1922/1601
f 1919/1927/1604 1838/1926/1603 533/337/237
f 1920/1929/1605 1835/1928/1487 535/1931/1607
f 565/342/315 1921/1930/1606 1834/1932/1607
f 1926/350/323 1837/338/229 556/2658/1982
f 1914/1920/1600 1922/332/307 1935/347/320
f 569/349/322 1929/1939/1613 1916/343/316
f 1930/1938/1612 1917/1923/1602 560/2653/1977
f 577/351/324 1932/357/330 1919/1927/1604
f 1933/1941/1054 1920/1929/1605 564/2656/1980
f 1934/1943/1056 1921/1930/1606 565/342/315
f 541/2663/1624 538/1211/1037 1910/1936/1611
f 1936/360/333 1923/1952/319 567/2665/1984
f 1937/1951/1618 1928/1950/1047 568/2666/317
f 1938/1955/1620 1929/1954/1613 569/2667/322
f 1940/363/335 1930/1959/1612 570/354/327
f 1941/2808/1622 1925/1216/1042 572/359/332
f 1951/2670/1986 1942/1961/338 1926/350/323
f 1911/1963/1623 1909/1962/325 540/1964/1614
f 581/377/348 1932/1965/330 577/2672/324
f 543/1867/1567 541/1967/1624 1912/2674/1985
f 1816/2640/1975 545/1864/1565 1936/360/333
f 1815/2639/1974 546/1862/1563 1937/1951/1618
f 1814/1858/1559 547/1859/1560 1938/1955/1620
f 1812/376/347 549/1855/1556 1940/363/335
f 1810/378/349 550/1853/1554 1941/1958/1622
f 551/1849/1550 1942/366/338 1951/2675/1986
f 470/1973/1629 1913/1844/1545 1911/1963/1623
f 1955/382/352 594/1982/1637 469/1971/1627
f 1960/399/369 1803/1863/1564 583/1861/1562
f 1962/402/372 1801/1860/1561 584/1976/1632
f 616/2676/1987 1963/1975/1631 1800/1857/1558
f 617/385/355 1964/1977/1633 1799/1856/1557
f 1965/405/375 1797/1851/1552 587/388/358
f 620/2677/1988 1966/1978/1634 1795/1850/1551
f 621/391/361 1967/1979/1635 1794/1847/1548
f 1954/1980/1636 1791/1845/1546 593/397/367
f 613/407/377 1804/381/351 610/2678/368
f 627/406/376 1968/409/379 1798/384/354
f 596/1981/390 594/1982/1637 1955/382/352
f 624/2680/1989 1973/2809/392 1960/399/369
f 632/2681/400 1975/1986/394 1962/402/372
f 1976/1984/1069 1963/1975/1631 616/2676/1987
f 1977/1988/1639 1964/1977/1633 617/385/355
f 628/412/382 1978/429/396 1965/1990/375
f 1979/1259/1080 1966/1989/1634 620/2682/1988
f 1980/2810/1072 1967/1979/1635 621/391/361
f 597/419/388 1957/1993/1083 1954/1980/1636
f 1958/2008/1646 598/422/391 596/421/390
f 1989/424/393 631/1994/1641 613/1996/377
f 1981/1998/1642 1974/1997/1068 625/428/373
f 1992/2012/1650 1983/435/401 1977/2002/1639
f 1984/1999/1643 1968/2001/379 627/431/376
f 1996/2687/1990 1987/438/404 1970/2004/383
f 1753/433/399 638/443/408 1975/426/394
f 1749/2688/1991 600/2009/1647 598/422/391
f 1750/442/407 601/2007/1645 631/1994/1641
f 602/2010/1648 1981/1998/1642 1991/427/395
f 604/2013/1651 1983/435/401 1992/2012/1650
f 1756/446/411 605/2011/1649 1984/1999/1643
f 608/2017/1655 1987/438/404 1996/2687/1990
f 1998/452/417 655/448/413 468/2020/1658
f 2010/450/415 1790/1840/1541 641/1837/1538
f 676/455/420 2011/2021/1659 1789/1838/1539
f 2012/453/418 1788/1836/1537 643/2637/1973
f 1787/1834/1535 644/1831/1532 677/456/421
f 684/2033/1669 2014/2811/422 1786/2636/1534
f 678/2692/1995 2015/2024/1662 1785/1830/1531
f 685/468/433 2016/1270/1091 1784/1828/1529
f 686/1272/1093 2017/1271/1092 1783/1825/1526
f 2018/1273/1094 1782/1823/1524 649/1821/1522
f 1781/1820/1521 650/1818/1519 679/2026/1664
f 2020/1278/1099 1780/1819/1520 651/1817/1518
f 2021/1284/1105 1779/1816/1517 652/2027/1665
f 681/2693/1996 2022/460/425 1778/1815/1516
f 656/2030/1668 1999/2028/1666 1777/1814/1515
f 657/449/414 655/448/413 1998/452/417
f 2024/464/429 2011/2021/1659 676/455/420
f 2025/2032/1101 2013/2023/1661 677/456/421
f 2026/2034/1102 2015/2024/1662 678/2692/1995
f 688/2695/1997 2030/2035/1670 2019/2025/1663
f 2001/2696/1672 1999/2028/1666 656/2030/1668
f 2042/465/430 691/2041/1107 2010/450/415
f 692/2044/1675 2032/2042/1112 2012/453/418
f 694/2045/1676 2034/469/434 2014/2046/422
f 696/467/432 2036/2049/437 2027/1269/1090
f 697/2050/439 2037/2048/1115 2029/1275/1096
f 2038/2051/440 2030/2035/1670 688/2695/1997
f 698/2700/1683 2039/2053/1119 2031/1277/1098
f 2041/2057/442 2022/460/425 690/2036/1671
f 659/2060/1680 2002/2056/1679 2001/2055/1672
f 702/470/435 2044/2062/1681 2033/1279/1100
f 2053/474/438 2045/487/449 2035/1282/1103
f 706/479/443 2047/2064/1682 2040/2066/1104
f 2004/1302/1120 2002/2056/1679 659/2060/1680
f 661/2067/1684 660/1286/1106 2003/483/446
f 709/2069/1686 2034/469/434 703/489/451
f 2055/2703/1998 711/2070/1687 2046/1291/1110
f 2057/2072/1688 713/2073/1689 2038/476/440
f 715/2704/1999 2060/2074/1690 2041/478/442
f 1847/2706/1341 663/2750/1341 661/2067/1684
f 664/2076/1341 700/481/444 2048/485/448
f 665/2077/1124 2043/484/447 2049/490/452
f 666/2078/1123 2044/2062/1681 2051/2068/1685
f 667/2081/1124 709/2069/1686 2052/488/450
f 668/2083/1693 2045/487/449 2053/474/438
f 669/2085/1692 710/1296/1114 2054/1295/1113
f 670/2087/1692 711/2070/1687 2055/2703/1998
f 671/2089/1125 712/1298/1116 2056/477/441
f 1857/2708/1125 672/2091/1125 713/2073/1689
f 2009/494/455 673/2092/1125 714/1300/1118
f 674/495/456 2047/2064/1682 2059/2705/2000
f 675/2093/1125 2060/2074/1690 715/2704/1999
f 473/2097/1336 2007/2095/1336 2006/1304/1122
f 1364/2100/1695 2061/2101/1222 1763/2103/1697
f 718/2102/1696 1366/2759/1927 2063/2709/1225
f 1367/2105/1224 2064/2107/1226 1765/2109/1701
f 720/2108/1700 1368/2760/1928 2065/2710/1230
f 721/2112/1703 1369/2111/1229 2066/1426/1233
f 722/2114/1705 1370/1425/1232 2067/1427/1234
f 723/2115/1706 1371/2539/1929 2068/2540/1238
f 724/1811/1512 1372/2117/1237 2069/2711/1241
f 1373/2119/1240 2070/2121/1242 1771/2123/1711
f 1374/2712/1930 2071/2761/1243 1772/2124/1712
f 727/2126/1714 1375/2125/1713 2072/1443/1246
f 1376/1442/1245 2073/1444/1247 1774/2130/1718
f 1377/2543/1931 2074/1446/1249 1775/2131/1719
f 730/2133/1721 1378/2132/1720 731/1448/1251
f 1379/2544/1932 716/2136/1253 467/2138/1724
f 2075/501/462 732/497/458 459/496/457
f 733/504/464 2076/500/461 1747/499/460
f 734/507/467 2077/503/463 1746/502/460
f 2078/506/466 1745/505/465 1744/2140/1726
f 2079/2141/1727 1744/2140/1726 1743/2143/1726
f 2080/2144/1729 1743/2143/1726 1735/2146/1731
f 2081/2147/1732 1735/2146/1731 458/2149/1734
f 2082/2150/1735 458/2149/1734 1742/508/468
f 740/513/472 2083/509/469 1742/508/468
f 741/516/474 2084/512/471 1741/511/468
f 742/519/477 2085/515/473 1740/514/468
f 743/2154/1738 2086/518/476 1739/517/475
f 2087/2153/1737 1738/2152/475 1737/2155/1739
f 2088/2156/1740 1737/2155/1739 1736/2158/1742
f 2089/2159/1743 1736/2158/1742 36/2161/1742
f 2090/2164/1747 747/2139/1725 732/497/458
f 2076/500/461 733/504/464 766/2166/1749
f 767/2713/2002 2110/2167/1750 2077/503/463
f 768/2714/2003 2111/2168/1751 2078/506/466
f 2112/2169/1752 2079/2141/1727 736/2145/1730
f 770/2171/1754 2113/2170/1753 2080/2144/1729
f 771/2201/1784 2114/2172/1755 2081/2147/1732
f 2115/2173/1756 2082/2150/1735 739/510/470
f 773/2716/2005 2116/2174/1757 2083/509/469
f 774/2177/1760 2117/2176/1759 2084/512/471
f 775/2717/2006 2118/2178/1761 2085/515/473
f 776/2718/2007 2119/2179/1762 2086/518/476
f 2120/2180/1763 2087/2153/1737 744/2157/1741
f 2121/2182/1765 2088/2156/1740 745/2160/1744
f 2091/2184/1767 2089/2159/1743 746/2163/1746
f 2092/2189/1772 749/2188/1771 747/2139/1725
f 2122/2219/1802 779/2190/1773 2109/2165/1748
f 780/2191/1774 2110/2167/1750 767/2713/2002
f 2111/2168/1751 768/2714/2003 2124/2194/1777
f 782/2195/1778 2112/2169/1752 769/2715/2004
f 783/2197/1780 2113/2170/1753 770/2171/1754
f 2127/2719/2008 784/2199/1782 2114/2172/1755
f 2128/2720/2009 785/2200/1783 2115/2173/1756
f 786/2202/1785 2116/2174/1757 773/2716/2005
f 787/2204/1787 2117/2176/1759 774/2177/1760
f 788/2206/1789 2118/2178/1761 775/2717/2006
f 2132/2209/1792 789/2208/1791 2119/2179/1762
f 2133/2234/1817 790/2210/1793 2120/2180/1763
f 791/2212/1795 2134/2211/1794 2121/2182/1765
f 2093/2213/1796 2091/2184/1767 748/2185/1768
f 2094/2721/1824 751/2216/1799 749/2188/1771
f 2096/2722/1825 753/2217/1800 779/2190/1773
f 2097/2248/1826 754/2218/1801 780/2191/1774
f 755/2220/1803 781/2193/1776 2124/2194/1777
f 756/2221/1804 782/2195/1778 2125/2196/1779
f 2100/2251/1829 757/2222/1805 783/2197/1780
f 758/2223/1806 784/2199/1782 2127/2719/2008
f 759/2225/1808 785/2200/1783 2128/2720/2009
f 786/2202/1785 2129/2203/1786 2103/2228/1811
f 787/2204/1787 2130/2205/1788 2104/2723/1830
f 2105/2724/1831 762/2230/1813 788/2206/1789
f 2106/2261/1832 763/2231/1814 789/2208/1791
f 2107/2262/1833 764/2232/1815 790/2210/1793
f 765/2233/1816 2134/2211/1794 791/2212/1795
f 2095/2236/1819 2093/2213/1796 750/2214/1797
f 106/2725/1256 751/2239/1799 2094/2243/1824
f 753/2244/1800 2096/2247/1825 1413/2246/1260
f 108/2548/1935 754/2218/1801 2097/2248/1826
f 755/2220/1803 2098/2249/1827 1415/2727/2010
f 756/2221/1804 2099/2250/1828 1416/1468/1269
f 757/2222/1805 2100/2251/1829 103/27/25
f 758/2223/1806 2101/2224/1807 1417/2550/1937
f 759/2225/1808 2102/2226/1809 104/30/28
f 760/2728/1810 2103/2253/1811 1418/2729/1938
f 761/2254/1812 2104/2256/1830 1419/2731/1939
f 762/2257/1813 2105/2259/1831 1420/2732/1940
f 117/2258/1281 763/2260/1814 2106/2733/1832
f 118/2554/1941 764/2232/1815 2107/2262/1833
f 119/2555/1942 765/2233/1816 2108/2235/1818
f 2095/2265/1819 752/2266/1821 71/2268/1292
