# Blender 4.0.0
# www.blender.org
o door
v 0.18354400 -0.24838500 -0.15259750
v 0.18282500 -0.24909000 -0.15261850
v 0.18286700 -0.24838200 -0.15329750
v 0.18170500 -0.24835800 -0.15337850
v 0.16561200 -0.24909800 -0.15259950
v 0.16490500 -0.24836900 -0.15263050
v 0.16561600 -0.24838100 -0.15332650
v 0.18172500 -0.23569600 -0.15341250
v 0.18362900 -0.23755800 -0.15151250
v 0.18352300 -0.23807200 -0.15264050
v 0.18289100 -0.23756300 -0.15334050
v 0.18285700 -0.23520600 -0.15330650
v 0.18355700 -0.23570400 -0.15267550
v 0.16485700 -0.23777700 -0.15262850
v 0.16491500 -0.23518900 -0.15263550
v 0.16558900 -0.23555800 -0.15336450
v 0.16559200 -0.23811100 -0.15330950
v 0.18353700 -0.24836800 0.15884950
v 0.18282600 -0.24838100 0.15954550
v 0.18283000 -0.24909800 0.15881850
v 0.16489800 -0.24838500 0.15881650
v 0.16561700 -0.24909000 0.15883750
v 0.16561100 -0.24836300 0.15955250
v 0.18277600 -0.23822600 0.15956550
v 0.18362900 -0.23570400 0.15773050
v 0.18293500 -0.23648500 0.15955650
v 0.18355900 -0.23782200 0.15886950
v 0.18352100 -0.23541100 0.15888350
v 0.16486700 -0.23519600 0.15883150
v 0.16566300 -0.23509100 0.15956550
v 0.16492100 -0.23786700 0.15888250
v 0.16550700 -0.23678000 0.15955650
v 0.18363000 -0.23790800 0.13021150
v 0.18172800 -0.23655200 0.12809950
v 0.18275300 -0.23484400 0.12902350
v 0.18351400 -0.23475100 0.12977350
v 0.18359800 -0.23715800 0.12941450
v 0.18351300 -0.23744000 0.12715250
v 0.18281500 -0.23674800 0.12707750
v 0.18292500 -0.23663300 0.12826150
v 0.18174700 -0.23581800 0.12884450
v 0.18292500 -0.23593400 0.12895950
v 0.18172700 -0.23577200 -0.13458950
v 0.18275400 -0.23669800 -0.13288150
v 0.18363100 -0.23809500 -0.13585050
v 0.18351600 -0.23484000 -0.13547950
v 0.18291800 -0.23582200 -0.13473150
v 0.18174700 -0.23651800 -0.13385550
v 0.18292500 -0.23663300 -0.13397250
v 0.18351400 -0.23744700 -0.13278850
v 0.18359800 -0.23708700 -0.13519550
v 0.16481100 -0.23790900 -0.13592350
v 0.16670000 -0.23655300 -0.13380750
v 0.16568900 -0.23484300 -0.13473450
v 0.16492700 -0.23475100 -0.13548450
v 0.16484400 -0.23715800 -0.13512550
v 0.16492800 -0.23744000 -0.13286350
v 0.16562700 -0.23674800 -0.13278850
v 0.16551600 -0.23663300 -0.13397250
v 0.16669400 -0.23581800 -0.13455550
v 0.16551600 -0.23593400 -0.13467050
v 0.16670000 -0.23577000 0.12887950
v 0.16568800 -0.23669700 0.12717050
v 0.16481000 -0.23809600 0.13013950
v 0.16492600 -0.23484000 0.12976850
v 0.16562700 -0.23475100 0.12907450
v 0.16551600 -0.23593400 0.12895950
v 0.16669400 -0.23651800 0.12814550
v 0.16551600 -0.23663300 0.12826150
v 0.16492700 -0.23744700 0.12707750
v 0.16484400 -0.23708700 0.12948550
v 0.18172300 -0.24917700 -0.13534450
v 0.18281500 -0.24906200 -0.13655250
v 0.18293700 -0.24909900 -0.13452950
v 0.18358500 -0.24837700 -0.13596950
v 0.18353800 -0.24841700 -0.13353950
v 0.18282800 -0.24910800 0.12780550
v 0.18362900 -0.24724400 0.12978850
v 0.18289100 -0.24910500 0.12988950
v 0.18355100 -0.24847900 0.12879350
v 0.18351400 -0.24836300 0.13084150
v 0.16671800 -0.24917700 0.12963250
v 0.16562700 -0.24906200 0.13084150
v 0.16550500 -0.24909900 0.12881750
v 0.16485600 -0.24837500 0.13027850
v 0.16491000 -0.24842200 0.12778550
v 0.16565200 -0.24911100 -0.13325550
v 0.16481300 -0.24729200 -0.13535050
v 0.16550700 -0.24910100 -0.13482050
v 0.16488700 -0.24841100 -0.13341150
v 0.16491600 -0.24842300 -0.13590650
v 0.16557300 -0.21576800 -0.15329850
v 0.16672300 -0.21578500 -0.15337850
v 0.16489200 -0.21577200 -0.15260150
v 0.16561800 -0.21505600 -0.15261750
v 0.18282200 -0.21575700 -0.15331950
v 0.18282600 -0.21504900 -0.15260050
v 0.18355000 -0.21578300 -0.15261350
v 0.18353600 -0.21575900 -0.13547050
v 0.18282300 -0.21505600 -0.13546650
v 0.18283200 -0.21577600 -0.13475650
v 0.16490500 -0.21575900 0.12975950
v 0.16561800 -0.21505600 0.12975550
v 0.16560900 -0.21577600 0.12904550
v 0.16492700 -0.21576500 0.15887050
v 0.16484700 -0.21578900 0.15770950
v 0.16561600 -0.21576500 0.15954450
v 0.16561600 -0.21504900 0.15881950
v 0.18283000 -0.21578300 0.15955250
v 0.18353600 -0.21575700 0.15882550
v 0.18282300 -0.21505600 0.15883650
v 0.18354900 -0.21578100 0.12976950
v 0.18283400 -0.21576700 0.12904650
v 0.18282600 -0.21504900 0.12977250
v 0.16489900 -0.21577300 -0.13547250
v 0.16560700 -0.21576700 -0.13475750
v 0.16561600 -0.21504900 -0.13548350
v -0.30371600 -0.19347200 -0.16150950
v -0.30258400 -0.19381200 -0.16213650
v -0.30241400 -0.19436800 -0.16247450
v 0.19093500 -0.19344900 -0.12795450
v 0.19271900 -0.19346400 0.05351950
v 0.19093500 -0.19344900 -0.15964750
v -0.31437400 -0.19344900 -0.15079950
v -0.31444000 -0.19344900 -0.12795450
v -0.25659800 -0.19347000 -0.08662950
v -0.30371400 -0.19345900 0.17117250
v -0.31613300 -0.19346400 -0.15143750
v 0.17904300 -0.19346800 0.05290650
v 0.19201700 -0.19347300 -0.07012550
v -0.25699200 -0.19348900 -0.08600550
v -0.31364100 -0.19344900 -0.15354250
v -0.31203000 -0.19344900 -0.15611250
v -0.31027000 -0.19344900 -0.15771450
v -0.30807400 -0.19344900 -0.15895650
v -0.30538100 -0.19344900 -0.15960550
v 0.13105400 -0.19346500 0.09399850
v 0.17852400 -0.19346400 -0.06946150
v -0.31444000 -0.21874300 -0.12795450
v 0.19093500 -0.21874300 -0.12795450
v -0.30559300 -0.21874300 -0.15958050
v 0.13006300 -0.21874300 0.09369650
v -0.25611600 -0.21874300 0.09369650
v -0.25611600 -0.21874300 -0.08570150
v 0.19093500 -0.21874300 -0.15964750
v 0.13006300 -0.21874300 -0.08570150
v 0.19376400 -0.21870200 0.17140850
v -0.30995700 -0.21872100 0.16922550
v -0.30893800 -0.21871700 -0.16009450
v -0.30744900 -0.21874300 -0.15915150
v -0.30961900 -0.21874300 -0.15817150
v -0.31204600 -0.21874300 -0.15612650
v -0.31375000 -0.21874300 -0.15328050
v -0.31439900 -0.21874300 -0.15058750
v 0.13010300 -0.19428200 -0.08575150
v -0.31603200 -0.21872200 0.16154850
v -0.31392000 -0.21871500 0.16562250
v -0.31661200 -0.21871800 0.15907250
v -0.30480700 -0.21849500 0.17160150
v -0.31712800 -0.21838900 0.15943150
v -0.30490800 -0.21791300 0.17203250
v -0.31601000 -0.21779900 0.16397750
v -0.31321500 -0.21773900 0.16782850
v -0.30940300 -0.21773200 0.17060250
v -0.30429100 -0.21872900 0.17115750
v -0.31724300 -0.21846500 0.15718950
v -0.30257800 -0.21846300 0.17183750
v -0.31765900 -0.21781500 0.15706350
v -0.30246800 -0.21780300 0.17225350
v -0.31745600 -0.21785700 0.15946850
v -0.31268500 -0.21865000 0.16729150
v -0.30692700 -0.21869000 0.17071650
v -0.31539500 -0.21863000 0.16366650
v -0.31115500 -0.21846400 0.16903050
v -0.31667400 -0.21831300 0.16168750
v -0.31576600 -0.21830300 0.16385550
v -0.31447300 -0.21838900 0.16582550
v -0.31306700 -0.21829900 0.16761250
v -0.30924100 -0.21839200 0.17030950
v -0.30711400 -0.21836900 0.17119050
v -0.31692800 -0.21772500 0.16178550
v -0.31476000 -0.21782700 0.16600350
v -0.31142900 -0.21784000 0.16933550
v -0.30719000 -0.21782800 0.17150150
v -0.31600600 -0.19426100 -0.15413950
v 0.19481700 -0.21766000 0.17143450
v 0.19484100 -0.21780300 -0.16143450
v 0.19473800 -0.21771500 -0.16179350
v 0.19440100 -0.21766500 -0.16222050
v 0.19384100 -0.21870600 -0.16155750
v 0.19456300 -0.21818500 -0.16171450
v 0.19439600 -0.21845800 -0.16154050
v 0.19438100 -0.21807900 -0.16207050
v 0.19407300 -0.21777700 -0.16239650
v 0.19384800 -0.21835300 -0.16214850
v 0.19372800 -0.21780500 -0.16247350
v 0.19469000 -0.21815300 0.17117850
v 0.19420400 -0.21857900 0.17131150
v 0.19456200 -0.21818500 0.17148550
v 0.19437700 -0.21808400 0.17184450
v 0.19387600 -0.21831300 0.17194750
v 0.19436200 -0.21765800 0.17203050
v 0.19390700 -0.21781700 0.17222050
v 0.19452000 -0.19455500 0.17189250
v 0.19484300 -0.19438300 0.17112650
v 0.19392800 -0.19451900 0.17224350
v 0.19446800 -0.19379100 0.17123050
v 0.19476900 -0.19447600 0.17149050
v 0.19383600 -0.19415400 0.17213750
v 0.19437000 -0.19426400 0.17194250
v 0.19460700 -0.19406400 0.17147050
v 0.19387600 -0.19378300 0.17185050
v 0.19428800 -0.19387100 0.17168950
v 0.19410900 -0.19357200 0.17131950
v 0.19372300 -0.19346900 0.17130250
v -0.30253100 -0.21783100 -0.16246950
v -0.30253600 -0.21839000 -0.16212750
v -0.30373200 -0.21871700 -0.16151750
v -0.31669300 -0.21872400 -0.14809750
v -0.31691700 -0.21856300 -0.14966150
v -0.30480700 -0.21849500 -0.16182750
v -0.31744100 -0.21793000 -0.14970250
v -0.30487200 -0.21793400 -0.16225350
v -0.30939400 -0.21774600 -0.16082850
v -0.31321400 -0.21783100 -0.15803050
v -0.31598900 -0.21784000 -0.15422250
v -0.31738800 -0.21832300 -0.14739850
v -0.31766900 -0.21772700 -0.14733550
v -0.31266100 -0.21865500 -0.15752350
v -0.31563600 -0.21869900 -0.15302850
v -0.31104600 -0.21871600 -0.15872550
v -0.31409300 -0.21872600 -0.15559350
v -0.30699700 -0.21858200 -0.16118450
v -0.31120700 -0.21839700 -0.15929650
v -0.31653200 -0.21844300 -0.15192450
v -0.30718200 -0.21793000 -0.16171050
v -0.30928800 -0.21824800 -0.16062850
v -0.31300200 -0.21837300 -0.15779650
v -0.31457000 -0.21829000 -0.15608950
v -0.31569300 -0.21839700 -0.15404450
v -0.31141600 -0.21782700 -0.15957750
v -0.31476600 -0.21771400 -0.15625150
v -0.31691000 -0.21782900 -0.15200950
v 0.19175000 -0.19444300 -0.06918150
v 0.19209900 -0.19377000 -0.06940450
v 0.19185400 -0.19410400 -0.06927550
v 0.19188300 -0.19367600 -0.06967650
v 0.19254900 -0.19349500 -0.06959050
v 0.17941100 -0.19415200 -0.06926150
v 0.17950000 -0.19445900 -0.06917750
v 0.17951300 -0.20026600 -0.06916450
v 0.19173200 -0.20026600 -0.06916450
v 0.17951300 -0.20026600 -0.03168750
v 0.19173200 -0.20026600 -0.03168750
v 0.17936200 -0.19361500 -0.06976450
v 0.17896700 -0.19347400 -0.07004550
v 0.17902100 -0.19366700 -0.06946050
v 0.17925600 -0.19391000 -0.06930750
v 0.17922800 -0.19365800 -0.03117550
v 0.17901300 -0.19347100 -0.03077750
v 0.17862200 -0.19347800 -0.03141150
v 0.17947000 -0.19428500 -0.03163850
v 0.17936200 -0.19391300 -0.03143650
v 0.17908700 -0.19375200 -0.03155350
v 0.19188500 -0.19362600 -0.03110450
v 0.19264500 -0.19347700 -0.03141250
v 0.19228300 -0.19347700 -0.03083650
v 0.19174700 -0.19444800 -0.03167250
v 0.19181800 -0.19406000 -0.03152150
v 0.19195200 -0.19396900 -0.03158550
v 0.19218800 -0.19370300 -0.03145650
v 0.19209100 -0.19360200 0.05326850
v 0.19217400 -0.19347300 0.05291750
v 0.19176900 -0.19433300 0.05381550
v 0.19216800 -0.19372500 0.05373550
v 0.19187400 -0.19391000 0.05359150
v 0.17918900 -0.19360800 0.05326650
v 0.17951300 -0.20026600 0.05384850
v 0.19173200 -0.20026600 0.05384850
v 0.17951300 -0.20026600 0.09132650
v 0.19173200 -0.20026600 0.09132650
v 0.19174700 -0.19444800 0.09134150
v 0.17949800 -0.19444800 0.05383450
v 0.17939800 -0.19389100 0.05357750
v 0.17862100 -0.19348100 0.05352750
v 0.17923800 -0.19386700 0.05367850
v 0.17949700 -0.19445100 0.09134050
v 0.17903300 -0.19347000 0.09224850
v 0.17940000 -0.19411100 0.09144250
v 0.17907200 -0.19370400 0.09159350
v 0.17939700 -0.19370300 0.09181050
v 0.17863700 -0.19348700 0.09161450
v 0.19185700 -0.19368100 0.09183350
v 0.19261500 -0.19348400 0.09157250
v 0.19215900 -0.19347300 0.09226650
v 0.19199500 -0.19389600 0.09142750
v 0.19185600 -0.19396300 0.09154250
v 0.19219600 -0.19359000 0.09181550
v 0.13025400 -0.19385000 -0.08599250
v 0.13104500 -0.19346500 -0.08602150
v 0.13052500 -0.19349200 -0.08651550
v 0.13056100 -0.19367100 -0.08595450
v -0.25615800 -0.19428200 -0.08574750
v -0.25655300 -0.19374500 -0.08582350
v -0.25625100 -0.19390800 -0.08596550
v -0.25644300 -0.19361200 -0.08627150
v -0.25627000 -0.19391200 0.09394650
v -0.25669500 -0.19363000 0.09383450
v -0.25639000 -0.19346700 0.09467950
v -0.25696500 -0.19347600 0.09426050
v -0.25615300 -0.19429200 0.09374350
v -0.25641300 -0.19365400 0.09420850
v 0.13056700 -0.19348000 0.09454650
v 0.13017200 -0.19379800 0.09406250
v 0.13008000 -0.19444300 0.09371350
v 0.13022700 -0.19401400 0.09383950
v 0.13053800 -0.19368200 0.09397350
v 0.19389200 -0.19347000 -0.16141750
v -0.30244600 -0.19435400 0.17224150
v -0.30259800 -0.19372800 0.17183550
v -0.30689300 -0.19347100 0.17058550
v -0.31707200 -0.19374100 0.15940750
v -0.30479800 -0.19363600 0.17153550
v -0.30484400 -0.19426800 0.17204050
v -0.31747000 -0.19436600 0.15947050
v -0.30934500 -0.19436300 0.17061250
v -0.31321800 -0.19436700 0.16780650
v -0.31597500 -0.19425800 0.16396150
v -0.31706800 -0.19360500 0.15710150
v -0.31761400 -0.19422800 0.15709550
v -0.30912200 -0.19353800 0.16991650
v -0.31416700 -0.19354200 0.16555550
v -0.31502700 -0.19346900 0.16386150
v -0.31635700 -0.19346000 0.16025850
v -0.31264700 -0.19353800 0.16735050
v -0.31093600 -0.19349900 0.16869650
v -0.30707100 -0.19369300 0.17105050
v -0.31564100 -0.19374900 0.16379150
v -0.31646800 -0.19368300 0.16158550
v -0.30926500 -0.19389000 0.17035550
v -0.31130400 -0.19395500 0.16916850
v -0.31302700 -0.19388300 0.16760450
v -0.31454400 -0.19389400 0.16588250
v -0.30712400 -0.19425300 0.17149450
v -0.31138700 -0.19446900 0.16938350
v -0.31479300 -0.19446600 0.16598450
v -0.31686900 -0.19426200 0.16183150
v -0.31682100 -0.19353600 -0.14924350
v -0.31724600 -0.19374900 -0.14731750
v -0.31762900 -0.19426100 -0.14730250
v -0.31506900 -0.19346500 -0.15399350
v -0.31082300 -0.19346000 -0.15877350
v -0.30481700 -0.19374100 -0.16188950
v -0.31721400 -0.19389900 -0.14966650
v -0.30487900 -0.19436600 -0.16228650
v -0.31747000 -0.19435300 -0.14965250
v -0.31479100 -0.19447100 -0.15620750
v -0.31139000 -0.19434700 -0.15958350
v -0.30720600 -0.19445500 -0.16173650
v -0.31275700 -0.19353900 -0.15747050
v -0.30728100 -0.19347900 -0.16076250
v -0.31420800 -0.19356500 -0.15582450
v -0.30903100 -0.19357500 -0.16026150
v -0.31563900 -0.19374900 -0.15401950
v -0.31121500 -0.19375000 -0.15924250
v -0.31667200 -0.19388400 -0.15192550
v -0.31301400 -0.19388300 -0.15784350
v -0.31457800 -0.19395500 -0.15612050
v -0.30927500 -0.19389600 -0.16058250
v -0.30706000 -0.19388000 -0.16150250
v -0.30938800 -0.19439100 -0.16082450
v -0.31692700 -0.19444800 -0.15199850
v -0.31321600 -0.19436800 -0.15803450
v 0.19481800 -0.19449200 -0.16161150
v 0.19381400 -0.19431300 -0.16245250
v 0.19474000 -0.19413100 -0.16134750
v 0.19435100 -0.19371200 -0.16154050
v 0.19446900 -0.19435100 -0.16212150
v 0.19456600 -0.19403400 -0.16174050
v 0.19418100 -0.19440900 -0.16234850
v 0.19411100 -0.19388600 -0.16207550
v 0.19383700 -0.19365800 -0.16193650
v -0.31444000 -0.19344900 -0.12795450
v -0.30547800 -0.19344900 -0.15960150
v 0.19093500 -0.19344900 -0.15964750
v 0.19093500 -0.19344900 -0.12795450
v -0.30820200 -0.19344900 -0.15889450
v -0.31080500 -0.19344900 -0.15733450
v -0.31250800 -0.19344900 -0.15547650
v -0.31368700 -0.19344900 -0.15340850
v -0.31437400 -0.19344900 -0.15079750
v 0.19093200 -0.21926900 -0.15963950
v -0.30431600 -0.21946200 -0.15958450
v 0.19067300 -0.21957100 -0.15939150
v -0.30668200 -0.21958300 -0.15911550
v 0.19087100 -0.21943800 -0.15956450
v -0.31426500 -0.21943700 -0.15110850
v -0.31247800 -0.21937700 -0.15547150
v -0.31393900 -0.21931700 -0.15264050
v -0.31427700 -0.21954900 -0.14991850
v -0.30586600 -0.21939800 -0.15949650
v -0.30963000 -0.21958100 -0.15784150
v -0.31296900 -0.21956300 -0.15441950
v -0.30744900 -0.21936700 -0.15913050
v -0.30893400 -0.21942400 -0.15848750
v -0.31024800 -0.21939800 -0.15768650
v -0.31134200 -0.21953900 -0.15657350
v -0.31376700 -0.21955900 -0.15255150
v -0.31147000 -0.21931100 -0.15667850
v -0.31332800 -0.21930600 -0.15412550
v -0.31442400 -0.21932600 -0.12797050
v -0.31437000 -0.21943500 -0.12802150
v -0.31417500 -0.21957600 -0.12822550
v 0.19093200 -0.21926900 -0.12795750
v 0.19066900 -0.21957500 -0.12821950
v -0.31443700 -0.21926900 -0.14952550
v -0.31443700 -0.21926900 -0.12795750
v 0.19086700 -0.21943600 -0.12802250
v 0.19089400 -0.21938100 -0.12799550
v -0.25350100 -0.20354700 0.09116750
v -0.25350100 -0.20354700 -0.08152450
v -0.25350100 -0.19323400 -0.08152450
v -0.25350100 -0.19323400 0.09116750
v -0.25347000 -0.20394200 -0.08152450
v -0.25347000 -0.20394200 0.09116750
v -0.25337700 -0.20432800 0.09116750
v -0.25337700 -0.20432800 -0.08152450
v -0.25322500 -0.20469500 0.09116750
v -0.25322500 -0.20469500 -0.08152450
v -0.25301800 -0.20503300 0.09116750
v -0.25301800 -0.20503300 -0.08152450
v -0.25276000 -0.20533500 0.09116750
v -0.25276000 -0.20533500 -0.08152450
v -0.25245800 -0.20559300 0.09116750
v -0.25245800 -0.20559300 -0.08152450
v -0.25211900 -0.20580000 0.09116750
v -0.25211900 -0.20580000 -0.08152450
v -0.25175300 -0.20595200 0.09116750
v -0.25175300 -0.20595200 -0.08152450
v -0.25136700 -0.20604500 0.09116750
v -0.25136700 -0.20604500 -0.08152450
v -0.25097100 -0.20607600 0.09116750
v -0.25097100 -0.20607600 -0.08152450
v -0.06696800 -0.20607600 0.07821750
v -0.21482000 -0.20607600 0.07821750
v -0.21987900 -0.20607600 0.07315850
v -0.21987900 -0.20607600 -0.06151650
v -0.21482000 -0.20607600 -0.06657450
v -0.06696800 -0.20607600 -0.06657450
v -0.06696800 -0.20607600 -0.08152450
v -0.06696800 -0.20607600 0.09116750
v 0.08088400 -0.20607600 -0.06657450
v 0.08594300 -0.20607600 -0.06151650
v 0.08594300 -0.20607600 0.07315850
v 0.08088400 -0.20607600 0.07821750
v 0.12616400 -0.20607600 0.09116750
v 0.12616400 -0.20607600 -0.08152450
v -0.21561100 -0.20607600 0.07815450
v -0.21638300 -0.20607600 0.07796950
v -0.21711700 -0.20607600 0.07766550
v -0.21779300 -0.20607600 0.07725150
v -0.21839700 -0.20607600 0.07673550
v -0.21891300 -0.20607600 0.07613150
v -0.21932700 -0.20607600 0.07545550
v -0.21963100 -0.20607600 0.07472150
v -0.21981600 -0.20607600 0.07394950
v -0.21981600 -0.20607600 -0.06230750
v -0.21963100 -0.20607600 -0.06307950
v -0.21932700 -0.20607600 -0.06381250
v -0.21891300 -0.20607600 -0.06448950
v -0.21839700 -0.20607600 -0.06509350
v -0.21779300 -0.20607600 -0.06560850
v -0.21711700 -0.20607600 -0.06602350
v -0.21638300 -0.20607600 -0.06632750
v -0.21561100 -0.20607600 -0.06651250
v 0.08167500 -0.20607600 -0.06651250
v 0.08244700 -0.20607600 -0.06632750
v 0.08318000 -0.20607600 -0.06602350
v 0.08385700 -0.20607600 -0.06560850
v 0.08446100 -0.20607600 -0.06509350
v 0.08497600 -0.20607600 -0.06448950
v 0.08539100 -0.20607600 -0.06381250
v 0.08569500 -0.20607600 -0.06307950
v 0.08588000 -0.20607600 -0.06230750
v 0.08588000 -0.20607600 0.07394950
v 0.08569500 -0.20607600 0.07472150
v 0.08539100 -0.20607600 0.07545550
v 0.08497600 -0.20607600 0.07613150
v 0.08446100 -0.20607600 0.07673550
v 0.08385700 -0.20607600 0.07725150
v 0.08318000 -0.20607600 0.07766550
v 0.08244700 -0.20607600 0.07796950
v 0.08167500 -0.20607600 0.07815450
v -0.21522000 -0.20821000 0.07568750
v -0.21561100 -0.20821000 0.07559350
v -0.21598200 -0.20821000 0.07543950
v -0.21632500 -0.20821000 0.07522950
v -0.21663000 -0.20821000 0.07496850
v -0.21689100 -0.20821000 0.07466350
v -0.21710100 -0.20821000 0.07432050
v -0.21725500 -0.20821000 0.07394950
v -0.21734900 -0.20821000 0.07355850
v -0.21523500 -0.20782400 0.07577850
v -0.21744000 -0.20782400 0.07357350
v -0.21525900 -0.20745700 0.07592850
v -0.21759000 -0.20745700 0.07359750
v -0.21529100 -0.20711900 0.07613350
v -0.21779500 -0.20711900 0.07362950
v -0.21533100 -0.20681700 0.07638850
v -0.21805000 -0.20681700 0.07366950
v -0.21537900 -0.20655900 0.07668650
v -0.21834800 -0.20655900 0.07371750
v -0.21543200 -0.20635200 0.07702050
v -0.21868200 -0.20635200 0.07377050
v -0.21548900 -0.20620000 0.07738250
v -0.21904400 -0.20620000 0.07382750
v -0.21554900 -0.20610700 0.07776450
v -0.21942600 -0.20610700 0.07388750
v -0.21626100 -0.20610700 0.07759350
v -0.21693700 -0.20610700 0.07731350
v -0.21756100 -0.20610700 0.07693050
v -0.21811700 -0.20610700 0.07645550
v -0.21859200 -0.20610700 0.07589950
v -0.21897500 -0.20610700 0.07527550
v -0.21925500 -0.20610700 0.07459950
v -0.21482000 -0.20821000 0.07571850
v -0.21482000 -0.20860500 0.07568750
v -0.21521600 -0.20860500 0.07565650
v -0.21560200 -0.20860500 0.07556350
v -0.21596800 -0.20860500 0.07541250
v -0.21630700 -0.20860500 0.07520450
v -0.21660800 -0.20860500 0.07494650
v -0.21686600 -0.20860500 0.07464550
v -0.21707400 -0.20860500 0.07430650
v -0.21722500 -0.20860500 0.07394050
v -0.21731800 -0.20860500 0.07355450
v -0.21734900 -0.20860500 0.07315850
v -0.21738000 -0.20821000 0.07315850
v -0.21482000 -0.20782400 0.07581150
v -0.21747300 -0.20782400 0.07315850
v -0.21482000 -0.20745700 0.07596350
v -0.21762500 -0.20745700 0.07315850
v -0.21482000 -0.20711900 0.07617050
v -0.21783200 -0.20711900 0.07315850
v -0.21482000 -0.20681700 0.07642850
v -0.21809000 -0.20681700 0.07315850
v -0.21482000 -0.20655900 0.07673050
v -0.21839200 -0.20655900 0.07315850
v -0.21482000 -0.20635100 0.07706950
v -0.21873100 -0.20635100 0.07315850
v -0.21482000 -0.20620000 0.07743550
v -0.21909700 -0.20620000 0.07315850
v -0.21482000 -0.20610700 0.07782150
v -0.21948300 -0.20610700 0.07315850
v -0.21564000 -0.20782400 0.07568150
v -0.21602400 -0.20782400 0.07552250
v -0.21637900 -0.20782400 0.07530450
v -0.21669600 -0.20782400 0.07503450
v -0.21696600 -0.20782400 0.07471750
v -0.21718400 -0.20782400 0.07436250
v -0.21734300 -0.20782400 0.07397850
v -0.21568700 -0.20745700 0.07582650
v -0.21609300 -0.20745700 0.07565750
v -0.21646900 -0.20745700 0.07542750
v -0.21680300 -0.20745700 0.07514150
v -0.21708900 -0.20745700 0.07480750
v -0.21731900 -0.20745700 0.07443150
v -0.21748800 -0.20745700 0.07402550
v -0.21575100 -0.20711900 0.07602350
v -0.21618800 -0.20711900 0.07584250
v -0.21659100 -0.20711900 0.07559550
v -0.21695000 -0.20711900 0.07528850
v -0.21725700 -0.20711900 0.07492950
v -0.21750400 -0.20711900 0.07452650
v -0.21768500 -0.20711900 0.07408950
v -0.21583000 -0.20681700 0.07626850
v -0.21630500 -0.20681700 0.07607250
v -0.21674200 -0.20681700 0.07580450
v -0.21713200 -0.20681700 0.07547050
v -0.21746600 -0.20681700 0.07508050
v -0.21773400 -0.20681700 0.07464350
v -0.21793000 -0.20681700 0.07416850
v -0.21592400 -0.20655900 0.07655550
v -0.21644200 -0.20655900 0.07634150
v -0.21692000 -0.20655900 0.07604850
v -0.21734600 -0.20655900 0.07568450
v -0.21771000 -0.20655900 0.07525850
v -0.21800300 -0.20655900 0.07478050
v -0.21821700 -0.20655900 0.07426250
v -0.21602800 -0.20635200 0.07687750
v -0.21659500 -0.20635200 0.07664250
v -0.21711800 -0.20635200 0.07632250
v -0.21758500 -0.20635200 0.07592350
v -0.21798400 -0.20635200 0.07545650
v -0.21830400 -0.20635200 0.07493350
v -0.21853900 -0.20635200 0.07436650
v -0.21614200 -0.20620000 0.07722650
v -0.21676200 -0.20620000 0.07696950
v -0.21733400 -0.20620000 0.07661850
v -0.21784400 -0.20620000 0.07618250
v -0.21828000 -0.20620000 0.07567250
v -0.21863100 -0.20620000 0.07510050
v -0.21888800 -0.20620000 0.07448050
v -0.21482000 -0.21253400 0.07568750
v -0.21521600 -0.21253400 0.07565650
v -0.21560200 -0.21253400 0.07556350
v -0.21596800 -0.21253400 0.07541250
v -0.21630700 -0.21253400 0.07520450
v -0.21660800 -0.21253400 0.07494650
v -0.21686600 -0.21253400 0.07464550
v -0.21707400 -0.21253400 0.07430650
v -0.21722500 -0.21253400 0.07394050
v -0.21731800 -0.21253400 0.07355450
v -0.21734900 -0.21253400 0.07315850
v -0.21734900 -0.20860500 -0.06151650
v -0.21734900 -0.21253400 -0.06151650
v -0.21731800 -0.20860500 -0.06191150
v -0.21731800 -0.21253400 -0.06191150
v -0.21722500 -0.21253400 -0.06229750
v -0.21722500 -0.20860500 -0.06229750
v -0.21707400 -0.21253400 -0.06266450
v -0.21707400 -0.20860500 -0.06266450
v -0.21686600 -0.21253400 -0.06300250
v -0.21686600 -0.20860500 -0.06300250
v -0.21660800 -0.21253400 -0.06330450
v -0.21660800 -0.20860500 -0.06330450
v -0.21630700 -0.21253400 -0.06356250
v -0.21630700 -0.20860500 -0.06356250
v -0.21596800 -0.21253400 -0.06376950
v -0.21596800 -0.20860500 -0.06376950
v -0.21560200 -0.21253400 -0.06392150
v -0.21560200 -0.20860500 -0.06392150
v -0.21521600 -0.21253400 -0.06401450
v -0.21521600 -0.20860500 -0.06401450
v -0.21482000 -0.21253400 -0.06404550
v -0.21482000 -0.20860500 -0.06404550
v 0.08088400 -0.20860500 -0.06404550
v 0.08088400 -0.21253300 -0.06404550
v 0.08127900 -0.20860500 -0.06401450
v 0.08128000 -0.21253300 -0.06401450
v 0.08166500 -0.21253300 -0.06392150
v 0.08166500 -0.20860500 -0.06392150
v 0.08203200 -0.21253300 -0.06376950
v 0.08203200 -0.20860500 -0.06376950
v 0.08237100 -0.21253300 -0.06356250
v 0.08237100 -0.20860500 -0.06356250
v 0.08267200 -0.21253300 -0.06330450
v 0.08267200 -0.20860500 -0.06330450
v 0.08293000 -0.21253300 -0.06300250
v 0.08293000 -0.20860500 -0.06300250
v 0.08313800 -0.21253300 -0.06266450
v 0.08313800 -0.20860500 -0.06266450
v 0.08328900 -0.21253300 -0.06229750
v 0.08328900 -0.20860500 -0.06229750
v 0.08338200 -0.21253300 -0.06191150
v 0.08338200 -0.20860500 -0.06191150
v 0.08341300 -0.21253300 -0.06151650
v 0.08341300 -0.20860500 -0.06151650
v 0.08341300 -0.21253300 0.07315850
v 0.08341300 -0.20860500 0.07315850
v 0.08338200 -0.20860500 0.07355450
v 0.08338200 -0.21253300 0.07355450
v 0.08328900 -0.21253300 0.07394050
v 0.08328900 -0.20860500 0.07394050
v 0.08313800 -0.21253300 0.07430650
v 0.08313800 -0.20860500 0.07430650
v 0.08293000 -0.21253300 0.07464550
v 0.08293000 -0.20860500 0.07464550
v 0.08267200 -0.21253300 0.07494650
v 0.08267200 -0.20860500 0.07494650
v 0.08237100 -0.21253300 0.07520450
v 0.08237100 -0.20860500 0.07520450
v 0.08203200 -0.21253300 0.07541250
v 0.08203200 -0.20860500 0.07541250
v 0.08166500 -0.21253300 0.07556350
v 0.08166500 -0.20860500 0.07556350
v 0.08128000 -0.21253300 0.07565650
v 0.08127900 -0.20860500 0.07565650
v 0.08088400 -0.21253300 0.07568750
v 0.08088400 -0.20860500 0.07568750
v 0.08128400 -0.21292900 0.07568750
v 0.08167500 -0.21292900 0.07559350
v 0.08204600 -0.21292900 0.07543950
v 0.08238900 -0.21292900 0.07522950
v 0.08269400 -0.21292900 0.07496850
v 0.08295500 -0.21292900 0.07466350
v 0.08316500 -0.21292900 0.07432050
v 0.08331900 -0.21292900 0.07394950
v 0.08341300 -0.21292900 0.07355850
v 0.08129900 -0.21331500 0.07577850
v 0.08350400 -0.21331500 0.07357350
v 0.08132300 -0.21368200 0.07592850
v 0.08365400 -0.21368200 0.07359750
v 0.08135500 -0.21402000 0.07613350
v 0.08385900 -0.21402000 0.07362950
v 0.08139500 -0.21432200 0.07638850
v 0.08411400 -0.21432200 0.07366950
v 0.08144300 -0.21458000 0.07668650
v 0.08441200 -0.21458000 0.07371750
v 0.08149600 -0.21478700 0.07702050
v 0.08474600 -0.21478700 0.07377050
v 0.08155300 -0.21493900 0.07738250
v 0.08510800 -0.21493900 0.07382750
v 0.08161300 -0.21503200 0.07776450
v 0.08549000 -0.21503200 0.07388750
v 0.08232500 -0.21503200 0.07759350
v 0.08300100 -0.21503200 0.07731350
v 0.08362500 -0.21503200 0.07693050
v 0.08418100 -0.21503200 0.07645550
v 0.08465600 -0.21503200 0.07589950
v 0.08503900 -0.21503200 0.07527550
v 0.08531900 -0.21503200 0.07459950
v 0.08088400 -0.21292900 0.07571850
v 0.08344400 -0.21292900 0.07315850
v 0.08088400 -0.21331500 0.07581150
v 0.08353700 -0.21331500 0.07315850
v 0.08088400 -0.21368100 0.07596350
v 0.08368900 -0.21368100 0.07315850
v 0.08088400 -0.21402000 0.07617050
v 0.08389600 -0.21402000 0.07315850
v 0.08088400 -0.21432200 0.07642850
v 0.08415400 -0.21432200 0.07315850
v 0.08088400 -0.21458000 0.07673050
v 0.08445600 -0.21458000 0.07315850
v 0.08088400 -0.21478700 0.07706950
v 0.08479500 -0.21478700 0.07315850
v 0.08088400 -0.21493900 0.07743550
v 0.08516100 -0.21493900 0.07315850
v 0.08088400 -0.21503200 0.07782150
v 0.08554700 -0.21503200 0.07315850
v 0.08167500 -0.21506300 0.07815450
v 0.08088400 -0.21506300 0.07821750
v 0.08244700 -0.21506300 0.07796950
v 0.08318000 -0.21506300 0.07766550
v 0.08385700 -0.21506300 0.07725150
v 0.08446100 -0.21506300 0.07673550
v 0.08497600 -0.21506300 0.07613150
v 0.08539100 -0.21506300 0.07545550
v 0.08569500 -0.21506300 0.07472150
v 0.08588000 -0.21506300 0.07394950
v 0.08594300 -0.21506300 0.07315850
v 0.08170400 -0.21331500 0.07568150
v 0.08208800 -0.21331500 0.07552250
v 0.08244300 -0.21331500 0.07530450
v 0.08276000 -0.21331500 0.07503450
v 0.08303000 -0.21331500 0.07471750
v 0.08324800 -0.21331500 0.07436250
v 0.08340700 -0.21331500 0.07397850
v 0.08175100 -0.21368200 0.07582650
v 0.08215700 -0.21368200 0.07565750
v 0.08253300 -0.21368200 0.07542750
v 0.08286700 -0.21368200 0.07514150
v 0.08315300 -0.21368200 0.07480750
v 0.08338300 -0.21368200 0.07443150
v 0.08355200 -0.21368200 0.07402550
v 0.08181500 -0.21402000 0.07602350
v 0.08225100 -0.21402000 0.07584250
v 0.08265500 -0.21402000 0.07559550
v 0.08301400 -0.21402000 0.07528850
v 0.08332100 -0.21402000 0.07492950
v 0.08356800 -0.21402000 0.07452650
v 0.08374900 -0.21402000 0.07408950
v 0.08189400 -0.21432200 0.07626850
v 0.08236800 -0.21432200 0.07607250
v 0.08280600 -0.21432200 0.07580450
v 0.08319600 -0.21432200 0.07547050
v 0.08352900 -0.21432200 0.07508050
v 0.08379800 -0.21432200 0.07464350
v 0.08399400 -0.21432200 0.07416850
v 0.08198800 -0.21458000 0.07655550
v 0.08250500 -0.21458000 0.07634150
v 0.08298300 -0.21458000 0.07604850
v 0.08341000 -0.21458000 0.07568450
v 0.08377400 -0.21458000 0.07525850
v 0.08406700 -0.21458000 0.07478050
v 0.08428100 -0.21458000 0.07426250
v 0.08209200 -0.21478700 0.07687750
v 0.08265900 -0.21478700 0.07664250
v 0.08318200 -0.21478700 0.07632250
v 0.08364900 -0.21478700 0.07592350
v 0.08404700 -0.21478700 0.07545650
v 0.08436800 -0.21478700 0.07493350
v 0.08460300 -0.21478700 0.07436650
v 0.08220600 -0.21493900 0.07722650
v 0.08282600 -0.21493900 0.07696950
v 0.08339800 -0.21493900 0.07661850
v 0.08390800 -0.21493900 0.07618250
v 0.08434400 -0.21493900 0.07567250
v 0.08469500 -0.21493900 0.07510050
v 0.08495200 -0.21493900 0.07448050
v -0.21482000 -0.21292900 0.07571850
v -0.21482000 -0.21331500 0.07581150
v -0.21482000 -0.21368100 0.07596350
v -0.21482000 -0.21402000 0.07617050
v -0.21482000 -0.21432200 0.07642850
v -0.21482000 -0.21458000 0.07673050
v -0.21482000 -0.21478700 0.07706950
v -0.21482000 -0.21493900 0.07743550
v -0.21482000 -0.21503200 0.07782150
v -0.21482000 -0.21506300 0.07821750
v -0.06696800 -0.21506300 0.07821750
v -0.21987900 -0.21506300 0.07315850
v -0.21987900 -0.21506300 -0.06151650
v -0.21482000 -0.21506300 -0.06657450
v -0.06696800 -0.21506300 -0.06657450
v -0.06696800 -0.21506300 -0.10394550
v -0.26097200 -0.21506300 -0.10394550
v -0.27741300 -0.21506300 -0.08750450
v -0.27741300 -0.21506300 0.09550050
v -0.26097200 -0.21506300 0.11194150
v -0.06696800 -0.21506300 0.11194150
v 0.08088400 -0.21506300 -0.06657450
v 0.08594300 -0.21506300 -0.06151650
v 0.13492000 -0.21506300 0.11194150
v 0.15136100 -0.21506300 0.09550050
v 0.15136100 -0.21506300 -0.08750450
v 0.13492000 -0.21506300 -0.10394550
v -0.26354400 -0.21506300 0.11173850
v -0.26605300 -0.21506300 0.11113650
v -0.26843600 -0.21506300 0.11014950
v -0.27063600 -0.21506300 0.10880150
v -0.27259800 -0.21506300 0.10712550
v -0.27427300 -0.21506300 0.10516350
v -0.27562100 -0.21506300 0.10296450
v -0.27660900 -0.21506300 0.10058050
v -0.27721100 -0.21506300 0.09807250
v -0.27721100 -0.21506300 -0.09007650
v -0.27660900 -0.21506300 -0.09258550
v -0.27562100 -0.21506300 -0.09496850
v -0.27427300 -0.21506300 -0.09716850
v -0.27259800 -0.21506300 -0.09913050
v -0.27063600 -0.21506300 -0.10080550
v -0.26843600 -0.21506300 -0.10215350
v -0.26605300 -0.21506300 -0.10314150
v -0.26354400 -0.21506300 -0.10374350
v -0.21561100 -0.21506300 -0.06651250
v -0.21638300 -0.21506300 -0.06632750
v -0.21711700 -0.21506300 -0.06602350
v -0.21779300 -0.21506300 -0.06560850
v -0.21839700 -0.21506300 -0.06509350
v -0.21891300 -0.21506300 -0.06448950
v -0.21932700 -0.21506300 -0.06381250
v -0.21963100 -0.21506300 -0.06307950
v -0.21981600 -0.21506300 -0.06230750
v -0.21981600 -0.21506300 0.07394950
v -0.21963100 -0.21506300 0.07472150
v -0.21932700 -0.21506300 0.07545550
v -0.21891300 -0.21506300 0.07613150
v -0.21839700 -0.21506300 0.07673550
v -0.21779300 -0.21506300 0.07725150
v -0.21711700 -0.21506300 0.07766550
v -0.21638300 -0.21506300 0.07796950
v -0.21561100 -0.21506300 0.07815450
v 0.13749200 -0.21506300 -0.10374350
v 0.14000000 -0.21506300 -0.10314150
v 0.14238400 -0.21506300 -0.10215350
v 0.14458400 -0.21506300 -0.10080550
v 0.14654500 -0.21506300 -0.09913050
v 0.14822100 -0.21506300 -0.09716850
v 0.14956900 -0.21506300 -0.09496850
v 0.15055600 -0.21506300 -0.09258550
v 0.15115800 -0.21506300 -0.09007650
v 0.15115800 -0.21506300 0.09807250
v 0.15055600 -0.21506300 0.10058050
v 0.14956900 -0.21506300 0.10296450
v 0.14822100 -0.21506300 0.10516350
v 0.14654500 -0.21506300 0.10712550
v 0.14458400 -0.21506300 0.10880150
v 0.14238400 -0.21506300 0.11014950
v 0.14000000 -0.21506300 0.11113650
v 0.13749200 -0.21506300 0.11173850
v 0.08588000 -0.21506300 -0.06230750
v 0.08569500 -0.21506300 -0.06307950
v 0.08539100 -0.21506300 -0.06381250
v 0.08497600 -0.21506300 -0.06448950
v 0.08446100 -0.21506300 -0.06509350
v 0.08385700 -0.21506300 -0.06560850
v 0.08318000 -0.21506300 -0.06602350
v 0.08244700 -0.21506300 -0.06632750
v 0.08167500 -0.21506300 -0.06651250
v -0.26360600 -0.21503200 -0.10413450
v -0.26617500 -0.21503200 -0.10351750
v -0.26861600 -0.21503200 -0.10250650
v -0.27086900 -0.21503200 -0.10112550
v -0.27287800 -0.21503200 -0.09941050
v -0.27459400 -0.21503200 -0.09740150
v -0.27597400 -0.21503200 -0.09514850
v -0.27698500 -0.21503200 -0.09270750
v -0.27760200 -0.21503200 -0.09013850
v -0.26366700 -0.21493900 -0.10451550
v -0.27798300 -0.21493900 -0.09019950
v -0.26372400 -0.21478700 -0.10487750
v -0.27834500 -0.21478700 -0.09025650
v -0.26377700 -0.21458000 -0.10521150
v -0.27867900 -0.21458000 -0.09030950
v -0.26382400 -0.21432200 -0.10550950
v -0.27897700 -0.21432200 -0.09035650
v -0.26386400 -0.21402000 -0.10576450
v -0.27923200 -0.21402000 -0.09039650
v -0.26389700 -0.21368200 -0.10596950
v -0.27943700 -0.21368200 -0.09042950
v -0.26392100 -0.21331500 -0.10611950
v -0.27958700 -0.21331500 -0.09045350
v -0.26393500 -0.21292900 -0.10621050
v -0.27967800 -0.21292900 -0.08882050
v -0.26682500 -0.21292900 -0.10551750
v -0.26957100 -0.21292900 -0.10437950
v -0.27210500 -0.21292900 -0.10282650
v -0.27436400 -0.21292900 -0.10089650
v -0.27629500 -0.21292900 -0.09863750
v -0.27784700 -0.21292900 -0.09610350
v -0.27898500 -0.21292900 -0.09335750
v -0.26097200 -0.21503200 -0.10434150
v -0.27780900 -0.21503200 -0.08750450
v -0.26097200 -0.21493900 -0.10472750
v -0.27819500 -0.21493900 -0.08750450
v -0.26097200 -0.21478800 -0.10509350
v -0.27856100 -0.21478800 -0.08750450
v -0.26097200 -0.21458000 -0.10543250
v -0.27890000 -0.21458000 -0.08750450
v -0.26097200 -0.21432200 -0.10573450
v -0.27920200 -0.21432200 -0.08750450
v -0.26097200 -0.21402000 -0.10599250
v -0.27946000 -0.21402000 -0.08750450
v -0.26097200 -0.21368100 -0.10619950
v -0.27966700 -0.21368100 -0.08750450
v -0.26097200 -0.21331500 -0.10635150
v -0.27981900 -0.21331500 -0.08750450
v -0.26097200 -0.21292900 -0.10644450
v -0.27991200 -0.21292900 -0.08585750
v -0.26394000 -0.21253400 -0.10624150
v -0.26097200 -0.21253400 -0.10647550
v -0.26683500 -0.21253400 -0.10554650
v -0.26958500 -0.21253400 -0.10440750
v -0.27212300 -0.21253400 -0.10285250
v -0.27438600 -0.21253400 -0.10091850
v -0.27632000 -0.21253400 -0.09865550
v -0.27787500 -0.21253400 -0.09611750
v -0.27901400 -0.21253400 -0.09336750
v -0.27970900 -0.21253400 -0.08882550
v -0.27732800 -0.21253400 -0.08585750
v -0.26629400 -0.21493900 -0.10388450
v -0.26879100 -0.21493900 -0.10285050
v -0.27109600 -0.21493900 -0.10143850
v -0.27315100 -0.21493900 -0.09968350
v -0.27490600 -0.21493900 -0.09762850
v -0.27631800 -0.21493900 -0.09532350
v -0.27735200 -0.21493900 -0.09282650
v -0.26640800 -0.21478700 -0.10423350
v -0.26895800 -0.21478700 -0.10317750
v -0.27131100 -0.21478700 -0.10173450
v -0.27341000 -0.21478700 -0.09994250
v -0.27520200 -0.21478700 -0.09784350
v -0.27664500 -0.21478700 -0.09549050
v -0.27770100 -0.21478700 -0.09294050
v -0.26651200 -0.21458000 -0.10455550
v -0.26911100 -0.21458000 -0.10347850
v -0.27151000 -0.21458000 -0.10200850
v -0.27364900 -0.21458000 -0.10018150
v -0.27547600 -0.21458000 -0.09804250
v -0.27694600 -0.21458000 -0.09564350
v -0.27802300 -0.21458000 -0.09304450
v -0.26660600 -0.21432200 -0.10484250
v -0.26924800 -0.21432200 -0.10374750
v -0.27168700 -0.21432200 -0.10225250
v -0.27386300 -0.21432200 -0.10039550
v -0.27572000 -0.21432200 -0.09821950
v -0.27721500 -0.21432200 -0.09578050
v -0.27831000 -0.21432200 -0.09313850
v -0.26668500 -0.21402000 -0.10508750
v -0.26936500 -0.21402000 -0.10397750
v -0.27183900 -0.21402000 -0.10246150
v -0.27404500 -0.21402000 -0.10057750
v -0.27592900 -0.21402000 -0.09837150
v -0.27744500 -0.21402000 -0.09589750
v -0.27855500 -0.21402000 -0.09321750
v -0.26674900 -0.21368200 -0.10528450
v -0.26946000 -0.21368200 -0.10416150
v -0.27196100 -0.21368200 -0.10262950
v -0.27419100 -0.21368200 -0.10072350
v -0.27609700 -0.21368200 -0.09849350
v -0.27762900 -0.21368200 -0.09599250
v -0.27875200 -0.21368200 -0.09328150
v -0.26679600 -0.21331500 -0.10542850
v -0.26952900 -0.21331500 -0.10429750
v -0.27205000 -0.21331500 -0.10275250
v -0.27429900 -0.21331500 -0.10083150
v -0.27622000 -0.21331500 -0.09858250
v -0.27776500 -0.21331500 -0.09606150
v -0.27889700 -0.21331500 -0.09332850
v -0.26132500 -0.19323400 -0.10624150
v -0.25835800 -0.19323400 -0.10647550
v -0.26422000 -0.19323400 -0.10554650
v -0.26697000 -0.19323400 -0.10440750
v -0.26950800 -0.19323400 -0.10285250
v -0.27177200 -0.19323400 -0.10091850
v -0.27370500 -0.19323400 -0.09865550
v -0.27526000 -0.19323400 -0.09611750
v -0.27639900 -0.19323400 -0.09336750
v -0.27709400 -0.19323400 -0.08882550
v -0.27732800 -0.19323400 -0.08585750
v -0.26132000 -0.19283900 -0.10456350
v -0.26421000 -0.19283900 -0.10386950
v -0.26695600 -0.19283900 -0.10273250
v -0.26949000 -0.19283900 -0.10282650
v -0.27175000 -0.19283900 -0.10089650
v -0.27368000 -0.19283900 -0.09863750
v -0.27523200 -0.19283900 -0.09610350
v -0.27637000 -0.19283900 -0.09335750
v -0.27706400 -0.19283900 -0.09046750
v -0.26130600 -0.19245300 -0.10447250
v -0.27697200 -0.19245300 -0.08880550
v -0.26128200 -0.19208600 -0.10432250
v -0.27682200 -0.19208600 -0.08878250
v -0.26125000 -0.19174800 -0.10411750
v -0.27661700 -0.19174800 -0.08874950
v -0.26120900 -0.19144600 -0.10386250
v -0.27636300 -0.19144600 -0.08870950
v -0.26116200 -0.19118800 -0.10356450
v -0.27606400 -0.19118800 -0.08866250
v -0.26110900 -0.19098100 -0.10323050
v -0.27573000 -0.19098100 -0.08860950
v -0.26105200 -0.19082900 -0.10286850
v -0.27536800 -0.19082900 -0.08855150
v -0.26099100 -0.19073600 -0.10248650
v -0.27498700 -0.19073600 -0.08849150
v -0.26356000 -0.19073600 -0.10187050
v -0.26600100 -0.19073600 -0.10085950
v -0.26825400 -0.19073600 -0.09947850
v -0.27026300 -0.19073600 -0.09776250
v -0.27197900 -0.19073600 -0.09575350
v -0.27335900 -0.19073600 -0.09350150
v -0.27437000 -0.19073600 -0.09106050
v -0.25835800 -0.19283900 -0.10479650
v -0.27729700 -0.19283900 -0.08585750
v -0.25835800 -0.19245300 -0.10470450
v -0.27720400 -0.19245300 -0.08585750
v -0.25835800 -0.19208700 -0.10455250
v -0.27705300 -0.19208700 -0.08585750
v -0.25835800 -0.19174800 -0.10434450
v -0.27684500 -0.19174800 -0.08585750
v -0.25835800 -0.19144600 -0.10408750
v -0.27658700 -0.19144600 -0.08585750
v -0.25835800 -0.19118800 -0.10378550
v -0.27628500 -0.19118800 -0.08585750
v -0.25835800 -0.19098000 -0.10344650
v -0.27594600 -0.19098000 -0.08585750
v -0.25835800 -0.19082900 -0.10308050
v -0.27558000 -0.19082900 -0.08585750
v -0.25835800 -0.19073600 -0.10269450
v -0.27519400 -0.19073600 -0.08585750
v -0.26092900 -0.19070500 -0.10209650
v -0.25835800 -0.19070500 -0.10229850
v -0.26343800 -0.19070500 -0.10149350
v -0.26582200 -0.19070500 -0.10050650
v -0.26802100 -0.19070500 -0.09915850
v -0.26998300 -0.19070500 -0.09748350
v -0.27165900 -0.19070500 -0.09552150
v -0.27300700 -0.19070500 -0.09332150
v -0.27399400 -0.19070500 -0.09093850
v -0.27459600 -0.19070500 -0.08842950
v -0.27479900 -0.19070500 -0.08585750
v -0.26418100 -0.19245300 -0.10378150
v -0.26691400 -0.19245300 -0.10264950
v -0.26943500 -0.19245300 -0.10110450
v -0.27168400 -0.19245300 -0.09918450
v -0.27360500 -0.19245300 -0.09693550
v -0.27515000 -0.19245300 -0.09441350
v -0.27628200 -0.19245300 -0.09168150
v -0.26413500 -0.19208600 -0.10363750
v -0.26684500 -0.19208600 -0.10251450
v -0.26934600 -0.19208600 -0.10098150
v -0.27157700 -0.19208600 -0.09907650
v -0.27348200 -0.19208600 -0.09684650
v -0.27501500 -0.19208600 -0.09434450
v -0.27613700 -0.19208600 -0.09163450
v -0.26407000 -0.19174800 -0.10344050
v -0.26675100 -0.19174800 -0.10232950
v -0.26922400 -0.19174800 -0.10081450
v -0.27143000 -0.19174800 -0.09893050
v -0.27331400 -0.19174800 -0.09672450
v -0.27483000 -0.19174800 -0.09425050
v -0.27594000 -0.19174800 -0.09157050
v -0.26399100 -0.19144600 -0.10319450
v -0.26663400 -0.19144600 -0.10210050
v -0.26907300 -0.19144600 -0.10060550
v -0.27124800 -0.19144600 -0.09874750
v -0.27310600 -0.19144600 -0.09657250
v -0.27460000 -0.19144600 -0.09413350
v -0.27569500 -0.19144600 -0.09149050
v -0.26389700 -0.19118800 -0.10290750
v -0.26649700 -0.19118800 -0.10183150
v -0.26889500 -0.19118800 -0.10036150
v -0.27103400 -0.19118800 -0.09853450
v -0.27286100 -0.19118800 -0.09639550
v -0.27433100 -0.19118800 -0.09399650
v -0.27540800 -0.19118800 -0.09139750
v -0.26379300 -0.19098100 -0.10258550
v -0.26634300 -0.19098100 -0.10152950
v -0.26869600 -0.19098100 -0.10008750
v -0.27079500 -0.19098100 -0.09829550
v -0.27258800 -0.19098100 -0.09619650
v -0.27403000 -0.19098100 -0.09384250
v -0.27508600 -0.19098100 -0.09129250
v -0.26368000 -0.19082900 -0.10223750
v -0.26617600 -0.19082900 -0.10120350
v -0.26848100 -0.19082900 -0.09979050
v -0.27053600 -0.19082900 -0.09803550
v -0.27229100 -0.19082900 -0.09598050
v -0.27370300 -0.19082900 -0.09367650
v -0.27473700 -0.19082900 -0.09117950
v -0.06302600 -0.19070500 0.09622550
v -0.25097100 -0.19070500 0.09622550
v -0.25603000 -0.19070500 0.09116750
v -0.25603000 -0.19070500 -0.08152450
v -0.25097100 -0.19070500 -0.08658350
v -0.06302600 -0.19070500 -0.08658350
v -0.06302600 -0.19070500 -0.10229850
v -0.27479900 -0.19070500 0.09550050
v -0.25835800 -0.19070500 0.11194150
v -0.06302600 -0.19070500 0.11194150
v 0.12616400 -0.19070500 -0.08658350
v 0.13122300 -0.19070500 -0.08152450
v 0.13122300 -0.19070500 0.09116750
v 0.12616400 -0.19070500 0.09622550
v 0.13355000 -0.19070500 0.11194150
v 0.14999100 -0.19070500 0.09550050
v 0.14999100 -0.19070500 -0.08585750
v 0.13355000 -0.19070500 -0.10229850
v -0.25176300 -0.19070500 0.09616350
v -0.25253500 -0.19070500 0.09597850
v -0.25326800 -0.19070500 0.09567450
v -0.25394500 -0.19070500 0.09525950
v -0.25454900 -0.19070500 0.09474450
v -0.25506400 -0.19070500 0.09414050
v -0.25547900 -0.19070500 0.09346350
v -0.25578300 -0.19070500 0.09273050
v -0.25596800 -0.19070500 0.09195850
v -0.25596800 -0.19070500 -0.08231650
v -0.25578300 -0.19070500 -0.08308750
v -0.25547900 -0.19070500 -0.08382150
v -0.25506400 -0.19070500 -0.08449850
v -0.25454900 -0.19070500 -0.08510150
v -0.25394500 -0.19070500 -0.08561750
v -0.25326800 -0.19070500 -0.08603250
v -0.25253500 -0.19070500 -0.08633550
v -0.25176300 -0.19070500 -0.08652150
v -0.27459600 -0.19070500 0.09807250
v -0.27399400 -0.19070500 0.10058050
v -0.27300700 -0.19070500 0.10296450
v -0.27165900 -0.19070500 0.10516350
v -0.26998300 -0.19070500 0.10712550
v -0.26802100 -0.19070500 0.10880150
v -0.26582200 -0.19070500 0.11014950
v -0.26343800 -0.19070500 0.11113650
v -0.26092900 -0.19070500 0.11173850
v 0.12695500 -0.19070500 -0.08652150
v 0.12772700 -0.19070500 -0.08633550
v 0.12846100 -0.19070500 -0.08603250
v 0.12913700 -0.19070500 -0.08561750
v 0.12974100 -0.19070500 -0.08510150
v 0.13025700 -0.19070500 -0.08449850
v 0.13067100 -0.19070500 -0.08382150
v 0.13097500 -0.19070500 -0.08308750
v 0.13116000 -0.19070500 -0.08231650
v 0.13116000 -0.19070500 0.09195850
v 0.13097500 -0.19070500 0.09273050
v 0.13067100 -0.19070500 0.09346350
v 0.13025700 -0.19070500 0.09414050
v 0.12974100 -0.19070500 0.09474450
v 0.12913700 -0.19070500 0.09525950
v 0.12846100 -0.19070500 0.09567450
v 0.12772700 -0.19070500 0.09597850
v 0.12695500 -0.19070500 0.09616350
v 0.13612200 -0.19070500 0.11173850
v 0.13863100 -0.19070500 0.11113650
v 0.14101400 -0.19070500 0.11014950
v 0.14321400 -0.19070500 0.10880150
v 0.14517600 -0.19070500 0.10712550
v 0.14685100 -0.19070500 0.10516350
v 0.14819900 -0.19070500 0.10296450
v 0.14918600 -0.19070500 0.10058050
v 0.14978900 -0.19070500 0.09807250
v 0.14978900 -0.19070500 -0.08842950
v 0.14918600 -0.19070500 -0.09093850
v 0.14819900 -0.19070500 -0.09332150
v 0.14685100 -0.19070500 -0.09552150
v 0.14517600 -0.19070500 -0.09748350
v 0.14321400 -0.19070500 -0.09915850
v 0.14101400 -0.19070500 -0.10050650
v 0.13863100 -0.19070500 -0.10149350
v 0.13612200 -0.19070500 -0.10209650
v -0.25137200 -0.19283900 0.09369650
v -0.25176300 -0.19283900 0.09360250
v -0.25213400 -0.19283900 0.09344850
v -0.25247700 -0.19283900 0.09323850
v -0.25278200 -0.19283900 0.09297750
v -0.25304300 -0.19283900 0.09267250
v -0.25325300 -0.19283900 0.09232950
v -0.25340700 -0.19283900 0.09195850
v -0.25350000 -0.19283900 0.09156750
v -0.25138700 -0.19245300 0.09378750
v -0.25359200 -0.19245300 0.09158250
v -0.25141000 -0.19208600 0.09393750
v -0.25374200 -0.19208600 0.09160550
v -0.25144300 -0.19174800 0.09414250
v -0.25394700 -0.19174800 0.09163850
v -0.25148300 -0.19144600 0.09439750
v -0.25420100 -0.19144600 0.09167850
v -0.25153000 -0.19118800 0.09469550
v -0.25449900 -0.19118800 0.09172550
v -0.25158300 -0.19098100 0.09502950
v -0.25483400 -0.19098100 0.09177850
v -0.25164100 -0.19082900 0.09539150
v -0.25519600 -0.19082900 0.09183650
v -0.25170100 -0.19073600 0.09577250
v -0.25557700 -0.19073600 0.09189650
v -0.25241200 -0.19073600 0.09560250
v -0.25308800 -0.19073600 0.09532250
v -0.25371200 -0.19073600 0.09493950
v -0.25426900 -0.19073600 0.09446450
v -0.25474400 -0.19073600 0.09390850
v -0.25512600 -0.19073600 0.09328450
v -0.25540600 -0.19073600 0.09260850
v -0.25097100 -0.19283900 0.09372750
v -0.25097100 -0.19323400 0.09369650
v -0.25136700 -0.19323400 0.09366550
v -0.25175300 -0.19323400 0.09357250
v -0.25211900 -0.19323400 0.09342150
v -0.25245800 -0.19323400 0.09321350
v -0.25276000 -0.19323400 0.09295550
v -0.25301800 -0.19323400 0.09265350
v -0.25322500 -0.19323400 0.09231550
v -0.25337700 -0.19323400 0.09194850
v -0.25347000 -0.19323400 0.09156250
v -0.25353200 -0.19283900 0.09116750
v -0.25097100 -0.19245300 0.09382050
v -0.25362500 -0.19245300 0.09116750
v -0.25097100 -0.19208700 0.09397250
v -0.25377600 -0.19208700 0.09116750
v -0.25097100 -0.19174800 0.09417950
v -0.25398400 -0.19174800 0.09116750
v -0.25097100 -0.19144600 0.09443750
v -0.25424200 -0.19144600 0.09116750
v -0.25097100 -0.19118800 0.09473950
v -0.25454300 -0.19118800 0.09116750
v -0.25097100 -0.19098100 0.09507850
v -0.25488200 -0.19098100 0.09116750
v -0.25097100 -0.19082900 0.09544450
v -0.25524900 -0.19082900 0.09116750
v -0.25097100 -0.19073600 0.09583050
v -0.25563500 -0.19073600 0.09116750
v -0.25179100 -0.19245300 0.09369050
v -0.25217600 -0.19245300 0.09353150
v -0.25253100 -0.19245300 0.09331350
v -0.25284800 -0.19245300 0.09304350
v -0.25311800 -0.19245300 0.09272650
v -0.25333500 -0.19245300 0.09237150
v -0.25349500 -0.19245300 0.09198750
v -0.25183800 -0.19208600 0.09383450
v -0.25224500 -0.19208600 0.09366650
v -0.25262000 -0.19208600 0.09343650
v -0.25295500 -0.19208600 0.09315050
v -0.25324100 -0.19208600 0.09281550
v -0.25347100 -0.19208600 0.09244050
v -0.25363900 -0.19208600 0.09203450
v -0.25190200 -0.19174800 0.09403250
v -0.25233900 -0.19174800 0.09385150
v -0.25274200 -0.19174800 0.09360450
v -0.25310200 -0.19174800 0.09329750
v -0.25340900 -0.19174800 0.09293750
v -0.25365600 -0.19174800 0.09253450
v -0.25383600 -0.19174800 0.09209850
v -0.25198200 -0.19144600 0.09427750
v -0.25245600 -0.19144600 0.09408050
v -0.25289400 -0.19144600 0.09381250
v -0.25328400 -0.19144600 0.09347950
v -0.25361700 -0.19144600 0.09308950
v -0.25388500 -0.19144600 0.09265150
v -0.25408200 -0.19144600 0.09217750
v -0.25207500 -0.19118800 0.09456450
v -0.25259300 -0.19118800 0.09434950
v -0.25307100 -0.19118800 0.09405750
v -0.25349700 -0.19118800 0.09369250
v -0.25386100 -0.19118800 0.09326650
v -0.25415400 -0.19118800 0.09278850
v -0.25436900 -0.19118800 0.09227150
v -0.25218000 -0.19098100 0.09488650
v -0.25274700 -0.19098100 0.09465150
v -0.25327000 -0.19098100 0.09433050
v -0.25373700 -0.19098100 0.09393250
v -0.25413500 -0.19098100 0.09346550
v -0.25445600 -0.19098100 0.09294250
v -0.25469100 -0.19098100 0.09237550
v -0.25229300 -0.19082900 0.09523450
v -0.25291300 -0.19082900 0.09497850
v -0.25348600 -0.19082900 0.09462750
v -0.25399600 -0.19082900 0.09419150
v -0.25443200 -0.19082900 0.09368150
v -0.25478200 -0.19082900 0.09310850
v -0.25503900 -0.19082900 0.09248850
v 0.12616400 -0.19283900 0.09372750
v 0.12616400 -0.19323400 0.09369650
v 0.12616400 -0.19245300 0.09382050
v 0.12616400 -0.19208700 0.09397250
v 0.12616400 -0.19174800 0.09417950
v 0.12616400 -0.19144600 0.09443750
v 0.12616400 -0.19118800 0.09473950
v 0.12616400 -0.19098100 0.09507850
v 0.12616400 -0.19082900 0.09544450
v 0.12616400 -0.19073600 0.09583050
v 0.12616400 -0.20354700 0.09369650
v -0.25097100 -0.20354700 0.09369650
v 0.12656000 -0.20354700 0.09366550
v 0.12656000 -0.19323400 0.09366550
v 0.12694600 -0.19323400 0.09357250
v 0.12694600 -0.20354700 0.09357250
v 0.12731200 -0.19323400 0.09342150
v 0.12731200 -0.20354700 0.09342150
v 0.12765100 -0.19323400 0.09321350
v 0.12765100 -0.20354700 0.09321350
v 0.12795300 -0.19323400 0.09295550
v 0.12795300 -0.20354700 0.09295550
v 0.12821000 -0.19323400 0.09265350
v 0.12821000 -0.20354700 0.09265350
v 0.12841800 -0.19323400 0.09231550
v 0.12841800 -0.20354700 0.09231550
v 0.12857000 -0.19323400 0.09194850
v 0.12857000 -0.20354700 0.09194850
v 0.12866200 -0.19323400 0.09156250
v 0.12866200 -0.20354700 0.09156250
v 0.13006300 -0.19323400 0.09116750
v 0.13006300 -0.20354700 0.09116750
v 0.13006300 -0.19323400 -0.08317150
v 0.13006300 -0.20354700 -0.08152450
v 0.13003200 -0.20354700 -0.08192050
v 0.13003200 -0.19323400 -0.08192050
v 0.12993900 -0.19323400 -0.08230650
v 0.12993900 -0.20354700 -0.08230650
v 0.12978800 -0.19323400 -0.08267250
v 0.12978800 -0.20354700 -0.08267250
v 0.12958000 -0.19323400 -0.08301150
v 0.12958000 -0.20354700 -0.08301150
v 0.12932200 -0.19323400 -0.08331350
v 0.12932200 -0.20354700 -0.08331350
v 0.12902000 -0.19323400 -0.08357050
v 0.12902000 -0.20354700 -0.08357050
v 0.12868200 -0.19323400 -0.08377850
v 0.12868200 -0.20354700 -0.08377850
v 0.12831500 -0.19323400 -0.08393050
v 0.12831500 -0.20354700 -0.08393050
v 0.12792900 -0.19323400 -0.08402250
v 0.12792900 -0.20354700 -0.08402250
v 0.12753400 -0.19323400 -0.08405450
v 0.12753400 -0.20354700 -0.08405450
v -0.25097100 -0.20354700 -0.08405450
v -0.25097100 -0.19323400 -0.08405450
v 0.12655500 -0.20601400 -0.08192050
v 0.12693600 -0.20592200 -0.08192050
v 0.12729800 -0.20577200 -0.08192050
v 0.12763200 -0.20556800 -0.08192050
v 0.12793100 -0.20531300 -0.08192050
v 0.12818500 -0.20501500 -0.08192050
v 0.12839000 -0.20468100 -0.08192050
v 0.12854000 -0.20431900 -0.08192050
v 0.12863100 -0.20393700 -0.08192050
v 0.12654000 -0.20592200 -0.08230650
v 0.12854000 -0.20392300 -0.08230650
v 0.12651700 -0.20577200 -0.08267350
v 0.12839000 -0.20389900 -0.08267350
v 0.12648400 -0.20556800 -0.08301150
v 0.12955500 -0.20386700 -0.08301150
v 0.12644400 -0.20531300 -0.08331350
v 0.12930000 -0.20382600 -0.08331350
v 0.12639700 -0.20501500 -0.08357150
v 0.12900200 -0.20377900 -0.08357150
v 0.12634400 -0.20468100 -0.08377850
v 0.12866800 -0.20372600 -0.08377850
v 0.12628600 -0.20431900 -0.08393050
v 0.12830600 -0.20366900 -0.08393050
v 0.12759600 -0.20393700 -0.08402250
v 0.12792500 -0.20360800 -0.08402250
v 0.12765600 -0.20392300 -0.08402250
v 0.12771300 -0.20389900 -0.08402250
v 0.12776600 -0.20386700 -0.08402250
v 0.12781400 -0.20382600 -0.08402250
v 0.12785400 -0.20377900 -0.08402250
v 0.12788600 -0.20372600 -0.08402250
v 0.12791000 -0.20366900 -0.08402250
v 0.12616400 -0.20604500 -0.08192050
v 0.12656000 -0.20604500 -0.08152450
v 0.12694600 -0.20595200 -0.08152450
v 0.12731200 -0.20580000 -0.08152450
v 0.12765100 -0.20559300 -0.08152450
v 0.12795300 -0.20533500 -0.08152450
v 0.12821000 -0.20503300 -0.08152450
v 0.12841800 -0.20469400 -0.08152450
v 0.12857000 -0.20432800 -0.08152450
v 0.12866200 -0.20394200 -0.08152450
v 0.12616400 -0.20595200 -0.08230650
v 0.12616400 -0.20580000 -0.08267250
v 0.12616400 -0.20559300 -0.08301150
v 0.12616400 -0.20533500 -0.08331350
v 0.12616400 -0.20503300 -0.08357050
v 0.12616400 -0.20469400 -0.08377850
v 0.12616400 -0.20432800 -0.08393050
v 0.12753400 -0.20394200 -0.08402250
v 0.12690700 -0.20583400 -0.08230650
v 0.12725600 -0.20569000 -0.08230650
v 0.12757800 -0.20549300 -0.08230650
v 0.12786500 -0.20524800 -0.08230650
v 0.12811000 -0.20496000 -0.08230650
v 0.12830700 -0.20463900 -0.08230650
v 0.12845200 -0.20429000 -0.08230650
v 0.12686000 -0.20569000 -0.08267350
v 0.12718700 -0.20555500 -0.08267350
v 0.12748900 -0.20537000 -0.08267350
v 0.12775800 -0.20514000 -0.08267350
v 0.12798700 -0.20487100 -0.08267350
v 0.12817200 -0.20457000 -0.08267350
v 0.12830700 -0.20424300 -0.08267350
v 0.12679600 -0.20549300 -0.08301150
v 0.12709300 -0.20537000 -0.08301150
v 0.12736700 -0.20520200 -0.08301150
v 0.12761100 -0.20499300 -0.08301150
v 0.12781900 -0.20474900 -0.08301150
v 0.12798700 -0.20447600 -0.08301150
v 0.12811000 -0.20417900 -0.08301150
v 0.12671700 -0.20524800 -0.08331350
v 0.12697600 -0.20514000 -0.08331350
v 0.12721500 -0.20499300 -0.08331350
v 0.12742900 -0.20481100 -0.08331350
v 0.12761100 -0.20459800 -0.08331350
v 0.12775800 -0.20435900 -0.08331350
v 0.12786500 -0.20409900 -0.08331350
v 0.12662300 -0.20496000 -0.08357150
v 0.12683900 -0.20487100 -0.08357150
v 0.12703800 -0.20474900 -0.08357150
v 0.12721500 -0.20459800 -0.08357150
v 0.12736700 -0.20442000 -0.08357150
v 0.12748900 -0.20422100 -0.08357150
v 0.12894800 -0.20400600 -0.08357150
v 0.12651900 -0.20463900 -0.08377850
v 0.12668500 -0.20457000 -0.08377850
v 0.12683900 -0.20447600 -0.08377850
v 0.12697600 -0.20435900 -0.08377850
v 0.12709300 -0.20422100 -0.08377850
v 0.12718700 -0.20406800 -0.08377850
v 0.12862600 -0.20390100 -0.08377850
v 0.12640600 -0.20429000 -0.08393050
v 0.12651900 -0.20424300 -0.08393050
v 0.12662300 -0.20417900 -0.08393050
v 0.12671700 -0.20409900 -0.08393050
v 0.12816600 -0.20400600 -0.08393050
v 0.12823000 -0.20390100 -0.08393050
v 0.12827700 -0.20378800 -0.08393050
v 0.12622600 -0.20393700 0.09366550
v 0.12628600 -0.20392300 0.09366550
v 0.12634400 -0.20389900 0.09366550
v 0.12639700 -0.20386700 0.09366550
v 0.12644400 -0.20382600 0.09366550
v 0.12648400 -0.20377900 0.09366550
v 0.12651700 -0.20372600 0.09366550
v 0.12654000 -0.20366900 0.09366550
v 0.12655500 -0.20360800 0.09366550
v 0.12628600 -0.20431900 0.09357250
v 0.12693600 -0.20366900 0.09357250
v 0.12634400 -0.20468100 0.09342050
v 0.12729800 -0.20372600 0.09342050
v 0.12639700 -0.20501500 0.09321350
v 0.12763200 -0.20377900 0.09321350
v 0.12644400 -0.20531300 0.09295550
v 0.12793100 -0.20382600 0.09295550
v 0.12648400 -0.20556800 0.09265350
v 0.12818500 -0.20386700 0.09265350
v 0.12651700 -0.20577200 0.09231550
v 0.12839000 -0.20389900 0.09231550
v 0.12654000 -0.20592200 0.09194850
v 0.12854000 -0.20392300 0.09194850
v 0.12655500 -0.20601400 0.09156250
v 0.12863100 -0.20393700 0.09156250
v 0.12693600 -0.20592200 0.09156250
v 0.12729800 -0.20577200 0.09156250
v 0.12763200 -0.20556800 0.09156250
v 0.12793100 -0.20531300 0.09156250
v 0.12818500 -0.20501500 0.09156250
v 0.12839000 -0.20468100 0.09156250
v 0.12854000 -0.20431900 0.09156250
v 0.12616400 -0.20394200 0.09366550
v 0.12616400 -0.20432800 0.09357250
v 0.12616400 -0.20469400 0.09342150
v 0.12616400 -0.20503300 0.09321350
v 0.12616400 -0.20533500 0.09295550
v 0.12616400 -0.20559300 0.09265350
v 0.12616400 -0.20580000 0.09231550
v 0.12616400 -0.20595200 0.09194850
v 0.12616400 -0.20604500 0.09156250
v 0.12656000 -0.20604500 0.09116750
v 0.12694600 -0.20595200 0.09116750
v 0.12731200 -0.20580000 0.09116750
v 0.12765100 -0.20559300 0.09116750
v 0.12795300 -0.20533500 0.09116750
v 0.12821000 -0.20503300 0.09116750
v 0.12841800 -0.20469400 0.09116750
v 0.12857000 -0.20432800 0.09116750
v 0.12866200 -0.20394200 0.09116750
v 0.12640600 -0.20429000 0.09357250
v 0.12651900 -0.20424300 0.09357250
v 0.12662300 -0.20417900 0.09357250
v 0.12671700 -0.20409900 0.09357250
v 0.12679600 -0.20400600 0.09357250
v 0.12686000 -0.20390100 0.09357250
v 0.12690700 -0.20378800 0.09357250
v 0.12651900 -0.20463900 0.09342050
v 0.12668500 -0.20457000 0.09342050
v 0.12683900 -0.20447600 0.09342050
v 0.12697600 -0.20435900 0.09342050
v 0.12709300 -0.20422100 0.09342050
v 0.12718700 -0.20406800 0.09342050
v 0.12725600 -0.20390100 0.09342050
v 0.12662300 -0.20496000 0.09321350
v 0.12683900 -0.20487100 0.09321350
v 0.12703800 -0.20474900 0.09321350
v 0.12721500 -0.20459800 0.09321350
v 0.12736700 -0.20442000 0.09321350
v 0.12748900 -0.20422100 0.09321350
v 0.12757800 -0.20400600 0.09321350
v 0.12671700 -0.20524800 0.09295550
v 0.12697600 -0.20514000 0.09295550
v 0.12721500 -0.20499300 0.09295550
v 0.12742900 -0.20481100 0.09295550
v 0.12761100 -0.20459800 0.09295550
v 0.12775800 -0.20435900 0.09295550
v 0.12786500 -0.20409900 0.09295550
v 0.12679600 -0.20549300 0.09265350
v 0.12709300 -0.20537000 0.09265350
v 0.12736700 -0.20520200 0.09265350
v 0.12761100 -0.20499300 0.09265350
v 0.12781900 -0.20474900 0.09265350
v 0.12798700 -0.20447600 0.09265350
v 0.12811000 -0.20417900 0.09265350
v 0.12686000 -0.20569000 0.09231550
v 0.12718700 -0.20555500 0.09231550
v 0.12748900 -0.20537000 0.09231550
v 0.12775800 -0.20514000 0.09231550
v 0.12798700 -0.20487100 0.09231550
v 0.12817200 -0.20457000 0.09231550
v 0.12830700 -0.20424300 0.09231550
v 0.12690700 -0.20583400 0.09194850
v 0.12725600 -0.20569000 0.09194850
v 0.12757800 -0.20549300 0.09194850
v 0.12786500 -0.20524800 0.09194850
v 0.12811000 -0.20496000 0.09194850
v 0.12830700 -0.20463900 0.09194850
v 0.12845200 -0.20429000 0.09194850
v 0.12869300 -0.19283900 0.09156750
v 0.12859900 -0.19283900 0.09195850
v 0.12844500 -0.19283900 0.09232950
v 0.12823500 -0.19283900 0.09267250
v 0.12797400 -0.19283900 0.09297750
v 0.12766900 -0.19283900 0.09323850
v 0.12732600 -0.19283900 0.09344850
v 0.12695500 -0.19283900 0.09360250
v 0.12656500 -0.19283900 0.09369650
v 0.12878500 -0.19245300 0.09158250
v 0.12657900 -0.19245300 0.09378750
v 0.12893500 -0.19208600 0.09160550
v 0.12660300 -0.19208600 0.09393750
v 0.12913900 -0.19174800 0.09163850
v 0.12663500 -0.19174800 0.09414250
v 0.12939400 -0.19144600 0.09167850
v 0.12667600 -0.19144600 0.09439750
v 0.12969200 -0.19118800 0.09172550
v 0.12672300 -0.19118800 0.09469550
v 0.13002600 -0.19098100 0.09177850
v 0.12677600 -0.19098100 0.09502950
v 0.13038800 -0.19082900 0.09183650
v 0.12683300 -0.19082900 0.09539150
v 0.13077000 -0.19073600 0.09189650
v 0.12689300 -0.19073600 0.09577250
v 0.13059900 -0.19073600 0.09260850
v 0.13031900 -0.19073600 0.09328450
v 0.12993600 -0.19073600 0.09390850
v 0.12946100 -0.19073600 0.09446450
v 0.12890500 -0.19073600 0.09493950
v 0.12828100 -0.19073600 0.09532250
v 0.12760500 -0.19073600 0.09560250
v 0.12872400 -0.19283900 0.09116750
v 0.12881700 -0.19245300 0.09116750
v 0.12896900 -0.19208700 0.09116750
v 0.12917600 -0.19174800 0.09116750
v 0.12943400 -0.19144600 0.09116750
v 0.12973600 -0.19118800 0.09116750
v 0.13007500 -0.19098100 0.09116750
v 0.13044100 -0.19082900 0.09116750
v 0.13082700 -0.19073600 0.09116750
v 0.12868700 -0.19245300 0.09198750
v 0.12852800 -0.19245300 0.09237150
v 0.12831000 -0.19245300 0.09272650
v 0.12804000 -0.19245300 0.09304350
v 0.12772300 -0.19245300 0.09331350
v 0.12736800 -0.19245300 0.09353150
v 0.12698400 -0.19245300 0.09369050
v 0.12883200 -0.19208600 0.09203450
v 0.12866300 -0.19208600 0.09244050
v 0.12843300 -0.19208600 0.09281550
v 0.12814700 -0.19208600 0.09315050
v 0.12781300 -0.19208600 0.09343650
v 0.12743700 -0.19208600 0.09366650
v 0.12703100 -0.19208600 0.09383450
v 0.12902900 -0.19174800 0.09209850
v 0.12884800 -0.19174800 0.09253450
v 0.12860100 -0.19174800 0.09293750
v 0.12829400 -0.19174800 0.09329750
v 0.12793500 -0.19174800 0.09360450
v 0.12753200 -0.19174800 0.09385150
v 0.12709500 -0.19174800 0.09403250
v 0.12927400 -0.19144600 0.09217750
v 0.12907800 -0.19144600 0.09265150
v 0.12881000 -0.19144600 0.09308950
v 0.12847600 -0.19144600 0.09347950
v 0.12808600 -0.19144600 0.09381250
v 0.12764900 -0.19144600 0.09408050
v 0.12717400 -0.19144600 0.09427750
v 0.12956100 -0.19118800 0.09227150
v 0.12934700 -0.19118800 0.09278850
v 0.12905400 -0.19118800 0.09326650
v 0.12869000 -0.19118800 0.09369350
v 0.12826400 -0.19118800 0.09405750
v 0.12778600 -0.19118800 0.09434950
v 0.12726800 -0.19118800 0.09456450
v 0.12988300 -0.19098100 0.09237550
v 0.12964800 -0.19098100 0.09294250
v 0.12932800 -0.19098100 0.09346550
v 0.12892900 -0.19098100 0.09393250
v 0.12846200 -0.19098100 0.09433050
v 0.12793900 -0.19098100 0.09465150
v 0.12737200 -0.19098100 0.09488650
v 0.13023200 -0.19082900 0.09248850
v 0.12997500 -0.19082900 0.09310850
v 0.12962400 -0.19082900 0.09368150
v 0.12918800 -0.19082900 0.09419150
v 0.12867800 -0.19082900 0.09462750
v 0.12810600 -0.19082900 0.09497850
v 0.12748600 -0.19082900 0.09523450
v 0.12872400 -0.19283900 -0.08152450
v 0.12881700 -0.19245300 -0.08152450
v 0.12896900 -0.19208700 -0.08152450
v 0.12917600 -0.19174800 -0.08152450
v 0.12943400 -0.19144600 -0.08152450
v 0.12973600 -0.19118800 -0.08152450
v 0.13007500 -0.19098100 -0.08152450
v 0.13044100 -0.19082900 -0.08152450
v 0.13082700 -0.19073600 -0.08152450
v 0.12793400 -0.19283900 -0.08405350
v 0.12832500 -0.19283900 -0.08395950
v 0.12869600 -0.19283900 -0.08380650
v 0.12903900 -0.19283900 -0.08359650
v 0.12934400 -0.19283900 -0.08333550
v 0.12823500 -0.19283900 -0.08302950
v 0.12844500 -0.19283900 -0.08268750
v 0.12859900 -0.19283900 -0.08231550
v 0.12869300 -0.19283900 -0.08192550
v 0.12657900 -0.19245300 -0.08414550
v 0.12878500 -0.19245300 -0.08193950
v 0.12660300 -0.19208600 -0.08429550
v 0.12893500 -0.19208600 -0.08196350
v 0.12663500 -0.19174800 -0.08450050
v 0.12913900 -0.19174800 -0.08199550
v 0.12667600 -0.19144600 -0.08475450
v 0.12939400 -0.19144600 -0.08203650
v 0.12672300 -0.19118800 -0.08505250
v 0.12969200 -0.19118800 -0.08208350
v 0.12677600 -0.19098100 -0.08538650
v 0.13002600 -0.19098100 -0.08213650
v 0.12683300 -0.19082900 -0.08574950
v 0.13038800 -0.19082900 -0.08219350
v 0.12689300 -0.19073600 -0.08613050
v 0.13077000 -0.19073600 -0.08225450
v 0.12760500 -0.19073600 -0.08595950
v 0.12828100 -0.19073600 -0.08567950
v 0.12890500 -0.19073600 -0.08529750
v 0.12946100 -0.19073600 -0.08482150
v 0.12993600 -0.19073600 -0.08426550
v 0.13031900 -0.19073600 -0.08364150
v 0.13059900 -0.19073600 -0.08296550
v 0.12753400 -0.19283900 -0.08408550
v 0.12616400 -0.19245300 -0.08417750
v 0.12616400 -0.19208700 -0.08432950
v 0.12616400 -0.19174800 -0.08453750
v 0.12616400 -0.19144600 -0.08479450
v 0.12616400 -0.19118800 -0.08509650
v 0.12616400 -0.19098100 -0.08543550
v 0.12616400 -0.19082900 -0.08580150
v 0.12616400 -0.19073600 -0.08618750
v 0.12698400 -0.19245300 -0.08404850
v 0.12736800 -0.19245300 -0.08388850
v 0.12772300 -0.19245300 -0.08367150
v 0.12804000 -0.19245300 -0.08340050
v 0.12831000 -0.19245300 -0.08308450
v 0.12852800 -0.19245300 -0.08272950
v 0.12868700 -0.19245300 -0.08234450
v 0.12703100 -0.19208600 -0.08419250
v 0.12743700 -0.19208600 -0.08402450
v 0.12781300 -0.19208600 -0.08379450
v 0.12814700 -0.19208600 -0.08350850
v 0.12843300 -0.19208600 -0.08317350
v 0.12866300 -0.19208600 -0.08279850
v 0.12883200 -0.19208600 -0.08239150
v 0.12709500 -0.19174800 -0.08438950
v 0.12753200 -0.19174800 -0.08420850
v 0.12793500 -0.19174800 -0.08396150
v 0.12829400 -0.19174800 -0.08365450
v 0.12860100 -0.19174800 -0.08329550
v 0.12884800 -0.19174800 -0.08289250
v 0.12902900 -0.19174800 -0.08245550
v 0.12717400 -0.19144600 -0.08463450
v 0.12764900 -0.19144600 -0.08443850
v 0.12808600 -0.19144600 -0.08417050
v 0.12847600 -0.19144600 -0.08383750
v 0.12881000 -0.19144600 -0.08344650
v 0.12907800 -0.19144600 -0.08300950
v 0.12927400 -0.19144600 -0.08253550
v 0.12726800 -0.19118800 -0.08492150
v 0.12778600 -0.19118800 -0.08470750
v 0.12826400 -0.19118800 -0.08441450
v 0.12869000 -0.19118800 -0.08405050
v 0.12905400 -0.19118800 -0.08362450
v 0.12934700 -0.19118800 -0.08314650
v 0.12956100 -0.19118800 -0.08262850
v 0.12737200 -0.19098100 -0.08524350
v 0.12793900 -0.19098100 -0.08500850
v 0.12846200 -0.19098100 -0.08468850
v 0.12892900 -0.19098100 -0.08428950
v 0.12932800 -0.19098100 -0.08382350
v 0.12964800 -0.19098100 -0.08330050
v 0.12988300 -0.19098100 -0.08273350
v 0.12748600 -0.19082900 -0.08559250
v 0.12810600 -0.19082900 -0.08533550
v 0.12867800 -0.19082900 -0.08498450
v 0.12918800 -0.19082900 -0.08454950
v 0.12962400 -0.19082900 -0.08403850
v 0.12997500 -0.19082900 -0.08346650
v 0.13023200 -0.19082900 -0.08284650
v -0.25097100 -0.19283900 -0.08408550
v -0.25097100 -0.19245300 -0.08417750
v -0.25097100 -0.19208700 -0.08432950
v -0.25097100 -0.19174800 -0.08453750
v -0.25097100 -0.19144600 -0.08479450
v -0.25097100 -0.19118800 -0.08509650
v -0.25097100 -0.19098100 -0.08543550
v -0.25097100 -0.19082900 -0.08580150
v -0.25097100 -0.19073600 -0.08618750
v -0.25350000 -0.19283900 -0.08192550
v -0.25340700 -0.19283900 -0.08231550
v -0.25325300 -0.19283900 -0.08268750
v -0.25304300 -0.19283900 -0.08302950
v -0.25278200 -0.19283900 -0.08333550
v -0.25247700 -0.19283900 -0.08359650
v -0.25213400 -0.19283900 -0.08380650
v -0.25176300 -0.19283900 -0.08395950
v -0.25137200 -0.19283900 -0.08405350
v -0.25359200 -0.19245300 -0.08193950
v -0.25138700 -0.19245300 -0.08414550
v -0.25374200 -0.19208600 -0.08196350
v -0.25141000 -0.19208600 -0.08429550
v -0.25394700 -0.19174800 -0.08199550
v -0.25144300 -0.19174800 -0.08450050
v -0.25420100 -0.19144600 -0.08203650
v -0.25148300 -0.19144600 -0.08475450
v -0.25449900 -0.19118800 -0.08208350
v -0.25153000 -0.19118800 -0.08505250
v -0.25483400 -0.19098100 -0.08213650
v -0.25158300 -0.19098100 -0.08538650
v -0.25519600 -0.19082900 -0.08219350
v -0.25164100 -0.19082900 -0.08574950
v -0.25557700 -0.19073600 -0.08225450
v -0.25170100 -0.19073600 -0.08613050
v -0.25540600 -0.19073600 -0.08296550
v -0.25512600 -0.19073600 -0.08364150
v -0.25474400 -0.19073600 -0.08426550
v -0.25426900 -0.19073600 -0.08482150
v -0.25371200 -0.19073600 -0.08529750
v -0.25308800 -0.19073600 -0.08567950
v -0.25241200 -0.19073600 -0.08595950
v -0.25353200 -0.19283900 -0.08152450
v -0.25347000 -0.19323400 -0.08192050
v -0.25337700 -0.19323400 -0.08230650
v -0.25322500 -0.19323400 -0.08267250
v -0.25301800 -0.19323400 -0.08301150
v -0.25276000 -0.19323400 -0.08331350
v -0.25245800 -0.19323400 -0.08357050
v -0.25211900 -0.19323400 -0.08377850
v -0.25175300 -0.19323400 -0.08393050
v -0.25136700 -0.19323400 -0.08402250
v -0.25362500 -0.19245300 -0.08152450
v -0.25377600 -0.19208700 -0.08152450
v -0.25398400 -0.19174800 -0.08152450
v -0.25424200 -0.19144600 -0.08152450
v -0.25454300 -0.19118800 -0.08152450
v -0.25488200 -0.19098100 -0.08152450
v -0.25524900 -0.19082900 -0.08152450
v -0.25563500 -0.19073600 -0.08152450
v -0.25349500 -0.19245300 -0.08234450
v -0.25333500 -0.19245300 -0.08272950
v -0.25311800 -0.19245300 -0.08308450
v -0.25284800 -0.19245300 -0.08340050
v -0.25253100 -0.19245300 -0.08367150
v -0.25217600 -0.19245300 -0.08388850
v -0.25179100 -0.19245300 -0.08404850
v -0.25363900 -0.19208600 -0.08239150
v -0.25347100 -0.19208600 -0.08279850
v -0.25324100 -0.19208600 -0.08317350
v -0.25295500 -0.19208600 -0.08350850
v -0.25262000 -0.19208600 -0.08379450
v -0.25224500 -0.19208600 -0.08402450
v -0.25183800 -0.19208600 -0.08419250
v -0.25383600 -0.19174800 -0.08245550
v -0.25365600 -0.19174800 -0.08289250
v -0.25340900 -0.19174800 -0.08329550
v -0.25310200 -0.19174800 -0.08365450
v -0.25274200 -0.19174800 -0.08396150
v -0.25233900 -0.19174800 -0.08420850
v -0.25190200 -0.19174800 -0.08438950
v -0.25408200 -0.19144600 -0.08253550
v -0.25388500 -0.19144600 -0.08300950
v -0.25361700 -0.19144600 -0.08344650
v -0.25328400 -0.19144600 -0.08383750
v -0.25289400 -0.19144600 -0.08417050
v -0.25245600 -0.19144600 -0.08443850
v -0.25198200 -0.19144600 -0.08463450
v -0.25436900 -0.19118800 -0.08262850
v -0.25415400 -0.19118800 -0.08314650
v -0.25386100 -0.19118800 -0.08362450
v -0.25349700 -0.19118800 -0.08405050
v -0.25307100 -0.19118800 -0.08441450
v -0.25259300 -0.19118800 -0.08470750
v -0.25207500 -0.19118800 -0.08492150
v -0.25469100 -0.19098100 -0.08273350
v -0.25445600 -0.19098100 -0.08330050
v -0.25413500 -0.19098100 -0.08382350
v -0.25373700 -0.19098100 -0.08428950
v -0.25327000 -0.19098100 -0.08468850
v -0.25274700 -0.19098100 -0.08500850
v -0.25218000 -0.19098100 -0.08524350
v -0.25503900 -0.19082900 -0.08284650
v -0.25478200 -0.19082900 -0.08346650
v -0.25443200 -0.19082900 -0.08403850
v -0.25399600 -0.19082900 -0.08454950
v -0.25348600 -0.19082900 -0.08498450
v -0.25291300 -0.19082900 -0.08533550
v -0.25229300 -0.19082900 -0.08559250
v 0.15225600 -0.19283900 -0.08882050
v 0.15156200 -0.19283900 -0.09171050
v 0.15042500 -0.19283900 -0.09445550
v 0.14887200 -0.19283900 -0.09698950
v 0.14694200 -0.19283900 -0.09924950
v 0.14468200 -0.19283900 -0.10117950
v 0.14214800 -0.19283900 -0.10273250
v 0.13940300 -0.19283900 -0.10386950
v 0.13651300 -0.19283900 -0.10456350
v 0.15216500 -0.19245300 -0.08880550
v 0.13649800 -0.19245300 -0.10447250
v 0.15201400 -0.19208600 -0.08878250
v 0.13647500 -0.19208600 -0.10432250
v 0.15181000 -0.19174800 -0.08874950
v 0.13644200 -0.19174800 -0.10411750
v 0.15155500 -0.19144600 -0.08870950
v 0.13640200 -0.19144600 -0.10386250
v 0.15125700 -0.19118800 -0.08866250
v 0.13635500 -0.19118800 -0.10356450
v 0.15092300 -0.19098100 -0.08860950
v 0.13630200 -0.19098100 -0.10323050
v 0.15056100 -0.19082900 -0.08855150
v 0.13624400 -0.19082900 -0.10286850
v 0.15017900 -0.19073600 -0.08849150
v 0.13618400 -0.19073600 -0.10248650
v 0.14956300 -0.19073600 -0.09106050
v 0.14855200 -0.19073600 -0.09350150
v 0.14717100 -0.19073600 -0.09575350
v 0.14545500 -0.19073600 -0.09776250
v 0.14344600 -0.19073600 -0.09947850
v 0.14119400 -0.19073600 -0.10085950
v 0.13875300 -0.19073600 -0.10187050
v 0.15248900 -0.19283900 -0.08585750
v 0.15252000 -0.19323400 -0.08585750
v 0.15228700 -0.19323400 -0.08882550
v 0.15159200 -0.19323400 -0.09171950
v 0.15045300 -0.19323400 -0.09447050
v 0.14889700 -0.19323400 -0.09700850
v 0.14696400 -0.19323400 -0.09927150
v 0.14470000 -0.19323400 -0.10285250
v 0.14216200 -0.19323400 -0.10440750
v 0.13941200 -0.19323400 -0.10554650
v 0.13651800 -0.19323400 -0.10624150
v 0.13355000 -0.19323400 -0.10647550
v 0.13355000 -0.19283900 -0.10479650
v 0.15239700 -0.19245300 -0.08585750
v 0.13355000 -0.19245300 -0.10470450
v 0.15224500 -0.19208700 -0.08585750
v 0.13355000 -0.19208700 -0.10455250
v 0.15203700 -0.19174800 -0.08585750
v 0.13355000 -0.19174800 -0.10434450
v 0.15178000 -0.19144600 -0.08585750
v 0.13355000 -0.19144600 -0.10408750
v 0.15147800 -0.19118800 -0.08585750
v 0.13355000 -0.19118800 -0.10378550
v 0.15113900 -0.19098000 -0.08585750
v 0.13355000 -0.19098000 -0.10344650
v 0.15077300 -0.19082900 -0.08585750
v 0.13355000 -0.19082900 -0.10308050
v 0.15038700 -0.19073600 -0.08585750
v 0.13355000 -0.19073600 -0.10269450
v 0.15147400 -0.19245300 -0.09168150
v 0.15034200 -0.19245300 -0.09441350
v 0.14879700 -0.19245300 -0.09693550
v 0.14687700 -0.19245300 -0.09918450
v 0.14462800 -0.19245300 -0.10110450
v 0.14210600 -0.19245300 -0.10264950
v 0.13937400 -0.19245300 -0.10378150
v 0.15133000 -0.19208600 -0.09163450
v 0.15020700 -0.19208600 -0.09434450
v 0.14867400 -0.19208600 -0.09684650
v 0.14676900 -0.19208600 -0.09907650
v 0.14453800 -0.19208600 -0.10098150
v 0.14203700 -0.19208600 -0.10251450
v 0.13932700 -0.19208600 -0.10363750
v 0.15113200 -0.19174800 -0.09157050
v 0.15002200 -0.19174800 -0.09425050
v 0.14850700 -0.19174800 -0.09672450
v 0.14662200 -0.19174800 -0.09893050
v 0.14441700 -0.19174800 -0.10081450
v 0.14194300 -0.19174800 -0.10232950
v 0.13926300 -0.19174800 -0.10344050
v 0.15088700 -0.19144600 -0.09149050
v 0.14979300 -0.19144600 -0.09413350
v 0.14829800 -0.19144600 -0.09657250
v 0.14644000 -0.19144600 -0.09874750
v 0.14426500 -0.19144600 -0.10060550
v 0.14182600 -0.19144600 -0.10210050
v 0.13918300 -0.19144600 -0.10319450
v 0.15060000 -0.19118800 -0.09139750
v 0.14952400 -0.19118800 -0.09399650
v 0.14805400 -0.19118800 -0.09639550
v 0.14622700 -0.19118800 -0.09853450
v 0.14408800 -0.19118800 -0.10036150
v 0.14168900 -0.19118800 -0.10183150
v 0.13909000 -0.19118800 -0.10290750
v 0.15027800 -0.19098100 -0.09129250
v 0.14922200 -0.19098100 -0.09384250
v 0.14778000 -0.19098100 -0.09619650
v 0.14598800 -0.19098100 -0.09829550
v 0.14388900 -0.19098100 -0.10008750
v 0.14153500 -0.19098100 -0.10152950
v 0.13898500 -0.19098100 -0.10258550
v 0.14993000 -0.19082900 -0.09117950
v 0.14889500 -0.19082900 -0.09367650
v 0.14748300 -0.19082900 -0.09598050
v 0.14572800 -0.19082900 -0.09803550
v 0.14367300 -0.19082900 -0.09979050
v 0.14136900 -0.19082900 -0.10120350
v 0.13887200 -0.19082900 -0.10223750
v 0.15252000 -0.21253300 -0.08585750
v 0.15228700 -0.21253300 -0.08882550
v 0.15159200 -0.21253300 -0.09336750
v 0.15045300 -0.21253300 -0.09611750
v 0.14889700 -0.21253300 -0.09865550
v 0.14696400 -0.21253300 -0.10091850
v 0.14470000 -0.21253300 -0.10285250
v 0.14216200 -0.21253300 -0.10440750
v 0.13941200 -0.21253300 -0.10554650
v 0.13651800 -0.21253300 -0.10624150
v 0.13355000 -0.21253300 -0.10647550
v 0.15252000 -0.19323400 0.09550050
v 0.15252000 -0.21253300 0.09550050
v 0.13788700 -0.19323400 0.11423650
v 0.13492000 -0.19323400 0.11447050
v 0.13492000 -0.21253300 0.11447050
v 0.13788700 -0.21253300 0.11423650
v 0.14078200 -0.19323400 0.11354150
v 0.14078200 -0.21253300 0.11354150
v 0.14353200 -0.19323400 0.11240250
v 0.14353200 -0.21253300 0.11240250
v 0.14607000 -0.19323400 0.11084750
v 0.14607000 -0.21253300 0.11084750
v 0.14833400 -0.19323400 0.10891450
v 0.14833400 -0.21253300 0.10891450
v 0.14889700 -0.19323400 0.10665050
v 0.15026700 -0.21253300 0.10665050
v 0.15045300 -0.19323400 0.10411250
v 0.15045300 -0.21253300 0.10411250
v 0.15159200 -0.19323400 0.10136250
v 0.15159200 -0.21253300 0.10136250
v 0.15228700 -0.19323400 0.09846750
v 0.15228700 -0.21253300 0.09846750
v -0.25835800 -0.21253400 0.11447050
v -0.25835800 -0.19323400 0.11447050
v -0.27709400 -0.19323400 0.09846750
v -0.27732800 -0.19323400 0.09550050
v -0.27732800 -0.21253400 0.09550050
v -0.27709400 -0.21253400 0.09846750
v -0.27639900 -0.21253400 0.10136250
v -0.27639900 -0.19323400 0.10136250
v -0.27526000 -0.21253400 0.10411250
v -0.27526000 -0.19323400 0.10411250
v -0.27370500 -0.21253400 0.10665050
v -0.27370500 -0.19323400 0.10665050
v -0.27177200 -0.21253400 0.10891450
v -0.27177200 -0.19323400 0.10891450
v -0.26950800 -0.21253400 0.11084750
v -0.26950800 -0.19323400 0.11084750
v -0.26697000 -0.21253400 0.11240250
v -0.26697000 -0.19323400 0.11240250
v -0.26422000 -0.21253400 0.11354150
v -0.26422000 -0.19323400 0.11354150
v -0.26132500 -0.21253400 0.11423650
v -0.26132500 -0.19323400 0.11423650
v 0.15248900 -0.19283900 0.09550050
v 0.15239700 -0.19245300 0.09550050
v 0.15224500 -0.19208700 0.09550050
v 0.15203700 -0.19174800 0.09550050
v 0.15178000 -0.19144600 0.09550050
v 0.15147800 -0.19118800 0.09550050
v 0.15113900 -0.19098000 0.09550050
v 0.15077300 -0.19082900 0.09550050
v 0.15038700 -0.19073600 0.09550050
v 0.13651300 -0.19283900 0.11420650
v 0.13940300 -0.19283900 0.11351250
v 0.14214800 -0.19283900 0.11237550
v 0.14468200 -0.19283900 0.11082250
v 0.14694200 -0.19283900 0.10889250
v 0.14887200 -0.19283900 0.10663250
v 0.15042500 -0.19283900 0.10409850
v 0.15156200 -0.19283900 0.10135250
v 0.15225600 -0.19283900 0.09846250
v 0.13649800 -0.19245300 0.11411450
v 0.15216500 -0.19245300 0.09844850
v 0.13647500 -0.19208600 0.11396450
v 0.15201400 -0.19208600 0.09842450
v 0.13644200 -0.19174800 0.11375950
v 0.15181000 -0.19174800 0.09839250
v 0.13640200 -0.19144600 0.11350550
v 0.15155500 -0.19144600 0.09835150
v 0.13635500 -0.19118800 0.11320750
v 0.15125700 -0.19118800 0.09830450
v 0.13630200 -0.19098100 0.11287250
v 0.15092300 -0.19098100 0.09825150
v 0.13624400 -0.19082900 0.11251050
v 0.15056100 -0.19082900 0.09819450
v 0.13618400 -0.19073600 0.11212950
v 0.15017900 -0.19073600 0.09813350
v 0.13875300 -0.19073600 0.11151250
v 0.14119400 -0.19073600 0.11050150
v 0.14344600 -0.19073600 0.10912150
v 0.14545500 -0.19073600 0.10740550
v 0.14717100 -0.19073600 0.10539650
v 0.14855200 -0.19073600 0.10314350
v 0.14956300 -0.19073600 0.10070250
v 0.13492000 -0.19283900 0.11443950
v 0.13355000 -0.19245300 0.11434650
v 0.13355000 -0.19208700 0.11419550
v 0.13355000 -0.19174800 0.11398750
v 0.13355000 -0.19144600 0.11372950
v 0.13355000 -0.19118800 0.11342750
v 0.13355000 -0.19098000 0.11308850
v 0.13355000 -0.19082900 0.11272250
v 0.13355000 -0.19073600 0.11233650
v 0.13937400 -0.19245300 0.11342450
v 0.14210600 -0.19245300 0.11229250
v 0.14462800 -0.19245300 0.11074750
v 0.14687700 -0.19245300 0.10882650
v 0.14879700 -0.19245300 0.10657750
v 0.15034200 -0.19245300 0.10405650
v 0.15147400 -0.19245300 0.10132350
v 0.13932700 -0.19208600 0.11327950
v 0.14203700 -0.19208600 0.11215750
v 0.14453800 -0.19208600 0.11062450
v 0.14676900 -0.19208600 0.10871950
v 0.14867400 -0.19208600 0.10648850
v 0.15020700 -0.19208600 0.10398750
v 0.15133000 -0.19208600 0.10127750
v 0.13926300 -0.19174800 0.11308250
v 0.14194300 -0.19174800 0.11197250
v 0.14441700 -0.19174800 0.11045650
v 0.14662200 -0.19174800 0.10857250
v 0.14850700 -0.19174800 0.10636650
v 0.15002200 -0.19174800 0.10389350
v 0.15113200 -0.19174800 0.10121250
v 0.13918300 -0.19144600 0.11283750
v 0.14182600 -0.19144600 0.11174250
v 0.14426500 -0.19144600 0.11024850
v 0.14644000 -0.19144600 0.10839050
v 0.14829800 -0.19144600 0.10621550
v 0.14979300 -0.19144600 0.10377650
v 0.15088700 -0.19144600 0.10113350
v 0.13909000 -0.19118800 0.11255050
v 0.14168900 -0.19118800 0.11147350
v 0.14408800 -0.19118800 0.11000350
v 0.14622700 -0.19118800 0.10817650
v 0.14805400 -0.19118800 0.10603750
v 0.14952400 -0.19118800 0.10363950
v 0.15060000 -0.19118800 0.10104050
v 0.13898500 -0.19098100 0.11222850
v 0.14153500 -0.19098100 0.11117250
v 0.14388900 -0.19098100 0.10973050
v 0.14598800 -0.19098100 0.10793750
v 0.14778000 -0.19098100 0.10583850
v 0.14922200 -0.19098100 0.10348550
v 0.15027800 -0.19098100 0.10093550
v 0.13887200 -0.19082900 0.11187950
v 0.14136900 -0.19082900 0.11084550
v 0.14367300 -0.19082900 0.10943350
v 0.14572800 -0.19082900 0.10767850
v 0.14748300 -0.19082900 0.10562350
v 0.14889500 -0.19082900 0.10331850
v 0.14993000 -0.19082900 0.10082250
v -0.25835800 -0.19283900 0.11443950
v -0.25835800 -0.19245300 0.11434650
v -0.25835800 -0.19208700 0.11419550
v -0.25835800 -0.19174800 0.11398750
v -0.25835800 -0.19144600 0.11372950
v -0.25835800 -0.19118800 0.11342750
v -0.25835800 -0.19098000 0.11308850
v -0.25835800 -0.19082900 0.11272250
v -0.25835800 -0.19073600 0.11233650
v -0.27706400 -0.19283900 0.09846250
v -0.27637000 -0.19283900 0.10135250
v -0.27523200 -0.19283900 0.10409850
v -0.27368000 -0.19283900 0.10663250
v -0.27175000 -0.19283900 0.10889250
v -0.26949000 -0.19283900 0.11082250
v -0.26695600 -0.19283900 0.11237550
v -0.26421000 -0.19283900 0.11351250
v -0.26132000 -0.19283900 0.11420650
v -0.27697200 -0.19245300 0.09844850
v -0.26130600 -0.19245300 0.11411450
v -0.27682200 -0.19208600 0.09842450
v -0.26128200 -0.19208600 0.11396450
v -0.27661700 -0.19174800 0.09839250
v -0.26125000 -0.19174800 0.11375950
v -0.27636300 -0.19144600 0.09835150
v -0.26120900 -0.19144600 0.11350550
v -0.27606400 -0.19118800 0.09830450
v -0.26116200 -0.19118800 0.11320750
v -0.27573000 -0.19098100 0.09825150
v -0.26110900 -0.19098100 0.11287250
v -0.27536800 -0.19082900 0.09819450
v -0.26105200 -0.19082900 0.11251050
v -0.27498700 -0.19073600 0.09813350
v -0.26099100 -0.19073600 0.11212950
v -0.27437000 -0.19073600 0.10070250
v -0.27335900 -0.19073600 0.10314350
v -0.27197900 -0.19073600 0.10539650
v -0.27026300 -0.19073600 0.10740550
v -0.26825400 -0.19073600 0.10912150
v -0.26600100 -0.19073600 0.11050150
v -0.26356000 -0.19073600 0.11151250
v -0.27729700 -0.19283900 0.09550050
v -0.27720400 -0.19245300 0.09550050
v -0.27705300 -0.19208700 0.09550050
v -0.27684500 -0.19174800 0.09550050
v -0.27658700 -0.19144600 0.09550050
v -0.27628500 -0.19118800 0.09550050
v -0.27594600 -0.19098000 0.09550050
v -0.27558000 -0.19082900 0.09550050
v -0.27519400 -0.19073600 0.09550050
v -0.27628200 -0.19245300 0.10132350
v -0.27515000 -0.19245300 0.10405650
v -0.27360500 -0.19245300 0.10657750
v -0.27168400 -0.19245300 0.10882650
v -0.26943500 -0.19245300 0.11074750
v -0.26691400 -0.19245300 0.11229250
v -0.26418100 -0.19245300 0.11342450
v -0.27613700 -0.19208600 0.10127750
v -0.27501500 -0.19208600 0.10398750
v -0.27348200 -0.19208600 0.10648850
v -0.27157700 -0.19208600 0.10871950
v -0.26934600 -0.19208600 0.11062450
v -0.26684500 -0.19208600 0.11215750
v -0.26413500 -0.19208600 0.11327950
v -0.27594000 -0.19174800 0.10121250
v -0.27483000 -0.19174800 0.10389350
v -0.27331400 -0.19174800 0.10636650
v -0.27143000 -0.19174800 0.10857250
v -0.26922400 -0.19174800 0.11045650
v -0.26675100 -0.19174800 0.11197250
v -0.26407000 -0.19174800 0.11308250
v -0.27569500 -0.19144600 0.10113350
v -0.27460000 -0.19144600 0.10377650
v -0.27310600 -0.19144600 0.10621550
v -0.27124800 -0.19144600 0.10839050
v -0.26907300 -0.19144600 0.11024850
v -0.26663400 -0.19144600 0.11174250
v -0.26399100 -0.19144600 0.11283750
v -0.27540800 -0.19118800 0.10104050
v -0.27433100 -0.19118800 0.10363950
v -0.27286100 -0.19118800 0.10603750
v -0.27103400 -0.19118800 0.10817650
v -0.26889500 -0.19118800 0.11000350
v -0.26649700 -0.19118800 0.11147350
v -0.26389700 -0.19118800 0.11255050
v -0.27508600 -0.19098100 0.10093550
v -0.27403000 -0.19098100 0.10348550
v -0.27258800 -0.19098100 0.10583850
v -0.27079500 -0.19098100 0.10793750
v -0.26869600 -0.19098100 0.10973050
v -0.26634300 -0.19098100 0.11117250
v -0.26379300 -0.19098100 0.11222850
v -0.27473700 -0.19082900 0.10082250
v -0.27370300 -0.19082900 0.10331850
v -0.27229100 -0.19082900 0.10562350
v -0.27053600 -0.19082900 0.10767850
v -0.26848100 -0.19082900 0.10943350
v -0.26617600 -0.19082900 0.11084550
v -0.26368000 -0.19082900 0.11187950
v -0.27780900 -0.21503200 0.09550050
v -0.27819500 -0.21493900 0.09550050
v -0.27856100 -0.21478800 0.09550050
v -0.27890000 -0.21458000 0.09550050
v -0.27920200 -0.21432200 0.09550050
v -0.27946000 -0.21402000 0.09550050
v -0.27966700 -0.21368100 0.09550050
v -0.27981900 -0.21331500 0.09550050
v -0.27991200 -0.21292900 0.09550050
v -0.27760200 -0.21503200 0.09813350
v -0.27698500 -0.21503200 0.10070250
v -0.27597400 -0.21503200 0.10314350
v -0.27459400 -0.21503200 0.10539650
v -0.27287800 -0.21503200 0.10740550
v -0.27086900 -0.21503200 0.10912150
v -0.26861600 -0.21503200 0.11050150
v -0.26617500 -0.21503200 0.11151250
v -0.26360600 -0.21503200 0.11212950
v -0.27798300 -0.21493900 0.09819450
v -0.26366700 -0.21493900 0.11251050
v -0.27834500 -0.21478700 0.09825150
v -0.26372400 -0.21478700 0.11287250
v -0.27867900 -0.21458000 0.09830450
v -0.26377700 -0.21458000 0.11320750
v -0.27897700 -0.21432200 0.09835150
v -0.26382400 -0.21432200 0.11350550
v -0.27923200 -0.21402000 0.09839250
v -0.26386400 -0.21402000 0.11375950
v -0.27943700 -0.21368200 0.09842450
v -0.26389700 -0.21368200 0.11396450
v -0.27958700 -0.21331500 0.09844850
v -0.26392100 -0.21331500 0.11411450
v -0.27967800 -0.21292900 0.09846250
v -0.26393500 -0.21292900 0.11420650
v -0.27898500 -0.21292900 0.10135250
v -0.27784700 -0.21292900 0.10409850
v -0.27629500 -0.21292900 0.10663250
v -0.27436400 -0.21292900 0.10889250
v -0.27210500 -0.21292900 0.11082250
v -0.26957100 -0.21292900 0.11237550
v -0.26682500 -0.21292900 0.11351250
v -0.26097200 -0.21503200 0.11233650
v -0.26097200 -0.21493900 0.11272250
v -0.26097200 -0.21478800 0.11308850
v -0.26097200 -0.21458000 0.11342750
v -0.26097200 -0.21432200 0.11372950
v -0.26097200 -0.21402000 0.11398750
v -0.26097200 -0.21368100 0.11419550
v -0.26097200 -0.21331500 0.11434650
v -0.26097200 -0.21292900 0.11443950
v -0.27735200 -0.21493900 0.10082250
v -0.27631800 -0.21493900 0.10331850
v -0.27490600 -0.21493900 0.10562350
v -0.27315100 -0.21493900 0.10767850
v -0.27109600 -0.21493900 0.10943350
v -0.26879100 -0.21493900 0.11084550
v -0.26629400 -0.21493900 0.11187950
v -0.27770100 -0.21478700 0.10093550
v -0.27664500 -0.21478700 0.10348550
v -0.27520200 -0.21478700 0.10583850
v -0.27341000 -0.21478700 0.10793750
v -0.27131100 -0.21478700 0.10973050
v -0.26895800 -0.21478700 0.11117250
v -0.26640800 -0.21478700 0.11222850
v -0.27802300 -0.21458000 0.10104050
v -0.27694600 -0.21458000 0.10363950
v -0.27547600 -0.21458000 0.10603750
v -0.27364900 -0.21458000 0.10817650
v -0.27151000 -0.21458000 0.11000350
v -0.26911100 -0.21458000 0.11147350
v -0.26651200 -0.21458000 0.11255050
v -0.27831000 -0.21432200 0.10113350
v -0.27721500 -0.21432200 0.10377650
v -0.27572000 -0.21432200 0.10621550
v -0.27386300 -0.21432200 0.10839050
v -0.27168700 -0.21432200 0.11024850
v -0.26924800 -0.21432200 0.11174250
v -0.26660600 -0.21432200 0.11283750
v -0.27855500 -0.21402000 0.10121250
v -0.27744500 -0.21402000 0.10389350
v -0.27592900 -0.21402000 0.10636650
v -0.27404500 -0.21402000 0.10857250
v -0.27183900 -0.21402000 0.11045650
v -0.26936500 -0.21402000 0.11197250
v -0.26668500 -0.21402000 0.11308250
v -0.27875200 -0.21368200 0.10127750
v -0.27762900 -0.21368200 0.10398750
v -0.27609700 -0.21368200 0.10648850
v -0.27419100 -0.21368200 0.10871950
v -0.27196100 -0.21368200 0.11062450
v -0.26946000 -0.21368200 0.11215750
v -0.26674900 -0.21368200 0.11327950
v -0.27889700 -0.21331500 0.10132350
v -0.27776500 -0.21331500 0.10405650
v -0.27622000 -0.21331500 0.10657750
v -0.27429900 -0.21331500 0.10882650
v -0.27205000 -0.21331500 0.11074750
v -0.26952900 -0.21331500 0.11229250
v -0.26679600 -0.21331500 0.11342450
v 0.13492000 -0.21503200 0.11233650
v 0.13492000 -0.21493900 0.11272250
v 0.13492000 -0.21478800 0.11308850
v 0.13492000 -0.21458000 0.11342750
v 0.13492000 -0.21432200 0.11372950
v 0.13492000 -0.21402000 0.11398750
v 0.13492000 -0.21368100 0.11419550
v 0.13492000 -0.21331500 0.11434650
v 0.13492000 -0.21292900 0.11443950
v 0.13755400 -0.21503200 0.11212950
v 0.14012300 -0.21503200 0.11151250
v 0.14256300 -0.21503200 0.11050150
v 0.14481600 -0.21503200 0.10912150
v 0.14682500 -0.21503200 0.10740550
v 0.14854100 -0.21503200 0.10539650
v 0.14992100 -0.21503200 0.10314350
v 0.15093200 -0.21503200 0.10070250
v 0.15154900 -0.21503200 0.09813350
v 0.13761400 -0.21493900 0.11251050
v 0.15193000 -0.21493900 0.09819450
v 0.13767100 -0.21478700 0.11287250
v 0.15229200 -0.21478700 0.09825150
v 0.13772400 -0.21458000 0.11320750
v 0.15262700 -0.21458000 0.09830450
v 0.13777200 -0.21432200 0.11350550
v 0.15292500 -0.21432200 0.09835150
v 0.13781200 -0.21402000 0.11375950
v 0.15317900 -0.21402000 0.09839250
v 0.13784400 -0.21368200 0.11396450
v 0.15338400 -0.21368200 0.09842450
v 0.13786800 -0.21331500 0.11411450
v 0.15353400 -0.21331500 0.09844850
v 0.13788300 -0.21292900 0.11420650
v 0.15225600 -0.21292900 0.09846250
v 0.14077200 -0.21292900 0.11351250
v 0.14351800 -0.21292900 0.11237550
v 0.14605200 -0.21292900 0.11082250
v 0.14831200 -0.21292900 0.10889250
v 0.15024200 -0.21292900 0.10663250
v 0.15179500 -0.21292900 0.10409850
v 0.15293200 -0.21292900 0.10135250
v 0.15175600 -0.21503200 0.09550050
v 0.15214200 -0.21493900 0.09550050
v 0.15250800 -0.21478800 0.09550050
v 0.15284700 -0.21458000 0.09550050
v 0.15314900 -0.21432200 0.09550050
v 0.15340700 -0.21402000 0.09550050
v 0.15361500 -0.21368100 0.09550050
v 0.15376600 -0.21331500 0.09550050
v 0.15248900 -0.21292900 0.09550050
v 0.14024200 -0.21493900 0.11187950
v 0.14273900 -0.21493900 0.11084550
v 0.14504300 -0.21493900 0.10943350
v 0.14709800 -0.21493900 0.10767850
v 0.14885300 -0.21493900 0.10562350
v 0.15026500 -0.21493900 0.10331850
v 0.15129900 -0.21493900 0.10082250
v 0.14035500 -0.21478700 0.11222850
v 0.14290500 -0.21478700 0.11117250
v 0.14525800 -0.21478700 0.10973050
v 0.14735700 -0.21478700 0.10793750
v 0.14915000 -0.21478700 0.10583850
v 0.15059200 -0.21478700 0.10348550
v 0.15164800 -0.21478700 0.10093550
v 0.14046000 -0.21458000 0.11255050
v 0.14305900 -0.21458000 0.11147350
v 0.14545700 -0.21458000 0.11000350
v 0.14759700 -0.21458000 0.10817650
v 0.14942400 -0.21458000 0.10603750
v 0.15089300 -0.21458000 0.10363950
v 0.15197000 -0.21458000 0.10104050
v 0.14055300 -0.21432200 0.11283750
v 0.14319600 -0.21432200 0.11174250
v 0.14563500 -0.21432200 0.11024850
v 0.14781000 -0.21432200 0.10839050
v 0.14966800 -0.21432200 0.10621550
v 0.15116200 -0.21432200 0.10377650
v 0.15225700 -0.21432200 0.10113350
v 0.14063300 -0.21402000 0.11308250
v 0.14331300 -0.21402000 0.11197250
v 0.14578600 -0.21402000 0.11045650
v 0.14799200 -0.21402000 0.10857250
v 0.14987600 -0.21402000 0.10636650
v 0.15139200 -0.21402000 0.10389350
v 0.15250200 -0.21402000 0.10121250
v 0.14069700 -0.21368200 0.11327950
v 0.14340700 -0.21368200 0.11215750
v 0.14590800 -0.21368200 0.11062450
v 0.14813900 -0.21368200 0.10871950
v 0.15004400 -0.21368200 0.10648850
v 0.15157700 -0.21368200 0.10398750
v 0.15269900 -0.21368200 0.10127750
v 0.14074400 -0.21331500 0.11342450
v 0.14347600 -0.21331500 0.11229250
v 0.14599700 -0.21331500 0.11074750
v 0.14824600 -0.21331500 0.10882650
v 0.15016700 -0.21331500 0.10657750
v 0.15171200 -0.21331500 0.10405650
v 0.15284400 -0.21331500 0.10132350
v 0.15175600 -0.21503200 -0.08750450
v 0.15214200 -0.21493900 -0.08750450
v 0.15250800 -0.21478800 -0.08750450
v 0.15284700 -0.21458000 -0.08750450
v 0.15314900 -0.21432200 -0.08750450
v 0.15340700 -0.21402000 -0.08750450
v 0.15361500 -0.21368100 -0.08750450
v 0.15376600 -0.21331500 -0.08585750
v 0.15248900 -0.21292900 -0.08585750
v 0.15154900 -0.21503200 -0.09013850
v 0.15093200 -0.21503200 -0.09270750
v 0.14992100 -0.21503200 -0.09514850
v 0.14854100 -0.21503200 -0.09740150
v 0.14682500 -0.21503200 -0.09941050
v 0.14481600 -0.21503200 -0.10112550
v 0.14256300 -0.21503200 -0.10250650
v 0.14012300 -0.21503200 -0.10351750
v 0.13755400 -0.21503200 -0.10413450
v 0.15193000 -0.21493900 -0.09019950
v 0.13761400 -0.21493900 -0.10451550
v 0.15229200 -0.21478700 -0.09025650
v 0.13767100 -0.21478700 -0.10487750
v 0.15262700 -0.21458000 -0.09030950
v 0.13772400 -0.21458000 -0.10521150
v 0.15292500 -0.21432200 -0.09035650
v 0.13777200 -0.21432200 -0.10550950
v 0.15317900 -0.21402000 -0.09039650
v 0.13781200 -0.21402000 -0.10576450
v 0.15338400 -0.21368200 -0.09042950
v 0.13784400 -0.21368200 -0.10432250
v 0.15353400 -0.21331500 -0.08880550
v 0.13649800 -0.21331500 -0.10447250
v 0.15225600 -0.21292900 -0.08882050
v 0.13651300 -0.21292900 -0.10621050
v 0.15156200 -0.21292900 -0.09171050
v 0.15042500 -0.21292900 -0.09445550
v 0.14887200 -0.21292900 -0.09698950
v 0.14694200 -0.21292900 -0.10089650
v 0.14468200 -0.21292900 -0.10282650
v 0.14214800 -0.21292900 -0.10437950
v 0.13940300 -0.21292900 -0.10551750
v 0.13492000 -0.21503200 -0.10434150
v 0.13492000 -0.21493900 -0.10472750
v 0.13492000 -0.21478800 -0.10509350
v 0.13492000 -0.21458000 -0.10543250
v 0.13492000 -0.21432200 -0.10573450
v 0.13492000 -0.21402000 -0.10599250
v 0.13492000 -0.21368100 -0.10619950
v 0.13355000 -0.21331500 -0.10635150
v 0.13355000 -0.21292900 -0.10644450
v 0.15129900 -0.21493900 -0.09282650
v 0.15026500 -0.21493900 -0.09532350
v 0.14885300 -0.21493900 -0.09762850
v 0.14709800 -0.21493900 -0.09968350
v 0.14504300 -0.21493900 -0.10143850
v 0.14273900 -0.21493900 -0.10285050
v 0.14024200 -0.21493900 -0.10388450
v 0.15164800 -0.21478700 -0.09294050
v 0.15059200 -0.21478700 -0.09549050
v 0.14915000 -0.21478700 -0.09784350
v 0.14735700 -0.21478700 -0.09994250
v 0.14525800 -0.21478700 -0.10173450
v 0.14290500 -0.21478700 -0.10317750
v 0.14035500 -0.21478700 -0.10423350
v 0.15197000 -0.21458000 -0.09304450
v 0.15089300 -0.21458000 -0.09564350
v 0.14942400 -0.21458000 -0.09804250
v 0.14759700 -0.21458000 -0.10018150
v 0.14545700 -0.21458000 -0.10200850
v 0.14305900 -0.21458000 -0.10347850
v 0.14046000 -0.21458000 -0.10455550
v 0.15225700 -0.21432200 -0.09313850
v 0.15116200 -0.21432200 -0.09578050
v 0.14966800 -0.21432200 -0.09821950
v 0.14781000 -0.21432200 -0.10039550
v 0.14563500 -0.21432200 -0.10225250
v 0.14319600 -0.21432200 -0.10374750
v 0.14055300 -0.21432200 -0.10484250
v 0.15250200 -0.21402000 -0.09321750
v 0.15139200 -0.21402000 -0.09589750
v 0.14987600 -0.21402000 -0.09837150
v 0.14799200 -0.21402000 -0.10057750
v 0.14578600 -0.21402000 -0.10246150
v 0.14331300 -0.21402000 -0.10397750
v 0.14063300 -0.21402000 -0.10508750
v 0.15269900 -0.21368200 -0.09328150
v 0.15157700 -0.21368200 -0.09434450
v 0.15004400 -0.21368200 -0.09684650
v 0.14813900 -0.21368200 -0.09907650
v 0.14590800 -0.21368200 -0.10098150
v 0.14340700 -0.21368200 -0.10251450
v 0.14069700 -0.21368200 -0.10363750
v 0.15284400 -0.21331500 -0.09168150
v 0.15171200 -0.21331500 -0.09441350
v 0.14879700 -0.21331500 -0.09693550
v 0.14687700 -0.21331500 -0.09918450
v 0.14462800 -0.21331500 -0.10110450
v 0.14210600 -0.21331500 -0.10264950
v 0.13937400 -0.21331500 -0.10378150
v 0.08344400 -0.21292900 -0.06151650
v 0.08353700 -0.21331500 -0.06151650
v 0.08368900 -0.21368100 -0.06151650
v 0.08389600 -0.21402000 -0.06151650
v 0.08415400 -0.21432200 -0.06151650
v 0.08445600 -0.21458000 -0.06151650
v 0.08479500 -0.21478700 -0.06151650
v 0.08516100 -0.21493900 -0.06151650
v 0.08554700 -0.21503200 -0.06151650
v 0.08341300 -0.21292900 -0.06191650
v 0.08331900 -0.21292900 -0.06230750
v 0.08316500 -0.21292900 -0.06267850
v 0.08295500 -0.21292900 -0.06302150
v 0.08269400 -0.21292900 -0.06332650
v 0.08238900 -0.21292900 -0.06358750
v 0.08204600 -0.21292900 -0.06379750
v 0.08167500 -0.21292900 -0.06395150
v 0.08128400 -0.21292900 -0.06404550
v 0.08350400 -0.21331500 -0.06193150
v 0.08129900 -0.21331500 -0.06413650
v 0.08365400 -0.21368200 -0.06195550
v 0.08132300 -0.21368200 -0.06428650
v 0.08385900 -0.21402000 -0.06198750
v 0.08135500 -0.21402000 -0.06449150
v 0.08411400 -0.21432200 -0.06202750
v 0.08139500 -0.21432200 -0.06474650
v 0.08441200 -0.21458000 -0.06207450
v 0.08144300 -0.21458000 -0.06504450
v 0.08474600 -0.21478700 -0.06212750
v 0.08149600 -0.21478700 -0.06537850
v 0.08510800 -0.21493900 -0.06218550
v 0.08155300 -0.21493900 -0.06574050
v 0.08549000 -0.21503200 -0.06224550
v 0.08161300 -0.21503200 -0.06612150
v 0.08531900 -0.21503200 -0.06295750
v 0.08503900 -0.21503200 -0.06363350
v 0.08465600 -0.21503200 -0.06425750
v 0.08418100 -0.21503200 -0.06481350
v 0.08362500 -0.21503200 -0.06528850
v 0.08300100 -0.21503200 -0.06567150
v 0.08232500 -0.21503200 -0.06595150
v 0.08088400 -0.21292900 -0.06407650
v 0.08088400 -0.21331500 -0.06416950
v 0.08088400 -0.21368100 -0.06432150
v 0.08088400 -0.21402000 -0.06452850
v 0.08088400 -0.21432200 -0.06478650
v 0.08088400 -0.21458000 -0.06508850
v 0.08088400 -0.21478700 -0.06542750
v 0.08088400 -0.21493900 -0.06579350
v 0.08088400 -0.21503200 -0.06617950
v 0.08340700 -0.21331500 -0.06233650
v 0.08324800 -0.21331500 -0.06272050
v 0.08303000 -0.21331500 -0.06307550
v 0.08276000 -0.21331500 -0.06339250
v 0.08244300 -0.21331500 -0.06366250
v 0.08208800 -0.21331500 -0.06388050
v 0.08170400 -0.21331500 -0.06403950
v 0.08355200 -0.21368200 -0.06238350
v 0.08338300 -0.21368200 -0.06278950
v 0.08315300 -0.21368200 -0.06316450
v 0.08286700 -0.21368200 -0.06349950
v 0.08253300 -0.21368200 -0.06378550
v 0.08215700 -0.21368200 -0.06401550
v 0.08175100 -0.21368200 -0.06418350
v 0.08374900 -0.21402000 -0.06244750
v 0.08356800 -0.21402000 -0.06288350
v 0.08332100 -0.21402000 -0.06328650
v 0.08301400 -0.21402000 -0.06364650
v 0.08265500 -0.21402000 -0.06395350
v 0.08225100 -0.21402000 -0.06420050
v 0.08181500 -0.21402000 -0.06438150
v 0.08399400 -0.21432200 -0.06252650
v 0.08379800 -0.21432200 -0.06300050
v 0.08352900 -0.21432200 -0.06343850
v 0.08319600 -0.21432200 -0.06382850
v 0.08280600 -0.21432200 -0.06416150
v 0.08236800 -0.21432200 -0.06442950
v 0.08189400 -0.21432200 -0.06462650
v 0.08428100 -0.21458000 -0.06262050
v 0.08406700 -0.21458000 -0.06313750
v 0.08377400 -0.21458000 -0.06361550
v 0.08341000 -0.21458000 -0.06404250
v 0.08298300 -0.21458000 -0.06440650
v 0.08250500 -0.21458000 -0.06469850
v 0.08198800 -0.21458000 -0.06491350
v 0.08460300 -0.21478700 -0.06272450
v 0.08436800 -0.21478700 -0.06329150
v 0.08404700 -0.21478700 -0.06381450
v 0.08364900 -0.21478700 -0.06428150
v 0.08318200 -0.21478700 -0.06467950
v 0.08265900 -0.21478700 -0.06500050
v 0.08209200 -0.21478700 -0.06523550
v 0.08495200 -0.21493900 -0.06283750
v 0.08469500 -0.21493900 -0.06345750
v 0.08434400 -0.21493900 -0.06403050
v 0.08390800 -0.21493900 -0.06454050
v 0.08339800 -0.21493900 -0.06497650
v 0.08282600 -0.21493900 -0.06532750
v 0.08220600 -0.21493900 -0.06558350
v -0.21482000 -0.21292900 -0.06407650
v -0.21482000 -0.21331500 -0.06416950
v -0.21482000 -0.21368100 -0.06432150
v -0.21482000 -0.21402000 -0.06452850
v -0.21482000 -0.21432200 -0.06478650
v -0.21482000 -0.21458000 -0.06508850
v -0.21482000 -0.21478700 -0.06542750
v -0.21482000 -0.21493900 -0.06579350
v -0.21482000 -0.21503200 -0.06617950
v -0.21522000 -0.21292900 -0.06404550
v -0.21561100 -0.21292900 -0.06395150
v -0.21598200 -0.21292900 -0.06379750
v -0.21632500 -0.21292900 -0.06358750
v -0.21663000 -0.21292900 -0.06332650
v -0.21689100 -0.21292900 -0.06302150
v -0.21710100 -0.21292900 -0.06267850
v -0.21725500 -0.21292900 -0.06230750
v -0.21734900 -0.21292900 -0.06191650
v -0.21523500 -0.21331500 -0.06413650
v -0.21744000 -0.21331500 -0.06193150
v -0.21525900 -0.21368200 -0.06428650
v -0.21759000 -0.21368200 -0.06195550
v -0.21529100 -0.21402000 -0.06449150
v -0.21779500 -0.21402000 -0.06198750
v -0.21533100 -0.21432200 -0.06474650
v -0.21805000 -0.21432200 -0.06202750
v -0.21537900 -0.21458000 -0.06504450
v -0.21834800 -0.21458000 -0.06207450
v -0.21543200 -0.21478700 -0.06537850
v -0.21868200 -0.21478700 -0.06212750
v -0.21548900 -0.21493900 -0.06574050
v -0.21904400 -0.21493900 -0.06218550
v -0.21554900 -0.21503200 -0.06612150
v -0.21942600 -0.21503200 -0.06224550
v -0.21626100 -0.21503200 -0.06595150
v -0.21693700 -0.21503200 -0.06567150
v -0.21756100 -0.21503200 -0.06528850
v -0.21811700 -0.21503200 -0.06481350
v -0.21859200 -0.21503200 -0.06425750
v -0.21897500 -0.21503200 -0.06363350
v -0.21925500 -0.21503200 -0.06295750
v -0.21738000 -0.21292900 -0.06151650
v -0.21747300 -0.21331500 -0.06151650
v -0.21762500 -0.21368100 -0.06151650
v -0.21783200 -0.21402000 -0.06151650
v -0.21809000 -0.21432200 -0.06151650
v -0.21839200 -0.21458000 -0.06151650
v -0.21873100 -0.21478700 -0.06151650
v -0.21909700 -0.21493900 -0.06151650
v -0.21948300 -0.21503200 -0.06151650
v -0.21564000 -0.21331500 -0.06403950
v -0.21602400 -0.21331500 -0.06388050
v -0.21637900 -0.21331500 -0.06366250
v -0.21669600 -0.21331500 -0.06339250
v -0.21696600 -0.21331500 -0.06307550
v -0.21718400 -0.21331500 -0.06272050
v -0.21734300 -0.21331500 -0.06233650
v -0.21568700 -0.21368200 -0.06418350
v -0.21609300 -0.21368200 -0.06401550
v -0.21646900 -0.21368200 -0.06378550
v -0.21680300 -0.21368200 -0.06349950
v -0.21708900 -0.21368200 -0.06316450
v -0.21731900 -0.21368200 -0.06278950
v -0.21748800 -0.21368200 -0.06238350
v -0.21575100 -0.21402000 -0.06438150
v -0.21618800 -0.21402000 -0.06420050
v -0.21659100 -0.21402000 -0.06395350
v -0.21695000 -0.21402000 -0.06364650
v -0.21725700 -0.21402000 -0.06328650
v -0.21750400 -0.21402000 -0.06288350
v -0.21768500 -0.21402000 -0.06244750
v -0.21583000 -0.21432200 -0.06462650
v -0.21630500 -0.21432200 -0.06442950
v -0.21674200 -0.21432200 -0.06416150
v -0.21713200 -0.21432200 -0.06382850
v -0.21746600 -0.21432200 -0.06343850
v -0.21773400 -0.21432200 -0.06300050
v -0.21793000 -0.21432200 -0.06252650
v -0.21592400 -0.21458000 -0.06491350
v -0.21644200 -0.21458000 -0.06469850
v -0.21692000 -0.21458000 -0.06440650
v -0.21734600 -0.21458000 -0.06404250
v -0.21771000 -0.21458000 -0.06361550
v -0.21800300 -0.21458000 -0.06313750
v -0.21821700 -0.21458000 -0.06262050
v -0.21602800 -0.21478700 -0.06523550
v -0.21659500 -0.21478700 -0.06500050
v -0.21711800 -0.21478700 -0.06467950
v -0.21758500 -0.21478700 -0.06428150
v -0.21798400 -0.21478700 -0.06381450
v -0.21830400 -0.21478700 -0.06329150
v -0.21853900 -0.21478700 -0.06272450
v -0.21614200 -0.21493900 -0.06558350
v -0.21676200 -0.21493900 -0.06532750
v -0.21733400 -0.21493900 -0.06497650
v -0.21784400 -0.21493900 -0.06454050
v -0.21828000 -0.21493900 -0.06403050
v -0.21863100 -0.21493900 -0.06345750
v -0.21888800 -0.21493900 -0.06283750
v -0.21738000 -0.21292900 0.07315850
v -0.21747300 -0.21331500 0.07315850
v -0.21762500 -0.21368100 0.07315850
v -0.21783200 -0.21402000 0.07315850
v -0.21809000 -0.21432200 0.07315850
v -0.21839200 -0.21458000 0.07315850
v -0.21873100 -0.21478700 0.07315850
v -0.21909700 -0.21493900 0.07315850
v -0.21948300 -0.21503200 0.07315850
v -0.21734900 -0.21292900 0.07355850
v -0.21725500 -0.21292900 0.07394950
v -0.21710100 -0.21292900 0.07432050
v -0.21689100 -0.21292900 0.07466350
v -0.21663000 -0.21292900 0.07496850
v -0.21632500 -0.21292900 0.07522950
v -0.21598200 -0.21292900 0.07543950
v -0.21561100 -0.21292900 0.07559350
v -0.21522000 -0.21292900 0.07568750
v -0.21744000 -0.21331500 0.07357350
v -0.21523500 -0.21331500 0.07577850
v -0.21759000 -0.21368200 0.07359750
v -0.21525900 -0.21368200 0.07592850
v -0.21779500 -0.21402000 0.07362950
v -0.21529100 -0.21402000 0.07613350
v -0.21805000 -0.21432200 0.07366950
v -0.21533100 -0.21432200 0.07638850
v -0.21834800 -0.21458000 0.07371750
v -0.21537900 -0.21458000 0.07668650
v -0.21868200 -0.21478700 0.07377050
v -0.21543200 -0.21478700 0.07702050
v -0.21904400 -0.21493900 0.07382750
v -0.21548900 -0.21493900 0.07738250
v -0.21942600 -0.21503200 0.07388750
v -0.21554900 -0.21503200 0.07776450
v -0.21925500 -0.21503200 0.07459950
v -0.21897500 -0.21503200 0.07527550
v -0.21859200 -0.21503200 0.07589950
v -0.21811700 -0.21503200 0.07645550
v -0.21756100 -0.21503200 0.07693050
v -0.21693700 -0.21503200 0.07731350
v -0.21626100 -0.21503200 0.07759350
v -0.21734300 -0.21331500 0.07397850
v -0.21718400 -0.21331500 0.07436250
v -0.21696600 -0.21331500 0.07471750
v -0.21669600 -0.21331500 0.07503450
v -0.21637900 -0.21331500 0.07530450
v -0.21602400 -0.21331500 0.07552250
v -0.21564000 -0.21331500 0.07568150
v -0.21748800 -0.21368200 0.07402550
v -0.21731900 -0.21368200 0.07443150
v -0.21708900 -0.21368200 0.07480750
v -0.21680300 -0.21368200 0.07514150
v -0.21646900 -0.21368200 0.07542750
v -0.21609300 -0.21368200 0.07565750
v -0.21568700 -0.21368200 0.07582650
v -0.21768500 -0.21402000 0.07408950
v -0.21750400 -0.21402000 0.07452650
v -0.21725700 -0.21402000 0.07492950
v -0.21695000 -0.21402000 0.07528850
v -0.21659100 -0.21402000 0.07559550
v -0.21618800 -0.21402000 0.07584250
v -0.21575100 -0.21402000 0.07602350
v -0.21793000 -0.21432200 0.07416850
v -0.21773400 -0.21432200 0.07464350
v -0.21746600 -0.21432200 0.07508050
v -0.21713200 -0.21432200 0.07547050
v -0.21674200 -0.21432200 0.07580450
v -0.21630500 -0.21432200 0.07607250
v -0.21583000 -0.21432200 0.07626850
v -0.21821700 -0.21458000 0.07426250
v -0.21800300 -0.21458000 0.07478050
v -0.21771000 -0.21458000 0.07525850
v -0.21734600 -0.21458000 0.07568450
v -0.21692000 -0.21458000 0.07604850
v -0.21644200 -0.21458000 0.07634150
v -0.21592400 -0.21458000 0.07655550
v -0.21853900 -0.21478700 0.07436650
v -0.21830400 -0.21478700 0.07493350
v -0.21798400 -0.21478700 0.07545650
v -0.21758500 -0.21478700 0.07592350
v -0.21711800 -0.21478700 0.07632250
v -0.21659500 -0.21478700 0.07664250
v -0.21602800 -0.21478700 0.07687750
v -0.21888800 -0.21493900 0.07448050
v -0.21863100 -0.21493900 0.07510050
v -0.21828000 -0.21493900 0.07567250
v -0.21784400 -0.21493900 0.07618250
v -0.21733400 -0.21493900 0.07661850
v -0.21676200 -0.21493900 0.07696950
v -0.21614200 -0.21493900 0.07722650
v 0.08088400 -0.20821000 0.07571850
v 0.08088400 -0.20782400 0.07581150
v 0.08088400 -0.20745700 0.07596350
v 0.08088400 -0.20711900 0.07617050
v 0.08088400 -0.20681700 0.07642850
v 0.08088400 -0.20655900 0.07673050
v 0.08088400 -0.20635100 0.07706950
v 0.08088400 -0.20620000 0.07743550
v 0.08088400 -0.20610700 0.07782150
v 0.08341300 -0.20821000 0.07355850
v 0.08331900 -0.20821000 0.07394950
v 0.08316500 -0.20821000 0.07432050
v 0.08295500 -0.20821000 0.07466350
v 0.08269400 -0.20821000 0.07496850
v 0.08238900 -0.20821000 0.07522950
v 0.08204600 -0.20821000 0.07543950
v 0.08167500 -0.20821000 0.07559350
v 0.08128400 -0.20821000 0.07568750
v 0.08350400 -0.20782400 0.07357350
v 0.08129900 -0.20782400 0.07577850
v 0.08365400 -0.20745700 0.07359750
v 0.08132300 -0.20745700 0.07592850
v 0.08385900 -0.20711900 0.07362950
v 0.08135500 -0.20711900 0.07613350
v 0.08411400 -0.20681700 0.07366950
v 0.08139500 -0.20681700 0.07638850
v 0.08441200 -0.20655900 0.07371750
v 0.08144300 -0.20655900 0.07668650
v 0.08474600 -0.20635200 0.07377050
v 0.08149600 -0.20635200 0.07702050
v 0.08510800 -0.20620000 0.07382750
v 0.08155300 -0.20620000 0.07738250
v 0.08549000 -0.20610700 0.07388750
v 0.08161300 -0.20610700 0.07776450
v 0.08531900 -0.20610700 0.07459950
v 0.08503900 -0.20610700 0.07527550
v 0.08465600 -0.20610700 0.07589950
v 0.08418100 -0.20610700 0.07645550
v 0.08362500 -0.20610700 0.07693050
v 0.08300100 -0.20610700 0.07731350
v 0.08232500 -0.20610700 0.07759350
v 0.08344400 -0.20821000 0.07315850
v 0.08353700 -0.20782400 0.07315850
v 0.08368900 -0.20745700 0.07315850
v 0.08389600 -0.20711900 0.07315850
v 0.08415400 -0.20681700 0.07315850
v 0.08445600 -0.20655900 0.07315850
v 0.08479500 -0.20635100 0.07315850
v 0.08516100 -0.20620000 0.07315850
v 0.08554700 -0.20610700 0.07315850
v 0.08340700 -0.20782400 0.07397850
v 0.08324800 -0.20782400 0.07436250
v 0.08303000 -0.20782400 0.07471750
v 0.08276000 -0.20782400 0.07503450
v 0.08244300 -0.20782400 0.07530450
v 0.08208800 -0.20782400 0.07552250
v 0.08170400 -0.20782400 0.07568150
v 0.08355200 -0.20745700 0.07402550
v 0.08338300 -0.20745700 0.07443150
v 0.08315300 -0.20745700 0.07480750
v 0.08286700 -0.20745700 0.07514150
v 0.08253300 -0.20745700 0.07542750
v 0.08215700 -0.20745700 0.07565750
v 0.08175100 -0.20745700 0.07582650
v 0.08374900 -0.20711900 0.07408950
v 0.08356800 -0.20711900 0.07452650
v 0.08332100 -0.20711900 0.07492950
v 0.08301400 -0.20711900 0.07528850
v 0.08265400 -0.20711900 0.07559550
v 0.08225100 -0.20711900 0.07584250
v 0.08181500 -0.20711900 0.07602350
v 0.08399400 -0.20681700 0.07416850
v 0.08379800 -0.20681700 0.07464350
v 0.08352900 -0.20681700 0.07508050
v 0.08319600 -0.20681700 0.07547050
v 0.08280600 -0.20681700 0.07580450
v 0.08236800 -0.20681700 0.07607250
v 0.08189400 -0.20681700 0.07626850
v 0.08428100 -0.20655900 0.07426250
v 0.08406600 -0.20655900 0.07478050
v 0.08377400 -0.20655900 0.07525850
v 0.08341000 -0.20655900 0.07568450
v 0.08298300 -0.20655900 0.07604850
v 0.08250500 -0.20655900 0.07634150
v 0.08198800 -0.20655900 0.07655550
v 0.08460300 -0.20635200 0.07436650
v 0.08436800 -0.20635200 0.07493350
v 0.08404700 -0.20635200 0.07545650
v 0.08364900 -0.20635200 0.07592350
v 0.08318200 -0.20635200 0.07632250
v 0.08265900 -0.20635200 0.07664250
v 0.08209200 -0.20635200 0.07687750
v 0.08495200 -0.20620000 0.07448050
v 0.08469500 -0.20620000 0.07510050
v 0.08434400 -0.20620000 0.07567250
v 0.08390800 -0.20620000 0.07618250
v 0.08339800 -0.20620000 0.07661850
v 0.08282600 -0.20620000 0.07696950
v 0.08220600 -0.20620000 0.07722650
v 0.08344400 -0.20821000 -0.06151650
v 0.08353700 -0.20782400 -0.06151650
v 0.08368900 -0.20745700 -0.06151650
v 0.08389600 -0.20711900 -0.06151650
v 0.08415400 -0.20681700 -0.06151650
v 0.08445600 -0.20655900 -0.06151650
v 0.08479500 -0.20635100 -0.06151650
v 0.08516100 -0.20620000 -0.06151650
v 0.08554700 -0.20610700 -0.06151650
v 0.08128400 -0.20821000 -0.06404550
v 0.08167500 -0.20821000 -0.06395150
v 0.08204600 -0.20821000 -0.06379750
v 0.08238900 -0.20821000 -0.06358750
v 0.08269400 -0.20821000 -0.06332650
v 0.08295500 -0.20821000 -0.06302150
v 0.08316500 -0.20821000 -0.06267850
v 0.08331900 -0.20821000 -0.06230750
v 0.08341300 -0.20821000 -0.06191650
v 0.08129900 -0.20782400 -0.06413650
v 0.08350400 -0.20782400 -0.06193150
v 0.08132300 -0.20745700 -0.06428650
v 0.08365400 -0.20745700 -0.06195550
v 0.08135500 -0.20711900 -0.06449150
v 0.08385900 -0.20711900 -0.06198750
v 0.08139500 -0.20681700 -0.06474650
v 0.08411400 -0.20681700 -0.06202750
v 0.08144300 -0.20655900 -0.06504450
v 0.08441200 -0.20655900 -0.06207450
v 0.08149600 -0.20635200 -0.06537850
v 0.08474600 -0.20635200 -0.06212750
v 0.08155300 -0.20620000 -0.06574050
v 0.08510800 -0.20620000 -0.06218550
v 0.08161300 -0.20610700 -0.06612150
v 0.08549000 -0.20610700 -0.06224550
v 0.08232500 -0.20610700 -0.06595150
v 0.08300100 -0.20610700 -0.06567150
v 0.08362500 -0.20610700 -0.06528850
v 0.08418100 -0.20610700 -0.06481350
v 0.08465600 -0.20610700 -0.06425750
v 0.08503900 -0.20610700 -0.06363350
v 0.08531900 -0.20610700 -0.06295750
v 0.08088400 -0.20821000 -0.06407650
v 0.08088400 -0.20782400 -0.06416950
v 0.08088400 -0.20745700 -0.06432150
v 0.08088400 -0.20711900 -0.06452850
v 0.08088400 -0.20681700 -0.06478650
v 0.08088400 -0.20655900 -0.06508850
v 0.08088400 -0.20635100 -0.06542750
v 0.08088400 -0.20620000 -0.06579350
v 0.08088400 -0.20610700 -0.06617950
v 0.08170400 -0.20782400 -0.06403950
v 0.08208800 -0.20782400 -0.06388050
v 0.08244300 -0.20782400 -0.06366250
v 0.08276000 -0.20782400 -0.06339250
v 0.08303000 -0.20782400 -0.06307550
v 0.08324800 -0.20782400 -0.06272050
v 0.08340700 -0.20782400 -0.06233650
v 0.08175100 -0.20745700 -0.06418350
v 0.08215700 -0.20745700 -0.06401550
v 0.08253300 -0.20745700 -0.06378550
v 0.08286700 -0.20745700 -0.06349950
v 0.08315300 -0.20745700 -0.06316450
v 0.08338300 -0.20745700 -0.06278950
v 0.08355200 -0.20745700 -0.06238350
v 0.08181500 -0.20711900 -0.06438150
v 0.08225100 -0.20711900 -0.06420050
v 0.08265400 -0.20711900 -0.06395350
v 0.08301400 -0.20711900 -0.06364650
v 0.08332100 -0.20711900 -0.06328650
v 0.08356800 -0.20711900 -0.06288350
v 0.08374900 -0.20711900 -0.06244750
v 0.08189400 -0.20681700 -0.06462650
v 0.08236800 -0.20681700 -0.06442950
v 0.08280600 -0.20681700 -0.06416150
v 0.08319600 -0.20681700 -0.06382850
v 0.08352900 -0.20681700 -0.06343850
v 0.08379800 -0.20681700 -0.06300050
v 0.08399400 -0.20681700 -0.06252650
v 0.08198800 -0.20655900 -0.06491350
v 0.08250500 -0.20655900 -0.06469850
v 0.08298300 -0.20655900 -0.06440650
v 0.08341000 -0.20655900 -0.06404250
v 0.08377400 -0.20655900 -0.06361550
v 0.08406600 -0.20655900 -0.06313750
v 0.08428100 -0.20655900 -0.06262050
v 0.08209200 -0.20635200 -0.06523550
v 0.08265900 -0.20635200 -0.06500050
v 0.08318200 -0.20635200 -0.06467950
v 0.08364900 -0.20635200 -0.06428150
v 0.08404700 -0.20635200 -0.06381450
v 0.08436800 -0.20635200 -0.06329150
v 0.08460300 -0.20635200 -0.06272450
v 0.08220600 -0.20620000 -0.06558350
v 0.08282600 -0.20620000 -0.06532750
v 0.08339800 -0.20620000 -0.06497650
v 0.08390800 -0.20620000 -0.06454050
v 0.08434400 -0.20620000 -0.06403050
v 0.08469500 -0.20620000 -0.06345750
v 0.08495200 -0.20620000 -0.06283750
v -0.21482000 -0.20821000 -0.06407650
v -0.21482000 -0.20782400 -0.06416950
v -0.21482000 -0.20745700 -0.06432150
v -0.21482000 -0.20711900 -0.06452850
v -0.21482000 -0.20681700 -0.06478650
v -0.21482000 -0.20655900 -0.06508850
v -0.21482000 -0.20635100 -0.06542750
v -0.21482000 -0.20620000 -0.06579350
v -0.21482000 -0.20610700 -0.06617950
v -0.21734900 -0.20821000 -0.06191650
v -0.21725500 -0.20821000 -0.06230750
v -0.21710100 -0.20821000 -0.06267850
v -0.21689100 -0.20821000 -0.06302150
v -0.21663000 -0.20821000 -0.06332650
v -0.21632500 -0.20821000 -0.06358750
v -0.21598200 -0.20821000 -0.06379750
v -0.21561100 -0.20821000 -0.06395150
v -0.21522000 -0.20821000 -0.06404550
v -0.21744000 -0.20782400 -0.06193150
v -0.21523500 -0.20782400 -0.06413650
v -0.21759000 -0.20745700 -0.06195550
v -0.21525900 -0.20745700 -0.06428650
v -0.21779500 -0.20711900 -0.06198750
v -0.21529100 -0.20711900 -0.06449150
v -0.21805000 -0.20681700 -0.06202750
v -0.21533100 -0.20681700 -0.06474650
v -0.21834800 -0.20655900 -0.06207450
v -0.21537900 -0.20655900 -0.06504450
v -0.21868200 -0.20635200 -0.06212750
v -0.21543200 -0.20635200 -0.06537850
v -0.21904400 -0.20620000 -0.06218550
v -0.21548900 -0.20620000 -0.06574050
v -0.21942600 -0.20610700 -0.06224550
v -0.21554900 -0.20610700 -0.06612150
v -0.21925500 -0.20610700 -0.06295750
v -0.21897500 -0.20610700 -0.06363350
v -0.21859200 -0.20610700 -0.06425750
v -0.21811700 -0.20610700 -0.06481350
v -0.21756100 -0.20610700 -0.06528850
v -0.21693700 -0.20610700 -0.06567150
v -0.21626100 -0.20610700 -0.06595150
v -0.21738000 -0.20821000 -0.06151650
v -0.21747300 -0.20782400 -0.06151650
v -0.21762500 -0.20745700 -0.06151650
v -0.21783200 -0.20711900 -0.06151650
v -0.21809000 -0.20681700 -0.06151650
v -0.21839200 -0.20655900 -0.06151650
v -0.21873100 -0.20635100 -0.06151650
v -0.21909700 -0.20620000 -0.06151650
v -0.21948300 -0.20610700 -0.06151650
v -0.21734300 -0.20782400 -0.06233650
v -0.21718400 -0.20782400 -0.06272050
v -0.21696600 -0.20782400 -0.06307550
v -0.21669600 -0.20782400 -0.06339250
v -0.21637900 -0.20782400 -0.06366250
v -0.21602400 -0.20782400 -0.06388050
v -0.21564000 -0.20782400 -0.06403950
v -0.21748800 -0.20745700 -0.06238350
v -0.21731900 -0.20745700 -0.06278950
v -0.21708900 -0.20745700 -0.06316450
v -0.21680300 -0.20745700 -0.06349950
v -0.21646900 -0.20745700 -0.06378550
v -0.21609300 -0.20745700 -0.06401550
v -0.21568700 -0.20745700 -0.06418350
v -0.21768500 -0.20711900 -0.06244750
v -0.21750400 -0.20711900 -0.06288350
v -0.21725700 -0.20711900 -0.06328650
v -0.21695000 -0.20711900 -0.06364650
v -0.21659100 -0.20711900 -0.06395350
v -0.21618800 -0.20711900 -0.06420050
v -0.21575100 -0.20711900 -0.06438150
v -0.21793000 -0.20681700 -0.06252650
v -0.21773400 -0.20681700 -0.06300050
v -0.21746600 -0.20681700 -0.06343850
v -0.21713200 -0.20681700 -0.06382850
v -0.21674200 -0.20681700 -0.06416150
v -0.21630500 -0.20681700 -0.06442950
v -0.21583000 -0.20681700 -0.06462650
v -0.21821700 -0.20655900 -0.06262050
v -0.21800300 -0.20655900 -0.06313750
v -0.21771000 -0.20655900 -0.06361550
v -0.21734600 -0.20655900 -0.06404250
v -0.21692000 -0.20655900 -0.06440650
v -0.21644200 -0.20655900 -0.06469850
v -0.21592400 -0.20655900 -0.06491350
v -0.21853900 -0.20635200 -0.06272450
v -0.21830400 -0.20635200 -0.06329150
v -0.21798400 -0.20635200 -0.06381450
v -0.21758500 -0.20635200 -0.06428150
v -0.21711800 -0.20635200 -0.06467950
v -0.21659500 -0.20635200 -0.06500050
v -0.21602800 -0.20635200 -0.06523550
v -0.21888800 -0.20620000 -0.06283750
v -0.21863100 -0.20620000 -0.06345750
v -0.21828000 -0.20620000 -0.06403050
v -0.21784400 -0.20620000 -0.06454050
v -0.21733400 -0.20620000 -0.06497650
v -0.21676200 -0.20620000 -0.06532750
v -0.21614200 -0.20620000 -0.06558350
v -0.25097100 -0.20394200 0.09366550
v -0.25097100 -0.20432800 0.09357250
v -0.25097100 -0.20469500 0.09342150
v -0.25097100 -0.20503300 0.09321350
v -0.25097100 -0.20533500 0.09295550
v -0.25097100 -0.20559300 0.09265350
v -0.25097100 -0.20580000 0.09231550
v -0.25097100 -0.20595200 0.09194850
v -0.25097100 -0.20604500 0.09156250
v -0.25097100 -0.20394200 -0.08402250
v -0.25097100 -0.20432800 -0.08393050
v -0.25097100 -0.20469500 -0.08377850
v -0.25097100 -0.20503300 -0.08357050
v -0.25097100 -0.20533500 -0.08331350
v -0.25097100 -0.20559300 -0.08301150
v -0.25097100 -0.20580000 -0.08267250
v -0.25097100 -0.20595200 -0.08230650
v -0.25097100 -0.20604500 -0.08192050
v -0.25397700 -0.20360800 0.09366550
v -0.25134800 -0.20366900 0.09366550
v -0.25132400 -0.20372600 0.09366550
v -0.25129200 -0.20377900 0.09366550
v -0.25125100 -0.20382600 0.09366550
v -0.25120400 -0.20386700 0.09366550
v -0.25115100 -0.20389900 0.09366550
v -0.25109400 -0.20392300 0.09366550
v -0.25103300 -0.20393700 0.09366550
v -0.25174300 -0.20366900 0.09357250
v -0.25109400 -0.20431900 0.09357250
v -0.25210600 -0.20372600 0.09342050
v -0.25115100 -0.20468100 0.09342050
v -0.25244000 -0.20377900 0.09321350
v -0.25120400 -0.20501500 0.09321350
v -0.25273800 -0.20382600 0.09295550
v -0.25125100 -0.20531300 0.09295550
v -0.25299300 -0.20386700 0.09265350
v -0.25129200 -0.20556800 0.09265350
v -0.25319700 -0.20389900 0.09231550
v -0.25132400 -0.20577300 0.09231550
v -0.25334700 -0.20392300 0.09194850
v -0.25134800 -0.20592300 0.09194850
v -0.25343900 -0.20393700 0.09156250
v -0.25136200 -0.20601400 0.09156250
v -0.25334700 -0.20431900 0.09156250
v -0.25319700 -0.20468100 0.09156250
v -0.25299300 -0.20501500 0.09156250
v -0.25273800 -0.20531300 0.09156250
v -0.25244000 -0.20556800 0.09156250
v -0.25210600 -0.20577300 0.09156250
v -0.25174300 -0.20592300 0.09156250
v -0.25398200 -0.20354700 0.09366550
v -0.25436800 -0.20354700 0.09357250
v -0.25473400 -0.20354700 0.09342150
v -0.25507300 -0.20354700 0.09321350
v -0.25276000 -0.20354700 0.09295550
v -0.25301800 -0.20354700 0.09265350
v -0.25322500 -0.20354700 0.09231550
v -0.25337700 -0.20354700 0.09194850
v -0.25347000 -0.20354700 0.09156250
v -0.25171500 -0.20378800 0.09357250
v -0.25166800 -0.20390100 0.09357250
v -0.25160400 -0.20400600 0.09357250
v -0.25152400 -0.20409900 0.09357250
v -0.25143100 -0.20417900 0.09357250
v -0.25132600 -0.20424300 0.09357250
v -0.25121300 -0.20429000 0.09357250
v -0.25206400 -0.20390100 0.09342050
v -0.25199500 -0.20406800 0.09342050
v -0.25190000 -0.20422200 0.09342050
v -0.25178300 -0.20435900 0.09342050
v -0.25164600 -0.20447600 0.09342050
v -0.25149300 -0.20457000 0.09342050
v -0.25132600 -0.20463900 0.09342050
v -0.25238500 -0.20400600 0.09321350
v -0.25229600 -0.20422200 0.09321350
v -0.25217400 -0.20442000 0.09321350
v -0.25202300 -0.20459800 0.09321350
v -0.25184500 -0.20474900 0.09321350
v -0.25164600 -0.20487100 0.09321350
v -0.25143100 -0.20496100 0.09321350
v -0.25267200 -0.20409900 0.09295550
v -0.25256500 -0.20435900 0.09295550
v -0.25241800 -0.20459800 0.09295550
v -0.25223600 -0.20481100 0.09295550
v -0.25202300 -0.20499400 0.09295550
v -0.25178300 -0.20514000 0.09295550
v -0.25152400 -0.20524800 0.09295550
v -0.25291800 -0.20417900 0.09265350
v -0.25279500 -0.20447600 0.09265350
v -0.25262700 -0.20474900 0.09265350
v -0.25241800 -0.20499400 0.09265350
v -0.25217400 -0.20520200 0.09265350
v -0.25190000 -0.20537000 0.09265350
v -0.25160400 -0.20549300 0.09265350
v -0.25311500 -0.20424300 0.09231550
v -0.25298000 -0.20457000 0.09231550
v -0.25279500 -0.20487100 0.09231550
v -0.25256500 -0.20514000 0.09231550
v -0.25229600 -0.20537000 0.09231550
v -0.25199500 -0.20555500 0.09231550
v -0.25166800 -0.20569000 0.09231550
v -0.25325900 -0.20429000 0.09194850
v -0.25311500 -0.20463900 0.09194850
v -0.25291800 -0.20496100 0.09194850
v -0.25267200 -0.20524800 0.09194850
v -0.25238500 -0.20549300 0.09194850
v -0.25206400 -0.20569000 0.09194850
v -0.25171500 -0.20583400 0.09194850
v -0.25136700 -0.20601400 -0.08191550
v -0.25136700 -0.20592300 -0.08229650
v -0.25136700 -0.20577300 -0.08265850
v -0.25136700 -0.20556800 -0.08299350
v -0.25136700 -0.20531300 -0.08329150
v -0.25136700 -0.20501500 -0.08354550
v -0.25136700 -0.20468100 -0.08375050
v -0.25136700 -0.20431900 -0.08390050
v -0.25136700 -0.20393700 -0.08399250
v -0.25175300 -0.20592300 -0.08190150
v -0.25175300 -0.20392300 -0.08390050
v -0.25212000 -0.20577300 -0.08187750
v -0.25212000 -0.20389900 -0.08375050
v -0.25245800 -0.20556800 -0.08184450
v -0.25245800 -0.20386700 -0.08354550
v -0.25276000 -0.20531300 -0.08180450
v -0.25276000 -0.20382600 -0.08329150
v -0.25301800 -0.20501500 -0.08175750
v -0.25301800 -0.20377900 -0.08299350
v -0.25322500 -0.20468100 -0.08170450
v -0.25322500 -0.20372600 -0.08265850
v -0.25337700 -0.20431900 -0.08164650
v -0.25337700 -0.20366900 -0.08229650
v -0.25347000 -0.20393700 -0.08158650
v -0.25347000 -0.20360800 -0.08191550
v -0.25347000 -0.20392300 -0.08164650
v -0.25347000 -0.20389900 -0.08170450
v -0.25347000 -0.20386700 -0.08175750
v -0.25347000 -0.20382600 -0.08180450
v -0.25347000 -0.20377900 -0.08184450
v -0.25347000 -0.20372600 -0.08187750
v -0.25347000 -0.20366900 -0.08190150
v -0.25136700 -0.20354700 -0.08402250
v -0.25175300 -0.20354700 -0.08393050
v -0.25211900 -0.20354700 -0.08377850
v -0.25245800 -0.20354700 -0.08357050
v -0.25276000 -0.20354700 -0.08331350
v -0.25301800 -0.20354700 -0.08301150
v -0.25322500 -0.20354700 -0.08267250
v -0.25337700 -0.20354700 -0.08230650
v -0.25347000 -0.20354700 -0.08192050
v -0.25175300 -0.20583400 -0.08226850
v -0.25175300 -0.20569000 -0.08261650
v -0.25175300 -0.20549300 -0.08293850
v -0.25175300 -0.20524800 -0.08322550
v -0.25175300 -0.20496100 -0.08347050
v -0.25175300 -0.20463900 -0.08366850
v -0.25175300 -0.20429000 -0.08381250
v -0.25212000 -0.20569000 -0.08222150
v -0.25212000 -0.20555500 -0.08254750
v -0.25212000 -0.20537000 -0.08284950
v -0.25212000 -0.20514000 -0.08311850
v -0.25212000 -0.20487100 -0.08334750
v -0.25212000 -0.20457000 -0.08353250
v -0.25212000 -0.20424300 -0.08366850
v -0.25245800 -0.20549300 -0.08215750
v -0.25245800 -0.20537000 -0.08245350
v -0.25245800 -0.20520200 -0.08272750
v -0.25245800 -0.20499400 -0.08297150
v -0.25245800 -0.20474900 -0.08318050
v -0.25245800 -0.20447600 -0.08334750
v -0.25245800 -0.20417900 -0.08347050
v -0.25276000 -0.20524800 -0.08207750
v -0.25276000 -0.20514000 -0.08233650
v -0.25276000 -0.20499400 -0.08257550
v -0.25276000 -0.20481100 -0.08278950
v -0.25276000 -0.20459800 -0.08297150
v -0.25276000 -0.20435900 -0.08311850
v -0.25276000 -0.20409900 -0.08322550
v -0.25301800 -0.20496100 -0.08198450
v -0.25301800 -0.20487100 -0.08219950
v -0.25301800 -0.20474900 -0.08239850
v -0.25301800 -0.20459800 -0.08257550
v -0.25301800 -0.20442000 -0.08272750
v -0.25301800 -0.20422200 -0.08284950
v -0.25301800 -0.20400600 -0.08293850
v -0.25322500 -0.20463900 -0.08187950
v -0.25322500 -0.20457000 -0.08204650
v -0.25322500 -0.20447600 -0.08219950
v -0.25322500 -0.20435900 -0.08233650
v -0.25322500 -0.20422200 -0.08245350
v -0.25322500 -0.20406800 -0.08254750
v -0.25322500 -0.20390100 -0.08261650
v -0.25337700 -0.20429000 -0.08176650
v -0.25337700 -0.20424300 -0.08187950
v -0.25337700 -0.20417900 -0.08198450
v -0.25337700 -0.20409900 -0.08207750
v -0.25337700 -0.20400600 -0.08215750
v -0.25337700 -0.20390100 -0.08222150
v -0.25337700 -0.20378800 -0.08226850
vn 0.9973 -0.0701 -0.0238
vn 0.0375 -0.9990 -0.0247
vn 0.3718 -0.0313 -0.9278
vn -0.0403 -0.9989 -0.0243
vn -0.9977 -0.0635 -0.0250
vn -0.0372 -0.0587 -0.9976
vn 0.9978 -0.0611 0.0245
vn 0.0336 -0.0584 0.9977
vn 0.0416 -0.9988 0.0254
vn -0.9978 -0.0615 0.0231
vn -0.0373 -0.9990 0.0245
vn -0.0362 -0.0585 0.9976
vn -1.0000 0.0067 -0.0005
vn -0.9167 0.2442 0.3162
vn -0.7802 0.0086 0.6255
vn -0.5104 0.0237 -0.8596
vn -0.9992 0.0340 -0.0214
vn -0.0396 0.9989 -0.0237
vn 0.0407 0.0370 -0.9985
vn 0.0390 0.9990 -0.0223
vn 0.9991 0.0352 -0.0222
vn 0.9991 0.0354 0.0214
vn 0.0395 0.9989 0.0238
vn 0.0402 0.0393 0.9984
vn -0.9991 0.0356 -0.0236
vn -0.0390 0.9990 -0.0237
vn -0.0390 0.0392 -0.9985
vn -0.8560 0.0229 0.5164
vn -0.0361 0.0335 0.9988
vn -0.0397 0.9989 0.0237
vn 0.0373 0.0337 0.9987
vn 0.9991 0.0368 0.0225
vn 0.0394 0.9989 0.0237
vn 0.9990 0.0371 -0.0242
vn 0.0443 0.0402 -0.9982
vn 0.0394 0.9989 -0.0237
vn -0.9992 0.0340 0.0222
vn -0.0442 0.0403 0.9982
vn -0.0389 0.9990 0.0229
vn -0.9831 -0.0236 -0.1814
vn -1.0000 -0.0041 -0.0006
vn -0.9883 0.0078 -0.1522
vn -0.0004 -0.0146 0.9999
vn -0.0002 0.0105 0.9999
vn -0.1573 0.0191 0.9874
vn -0.0098 0.9999 -0.0077
vn -0.0501 0.9964 -0.0690
vn -0.1031 0.9932 -0.0546
vn -0.0365 0.9993 -0.0011
vn -0.0007 1.0000 -0.0000
vn 0.0002 1.0000 0.0002
vn 0.0010 1.0000 -0.0000
vn 0.0034 1.0000 -0.0000
vn -0.0010 1.0000 0.0006
vn -0.0000 1.0000 0.0015
vn -0.0003 1.0000 0.0030
vn 0.0006 1.0000 0.0002
vn -0.0014 1.0000 0.0001
vn 0.0008 1.0000 0.0001
vn -0.0004 1.0000 0.0032
vn -0.0174 0.8156 0.5784
vn -0.0143 0.9999 -0.0001
vn 0.0051 0.8063 -0.5915
vn 0.7639 0.5773 -0.2885
vn 0.5888 0.8082 -0.0050
vn -0.0071 0.5395 -0.8420
vn -0.3826 0.8407 -0.3831
vn -0.7779 0.6284 -0.0023
vn 0.0149 0.8818 0.4713
vn 0.7419 0.6705 0.0021
vn 0.0032 0.5819 0.8133
vn -0.0168 0.9999 -0.0002
vn 0.0555 0.9979 -0.0331
vn -0.0111 0.7611 0.6485
vn -0.6203 0.7844 0.0032
vn -0.0456 0.9990 0.0008
vn 0.0270 0.8385 -0.5443
vn 0.0104 0.6404 -0.7679
vn 0.6951 0.7189 -0.0028
vn -0.7458 0.6043 0.2806
vn -0.0002 1.0000 -0.0020
vn 0.0009 1.0000 0.0031
vn 0.5129 0.8584 0.0049
vn 0.0068 0.7836 0.6213
vn 0.0014 1.0000 0.0061
vn -0.0504 0.9987 -0.0002
vn 0.0005 1.0000 -0.0011
vn -0.0010 1.0000 0.0016
vn -0.0001 -0.9893 -0.1457
vn 0.0052 -0.9999 -0.0103
vn -0.0001 -0.9999 -0.0134
vn -0.0557 -0.9921 -0.1128
vn 0.5820 -0.4957 0.6446
vn 0.4740 -0.8805 0.0009
vn 0.7358 -0.5447 0.4025
vn -0.0004 -1.0000 0.0004
vn -0.0341 -0.9979 0.0543
vn -0.0433 -0.9990 0.0141
vn -0.0015 -1.0000 0.0001
vn -0.1090 -0.9940 -0.0066
vn -0.0003 -1.0000 -0.0000
vn 0.0177 -0.9991 0.0381
vn 0.0132 -0.9995 -0.0283
vn -0.0175 -0.9970 -0.0755
vn 0.0003 -1.0000 0.0009
vn -0.0263 -0.9932 0.1136
vn 0.0001 -1.0000 -0.0000
vn -0.0087 -1.0000 -0.0001
vn -0.0934 -0.9935 -0.0650
vn -0.0127 -0.9999 -0.0054
vn -0.0122 -0.9998 -0.0143
vn -0.2756 -0.9536 -0.1209
vn -0.1474 -0.9824 0.1145
vn -0.1213 -0.9304 0.3460
vn -0.0119 -0.9998 -0.0181
vn -0.0063 -0.9998 -0.0182
vn -0.1937 -0.9500 -0.2449
vn 0.0376 -0.9956 -0.0858
vn -0.0729 0.9925 0.0981
vn -0.2300 0.8739 0.4282
vn -0.0570 0.9820 0.1803
vn -0.0507 0.9982 0.0323
vn -0.2986 0.9059 0.3003
vn -0.0000 1.0000 0.0005
vn -0.4241 0.0184 0.9054
vn 0.2297 0.0111 0.9732
vn 0.0005 0.8474 -0.5309
vn -0.0000 1.0000 -0.0006
vn 0.2299 0.0114 -0.9731
vn -0.4215 0.0047 -0.9068
vn -0.6108 0.7918 0.0006
vn -0.0002 0.6614 0.7501
vn -0.0001 1.0000 -0.0009
vn -0.0000 1.0000 -0.0001
vn -0.0019 1.0000 -0.0000
vn 0.0019 1.0000 0.0001
vn -0.0003 1.0000 0.0002
vn -0.0082 1.0000 -0.0007
vn -0.0098 0.9999 -0.0044
vn -0.0055 1.0000 -0.0075
vn -0.0046 0.9999 -0.0148
vn -0.0000 0.9999 -0.0118
vn 0.0003 0.9999 -0.0112
vn -0.0001 0.9974 -0.0722
vn -0.0834 0.9604 -0.2659
vn -0.2734 0.9255 -0.2621
vn -0.1810 -0.0213 0.9832
vn 0.5655 -0.5121 -0.6465
vn 0.6665 -0.7455 -0.0008
vn 0.0004 -0.7225 -0.6914
vn -0.9998 0.0211 -0.0002
vn 0.5890 0.8081 -0.0008
vn 0.8519 0.5237 -0.0002
vn 0.7366 0.5187 -0.4340
vn 0.0001 1.0000 0.0013
vn 0.0002 1.0000 -0.0001
vn 0.0001 -0.0000 1.0000
vn 0.0006 -0.0004 1.0000
vn 0.0001 0.0005 1.0000
vn 0.0012 0.0010 1.0000
vn -0.0000 -0.0000 -1.0000
vn -0.0000 1.0000 -0.0000
vn -0.0675 -0.9977 0.0002
vn -0.0334 -0.8304 0.5561
vn -0.8762 -0.4820 -0.0012
vn 0.0005 -1.0000 0.0032
vn 0.0002 -1.0000 0.0017
vn 0.0084 -1.0000 -0.0035
vn -0.0509 -0.9984 -0.0255
vn -0.3293 -0.8884 -0.3198
vn -0.0717 -0.9913 -0.1108
vn -0.0001 -0.0019 -1.0000
vn 0.0576 -0.6822 -0.7289
vn -0.0002 -0.0142 -0.9999
vn -0.8070 -0.0048 -0.5905
vn -0.7193 -0.0038 -0.6947
vn -0.5485 -0.0068 -0.8361
vn -0.4853 -0.0115 -0.8743
vn 0.0003 -1.0000 -0.0030
vn -0.4706 -0.8680 -0.1584
vn -0.0000 -0.4245 0.9054
vn -1.0000 -0.0011 -0.0035
vn -0.9793 -0.0073 -0.2021
vn 0.0010 -0.0579 -0.9983
vn 0.0027 -0.0000 -1.0000
vn 0.4940 0.0015 -0.8695
vn 0.3893 -0.0021 -0.9211
vn 1.0000 0.0008 -0.0018
vn 0.8698 -0.0022 -0.4935
vn 0.8601 0.0005 -0.5101
vn -1.0000 -0.0080 -0.0007
vn -1.0000 0.0066 -0.0001
vn 1.0000 0.0013 0.0023
vn 0.8794 0.0024 0.4762
vn 0.8587 -0.0022 0.5125
vn 0.6947 0.0004 0.7193
vn 1.0000 0.0070 -0.0003
vn 0.9166 0.2443 -0.3163
vn 0.7798 0.0086 -0.6259
vn 0.5256 0.7713 -0.3589
vn 0.8351 0.5500 -0.0012
vn 0.5406 0.8413 -0.0003
vn 0.0059 1.0000 -0.0031
vn 0.0093 0.5570 -0.8305
vn 0.0476 0.0092 -0.9988
vn 0.6006 0.4537 -0.6583
vn 0.0090 0.8296 0.5583
vn 0.0472 0.9989 0.0003
vn 0.5925 0.6571 0.4660
vn 1.0000 0.0068 0.0002
vn 0.9193 0.3096 0.2431
vn 0.8352 0.5500 0.0006
vn -0.5272 0.7705 0.3583
vn -0.8353 0.5498 0.0012
vn -0.5425 0.8400 0.0003
vn -0.0059 1.0000 0.0031
vn -0.0094 0.5575 0.8301
vn -0.0475 0.0092 0.9988
vn -0.6015 0.4534 0.6577
vn -0.5271 0.3587 -0.7704
vn -0.7766 0.0171 -0.6298
vn -0.5379 0.0037 -0.8430
vn -0.0020 0.0422 -0.9991
vn -0.0093 0.8300 -0.5577
vn -0.0473 0.9989 -0.0004
vn -0.6013 0.6581 -0.4532
vn -0.9214 0.3076 -0.2374
vn -0.8354 0.5496 -0.0006
vn 0.5003 -0.8658 -0.0013
vn 0.4807 -0.8769 -0.0002
vn 0.0021 -1.0000 -0.0005
vn 0.8725 -0.4886 0.0001
vn 0.9999 -0.0126 -0.0003
vn 0.8750 -0.4842 0.0018
vn 0.8732 -0.4874 0.0002
vn 1.0000 -0.0083 0.0001
vn 0.7239 -0.6899 0.0015
vn 0.0364 -0.9993 0.0002
vn -0.5002 -0.8659 0.0014
vn -0.4923 -0.8704 0.0001
vn -0.0022 -1.0000 0.0002
vn -0.8635 -0.5044 -0.0001
vn -0.9999 -0.0151 0.0003
vn -0.8641 -0.5034 -0.0001
vn -0.8769 -0.4807 -0.0023
vn -0.6987 -0.7154 -0.0006
vn -0.0020 0.0390 -0.9992
vn -0.9993 0.0362 0.0012
vn -0.7048 -0.0016 -0.7094
vn -0.0315 0.0002 -0.9995
vn -0.0377 -0.9993 -0.0003
vn 0.0006 0.0421 0.9991
vn 0.0138 -0.0001 0.9999
vn -0.9998 0.0001 0.0184
vn -0.7113 0.0008 -0.7029
vn -0.9999 0.0011 -0.0125
vn 0.0007 0.7732 0.6341
vn 0.4246 0.9054 0.0007
vn 0.6810 0.7322 0.0002
vn 0.7904 0.4761 0.3854
vn 1.0000 0.0095 0.0001
vn 0.0002 0.8148 -0.5797
vn -0.0002 0.6902 -0.7236
vn 0.4591 0.0083 -0.8883
vn 0.3265 -0.0114 -0.9451
vn 0.0002 0.0181 -0.9998
vn 1.0000 0.0016 -0.0007
vn 0.6572 -0.0032 -0.7537
vn 0.7666 0.0100 -0.6421
vn 0.8538 -0.0053 -0.5205
vn -0.8921 -0.0132 -0.4517
vn -0.5830 -0.6967 -0.4179
vn -0.6258 -0.7136 -0.3148
vn -0.7635 -0.6458 -0.0004
vn -0.5327 -0.8412 -0.0926
vn -0.9999 -0.0127 0.0006
vn -0.6000 -0.8000 0.0004
vn -0.4274 0.8472 -0.3154
vn -0.5602 0.7791 -0.2814
vn -0.2315 0.9728 -0.0009
vn -0.5851 0.8110 0.0002
vn -0.6308 0.7759 0.0029
vn -0.0036 0.8063 -0.5915
vn -0.0177 0.6049 0.7961
vn -0.9499 0.0644 0.3059
vn 0.9517 0.0371 0.3048
vn -0.9489 0.0316 -0.3139
vn 0.7961 0.6051 0.0042
vn -0.0040 0.5432 -0.8396
vn -0.8726 0.4883 -0.0028
vn -0.9521 0.0316 -0.3042
vn 0.9510 0.0609 -0.3030
vn 0.5635 0.6188 0.5473
vn -0.0070 0.7986 -0.6018
vn -0.6200 0.7846 -0.0044
vn -0.1983 0.7437 0.6385
vn -0.0002 0.7693 0.6389
vn 0.7937 -0.4884 -0.3626
vn -0.1229 -0.7303 -0.6720
vn -0.0002 -0.7223 -0.6916
vn -0.3476 -0.6380 -0.6871
vn -0.1715 -0.8110 -0.5593
vn -0.4121 -0.7205 -0.5578
vn -0.5873 -0.0145 0.8092
vn -0.5467 -0.6406 0.5393
vn -0.3892 -0.7570 0.5249
vn -0.3285 -0.6853 0.6500
vn -0.2132 -0.6732 0.7080
vn -0.3033 -0.0093 0.9529
vn -0.0002 -0.7252 0.6885
vn 0.5678 0.4074 0.7153
vn 0.0006 0.0021 1.0000
vn 0.7209 0.0015 0.6931
vn 0.6043 -0.0040 0.7968
vn 1.0000 -0.0028 0.0011
vn 0.9999 -0.0120 -0.0002
vn 0.8299 -0.5579 0.0001
vn -0.5761 -0.7094 0.4060
vn -0.6970 -0.6112 0.3749
vn -0.4268 -0.8783 0.2156
vn -0.6942 -0.6846 0.2225
vn -0.2947 -0.9071 0.3006
vn -0.3386 -0.8824 -0.3266
vn -0.1057 -0.7817 0.6146
vn 0.9191 0.0105 0.3938
vn 0.0004 -0.6226 0.7825
vn 0.0002 -0.0146 0.9999
vn -0.7033 -0.6729 -0.2293
vn 0.5308 0.6730 0.5151
vn 0.0003 0.5058 0.8626
vn -0.3346 0.6776 0.6550
vn -0.4496 0.6453 0.6177
vn -0.4499 0.0084 0.8931
vn -0.9998 0.0210 0.0005
vn -0.7074 0.6980 0.1114
vn -0.3923 0.8768 0.2780
vn -0.6039 0.6637 0.4414
vn -0.5860 0.7833 0.2077
vn -0.9504 0.0184 0.3104
vn -0.3024 0.0177 0.9530
vn -0.1110 0.7900 0.6030
vn 0.0003 0.5701 0.8216
vn 0.0005 0.8307 0.5567
vn 0.7266 0.6871 0.0008
vn 0.6987 0.7154 -0.0005
vn 0.0004 0.6270 -0.7790
vn -0.0002 0.7068 -0.7074
vn -0.6107 0.7918 -0.0008
vn -0.6745 0.7051 -0.2188
vn -0.7618 0.6394 -0.1042
vn -0.7058 0.7084 -0.0002
vn -0.9880 0.0091 0.1542
vn -0.8918 0.0163 0.4521
vn -0.8111 0.0057 0.5849
vn -0.7068 0.0107 0.7074
vn -0.5875 0.0048 0.8092
vn -0.4494 -0.0065 0.8933
vn -0.7068 -0.0054 0.7074
vn -0.8110 -0.0122 0.5850
vn -0.8919 -0.0111 0.4521
vn -0.9505 -0.0045 0.3107
vn -0.9880 -0.0129 0.1541
vn -0.6877 -0.7185 0.1042
vn -0.1568 -0.0186 -0.9875
vn 0.4445 0.6075 -0.6584
vn -0.3759 0.6088 -0.6987
vn -0.2389 0.6399 -0.7304
vn -0.4537 0.0123 -0.8910
vn -0.1566 0.0131 -0.9876
vn -0.1018 0.7401 -0.6648
vn -0.4538 -0.0049 -0.8911
vn -0.3043 -0.0191 -0.9524
vn -0.7044 -0.0125 -0.7097
vn -0.8106 -0.0049 -0.5856
vn -0.9512 -0.0118 -0.3085
vn -0.6327 0.6164 -0.4687
vn -0.7043 0.0120 -0.7098
vn -0.8106 0.0052 -0.5856
vn -0.8921 0.0133 -0.4517
vn -0.2167 0.8775 -0.4278
vn -0.4192 0.7020 -0.5757
vn 0.2928 0.0001 0.9562
vn 0.3471 -0.0007 0.9378
vn 0.5658 0.0006 0.8245
vn -0.9998 0.0009 -0.0175
vn -0.1945 -0.0055 -0.9809
vn -0.2842 -0.0055 -0.9587
vn -0.8805 -0.0070 -0.4741
vn -0.9606 -0.0070 -0.2777
vn -0.9272 0.0001 -0.3745
vn -0.3871 0.0004 -0.9220
vn -0.0249 0.0001 0.9997
vn -0.6957 -0.0001 0.7184
vn -0.7358 -0.0045 0.6771
vn 0.5439 0.0413 0.8382
vn 0.8034 0.0173 0.5952
vn -0.5900 -0.0126 -0.8073
vn -0.5321 0.6535 -0.5384
vn -0.9514 0.0053 -0.3079
vn -0.0003 -0.0135 -0.9999
vn -0.4879 -0.7169 -0.4979
vn 0.9506 0.0375 -0.3080
vn -0.9507 0.0054 0.3102
vn -0.9515 0.0016 -0.3076
vn 0.9497 0.0016 0.3133
vn -0.9515 0.0312 0.3060
vn -0.9507 0.0034 0.3100
vn -0.9493 0.0016 -0.3142
vn 0.9491 0.0167 0.3146
vn 0.9506 0.0062 -0.3105
vn 0.9518 0.0014 0.3067
vn -0.4967 0.6946 0.5204
vn -0.6077 0.7349 0.3011
vn -0.4107 0.6292 -0.6599
vn -0.5900 0.0136 -0.8073
vn -0.0004 0.0075 -1.0000
vn -0.3043 0.0047 -0.9526
vn -0.0000 -0.0135 -0.9999
vn 1.0000 -0.0005 0.0024
vn 0.9998 0.0003 0.0200
vn 0.9998 -0.0005 0.0204
vn 0.9178 0.0001 0.3971
vn 0.9177 0.0001 0.3972
vn 0.7704 0.0008 0.6376
vn 0.6081 -0.0001 0.7939
vn 0.7703 0.0008 0.6376
vn -1.0000 -0.0000 -0.0000
vn -0.0001 -0.0003 -1.0000
vn -1.0000 0.0012 -0.0016
vn -0.0013 0.0003 -1.0000
vn 1.0000 -0.0001 -0.0000
vn -0.0330 -0.8303 0.5563
vn 0.0451 -0.8402 0.5405
vn -0.0000 -0.0001 1.0000
vn -0.8071 0.0007 -0.5904
vn -0.6337 0.0002 -0.7735
vn 1.0000 0.0029 0.0002
vn 1.0000 0.0029 -0.0002
vn 0.9754 0.1571 -0.1545
vn 0.9877 0.1564 -0.0002
vn 0.9041 0.3102 -0.2938
vn 0.9393 0.1571 -0.3052
vn 0.7928 0.4565 -0.4039
vn 0.8466 0.4556 -0.2751
vn 0.7202 0.4556 -0.5232
vn 0.7192 0.5903 -0.3664
vn 0.6534 0.5896 -0.4747
vn 0.4984 0.7094 -0.4984
vn 0.5705 0.7091 -0.4145
vn 0.4145 0.7091 -0.5705
vn 0.4138 0.8109 -0.4138
vn 0.3440 0.8109 -0.4734
vn 0.2650 0.8926 -0.3647
vn 0.2657 0.8109 -0.5214
vn 0.0944 0.9522 -0.2905
vn 0.2047 0.8926 -0.4017
vn 0.1389 0.9521 -0.2726
vn 0.0478 0.9522 -0.3017
vn 0.0472 0.9883 -0.1452
vn 0.0240 0.9882 -0.1513
vn -0.0000 1.0000 -0.0034
vn -0.0000 0.9914 -0.1305
vn -0.0000 1.0000 -0.0055
vn -0.0000 1.0000 -0.0086
vn -0.0239 0.9882 -0.1512
vn -0.0478 0.9522 -0.3017
vn -0.0473 0.9882 -0.1456
vn -0.0944 0.9522 -0.2905
vn -0.0693 0.9883 -0.1360
vn -0.1795 0.9522 -0.2471
vn -0.0897 0.9883 -0.1234
vn -0.1079 0.9883 -0.1079
vn -0.2471 0.9522 -0.1795
vn -0.1234 0.9883 -0.0897
vn -0.1359 0.9883 -0.0693
vn -0.2905 0.9522 -0.0944
vn -0.1454 0.9882 -0.0473
vn -0.1507 0.9883 -0.0239
vn -0.3017 0.9522 -0.0478
vn -0.1564 0.9877 -0.0000
vn -0.3089 0.9511 -0.0001
vn -0.4540 0.8910 -0.0001
vn -0.3089 0.9511 0.0001
vn -0.4540 0.8910 0.0001
vn -0.4453 0.8926 0.0705
vn -0.5877 0.8091 0.0002
vn -0.5566 0.8109 0.1808
vn -0.6962 0.7094 0.1102
vn -0.5781 0.8108 0.0916
vn -0.4288 0.8926 0.1393
vn -0.5214 0.8109 0.2656
vn -0.3648 0.8926 0.2650
vn -0.2722 0.9522 0.1387
vn -0.2471 0.9522 0.1795
vn -0.1081 0.9882 0.1081
vn -0.1234 0.9883 0.0897
vn -0.0694 0.9882 0.1362
vn -0.1795 0.9522 0.2471
vn -0.0897 0.9883 0.1234
vn -0.0478 0.9522 0.3017
vn -0.0473 0.9882 0.1456
vn -0.0239 0.9883 0.1507
vn -0.0000 1.0000 0.0064
vn -0.0000 0.9914 0.1305
vn -0.0000 1.0000 0.0055
vn -0.0000 0.9915 0.1305
vn -0.0000 1.0000 0.0038
vn 0.0239 0.9883 0.1507
vn 0.0473 0.9882 0.1457
vn 0.0478 0.9522 0.3017
vn 0.0696 0.9882 0.1367
vn 0.0897 0.9883 0.1235
vn 0.1387 0.9522 0.2722
vn 0.1079 0.9883 0.1079
vn 0.1235 0.9883 0.0897
vn 0.2160 0.9522 0.2160
vn 0.1360 0.9883 0.0693
vn 0.2905 0.9522 0.0944
vn 0.1451 0.9883 0.0472
vn 0.1507 0.9883 0.0239
vn 0.3017 0.9522 0.0478
vn 0.1564 0.9877 0.0001
vn 0.3089 0.9511 0.0001
vn 0.4539 0.8910 -0.0001
vn 0.3089 0.9511 -0.0001
vn 0.4453 0.8926 -0.0705
vn 0.5877 0.8091 -0.0001
vn 0.6706 0.7091 -0.2179
vn 0.5780 0.8109 -0.0915
vn 0.5566 0.8109 -0.1808
vn 0.4017 0.8926 -0.2047
vn 0.4288 0.8926 -0.1393
vn 0.2722 0.9522 -0.1387
vn 0.3647 0.8926 -0.2650
vn 0.1241 0.9882 -0.0902
vn 0.2160 0.9522 -0.2160
vn 0.2471 0.9522 -0.1795
vn 0.1079 0.9883 -0.1079
vn 0.0897 0.9883 -0.1235
vn 0.0693 0.9883 -0.1360
vn -0.0001 1.0000 -0.0000
vn -0.1565 0.9877 -0.0002
vn -0.1565 0.9877 0.0002
vn -0.3060 0.9508 -0.0485
vn -0.1554 0.9875 -0.0246
vn -0.2948 0.9508 -0.0958
vn -0.4491 0.8906 -0.0711
vn -0.1402 0.9875 -0.0714
vn -0.1497 0.9875 -0.0486
vn -0.1273 0.9875 -0.0925
vn -0.1114 0.9875 -0.1114
vn -0.2507 0.9508 -0.1821
vn -0.0926 0.9875 -0.1274
vn -0.1407 0.9508 -0.2761
vn -0.1821 0.9508 -0.2507
vn -0.0714 0.9875 -0.1402
vn -0.0486 0.9875 -0.1497
vn -0.0958 0.9507 -0.2948
vn -0.0246 0.9875 -0.1555
vn -0.0485 0.9508 -0.3061
vn -0.0001 0.9914 -0.1306
vn -0.0000 1.0000 -0.0018
vn 0.0001 0.9914 -0.1306
vn 0.0246 0.9875 -0.1554
vn -0.0000 1.0000 -0.0005
vn 0.0485 0.9508 -0.3060
vn 0.0487 0.9875 -0.1498
vn 0.0958 0.9507 -0.2948
vn 0.0714 0.9875 -0.1402
vn 0.1822 0.9507 -0.2508
vn 0.1407 0.9507 -0.2762
vn 0.1113 0.9875 -0.1113
vn 0.1274 0.9875 -0.0925
vn 0.2190 0.9508 -0.2190
vn 0.1498 0.9875 -0.0487
vn 0.2760 0.9508 -0.1406
vn 0.1403 0.9875 -0.0715
vn 0.1554 0.9875 -0.0246
vn 0.3088 0.9511 -0.0004
vn 0.3060 0.9508 -0.0485
vn 0.4540 0.8910 0.0005
vn 0.3088 0.9511 0.0004
vn 0.4492 0.8906 0.0711
vn 0.5877 0.8091 0.0007
vn 0.6988 0.7067 0.1107
vn 0.5596 0.8086 0.1818
vn 0.6729 0.7066 0.2187
vn 0.4051 0.8906 0.2064
vn 0.5242 0.8086 0.2671
vn 0.2508 0.9507 0.1822
vn 0.2762 0.9507 0.1407
vn 0.1274 0.9875 0.0925
vn 0.2191 0.9508 0.2191
vn 0.1112 0.9875 0.1112
vn 0.0925 0.9875 0.1273
vn 0.0715 0.9875 0.1403
vn 0.1822 0.9507 0.2508
vn 0.0486 0.9875 0.1496
vn 0.0485 0.9508 0.3060
vn 0.0246 0.9875 0.1554
vn 0.0001 0.9877 0.1564
vn -0.0000 1.0000 0.0011
vn -0.0001 0.9900 0.1410
vn -0.0000 1.0000 0.0003
vn -0.0246 0.9875 0.1555
vn -0.0958 0.9507 0.2948
vn -0.0485 0.9508 0.3061
vn -0.0714 0.9875 0.1402
vn -0.0486 0.9875 0.1497
vn -0.1407 0.9508 0.2762
vn -0.0925 0.9875 0.1273
vn -0.1821 0.9508 0.2507
vn -0.1113 0.9875 0.1113
vn -0.2506 0.9508 0.1821
vn -0.2191 0.9508 0.2191
vn -0.1273 0.9875 0.0925
vn -0.1403 0.9875 0.0715
vn -0.2948 0.9508 0.0958
vn -0.2761 0.9508 0.1407
vn -0.1497 0.9875 0.0486
vn -0.1555 0.9875 0.0246
vn -0.4540 0.8910 0.0006
vn -0.3060 0.9508 0.0485
vn -0.3089 0.9511 0.0004
vn -0.5596 0.8086 0.1818
vn -0.4491 0.8906 0.0711
vn -0.5811 0.8086 0.0920
vn -0.5243 0.8086 0.2671
vn -0.4325 0.8906 0.1405
vn -0.3679 0.8906 0.2673
vn -0.4052 0.8906 0.2064
vn -0.4761 0.8085 0.3459
vn -0.3216 0.8906 0.3216
vn -0.4161 0.8085 0.4161
vn -0.2673 0.8906 0.3679
vn -0.2671 0.8086 0.5243
vn -0.2064 0.8906 0.4052
vn -0.1405 0.8906 0.4325
vn -0.1818 0.8086 0.5596
vn -0.0920 0.8086 0.5811
vn -0.0711 0.8906 0.4492
vn -0.0003 0.8091 0.5877
vn -0.0002 0.8910 0.4540
vn -0.0002 0.9511 0.3089
vn 0.0003 0.8910 0.4540
vn 0.0002 0.9511 0.3089
vn 0.0711 0.8907 0.4491
vn 0.0004 0.8091 0.5877
vn 0.0920 0.8086 0.5811
vn 0.1818 0.8086 0.5596
vn 0.1405 0.8906 0.4325
vn 0.2671 0.8086 0.5242
vn 0.2065 0.8906 0.4052
vn 0.3458 0.8086 0.4760
vn 0.2673 0.8906 0.3679
vn 0.3215 0.8906 0.3215
vn 0.5724 0.7067 0.4159
vn 0.4161 0.8085 0.4161
vn 0.5003 0.7066 0.5003
vn 0.6548 0.5873 0.4757
vn 0.6306 0.7065 0.3213
vn 0.7211 0.5874 0.3674
vn 0.8476 0.4536 0.2754
vn 0.7698 0.5872 0.2501
vn 0.8803 0.4534 0.1394
vn 0.8091 0.5877 0.0010
vn 0.7995 0.5872 0.1266
vn 0.8091 0.5877 -0.0010
vn 0.7071 0.7071 0.0009
vn 0.5811 0.8086 -0.0920
vn 0.7071 0.7071 -0.0009
vn 0.6989 0.7066 -0.1107
vn 0.5597 0.8085 -0.1818
vn 0.4491 0.8906 -0.0711
vn 0.4051 0.8907 -0.2064
vn 0.5243 0.8085 -0.2672
vn 0.4760 0.8086 -0.3458
vn 0.3680 0.8906 -0.2674
vn 0.4161 0.8086 -0.4161
vn 0.3216 0.8906 -0.3216
vn 0.3459 0.8085 -0.4761
vn 0.2673 0.8906 -0.3679
vn 0.2065 0.8906 -0.4052
vn 0.2671 0.8086 -0.5242
vn 0.1405 0.8906 -0.4325
vn 0.0920 0.8086 -0.5811
vn 0.0711 0.8906 -0.4492
vn 0.0003 0.8091 -0.5877
vn 0.0002 0.8910 -0.4540
vn 0.0002 0.9511 -0.3089
vn -0.0002 0.8910 -0.4540
vn -0.0001 0.9511 -0.3089
vn -0.0712 0.8906 -0.4493
vn -0.0003 0.8091 -0.5877
vn -0.0920 0.8086 -0.5811
vn -0.1819 0.8085 -0.5597
vn -0.1405 0.8906 -0.4325
vn -0.2671 0.8086 -0.5243
vn -0.2065 0.8906 -0.4052
vn -0.3459 0.8085 -0.4761
vn -0.2673 0.8906 -0.3679
vn -0.4161 0.8086 -0.4161
vn -0.3216 0.8906 -0.3215
vn -0.3679 0.8906 -0.2673
vn -0.4052 0.8906 -0.2064
vn -0.4760 0.8086 -0.3458
vn -0.5243 0.8086 -0.2671
vn -0.6729 0.7067 -0.2186
vn -0.5596 0.8086 -0.1818
vn -0.6989 0.7066 -0.1107
vn -0.5811 0.8086 -0.0920
vn -0.5876 0.8091 -0.0007
vn -0.7071 0.7071 0.0008
vn -0.5876 0.8091 0.0007
vn -0.7995 0.5872 0.1266
vn -0.8091 0.5876 0.0010
vn -0.7697 0.5873 0.2501
vn -0.6990 0.7065 0.1107
vn -0.7211 0.5874 0.3674
vn -0.6729 0.7067 0.2186
vn -0.6548 0.5873 0.4757
vn -0.6304 0.7066 0.3212
vn -0.5724 0.5871 0.5724
vn -0.5724 0.7067 0.4159
vn -0.4159 0.7066 0.5725
vn -0.5003 0.7067 0.5003
vn -0.3675 0.5873 0.7212
vn -0.4757 0.5874 0.6548
vn -0.2501 0.5874 0.7697
vn -0.3212 0.7067 0.6304
vn -0.1107 0.7067 0.6988
vn -0.2186 0.7067 0.6729
vn -0.0004 0.5876 0.8091
vn -0.0004 0.7071 0.7071
vn 0.0004 0.5877 0.8091
vn 0.0004 0.7071 0.7071
vn 0.1107 0.7065 0.6990
vn 0.1266 0.5872 0.7994
vn 0.2186 0.7067 0.6729
vn 0.2501 0.5873 0.7697
vn 0.3212 0.7067 0.6304
vn 0.3674 0.5873 0.7211
vn 0.4158 0.7067 0.5724
vn 0.5238 0.4536 0.7210
vn 0.5724 0.5871 0.5724
vn 0.4757 0.5873 0.6548
vn 0.7697 0.3078 0.5593
vn 0.6302 0.4535 0.6302
vn 0.6725 0.3088 0.6726
vn 0.8801 0.1563 0.4484
vn 0.7465 0.4519 0.4883
vn 0.9394 0.1559 0.3052
vn 0.8475 0.3088 0.4318
vn 0.9756 0.1558 0.1545
vn 0.9047 0.3084 0.2939
vn 0.9511 0.3089 0.0012
vn 0.9877 0.1564 0.0012
vn 0.9877 0.1562 -0.0012
vn 0.8910 0.4540 -0.0011
vn 0.9395 0.3086 -0.1488
vn 0.8803 0.4535 -0.1394
vn 0.8476 0.4535 -0.2754
vn 0.7994 0.5873 -0.1266
vn 0.6729 0.7067 -0.2186
vn 0.7212 0.5872 -0.3675
vn 0.6304 0.7067 -0.3212
vn 0.6548 0.5872 -0.4758
vn 0.5725 0.7065 -0.4160
vn 0.5723 0.5874 -0.5723
vn 0.5004 0.7066 -0.5004
vn 0.4159 0.7066 -0.5725
vn 0.3675 0.5872 -0.7212
vn 0.3212 0.7067 -0.6304
vn 0.2501 0.5873 -0.7698
vn 0.2186 0.7067 -0.6729
vn 0.1266 0.5872 -0.7994
vn 0.1107 0.7067 -0.6988
vn 0.0004 0.5877 -0.8091
vn 0.0004 0.7071 -0.7071
vn -0.0004 0.5877 -0.8091
vn -0.1107 0.7065 -0.6990
vn -0.1266 0.5873 -0.7994
vn -0.2187 0.7066 -0.6730
vn -0.2501 0.5872 -0.7698
vn -0.3212 0.7067 -0.6304
vn -0.3674 0.5874 -0.7211
vn -0.4159 0.7066 -0.5725
vn -0.5723 0.5874 -0.5723
vn -0.4757 0.5874 -0.6547
vn -0.5724 0.7067 -0.4159
vn -0.5003 0.7067 -0.5002
vn -0.6548 0.5873 -0.4757
vn -0.7941 0.4535 -0.4046
vn -0.7212 0.5872 -0.3675
vn -0.8476 0.4535 -0.2754
vn -0.7697 0.5873 -0.2501
vn -0.8803 0.4534 -0.1394
vn -0.7995 0.5872 -0.1266
vn -0.8091 0.5876 -0.0010
vn -0.9508 0.3099 -0.0012
vn -0.8910 0.4539 0.0011
vn -0.8910 0.4539 -0.0011
vn -0.8485 0.5142 -0.1253
vn -0.9877 0.1565 -0.0012
vn -0.9608 0.2473 -0.1255
vn -0.9620 0.1256 -0.2425
vn -0.9937 0.1023 0.0467
vn -0.5377 0.7974 -0.2740
vn -0.8037 0.5431 -0.2431
vn -0.6715 0.7082 -0.2182
vn -0.5953 0.7440 -0.3033
vn -0.4259 0.8502 -0.3094
vn -0.4713 0.8128 -0.3424
vn -0.3325 0.8826 -0.3325
vn -0.2738 0.8607 -0.4292
vn -0.6302 0.4536 -0.6302
vn -0.5239 0.4536 -0.7210
vn -0.4047 0.4533 -0.7942
vn -0.3064 0.6293 -0.7142
vn -0.2754 0.4535 -0.8476
vn -0.1394 0.4536 -0.8802
vn -0.2939 0.3087 -0.9046
vn -0.1488 0.3087 -0.9394
vn -0.0005 0.4540 -0.8910
vn -0.0006 0.3089 -0.9511
vn 0.0002 0.9149 -0.4038
vn 0.0006 0.3089 -0.9511
vn 0.1559 0.0838 -0.9842
vn 0.0006 0.0846 -0.9964
vn 0.2939 0.3085 -0.9047
vn 0.0645 0.9133 -0.4020
vn 0.1488 0.3087 -0.9394
vn 0.2754 0.4535 -0.8476
vn 0.4319 0.3084 -0.8476
vn 0.4046 0.4535 -0.7941
vn 0.5591 0.3087 -0.7695
vn 0.5238 0.4536 -0.7210
vn 0.6726 0.3087 -0.6726
vn 0.6302 0.4537 -0.6302
vn 0.7695 0.3086 -0.5591
vn 0.7210 0.4536 -0.5238
vn 0.8475 0.3086 -0.4318
vn 0.9394 0.1559 -0.3052
vn 0.9048 0.3081 -0.2940
vn 0.8903 0.0395 -0.4536
vn 0.7991 0.1558 -0.5806
vn 0.8801 0.1558 -0.4485
vn 0.7661 0.0552 -0.6404
vn 0.8099 0.0119 -0.5864
vn 0.7670 0.0252 -0.6412
vn 0.3657 0.8150 -0.4494
vn 0.6518 0.4731 -0.5927
vn 0.6668 0.0636 -0.7425
vn 0.4540 -0.0016 -0.8910
vn 0.4526 0.0759 -0.8885
vn 0.3090 -0.0016 -0.9511
vn 0.2004 -0.8973 -0.3933
vn 0.1298 -0.9074 -0.3997
vn 0.2327 -0.7399 -0.6312
vn 0.1468 -0.8799 -0.4518
vn 0.1132 -0.8606 -0.4966
vn 0.0006 -0.0016 -1.0000
vn 0.1564 -0.0016 -0.9877
vn -0.0006 -0.1564 -0.9877
vn -0.0006 -0.0015 -1.0000
vn -0.1556 0.1044 -0.9823
vn -0.0005 0.0848 -0.9964
vn -0.3052 -0.1558 -0.9394
vn -0.1564 0.0192 -0.9875
vn -0.1545 -0.1558 -0.9756
vn -0.2939 -0.3087 -0.9046
vn -0.4484 -0.1558 -0.8801
vn -0.5806 -0.1563 -0.7991
vn -0.4532 0.0586 -0.8895
vn -0.6726 -0.3087 -0.6726
vn -0.5591 -0.3087 -0.7695
vn -0.7041 0.0919 -0.7041
vn -0.7991 -0.1562 -0.5806
vn -0.8045 0.1052 -0.5845
vn -0.8474 -0.3089 -0.4318
vn -0.7695 -0.3085 -0.5591
vn -0.9620 0.1262 -0.2420
vn -0.8800 -0.1564 -0.4484
vn -0.9650 -0.0515 -0.2570
vn -0.9825 -0.1171 -0.1451
vn -0.8120 0.5829 -0.0303
vn -0.3021 0.9533 0.0006
vn -0.9903 0.1299 0.0500
vn -0.9915 0.1300 0.0012
vn -1.0000 0.0026 0.0057
vn -0.9915 0.1301 0.0058
vn -0.2987 0.9532 0.0474
vn -0.3000 0.9539 0.0004
vn -0.9046 -0.3086 0.2939
vn -0.2982 0.9496 0.0969
vn -0.9437 0.1236 0.3067
vn -0.2971 0.9428 0.1514
vn -0.8850 0.1158 0.4509
vn -0.7696 -0.3084 0.5591
vn -0.8477 -0.3079 0.4319
vn -0.2914 0.9112 0.2914
vn -0.8045 0.1052 0.5845
vn -0.2951 0.9311 0.2144
vn -0.5591 -0.3084 0.7696
vn -0.6726 -0.3086 0.6726
vn -0.5861 0.0762 0.8067
vn -0.2686 0.8063 0.5271
vn -0.4532 0.0586 0.8895
vn -0.2940 -0.3084 0.9047
vn -0.4319 -0.3084 0.8476
vn -0.1469 0.3436 0.9275
vn -0.3088 0.0394 0.9503
vn -0.2323 0.6594 0.7150
vn -0.0006 -0.3088 0.9511
vn -0.0006 -0.1547 0.9880
vn 0.0006 -0.1561 0.9877
vn -0.0006 -0.0015 1.0000
vn 0.0006 -0.0016 1.0000
vn -0.0006 0.0016 1.0000
vn -0.1545 0.1559 0.9756
vn -0.0006 0.1563 0.9877
vn -0.2939 0.3087 0.9046
vn -0.1488 0.3087 0.9394
vn -0.4318 0.3087 0.8475
vn -0.2754 0.4536 0.8476
vn -0.4046 0.4536 0.7941
vn -0.5591 0.3085 0.7696
vn -0.5239 0.4535 0.7211
vn -0.6726 0.3088 0.6726
vn -0.7695 0.3088 0.5591
vn -0.6302 0.4536 0.6302
vn -0.7210 0.4536 0.5238
vn -0.8475 0.3087 0.4318
vn -0.7941 0.4536 0.4046
vn -0.8477 0.4534 0.2754
vn -0.9047 0.3085 0.2939
vn -0.8803 0.4534 0.1394
vn -0.9395 0.3084 0.1488
vn -0.9394 0.1558 0.3052
vn -0.9756 0.1558 0.1545
vn -0.9511 0.0016 0.3090
vn -0.8801 0.1559 0.4484
vn -0.8910 0.0016 0.4540
vn -0.7991 0.1558 0.5806
vn -0.6985 0.1559 0.6985
vn -0.8090 0.0016 0.5878
vn -0.7071 0.0016 0.7071
vn -0.5806 0.1558 0.7991
vn -0.5878 0.0016 0.8090
vn -0.4540 0.0016 0.8910
vn -0.9877 0.0016 0.1564
vn -0.4484 0.1558 0.8801
vn -0.0005 0.4540 0.8910
vn -0.1394 0.4536 0.8803
vn 0.0006 0.3093 0.9510
vn 0.0005 0.4540 0.8910
vn 0.1560 0.3453 0.9254
vn 0.1394 0.4536 0.8802
vn 0.2939 0.3087 0.9046
vn 0.2754 0.4535 0.8476
vn 0.4318 0.3086 0.8475
vn 0.4046 0.4536 0.7941
vn 0.3283 0.6907 0.6444
vn 0.5592 0.3079 0.7697
vn 0.5872 0.0423 0.8083
vn 0.4941 0.7419 0.4532
vn 0.3782 0.7656 0.5205
vn 0.9128 0.0483 0.4054
vn 0.7656 0.0126 0.6432
vn 0.9129 0.0468 0.4055
vn 0.9329 0.0633 0.3545
vn 0.8161 0.2214 0.5338
vn 0.6274 0.7272 0.2784
vn 0.5289 0.8419 0.1076
vn 0.8476 -0.3084 0.4319
vn 0.9597 0.1249 0.2517
vn 0.9879 0.0155 0.1541
vn 0.5310 0.8471 0.0219
vn 0.6881 0.7225 0.0674
vn 0.5314 0.8471 0.0007
vn 1.0000 -0.0016 -0.0013
vn 1.0000 -0.0016 0.0013
vn 1.0000 0.0016 0.0013
vn 0.9904 0.0057 -0.1379
vn 0.9905 -0.0016 -0.1375
vn 0.7078 0.6731 -0.2141
vn 0.5896 0.8029 -0.0872
vn 0.4530 0.8344 -0.3140
vn 0.4165 0.8974 -0.1458
vn 0.8659 0.0594 -0.4967
vn 0.6490 0.5565 -0.5188
vn 0.6105 -0.6745 -0.4152
vn 0.7203 -0.2312 -0.6540
vn 0.4239 -0.8335 -0.3543
vn 0.4085 -0.7191 -0.5622
vn 0.2783 -0.8808 -0.3831
vn 0.1717 0.9257 -0.3369
vn 0.2569 -0.8245 -0.5041
vn 0.2428 0.8450 -0.4765
vn 0.1230 0.9173 -0.3786
vn 0.1607 0.8892 -0.4283
vn 0.1542 0.8665 -0.4748
vn 0.1490 0.7581 -0.6349
vn 0.0013 -0.5827 -0.8127
vn 0.0033 -0.4415 -0.8973
vn 0.0035 -0.3086 -0.9512
vn -0.0005 -0.4540 -0.8910
vn -0.0006 -0.3089 -0.9511
vn -0.1488 -0.3084 -0.9396
vn -0.2501 -0.5874 -0.7697
vn -0.1394 -0.4538 -0.8801
vn -0.1266 -0.5873 -0.7994
vn -0.4046 -0.4536 -0.7941
vn -0.2754 -0.4535 -0.8476
vn -0.3674 -0.5874 -0.7211
vn -0.5238 -0.4536 -0.7210
vn -0.4757 -0.5873 -0.6548
vn -0.6302 -0.4535 -0.6302
vn -0.6548 -0.5872 -0.4758
vn -0.5723 -0.5873 -0.5723
vn -0.7941 -0.4536 -0.4046
vn -0.7210 -0.4536 -0.5238
vn -0.7212 -0.5873 -0.3674
vn -0.8476 -0.4536 -0.2754
vn -0.7995 -0.5872 -0.1266
vn -0.7698 -0.5873 -0.2501
vn -0.8091 -0.5876 -0.0010
vn -0.8802 -0.4536 -0.1394
vn -0.9511 -0.3090 0.0012
vn -0.8910 -0.4540 -0.0011
vn -0.8910 -0.4540 0.0011
vn -0.8091 -0.5876 0.0010
vn -0.8803 -0.4535 0.1394
vn -0.7699 -0.5871 0.2501
vn -0.7995 -0.5872 0.1266
vn -0.7212 -0.5872 0.3675
vn -0.8476 -0.4535 0.2754
vn -0.6548 -0.5873 0.4757
vn -0.7942 -0.4534 0.4047
vn -0.6302 -0.4536 0.6302
vn -0.7210 -0.4535 0.5239
vn -0.5723 -0.5874 0.5723
vn -0.5238 -0.4536 0.7210
vn -0.3675 -0.5872 0.7212
vn -0.4047 -0.4534 0.7942
vn -0.2501 -0.5872 0.7698
vn -0.2754 -0.4536 0.8476
vn -0.1266 -0.5872 0.7995
vn -0.1394 -0.4536 0.8802
vn -0.0005 -0.5876 0.8091
vn -0.0005 -0.4540 0.8910
vn 0.0004 -0.5876 0.8091
vn 0.0005 -0.4540 0.8910
vn 0.1488 -0.3085 0.9395
vn 0.0006 -0.3088 0.9511
vn 0.2940 -0.3083 0.9047
vn 0.1545 -0.1558 0.9756
vn 0.4484 -0.1558 0.8801
vn 0.3090 -0.0016 0.9511
vn 0.3052 -0.1564 0.9393
vn 0.5806 -0.1558 0.7991
vn 0.4319 -0.3083 0.8476
vn 0.5592 -0.3079 0.7697
vn 0.6985 -0.1559 0.6985
vn 0.6726 -0.3086 0.6726
vn 0.6302 -0.4534 0.6302
vn 0.7695 -0.3087 0.5591
vn 0.6549 -0.5871 0.4758
vn 0.7941 -0.4536 0.4046
vn 0.7210 -0.4536 0.5238
vn 0.7211 -0.5873 0.3674
vn 0.8477 -0.4533 0.2755
vn 0.8804 -0.4532 0.1394
vn 0.7698 -0.5872 0.2501
vn 0.7995 -0.5872 0.1266
vn 0.8091 -0.5877 0.0010
vn 0.8909 -0.4542 0.0011
vn 0.8920 -0.4521 -0.0011
vn 0.8091 -0.5876 -0.0010
vn 0.4754 0.8765 -0.0753
vn 0.9779 -0.1404 -0.1549
vn 0.7995 -0.5872 -0.1266
vn 0.8891 0.3074 -0.3391
vn 0.5492 0.7458 -0.3769
vn 0.8540 -0.4241 -0.3013
vn 0.8455 0.2523 -0.4706
vn 0.3583 0.8883 -0.2873
vn 0.2613 0.9292 -0.2613
vn 0.6331 0.6225 -0.4600
vn 0.4746 0.7412 -0.4747
vn 0.3470 0.8073 -0.4774
vn 0.5003 -0.7067 -0.5003
vn 0.4159 -0.7067 -0.5724
vn 0.2671 -0.8085 -0.5243
vn 0.3459 -0.8085 -0.4761
vn 0.3213 -0.7066 -0.6305
vn 0.1818 -0.8086 -0.5596
vn 0.2187 -0.7066 -0.6730
vn 0.0920 -0.8086 -0.5812
vn 0.1107 -0.7066 -0.6989
vn 0.0003 -0.8091 -0.5876
vn 0.0004 -0.7071 -0.7071
vn -0.0003 -0.8091 -0.5876
vn -0.0004 -0.7071 -0.7071
vn -0.0920 -0.8086 -0.5811
vn -0.1107 -0.7067 -0.6988
vn -0.1818 -0.8085 -0.5597
vn -0.2186 -0.7067 -0.6729
vn -0.3212 -0.7067 -0.6304
vn -0.4159 -0.7067 -0.5724
vn -0.2672 -0.8085 -0.5243
vn -0.3458 -0.8086 -0.4760
vn -0.5003 -0.7067 -0.5003
vn -0.4761 -0.8085 -0.3459
vn -0.4160 -0.8086 -0.4160
vn -0.6305 -0.7066 -0.3212
vn -0.5724 -0.7067 -0.4159
vn -0.5596 -0.8086 -0.1818
vn -0.5244 -0.8085 -0.2672
vn -0.5811 -0.8086 -0.0920
vn -0.6729 -0.7067 -0.2186
vn -0.7071 -0.7071 -0.0009
vn -0.5876 -0.8091 -0.0007
vn -0.5876 -0.8091 0.0007
vn -0.7071 -0.7071 0.0009
vn -0.5811 -0.8086 0.0920
vn -0.6730 -0.7066 0.2187
vn -0.5597 -0.8085 0.1819
vn -0.6305 -0.7066 0.3212
vn -0.5242 -0.8086 0.2671
vn -0.4760 -0.8086 0.3458
vn -0.5004 -0.7066 0.5004
vn -0.5724 -0.7067 0.4159
vn -0.4161 -0.8086 0.4161
vn -0.4160 -0.7065 0.5725
vn -0.3459 -0.8085 0.4761
vn -0.3212 -0.7066 0.6305
vn -0.2672 -0.8085 0.5243
vn -0.2186 -0.7067 0.6729
vn -0.1818 -0.8086 0.5596
vn -0.1107 -0.7066 0.6989
vn -0.0004 -0.7071 0.7071
vn -0.0920 -0.8086 0.5811
vn -0.0003 -0.8091 0.5876
vn 0.0003 -0.8091 0.5876
vn 0.0004 -0.7071 0.7071
vn 0.1107 -0.7066 0.6989
vn 0.0920 -0.8086 0.5811
vn 0.2186 -0.7067 0.6729
vn 0.1266 -0.5872 0.7995
vn 0.2501 -0.5873 0.7698
vn 0.4046 -0.4535 0.7941
vn 0.2755 -0.4532 0.8478
vn 0.4757 -0.5874 0.6548
vn 0.3675 -0.5872 0.7212
vn 0.4159 -0.7066 0.5725
vn 0.5723 -0.5872 0.5723
vn 0.4161 -0.8086 0.4161
vn 0.5724 -0.7067 0.4159
vn 0.5004 -0.7066 0.5004
vn 0.5243 -0.8085 0.2672
vn 0.4761 -0.8085 0.3459
vn 0.5596 -0.8086 0.1818
vn 0.6306 -0.7065 0.3213
vn 0.6990 -0.7065 0.1107
vn 0.6729 -0.7067 0.2186
vn 0.7071 -0.7071 0.0009
vn 0.5811 -0.8086 0.0920
vn 0.5876 -0.8092 0.0007
vn 0.7071 -0.7071 -0.0008
vn 0.5876 -0.8092 -0.0007
vn 0.5812 -0.8085 -0.0920
vn 0.6989 -0.7066 -0.1107
vn 0.5597 -0.8085 -0.1819
vn 0.5243 -0.8086 -0.2671
vn 0.6728 -0.7068 -0.2186
vn 0.6305 -0.7066 -0.3213
vn 0.4760 -0.8086 -0.3459
vn 0.5725 -0.7066 -0.4159
vn 0.3679 -0.8906 -0.2673
vn 0.4161 -0.8085 -0.4161
vn 0.2191 -0.9508 -0.2191
vn 0.2673 -0.8906 -0.3679
vn 0.3216 -0.8906 -0.3216
vn 0.2065 -0.8906 -0.4052
vn 0.1822 -0.9508 -0.2507
vn 0.1407 -0.9508 -0.2761
vn 0.1405 -0.8906 -0.4325
vn 0.0712 -0.8906 -0.4493
vn 0.0957 -0.9508 -0.2947
vn 0.0485 -0.9508 -0.3061
vn 0.0002 -0.8910 -0.4540
vn -0.0002 -0.9511 -0.3089
vn -0.0003 -0.8910 -0.4540
vn -0.0485 -0.9508 -0.3061
vn -0.0711 -0.8906 -0.4491
vn -0.1405 -0.8906 -0.4324
vn -0.0957 -0.9508 -0.2947
vn -0.1407 -0.9508 -0.2761
vn -0.1822 -0.9508 -0.2507
vn -0.2065 -0.8906 -0.4053
vn -0.3215 -0.8906 -0.3215
vn -0.2673 -0.8906 -0.3679
vn -0.2192 -0.9507 -0.2192
vn -0.3679 -0.8906 -0.2673
vn -0.2507 -0.9508 -0.1821
vn -0.4053 -0.8906 -0.2065
vn -0.2948 -0.9508 -0.0958
vn -0.4324 -0.8906 -0.1405
vn -0.3061 -0.9508 -0.0485
vn -0.4540 -0.8910 -0.0005
vn -0.3089 -0.9511 -0.0004
vn -0.3089 -0.9511 0.0004
vn -0.4540 -0.8910 0.0005
vn -0.3061 -0.9508 0.0485
vn -0.4492 -0.8906 0.0711
vn -0.2946 -0.9508 0.0957
vn -0.4051 -0.8907 0.2064
vn -0.4324 -0.8906 0.1405
vn -0.2508 -0.9507 0.1822
vn -0.3679 -0.8906 0.2673
vn -0.2192 -0.9507 0.2192
vn -0.3216 -0.8906 0.3215
vn -0.2672 -0.8907 0.3678
vn -0.2065 -0.8905 0.4053
vn -0.1821 -0.9508 0.2507
vn -0.1407 -0.9508 0.2761
vn -0.1405 -0.8907 0.4324
vn -0.0485 -0.9508 0.3060
vn -0.0957 -0.9508 0.2947
vn -0.0003 -0.8910 0.4540
vn -0.0002 -0.9511 0.3089
vn 0.0002 -0.8910 0.4540
vn 0.0002 -0.9511 0.3089
vn 0.0485 -0.9508 0.3060
vn 0.0958 -0.9507 0.2948
vn 0.0711 -0.8906 0.4492
vn 0.1406 -0.8906 0.4326
vn 0.2671 -0.8085 0.5243
vn 0.1818 -0.8086 0.5596
vn 0.2064 -0.8906 0.4052
vn 0.3458 -0.8086 0.4760
vn 0.2673 -0.8906 0.3679
vn 0.2192 -0.9508 0.2192
vn 0.3216 -0.8906 0.3216
vn 0.3679 -0.8906 0.2673
vn 0.2508 -0.9508 0.1822
vn 0.4052 -0.8906 0.2064
vn 0.2947 -0.9508 0.0957
vn 0.4324 -0.8906 0.1405
vn 0.4491 -0.8907 0.0711
vn 0.3060 -0.9508 0.0485
vn 0.4540 -0.8910 0.0005
vn 0.3089 -0.9511 0.0004
vn 0.4540 -0.8910 -0.0005
vn 0.3061 -0.9508 -0.0485
vn 0.4492 -0.8906 -0.0711
vn 0.2947 -0.9508 -0.0958
vn 0.4052 -0.8906 -0.2065
vn 0.2761 -0.9508 -0.1407
vn 0.2507 -0.9508 -0.1821
vn 0.1402 -0.9875 -0.0714
vn 0.1273 -0.9875 -0.0925
vn -0.0000 -1.0000 -0.0000
vn 0.1113 -0.9875 -0.1113
vn 0.0925 -0.9875 -0.1273
vn 0.0715 -0.9875 -0.1403
vn 0.0487 -0.9875 -0.1498
vn 0.0246 -0.9875 -0.1554
vn -0.0000 -1.0000 -0.0001
vn 0.0001 -0.9914 -0.1306
vn -0.0000 -1.0000 -0.0002
vn -0.0001 -0.9914 -0.1306
vn -0.0246 -0.9875 -0.1555
vn -0.0487 -0.9875 -0.1498
vn -0.0714 -0.9875 -0.1402
vn -0.0925 -0.9875 -0.1273
vn -0.1113 -0.9875 -0.1113
vn -0.1274 -0.9875 -0.0926
vn -0.1403 -0.9875 -0.0715
vn -0.1497 -0.9875 -0.0486
vn -0.1554 -0.9875 -0.0246
vn -0.1565 -0.9877 0.0002
vn -0.1555 -0.9875 0.0246
vn -0.1498 -0.9875 0.0487
vn -0.1402 -0.9875 0.0715
vn -0.1274 -0.9875 0.0925
vn -0.1114 -0.9875 0.1114
vn -0.0925 -0.9875 0.1274
vn -0.0715 -0.9875 0.1403
vn -0.0486 -0.9875 0.1497
vn -0.0246 -0.9875 0.1555
vn -0.0001 -0.9914 0.1306
vn -0.0000 -1.0000 0.0002
vn 0.0001 -0.9914 0.1306
vn -0.0000 -1.0000 0.0001
vn 0.0246 -0.9875 0.1555
vn 0.0487 -0.9875 0.1498
vn 0.0715 -0.9875 0.1403
vn 0.0926 -0.9875 0.1274
vn 0.1112 -0.9876 0.1112
vn 0.1274 -0.9875 0.0926
vn 0.1402 -0.9875 0.0714
vn 0.1498 -0.9875 0.0487
vn 0.1557 -0.9875 0.0247
vn 0.1564 -0.9877 -0.0002
vn 0.1565 -0.9877 0.0002
vn 0.1555 -0.9875 -0.0246
vn 0.1497 -0.9875 -0.0486
vn -0.1507 -0.9883 -0.0239
vn -0.1564 -0.9877 -0.0001
vn -0.1451 -0.9883 -0.0472
vn -0.3017 -0.9522 -0.0478
vn -0.4539 -0.8910 -0.0002
vn -0.3089 -0.9511 -0.0001
vn -0.5780 -0.8109 -0.0915
vn -0.4288 -0.8926 -0.1393
vn -0.5566 -0.8109 -0.1808
vn -0.7071 -0.7071 -0.0002
vn -0.6965 -0.7091 -0.1103
vn -0.7977 -0.5896 -0.1264
vn -0.6706 -0.7091 -0.2179
vn -0.7679 -0.5900 -0.2495
vn -0.8792 -0.4556 -0.1392
vn -0.8092 -0.5875 -0.0002
vn -0.9042 -0.3102 -0.2938
vn -0.8466 -0.4555 -0.2751
vn -0.9877 -0.1564 -0.0002
vn -0.9390 -0.3102 -0.1487
vn -0.9754 -0.1570 -0.1545
vn -0.9510 -0.0072 -0.3090
vn -0.9877 -0.0072 -0.1564
vn -1.0000 -0.0072 -0.0002
vn -0.9877 0.0072 -0.1565
vn -1.0000 0.0071 -0.0002
vn -0.9877 0.1564 -0.0002
vn -1.0000 0.0072 0.0002
vn -0.9390 0.3102 -0.1487
vn -0.9754 0.1571 -0.1545
vn -0.9041 0.3102 -0.2938
vn -0.8792 0.4556 -0.1392
vn -0.8091 0.5877 -0.0002
vn -0.8912 0.4536 -0.0002
vn -0.6702 0.7095 -0.2178
vn -0.7977 0.5896 -0.1264
vn -0.7680 0.5899 -0.2495
vn -0.5780 0.8109 -0.0915
vn -0.7072 0.7070 -0.0002
vn -0.6965 0.7091 -0.1103
vn -0.5565 0.8109 -0.1808
vn -0.4453 0.8926 -0.0705
vn -0.4539 0.8911 -0.0002
vn -0.3090 0.9511 -0.0001
vn -0.1457 0.9882 -0.0473
vn -0.1512 0.9882 -0.0239
vn -0.1564 0.9877 0.0001
vn -0.3017 0.9522 0.0478
vn -0.2906 0.9522 0.0944
vn -0.1456 0.9882 0.0473
vn -0.2725 0.9521 0.1388
vn -0.1364 0.9882 0.0695
vn -0.1239 0.9882 0.0900
vn -0.2160 0.9522 0.2160
vn -0.1079 0.9883 0.1079
vn -0.0897 0.9883 0.1235
vn -0.0693 0.9883 0.1360
vn -0.1387 0.9522 0.2722
vn -0.0472 0.9883 0.1451
vn -0.0240 0.9882 0.1513
vn -0.0000 1.0000 0.0009
vn -0.0000 1.0000 0.0004
vn 0.0473 0.9882 0.1454
vn 0.0693 0.9883 0.1359
vn 0.1795 0.9522 0.2471
vn 0.0897 0.9883 0.1234
vn 0.2471 0.9522 0.1796
vn 0.1359 0.9883 0.0693
vn 0.2722 0.9522 0.1387
vn 0.1456 0.9882 0.0473
vn 0.4540 0.8910 -0.0002
vn 0.4540 0.8910 0.0002
vn 0.5877 0.8091 -0.0002
vn 0.5780 0.8109 -0.0916
vn 0.6700 0.7098 -0.2177
vn 0.6965 0.7091 -0.1103
vn 0.5214 0.8109 -0.2657
vn 0.3648 0.8926 -0.2650
vn 0.2471 0.9522 -0.1796
vn 0.1082 0.9882 -0.1082
vn 0.0899 0.9882 -0.1237
vn 0.1796 0.9522 -0.2471
vn 0.0695 0.9882 -0.1365
vn 0.1387 0.9522 -0.2722
vn -0.0000 1.0000 0.0001
vn 0.0472 0.9883 -0.1451
vn 0.0239 0.9883 -0.1507
vn -0.0000 1.0000 -0.0049
vn -0.0000 1.0000 -0.0066
vn -0.0000 1.0000 -0.0046
vn -0.0239 0.9883 -0.1507
vn -0.0472 0.9883 -0.1452
vn -0.1387 0.9522 -0.2722
vn -0.0897 0.9883 -0.1235
vn -0.1798 0.9521 -0.2475
vn -0.1083 0.9882 -0.1083
vn -0.2160 0.9522 -0.2160
vn -0.1360 0.9883 -0.0693
vn -0.1239 0.9882 -0.0900
vn -0.0001 1.0000 -0.0003
vn -0.0001 1.0000 0.0001
vn -0.1564 0.9877 -0.0002
vn -0.1564 0.9877 0.0002
vn -0.3053 0.9394 -0.1559
vn -0.1545 0.9756 -0.1559
vn -0.4319 0.8477 -0.3079
vn -0.2940 0.9050 -0.3075
vn -0.4484 0.8801 -0.1558
vn -0.5877 0.8091 -0.0002
vn -0.6985 0.6984 -0.1558
vn -0.5593 0.7699 -0.3073
vn -0.6729 0.6729 -0.3072
vn -0.7992 0.5806 -0.1558
vn -0.7071 0.7071 -0.0002
vn -0.8802 0.4484 -0.1553
vn -0.7699 0.5593 -0.3074
vn -0.8479 0.4321 -0.3072
vn -0.8910 0.4539 -0.0001
vn -0.9394 0.3052 -0.1558
vn -0.9511 0.3089 -0.0002
vn -0.9397 0.1489 -0.3079
vn -0.9050 0.2941 -0.3073
vn -0.4641 0.8858 -0.0009
vn -0.4696 0.0165 -0.8827
vn -0.2866 0.9563 -0.0582
vn -0.4636 0.8860 0.0001
vn -0.2718 0.9624 0.0001
vn -0.9394 0.3052 0.1558
vn -0.4559 0.8862 0.0827
vn -0.8477 0.4319 0.3079
vn -0.9050 0.2941 0.3073
vn -0.7220 0.5245 0.4512
vn -0.7950 0.4052 0.4514
vn -0.5739 0.5739 0.5842
vn -0.6566 0.4770 0.5842
vn -0.4181 0.5756 0.7027
vn -0.5030 0.5031 0.7028
vn -0.2699 0.5298 0.8040
vn -0.3495 0.4811 0.8040
vn -0.2110 0.4141 0.8854
vn -0.1838 0.5656 0.8040
vn -0.0632 0.3993 0.9147
vn -0.1436 0.4421 0.8854
vn -0.1260 0.4040 0.9060
vn -0.0001 0.1564 0.9877
vn -0.0000 0.3089 0.9511
vn -0.0001 0.0029 1.0000
vn -0.0505 0.3176 0.9469
vn -0.0804 0.3149 0.9457
vn -0.1567 0.0001 0.9877
vn -0.1925 0.0304 0.9808
vn -0.2627 0.5420 0.7983
vn -0.3231 0.0512 0.9450
vn -0.4542 0.0006 0.8909
vn -0.3092 0.0003 0.9510
vn -0.2655 0.9026 0.3388
vn -0.4590 0.0726 0.8855
vn -0.2022 0.6938 0.6912
vn -0.7072 0.0015 0.7070
vn -0.6209 0.6083 0.4944
vn -0.4077 0.8418 0.3538
vn -0.4400 0.8734 0.2090
vn -0.3940 0.9185 -0.0337
vn -0.4210 0.8985 -0.1244
vn -0.8212 0.0299 0.5699
vn -0.4392 0.8833 0.1642
vn -0.8970 0.0899 0.4328
vn -0.9429 0.1235 0.3092
vn -0.9724 -0.0000 0.2334
vn -0.9511 -0.0000 0.3090
vn -0.2826 -0.9548 0.0918
vn -0.2813 -0.9489 0.1433
vn -0.8471 0.3101 0.4316
vn -0.8293 0.2327 0.5081
vn -0.8664 0.2333 0.4415
vn -0.6295 0.4556 0.6294
vn -0.7766 0.3352 0.5335
vn -0.7202 0.4556 0.5232
vn -0.5709 0.5901 0.5708
vn -0.5231 0.4559 0.7201
vn -0.3199 0.7094 0.6280
vn -0.4747 0.5897 0.6534
vn -0.4145 0.7091 0.5705
vn -0.2657 0.8109 0.5214
vn -0.2178 0.7094 0.6703
vn -0.0915 0.8109 0.5780
vn -0.1393 0.8926 0.4288
vn -0.0705 0.8926 0.4453
vn -0.0001 0.8091 0.5877
vn 0.0001 0.7071 0.7071
vn 0.0001 0.8091 0.5877
vn 0.1264 0.5897 0.7977
vn 0.1103 0.7091 0.6965
vn 0.2496 0.5897 0.7681
vn 0.1392 0.4556 0.8792
vn 0.2178 0.7094 0.6703
vn 0.3665 0.5901 0.7194
vn 0.3440 0.8109 0.4734
vn 0.3201 0.7091 0.6283
vn 0.2657 0.8109 0.5214
vn 0.2650 0.8926 0.3647
vn 0.4138 0.8109 0.4138
vn 0.4734 0.8109 0.3440
vn 0.3188 0.8926 0.3188
vn 0.3647 0.8926 0.2650
vn 0.5214 0.8109 0.2657
vn 0.4017 0.8926 0.2047
vn 0.5566 0.8109 0.1808
vn 0.5780 0.8109 0.0915
vn 0.4288 0.8926 0.1393
vn 0.4453 0.8926 0.0705
vn 0.7072 0.7070 0.0002
vn 0.6965 0.7091 0.1103
vn 0.7681 0.5897 0.2496
vn 0.7974 0.5901 0.1263
vn 0.6283 0.7091 0.3201
vn 0.7193 0.5902 0.3665
vn 0.6531 0.5902 0.4745
vn 0.5703 0.7093 0.4143
vn 0.5711 0.5897 0.5711
vn 0.4986 0.7091 0.4986
vn 0.6293 0.4562 0.6292
vn 0.4747 0.5897 0.6534
vn 0.5230 0.4562 0.7200
vn 0.4316 0.3102 0.8471
vn 0.4040 0.4564 0.7928
vn 0.3051 0.1578 0.9391
vn 0.2938 0.3102 0.9042
vn 0.1487 0.3105 0.9389
vn 0.1545 0.1571 0.9754
vn 0.0001 0.3087 0.9512
vn -0.0001 0.4540 0.8910
vn -0.0000 0.4540 0.8910
vn -0.1393 0.4556 0.8792
vn -0.0001 0.5877 0.8090
vn -0.1263 0.5902 0.7973
vn -0.2750 0.4560 0.8464
vn -0.2495 0.5902 0.7677
vn -0.4041 0.4559 0.7930
vn -0.3016 -0.2175 0.9283
vn -0.4092 -0.4334 0.8030
vn -0.4772 -0.5837 0.6569
vn -0.3814 -0.5426 0.7484
vn -0.4406 -0.6620 0.6064
vn -0.7061 0.0015 0.7081
vn -0.5878 0.0029 0.8090
vn -0.4540 0.0029 0.8910
vn -0.2880 -0.3624 0.8864
vn -0.3089 0.0029 0.9511
vn -0.1564 0.0029 0.9877
vn -0.1554 -0.1173 0.9809
vn -0.0001 0.1562 0.9877
vn -0.1562 0.0484 0.9865
vn -0.0001 0.3087 0.9512
vn 0.0001 0.1564 0.9877
vn 0.0001 0.0029 1.0000
vn 0.1564 0.0029 0.9877
vn 0.0001 0.0030 1.0000
vn 0.1564 0.0028 0.9877
vn 0.3090 0.0029 0.9511
vn 0.3089 0.0026 0.9511
vn 0.3074 0.1489 0.9399
vn 0.4539 0.0023 0.8910
vn 0.4514 0.1396 0.8813
vn 0.1558 0.1545 0.9756
vn 0.3079 0.2940 0.9049
vn 0.1558 0.3052 0.9394
vn 0.4514 0.4051 0.7951
vn 0.4514 0.2757 0.8486
vn 0.5843 0.4770 0.6566
vn 0.5842 0.3684 0.7231
vn 0.7028 0.5030 0.5031
vn 0.7028 0.4181 0.5755
vn 0.8040 0.4811 0.3495
vn 0.8040 0.4205 0.4205
vn 0.8854 0.4141 0.2110
vn 0.8854 0.3761 0.2732
vn 0.8854 0.4420 0.1436
vn 0.9450 0.2915 0.1485
vn 0.9450 0.3111 0.1011
vn 0.9808 0.1925 0.0305
vn 0.9808 0.1854 0.0603
vn 0.9877 0.1564 -0.0000
vn 0.9450 0.3230 0.0512
vn 0.8910 0.4540 -0.0000
vn 0.9511 0.3089 -0.0002
vn 0.8910 0.4540 -0.0002
vn 0.8090 0.5878 0.0001
vn 0.8854 0.4591 0.0728
vn 0.7028 0.7027 0.1113
vn 0.8040 0.5656 0.1837
vn 0.8040 0.5873 0.0930
vn 0.7027 0.6340 0.3230
vn 0.5843 0.7718 0.2508
vn 0.5842 0.7232 0.3684
vn 0.5842 0.6566 0.4771
vn 0.4513 0.7951 0.4051
vn 0.4513 0.7220 0.5245
vn 0.4512 0.6310 0.6310
vn 0.3072 0.7699 0.5594
vn 0.3070 0.6730 0.6729
vn 0.3073 0.5593 0.7699
vn 0.1558 0.6985 0.6985
vn 0.1553 0.5806 0.7992
vn 0.1558 0.4485 0.8801
vn 0.0001 0.5877 0.8091
vn 0.0001 0.4539 0.8911
vn -0.0000 0.5878 0.8090
vn -0.0000 0.7071 0.7071
vn -0.0930 0.5873 0.8040
vn -0.1113 0.7026 0.7028
vn -0.2508 0.7719 0.5842
vn -0.1269 0.8017 0.5841
vn -0.3685 0.7231 0.5843
vn -0.2758 0.8486 0.4515
vn -0.4051 0.7950 0.4515
vn -0.4321 0.8480 0.3070
vn -0.5245 0.7219 0.4514
vn -0.5594 0.7699 0.3071
vn -0.6985 0.6984 0.1558
vn -0.6730 0.6730 0.3069
vn -0.7991 0.5806 0.1558
vn -0.7072 0.7070 0.0002
vn -0.8090 0.5877 0.0002
vn -0.5806 0.7992 0.1558
vn -0.4484 0.8801 0.1558
vn -0.5878 0.8090 0.0002
vn -0.3053 0.9394 0.1559
vn -0.4539 0.8911 0.0002
vn -0.2940 0.9051 0.3072
vn -0.1545 0.9756 0.1559
vn -0.1489 0.9399 0.3074
vn -0.0001 0.8910 0.4540
vn -0.0001 0.9511 0.3090
vn -0.0001 0.9914 0.1305
vn -0.0000 0.9511 0.3090
vn 0.0001 0.9914 0.1305
vn 0.1564 0.9877 0.0002
vn 0.1558 0.9756 0.1545
vn 0.3074 0.9050 0.2941
vn 0.3071 0.9400 0.1489
vn 0.4540 0.8910 0.0001
vn 0.4514 0.8813 0.1396
vn 0.5877 0.8091 0.0001
vn 0.5842 0.8016 0.1269
vn 0.7071 0.7071 -0.0002
vn 0.4485 0.8801 -0.1558
vn 0.5806 0.7991 -0.1558
vn 0.3052 0.9394 -0.1558
vn 0.4320 0.8478 -0.3076
vn 0.2940 0.9049 -0.3079
vn 0.1564 0.9877 -0.0002
vn 0.3090 0.9511 -0.0002
vn 0.0001 0.9914 -0.1305
vn 0.1488 0.9397 -0.3079
vn 0.0001 0.9511 -0.3090
vn -0.0000 1.0000 -0.0015
vn 0.1507 0.9883 -0.0239
vn 0.0001 1.0000 -0.0000
vn 0.2905 0.9522 -0.0944
vn 0.3017 0.9522 -0.0478
vn 0.1359 0.9883 -0.0693
vn 0.0001 0.8910 -0.4540
vn 0.1396 0.8814 -0.4513
vn 0.1269 0.8016 -0.5843
vn 0.2758 0.8487 -0.4513
vn 0.2508 0.7719 -0.5842
vn -0.0000 0.8091 -0.5877
vn 0.1113 0.7027 -0.7027
vn -0.0000 0.7071 -0.7071
vn 0.1837 0.5655 -0.8040
vn 0.2198 0.6766 -0.7027
vn -0.0000 0.5877 -0.8091
vn 0.0727 0.4591 -0.8854
vn -0.0000 0.4540 -0.8910
vn 0.0512 0.3230 -0.9450
vn 0.1437 0.4420 -0.8854
vn 0.1011 0.3110 -0.9450
vn -0.0000 0.1564 -0.9877
vn -0.0000 0.3089 -0.9511
vn 0.0001 0.0029 -1.0000
vn 0.0305 0.1925 -0.9808
vn 0.0603 0.1854 -0.9808
vn 0.0605 -0.0118 -0.9981
vn 0.0687 0.9968 0.0404
vn 0.0595 0.9852 -0.1608
vn 0.0655 0.9349 0.3489
vn 0.4420 0.1436 -0.8854
vn 0.3731 0.0896 -0.9235
vn 0.3302 0.1118 -0.9373
vn 0.0667 0.9595 -0.2735
vn 0.0757 0.9663 -0.2461
vn 0.6766 0.2198 -0.7028
vn 0.5794 0.1392 -0.8031
vn 0.5655 0.1838 -0.8040
vn 0.7176 0.1292 -0.6844
vn 0.8091 0.0019 -0.5876
vn 0.7604 0.0017 -0.6494
vn 0.8486 0.2757 -0.4516
vn 0.8017 0.1269 -0.5841
vn 0.7719 0.2508 -0.5842
vn 0.8910 0.0023 -0.4539
vn 0.9398 0.1489 -0.3075
vn 0.9511 0.0026 -0.3089
vn 0.9051 0.2941 -0.3072
vn 0.9756 0.1545 -0.1558
vn 0.8801 0.4485 -0.1558
vn 0.8479 0.4320 -0.3071
vn 0.7699 0.5594 -0.3072
vn 0.6985 0.6985 -0.1558
vn 0.6728 0.6729 -0.3075
vn 0.5594 0.7699 -0.3072
vn 0.6310 0.6310 -0.4513
vn 0.5245 0.7220 -0.4513
vn 0.4051 0.7951 -0.4514
vn 0.4771 0.6567 -0.5841
vn 0.3684 0.7232 -0.5842
vn 0.4182 0.5756 -0.7027
vn 0.3230 0.6339 -0.7027
vn 0.2700 0.5298 -0.8040
vn 0.3495 0.4810 -0.8040
vn 0.2110 0.4141 -0.8854
vn 0.2732 0.3760 -0.8854
vn 0.1923 0.2646 -0.9450
vn 0.1485 0.2914 -0.9450
vn 0.1146 0.1577 -0.9808
vn 0.0886 0.1737 -0.9808
vn 0.1378 0.1378 -0.9808
vn 0.2313 0.2313 -0.9450
vn 0.3760 0.2732 -0.8854
vn 0.2646 0.1923 -0.9450
vn 0.4811 0.3495 -0.8040
vn 0.4141 0.2110 -0.8854
vn 0.5031 0.5030 -0.7028
vn 0.4205 0.4205 -0.8040
vn 0.5755 0.4181 -0.7029
vn 0.7232 0.3685 -0.5841
vn 0.6339 0.3230 -0.7027
vn 0.6567 0.4771 -0.5841
vn 0.7951 0.4051 -0.4513
vn 0.5298 0.2699 -0.8040
vn 0.3287 0.3287 -0.8854
vn 0.2914 0.1485 -0.9450
vn 0.1577 0.1145 -0.9808
vn 0.5739 0.5739 -0.5841
vn 0.7220 0.5245 -0.4512
vn 0.9511 0.0029 -0.3089
vn 0.8911 0.0029 -0.4539
vn 0.8799 0.1570 -0.4484
vn 0.8091 0.0029 -0.5877
vn 0.6983 0.1571 -0.6983
vn 0.7691 0.3102 -0.5588
vn 0.6721 0.3106 -0.6721
vn 0.5230 0.4563 -0.7199
vn 0.6295 0.4556 -0.6295
vn 0.3667 0.5897 -0.7196
vn 0.4744 0.5904 -0.6530
vn 0.3201 0.7091 -0.6283
vn 0.2496 0.5897 -0.7681
vn 0.0916 0.8109 -0.5780
vn 0.2178 0.7094 -0.6703
vn 0.1808 0.8109 -0.5566
vn 0.0001 0.8091 -0.5877
vn 0.0705 0.8926 -0.4453
vn 0.0001 0.7071 -0.7071
vn -0.0001 0.8091 -0.5877
vn -0.0001 0.7071 -0.7071
vn -0.1264 0.5897 -0.7977
vn -0.1103 0.7091 -0.6965
vn -0.2750 0.4560 -0.8464
vn -0.1392 0.4556 -0.8792
vn -0.3664 0.5905 -0.7191
vn -0.2178 0.7094 -0.6703
vn -0.3199 0.7095 -0.6279
vn -0.3440 0.8109 -0.4734
vn -0.2657 0.8109 -0.5214
vn -0.3188 0.8926 -0.3188
vn -0.2650 0.8926 -0.3648
vn -0.3648 0.8926 -0.2650
vn -0.4138 0.8109 -0.4138
vn -0.4018 0.8926 -0.2047
vn -0.4734 0.8109 -0.3440
vn -0.4288 0.8926 -0.1393
vn -0.5214 0.8109 -0.2656
vn -0.5781 0.8108 -0.0916
vn -0.6962 0.7094 -0.1103
vn -0.7678 0.5901 -0.2495
vn -0.7975 0.5899 -0.1263
vn -0.6283 0.7091 -0.3201
vn -0.6704 0.7093 -0.2178
vn -0.6534 0.5897 -0.4747
vn -0.5703 0.7093 -0.4143
vn -0.4986 0.7091 -0.4986
vn -0.5709 0.5901 -0.5709
vn -0.5232 0.4556 -0.7202
vn -0.4745 0.5903 -0.6530
vn -0.5587 0.3106 -0.7690
vn -0.4041 0.4556 -0.7932
vn -0.4483 0.1571 -0.8800
vn -0.2937 0.3110 -0.9039
vn -0.4316 0.3102 -0.8471
vn -0.3052 0.1570 -0.9393
vn -0.1487 0.3102 -0.9390
vn -0.0001 0.1564 -0.9877
vn -0.0001 0.3086 -0.9512
vn 0.0001 0.3089 -0.9511
vn -0.0001 0.4540 -0.8910
vn 0.0001 0.5877 -0.8091
vn 0.1392 0.4556 -0.8792
vn 0.1263 0.5899 -0.7975
vn 0.1487 0.3102 -0.9390
vn 0.2751 0.4555 -0.8466
vn 0.3052 0.1570 -0.9393
vn 0.4315 0.3106 -0.8469
vn 0.2938 0.3102 -0.9042
vn 0.4484 0.1571 -0.8799
vn 0.5236 -0.1166 -0.8440
vn 0.5805 0.1571 -0.7990
vn 0.4514 -0.1073 -0.8859
vn 0.0001 0.4540 -0.8910
vn 0.1545 0.1570 -0.9754
vn 0.0001 0.1563 -0.9877
vn -0.1564 0.0029 -0.9877
vn -0.0001 0.0029 -1.0000
vn -0.3092 0.0003 -0.9510
vn -0.3090 0.0029 -0.9511
vn -0.1567 0.0002 -0.9876
vn -0.1925 0.0306 -0.9808
vn -0.3110 0.1011 -0.9450
vn -0.1854 0.0602 -0.9808
vn -0.2914 0.1485 -0.9450
vn -0.4420 0.1437 -0.8854
vn -0.4142 0.2111 -0.8854
vn -0.5298 0.2700 -0.8040
vn -0.3761 0.2732 -0.8854
vn -0.5030 0.5031 -0.7028
vn -0.4811 0.3495 -0.8040
vn -0.5755 0.4181 -0.7028
vn -0.5739 0.5740 -0.5841
vn -0.4182 0.5756 -0.7027
vn -0.4052 0.7952 -0.4512
vn -0.4771 0.6567 -0.5841
vn -0.5244 0.7218 -0.4516
vn -0.2509 0.7719 -0.5842
vn -0.2758 0.8487 -0.4513
vn -0.1396 0.8814 -0.4513
vn -0.1269 0.8016 -0.5842
vn -0.1489 0.9399 -0.3071
vn -0.0001 0.8910 -0.4540
vn -0.1113 0.7026 -0.7028
vn -0.2198 0.6766 -0.7028
vn -0.0930 0.5873 -0.8040
vn -0.1838 0.5655 -0.8040
vn -0.2700 0.5298 -0.8040
vn -0.3230 0.6339 -0.7028
vn -0.2731 0.3760 -0.8855
vn -0.3496 0.4811 -0.8040
vn -0.2313 0.2313 -0.9450
vn -0.3287 0.3286 -0.8854
vn -0.1378 0.1378 -0.9808
vn -0.2646 0.1922 -0.9450
vn -0.1146 0.1577 -0.9808
vn -0.1922 0.2647 -0.9450
vn -0.1485 0.2916 -0.9450
vn -0.0602 0.1853 -0.9808
vn -0.1011 0.3111 -0.9450
vn -0.0512 0.3230 -0.9450
vn -0.1436 0.4421 -0.8854
vn -0.0727 0.4591 -0.8854
vn -0.0000 0.3090 -0.9511
vn -0.0305 0.1924 -0.9808
vn -0.2110 0.4141 -0.8854
vn -0.0001 0.5877 -0.8090
vn -0.3684 0.7232 -0.5842
vn -0.6567 0.4770 -0.5842
vn -0.6309 0.6311 -0.4513
vn -0.7220 0.5245 -0.4513
vn -0.7231 0.3685 -0.5842
vn -0.7950 0.4051 -0.4515
vn -0.7719 0.2508 -0.5841
vn -0.8487 0.2757 -0.4514
vn -0.8017 0.1270 -0.5841
vn -0.8814 0.1395 -0.4513
vn -0.8092 0.0019 -0.5876
vn -0.8911 0.0022 -0.4539
vn -0.9511 0.0030 -0.3090
vn -0.9511 0.0026 -0.3088
vn -0.9393 0.1570 -0.3052
vn -0.4699 -0.0138 -0.8826
vn -0.8369 -0.2295 -0.4970
vn -0.9511 0.3090 -0.0002
vn -0.9733 0.2294 -0.0042
vn -0.8466 0.4557 -0.2751
vn -0.9041 0.3101 -0.2939
vn -0.7931 0.4556 -0.4042
vn -0.8471 0.3101 -0.4316
vn -0.7198 0.4564 -0.5230
vn -0.7990 0.1570 -0.5805
vn -0.6721 0.3107 -0.6721
vn -0.7690 0.3106 -0.5587
vn -0.7071 0.0029 -0.7071
vn -0.5805 0.1570 -0.7990
vn -0.6983 0.1570 -0.6984
vn -0.4542 0.0006 -0.8909
vn -0.5877 0.0029 -0.8091
vn -0.5878 0.0011 -0.8090
vn -0.5873 0.0930 -0.8040
vn -0.7072 0.0015 -0.7070
vn -0.7027 0.1113 -0.7027
vn -0.5655 0.1838 -0.8040
vn -0.4591 0.0727 -0.8854
vn -0.8799 0.1570 -0.4484
vn -0.2835 -0.9590 -0.0000
vn -0.2834 -0.9590 -0.0000
vn -0.9604 0.2335 0.1520
vn -0.9512 0.3087 0.0002
vn -0.9389 0.3105 0.1487
vn -0.8464 0.4561 0.2750
vn -0.8789 0.4563 0.1392
vn -0.7193 0.5902 0.3665
vn -0.7681 0.5896 0.2496
vn -0.6280 0.7094 0.3200
vn -0.6534 0.5897 0.4747
vn -0.4138 0.8109 0.4138
vn -0.5705 0.7090 0.4145
vn -0.4734 0.8109 0.3440
vn -0.3440 0.8109 0.4735
vn -0.3188 0.8926 0.3188
vn -0.2650 0.8926 0.3648
vn -0.8092 0.5875 0.0001
vn -0.7977 0.5897 0.1263
vn -0.8910 0.4540 -0.0002
vn -0.8910 0.4540 0.0002
vn -0.9724 0.2333 0.0001
vn -0.8091 0.0029 -0.5877
vn -0.8910 0.0030 -0.4540
vn -0.6767 0.2200 -0.7027
vn -0.6339 0.3231 -0.7027
vn -0.4205 0.4204 -0.8041
vn -0.1737 0.0884 -0.9808
vn -0.3231 0.0512 -0.9450
vn -0.1576 0.1146 -0.9808
vn -0.0885 0.1736 -0.9808
vn -0.4539 0.0029 -0.8910
vn -0.6292 0.4564 -0.6291
vn -0.7194 0.5900 -0.3665
vn -0.8791 0.4559 -0.1392
vn -0.8091 0.5877 -0.0001
vn -0.7071 0.7071 0.0001
vn -0.5562 0.8112 -0.1807
vn -0.1393 0.8926 -0.4288
vn -0.1808 0.8109 -0.5566
vn -0.0705 0.8926 -0.4453
vn -0.0916 0.8109 -0.5780
vn -0.2047 0.8926 -0.4017
vn -0.4145 0.7091 -0.5705
vn -0.2495 0.5901 -0.7678
vn -0.0001 0.5875 -0.8092
vn -0.0000 0.8910 -0.4540
vn 0.1103 0.7091 -0.6965
vn 0.4041 0.4555 -0.7932
vn 0.5588 0.3102 -0.7691
vn 0.7567 0.0056 -0.6537
vn 0.7990 0.1570 -0.5805
vn 0.9877 0.0028 -0.1564
vn 0.8813 0.1396 -0.4515
vn 0.4510 -0.1144 -0.8852
vn 0.2482 -0.0315 0.9682
vn 0.2482 -0.0314 0.9682
vn 0.1588 0.8230 0.5454
vn 0.4530 0.1088 -0.8848
vn 0.0434 0.1986 -0.9791
vn 0.1737 0.0885 -0.9808
vn 0.0648 0.9588 -0.2767
vn 0.0606 0.9811 -0.1836
vn 0.3080 -0.0781 -0.9482
vn 0.3081 -0.0723 -0.9486
vn 0.0667 0.9595 -0.2736
vn 0.0589 -0.0131 -0.9982
vn 0.0071 0.1528 -0.9882
vn 0.0930 0.5873 -0.8040
vn -0.0001 0.9511 -0.3090
vn 0.1545 0.9756 -0.1558
vn 0.4539 0.8911 -0.0002
vn 0.8090 0.5878 -0.0002
vn 0.7991 0.5806 -0.1558
vn 0.3089 0.9511 0.0002
vn 0.4512 0.8487 0.2758
vn 0.1553 0.9395 0.3053
vn 0.3072 0.8479 0.4320
vn 0.1558 0.8801 0.4485
vn 0.0001 0.8090 0.5878
vn 0.1558 0.7991 0.5806
vn 0.0001 0.8911 0.4539
vn -0.0000 0.8091 0.5877
vn -0.1396 0.8814 0.4513
vn 0.7028 0.6766 0.2198
vn 0.7071 0.7071 -0.0000
vn 0.9394 0.3052 -0.1558
vn 0.9511 0.3089 -0.0000
vn 0.9808 0.1577 0.1146
vn 0.9808 0.1737 0.0885
vn 0.9450 0.2313 0.2313
vn 0.9450 0.2646 0.1922
vn 0.9808 0.1378 0.1378
vn 0.9450 0.1922 0.2646
vn 0.9808 0.1146 0.1577
vn 0.9808 0.0884 0.1737
vn 0.9450 0.1485 0.2914
vn 0.9808 0.0603 0.1854
vn 0.9450 0.0512 0.3230
vn 0.9808 0.0306 0.1925
vn 0.9877 0.0001 0.1566
vn 0.9510 0.0003 0.3091
vn 0.9877 0.0030 0.1564
vn 0.9511 0.0029 0.3089
vn 0.9393 0.1571 0.3052
vn 0.8910 0.0029 0.4540
vn 0.8799 0.1570 0.4484
vn 0.9390 0.3102 0.1487
vn 0.9040 0.3105 0.2938
vn 0.8910 0.4540 0.0002
vn 0.9511 0.3087 0.0002
vn 0.8091 0.5877 0.0002
vn 0.8091 0.5877 -0.0002
vn 0.8792 0.4556 -0.1393
vn 0.7974 0.5901 -0.1263
vn 0.9511 0.3090 -0.0002
vn 0.7928 0.4563 0.4040
vn 0.8469 0.3106 0.4316
vn 0.7202 0.4556 0.5232
vn 0.6722 0.3102 0.6722
vn 0.7990 0.1571 0.5805
vn 0.6983 0.1571 0.6983
vn 0.7071 0.0029 0.7071
vn 0.5805 0.1571 0.7990
vn 0.8089 0.0010 0.5879
vn 0.8090 0.0029 0.5878
vn 0.7070 0.0015 0.7072
vn 0.5842 0.1269 0.8016
vn 0.5876 0.0019 0.8091
vn 0.7027 0.1113 0.7027
vn 0.8040 0.1837 0.5655
vn 0.7028 0.2198 0.6766
vn 0.8040 0.2699 0.5298
vn 0.8854 0.1436 0.4420
vn 0.8854 0.2110 0.4142
vn 0.8854 0.2732 0.3760
vn 0.8854 0.0727 0.4591
vn 0.8040 0.0930 0.5873
vn 0.7027 0.3230 0.6339
vn 0.5842 0.2508 0.7719
vn 0.8909 0.0007 0.4542
vn 0.5877 0.0029 0.8091
vn 0.8464 0.4561 0.2750
vn 0.8792 0.4556 0.1393
vn 0.9877 0.1563 0.0002
vn 0.7692 0.3102 0.5588
vn 0.9754 0.1571 0.1545
vn 0.9450 0.1011 0.3111
vn 0.8040 0.5298 0.2700
vn 0.8854 0.3287 0.3286
vn 0.7028 0.5755 0.4182
vn 0.8040 0.3495 0.4811
vn 0.5842 0.5739 0.5739
vn 0.4512 0.5245 0.7220
vn 0.3079 0.4319 0.8477
vn 0.0001 0.3090 0.9511
vn 0.4540 0.0029 0.8910
vn 0.4484 0.1570 0.8799
vn 0.5588 0.3102 0.7691
vn 0.6706 0.7091 0.2179
vn 0.1393 0.8926 0.4288
vn 0.1808 0.8109 0.5566
vn 0.0915 0.8109 0.5780
vn 0.0705 0.8926 0.4453
vn 0.2047 0.8926 0.4017
vn 0.4145 0.7091 0.5705
vn 0.2750 0.4560 0.8464
vn 0.0001 0.5875 0.8092
vn 0.0001 0.8910 0.4540
vn -0.0001 0.7071 0.7071
vn -0.0000 0.9511 0.3089
vn 0.0001 0.9511 0.3089
vn -0.1103 0.7091 0.6965
vn -0.2047 0.8926 0.4017
vn -0.1808 0.8109 0.5566
vn -0.4985 0.7093 0.4984
vn -0.3666 0.5897 0.7196
vn -0.7928 0.4563 0.4040
vn -0.6352 -0.3851 0.6695
vn -0.4609 -0.7046 0.5395
vn -0.9040 0.3104 0.2938
vn -0.4061 -0.7318 -0.5473
vn -0.4072 -0.7217 -0.5597
vn -0.4073 -0.7217 -0.5597
vn -0.4082 -0.7115 -0.5720
vn -0.4083 -0.7114 -0.5721
vn -0.9248 0.2332 0.3005
vn -0.2803 -0.9444 0.1717
vn 0.2956 0.9551 0.0218
vn -0.2830 -0.9567 0.0679
vn -0.8090 -0.0000 0.5878
vn -0.8911 -0.0000 0.4539
vn -0.5813 0.6642 0.4699
vn -0.3196 0.9266 0.1982
vn -0.5756 0.4182 0.7027
vn -0.2740 0.7907 0.5474
vn -0.4811 0.3495 0.8040
vn -0.2569 0.5017 0.8260
vn -0.4205 0.4204 0.8040
vn -0.0949 0.5008 0.8604
vn -0.2732 0.3760 0.8854
vn -0.2330 0.4940 0.8377
vn -0.1661 0.3262 -0.9306
vn -0.1269 0.1746 -0.9764
vn -0.1268 0.1745 -0.9765
vn -0.0402 0.3586 0.9326
vn -0.0810 0.4986 0.8630
vn -0.0665 0.3224 0.9443
vn -0.1736 0.0885 0.9808
vn -0.1172 0.1373 -0.9836
vn -0.1172 0.1369 -0.9836
vn -0.1586 0.0974 -0.9825
vn -0.1586 0.0972 -0.9825
vn -0.1677 0.7499 0.6399
vn -0.5879 0.0011 0.8089
vn -0.2042 0.6755 0.7085
vn -0.1854 0.0602 0.9808
vn -0.0461 0.0635 0.9969
vn -0.0356 0.0699 0.9969
vn -0.2116 0.5100 -0.8337
vn -0.1658 0.3254 -0.9309
vn -0.0727 0.4591 0.8854
vn -0.2249 0.3096 0.9239
vn -0.2199 0.6766 0.7027
vn -0.3229 0.6338 0.7028
vn -0.4771 0.6567 0.5841
vn -0.7231 0.3685 0.5842
vn -0.6310 0.6310 0.4514
vn -0.7699 0.5593 0.3073
vn -0.7707 0.6299 0.0959
vn -0.8802 0.4484 0.1558
vn -0.8911 0.4538 0.0001
vn -0.9510 0.3090 0.0002
vn -0.9442 0.2413 0.2241
vn 0.9973 0.0058 0.0726
vn 0.9973 0.0058 0.0727
vn -0.2765 -0.0169 -0.9609
vn -0.7569 0.4618 -0.4625
vn -0.8090 0.5878 -0.0002
vn -0.5806 0.7992 -0.1558
vn -0.3090 0.9511 0.0002
vn -0.3090 0.9511 -0.0002
vn -0.2722 0.9522 -0.1387
vn -0.3647 0.8926 -0.2650
vn -0.2650 0.8926 -0.3647
vn -0.0915 0.8109 -0.5780
vn 0.0001 0.9511 -0.3089
vn 0.0001 0.8091 -0.5876
vn 0.1393 0.8926 -0.4288
vn 0.1808 0.8109 -0.5565
vn 0.2655 0.8112 -0.5211
vn 0.2650 0.8926 -0.3648
vn 0.3188 0.8926 -0.3188
vn 0.4734 0.8109 -0.3440
vn 0.7192 0.5902 -0.3665
vn 0.6281 0.7093 -0.3200
vn 0.7679 0.5900 -0.2495
vn 0.7929 0.4561 -0.4040
vn 0.8463 0.4563 -0.2750
vn 0.7977 0.5897 -0.1263
vn 0.8092 0.5876 -0.0003
vn 0.7071 0.7071 0.0002
vn 0.5877 0.8091 0.0002
vn 0.5780 0.8109 0.0916
vn 0.2650 0.8926 0.3648
vn 0.0916 0.8109 0.5780
vn -0.1808 0.8109 0.5565
vn -0.2650 0.8926 0.3647
vn -0.3188 0.8926 0.3187
vn -0.3647 0.8926 0.2650
vn -0.5214 0.8109 0.2657
vn -0.4017 0.8926 0.2047
vn -0.6706 0.7090 0.2179
vn -0.5565 0.8109 0.1809
vn -0.5780 0.8109 0.0915
vn -0.6964 0.7091 0.1103
vn -0.7071 0.7071 0.0002
vn -0.8091 0.5877 0.0002
vn -0.7975 0.5899 0.1263
vn -0.8466 0.4556 0.2751
vn -0.8790 0.4560 0.1392
vn -0.8912 0.4536 0.0002
vn -0.9390 0.3102 0.1487
vn -0.9511 0.3089 0.0002
vn -0.9754 0.1571 0.1545
vn -0.9041 0.3102 0.2938
vn -0.9392 0.1571 0.3052
vn -0.8800 0.1570 0.4483
vn -0.8471 0.3102 0.4316
vn -0.7929 0.4562 0.4040
vn -0.5709 0.5901 0.5709
vn -0.4986 0.7091 0.4986
vn -0.3199 0.7095 0.6279
vn -0.3666 0.5901 0.7194
vn -0.2496 0.5896 0.7681
vn -0.1103 0.7091 0.6964
vn -0.0001 0.5875 0.8092
vn 0.0001 0.4540 0.8910
vn 0.1487 0.3102 0.9390
vn 0.0001 0.3089 0.9511
vn 0.1545 0.1570 0.9754
vn 0.3052 0.1571 0.9393
vn 0.4041 0.4556 0.7932
vn 0.4315 0.3108 0.8469
vn 0.3667 0.5897 0.7196
vn 0.5232 0.4556 0.7202
vn 0.5705 0.7091 0.4145
vn 0.6534 0.5897 0.4747
vn 0.6278 0.7095 0.3199
vn 0.7192 0.5903 0.3665
vn 0.7679 0.5900 0.2495
vn 0.8790 0.4561 0.1392
vn 0.8466 0.4556 0.2751
vn 0.8471 0.3102 0.4316
vn 0.9040 0.3106 0.2937
vn 0.7691 0.3102 0.5588
vn 0.7932 0.4556 0.4041
vn 0.6721 0.3106 0.6721
vn 0.7199 0.4562 0.5231
vn 0.5805 0.1570 0.7990
vn 0.6983 0.1570 0.6983
vn 0.4540 0.0073 0.8910
vn 0.4483 0.1575 0.8799
vn 0.3090 -0.0073 0.9510
vn 0.3090 0.0073 0.9510
vn 0.1565 -0.0073 0.9877
vn 0.3052 -0.1570 0.9393
vn 0.1545 -0.1575 0.9754
vn 0.0001 -0.1563 0.9877
vn 0.1487 -0.3106 0.9388
vn 0.0001 -0.3089 0.9511
vn 0.2751 -0.4556 0.8466
vn 0.2938 -0.3102 0.9041
vn 0.1392 -0.4560 0.8790
vn 0.0001 -0.5877 0.8091
vn 0.0001 -0.4536 0.8912
vn 0.2495 -0.5900 0.7679
vn 0.1103 -0.7091 0.6965
vn 0.1263 -0.5902 0.7973
vn 0.0915 -0.8109 0.5780
vn 0.0001 -0.7070 0.7072
vn 0.1808 -0.8109 0.5566
vn 0.0705 -0.8926 0.4453
vn 0.0001 -0.8910 0.4540
vn 0.0478 -0.9522 0.3017
vn 0.0001 -0.9511 0.3089
vn 0.0473 -0.9882 0.1456
vn 0.0944 -0.9522 0.2905
vn 0.0239 -0.9883 0.1507
vn -0.0000 -0.9914 0.1305
vn -0.0000 -1.0000 0.0003
vn -0.0000 -0.9915 0.1305
vn -0.0239 -0.9883 0.1507
vn -0.0944 -0.9522 0.2905
vn -0.0478 -0.9522 0.3017
vn -0.0695 -0.9882 0.1365
vn -0.1795 -0.9522 0.2471
vn -0.1387 -0.9522 0.2722
vn -0.1082 -0.9882 0.1082
vn -0.2160 -0.9522 0.2160
vn -0.1234 -0.9883 0.0897
vn -0.2471 -0.9522 0.1795
vn -0.1359 -0.9883 0.0693
vn -0.2722 -0.9522 0.1387
vn -0.1451 -0.9883 0.0472
vn -0.2905 -0.9522 0.0944
vn -0.1507 -0.9883 0.0239
vn -0.1564 -0.9877 0.0001
vn -0.3017 -0.9522 0.0478
vn -0.4540 -0.8910 0.0002
vn -0.4454 -0.8926 0.0705
vn -0.4288 -0.8926 0.1393
vn -0.5780 -0.8109 0.0915
vn -0.5565 -0.8109 0.1808
vn -0.5214 -0.8109 0.2657
vn -0.4017 -0.8926 0.2047
vn -0.4734 -0.8109 0.3440
vn -0.3648 -0.8926 0.2650
vn -0.4138 -0.8109 0.4138
vn -0.3188 -0.8926 0.3188
vn -0.2650 -0.8926 0.3648
vn -0.2047 -0.8926 0.4017
vn -0.3440 -0.8109 0.4735
vn -0.2657 -0.8109 0.5214
vn -0.1808 -0.8109 0.5566
vn -0.0915 -0.8109 0.5780
vn -0.1393 -0.8926 0.4288
vn -0.0001 -0.8091 0.5877
vn -0.0705 -0.8926 0.4453
vn -0.0001 -0.7071 0.7071
vn -0.1103 -0.7091 0.6965
vn -0.2495 -0.5902 0.7678
vn -0.1263 -0.5901 0.7974
vn -0.1392 -0.4562 0.8789
vn -0.0001 -0.5875 0.8092
vn -0.2750 -0.4564 0.8462
vn -0.1487 -0.3106 0.9388
vn -0.0001 -0.1564 0.9877
vn -0.0001 -0.3087 0.9512
vn -0.3052 -0.1571 0.9393
vn -0.1565 -0.0073 0.9877
vn -0.1545 -0.1570 0.9754
vn -0.0001 -0.0072 1.0000
vn -0.1564 0.0073 0.9877
vn -0.0001 0.0072 1.0000
vn 0.0001 0.0072 1.0000
vn -0.1545 0.1570 0.9754
vn -0.0001 0.3089 0.9511
vn -0.0001 0.1563 0.9877
vn -0.1487 0.3102 0.9390
vn -0.2750 0.4562 0.8463
vn -0.1392 0.4556 0.8792
vn -0.4316 0.3102 0.8471
vn -0.4042 0.4556 0.7931
vn -0.5587 0.3107 0.7690
vn -0.5231 0.4560 0.7200
vn -0.5805 0.1570 0.7990
vn -0.6721 0.3108 0.6721
vn -0.7990 0.1570 0.5805
vn -0.7071 0.0072 0.7071
vn -0.8090 0.0073 0.5878
vn -0.8910 -0.0072 0.4540
vn -0.8910 0.0072 0.4540
vn -0.9510 -0.0072 0.3090
vn -0.8800 -0.1570 0.4483
vn -0.9393 -0.1570 0.3052
vn -0.9390 -0.3102 0.1487
vn -0.9754 -0.1571 0.1544
vn -0.8910 -0.4540 0.0002
vn -0.8792 -0.4556 0.1392
vn -0.7681 -0.5896 0.2496
vn -0.7973 -0.5902 0.1263
vn -0.8092 -0.5876 0.0002
vn -0.6962 -0.7093 0.1103
vn -0.7071 -0.7071 0.0002
vn -0.6706 -0.7091 0.2179
vn -0.7196 -0.5897 0.3666
vn -0.6283 -0.7091 0.3201
vn -0.6531 -0.5902 0.4745
vn -0.5705 -0.7090 0.4145
vn -0.4983 -0.7095 0.4983
vn -0.4145 -0.7091 0.5705
vn -0.5709 -0.5901 0.5709
vn -0.4747 -0.5897 0.6534
vn -0.3201 -0.7091 0.6283
vn -0.4041 -0.4556 0.7932
vn -0.3667 -0.5896 0.7196
vn -0.5588 -0.3102 0.7691
vn -0.4316 -0.3101 0.8471
vn -0.5805 -0.1570 0.7990
vn -0.4540 -0.0072 0.8910
vn -0.5878 -0.0072 0.8090
vn -0.4540 0.0073 0.8910
vn -0.5878 0.0072 0.8090
vn -0.3090 0.0073 0.9510
vn -0.4483 0.1570 0.8800
vn -0.3052 0.1571 0.9393
vn -0.6982 -0.1576 0.6983
vn -0.7990 -0.1570 0.5805
vn -0.6721 -0.3106 0.6721
vn -0.7691 -0.3101 0.5588
vn -0.7930 -0.4559 0.4041
vn -0.7201 -0.4559 0.5231
vn -0.6295 -0.4556 0.6295
vn -0.5231 -0.4561 0.7200
vn -0.8464 -0.4560 0.2750
vn -0.9042 -0.3101 0.2938
vn -0.9877 -0.1563 0.0002
vn -1.0000 -0.0072 0.0002
vn -0.8471 -0.3102 0.4316
vn -0.9877 -0.0072 0.1564
vn -0.9510 0.0073 0.3090
vn -0.7071 -0.0072 0.7071
vn -0.8090 -0.0072 0.5878
vn -0.6983 0.1574 0.6983
vn -0.2938 0.3102 0.9042
vn 0.0001 -0.0072 1.0000
vn -0.4483 -0.1570 0.8800
vn -0.3090 -0.0073 0.9510
vn -0.2938 -0.3101 0.9042
vn -0.0001 -0.4536 0.8912
vn -0.2179 -0.7091 0.6706
vn -0.5877 -0.8091 0.0002
vn -0.0001 -1.0000 -0.0000
vn -0.0897 -0.9883 0.1234
vn -0.0001 -0.8910 0.4540
vn -0.0471 -0.9883 0.1451
vn -0.0001 -0.9511 0.3089
vn 0.0693 -0.9883 0.1360
vn 0.1795 -0.9522 0.2471
vn 0.1387 -0.9522 0.2722
vn 0.0897 -0.9883 0.1235
vn 0.2471 -0.9522 0.1795
vn 0.1083 -0.9882 0.1083
vn 0.2160 -0.9522 0.2160
vn 0.1239 -0.9882 0.0900
vn 0.1452 -0.9883 0.0472
vn 0.2722 -0.9522 0.1387
vn 0.2905 -0.9522 0.0944
vn 0.1508 -0.9883 0.0239
vn 0.3017 -0.9522 0.0478
vn 0.1564 -0.9877 0.0001
vn 0.1564 -0.9877 -0.0001
vn 0.1507 -0.9883 -0.0239
vn 0.1452 -0.9883 -0.0472
vn 0.3017 -0.9522 -0.0478
vn 0.2905 -0.9522 -0.0944
vn 0.1360 -0.9883 -0.0693
vn 0.1239 -0.9882 -0.0900
vn 0.2722 -0.9522 -0.1387
vn 0.2471 -0.9522 -0.1795
vn 0.1083 -0.9882 -0.1083
vn 0.1795 -0.9522 -0.2471
vn 0.0897 -0.9883 -0.1235
vn 0.0695 -0.9882 -0.1364
vn 0.0472 -0.9883 -0.1452
vn 0.1387 -0.9522 -0.2722
vn 0.0944 -0.9522 -0.2905
vn 0.0239 -0.9882 -0.1511
vn -0.0000 -0.9511 -0.3090
vn -0.0000 -0.9914 -0.1305
vn -0.0000 -1.0000 -0.0003
vn -0.0239 -0.9882 -0.1510
vn -0.0944 -0.9522 -0.2905
vn -0.0478 -0.9522 -0.3017
vn -0.0693 -0.9883 -0.1360
vn -0.1795 -0.9522 -0.2471
vn -0.1387 -0.9522 -0.2722
vn -0.1082 -0.9882 -0.1082
vn -0.1234 -0.9883 -0.0897
vn -0.2160 -0.9522 -0.2160
vn -0.2471 -0.9522 -0.1795
vn -0.1359 -0.9883 -0.0693
vn -0.2722 -0.9522 -0.1387
vn -0.3648 -0.8926 -0.2650
vn -0.4735 -0.8109 -0.3440
vn -0.4017 -0.8926 -0.2047
vn -0.6283 -0.7091 -0.3201
vn -0.5214 -0.8109 -0.2657
vn -0.6531 -0.5902 -0.4745
vn -0.5702 -0.7094 -0.4143
vn -0.7930 -0.4559 -0.4041
vn -0.7202 -0.4556 -0.5232
vn -0.8469 -0.3108 -0.4315
vn -0.7990 -0.1570 -0.5805
vn -0.8799 -0.1570 -0.4484
vn -0.8090 -0.0073 -0.5878
vn -0.7070 -0.0072 -0.7071
vn -0.8090 0.0072 -0.5878
vn -0.8910 0.0072 -0.4540
vn -0.6722 0.3102 -0.6722
vn -0.6983 0.1571 -0.6983
vn -0.8471 0.3102 -0.4316
vn -0.7200 0.4560 -0.5231
vn -0.7932 0.4556 -0.4042
vn -0.5709 0.5899 -0.5710
vn -0.7196 0.5897 -0.3667
vn -0.5705 0.7090 -0.4145
vn -0.5214 0.8109 -0.2657
vn -0.4984 0.7094 -0.4984
vn -0.3201 0.7091 -0.6283
vn -0.4745 0.5901 -0.6531
vn -0.3667 0.5897 -0.7196
vn -0.2178 0.7095 -0.6702
vn -0.1103 0.7091 -0.6964
vn -0.2496 0.5896 -0.7681
vn -0.1264 0.5896 -0.7977
vn -0.0001 0.7070 -0.7072
vn -0.0001 0.5877 -0.8091
vn 0.1103 0.7093 -0.6962
vn 0.1263 0.5897 -0.7977
vn 0.2179 0.7091 -0.6706
vn 0.5711 0.5897 -0.5711
vn 0.5231 0.4560 -0.7200
vn 0.6295 0.4556 -0.6294
vn 0.7200 0.4560 -0.5231
vn 0.8799 0.1571 -0.4484
vn 0.9392 0.1571 -0.3052
vn 0.8471 0.3102 -0.4316
vn 0.9041 0.3105 -0.2938
vn 0.9390 0.3101 -0.1487
vn 0.9511 0.3089 0.0002
vn 0.9512 0.3087 -0.0002
vn 0.9390 0.3101 0.1487
vn 0.9877 0.1562 0.0002
vn 0.9877 0.0073 0.1565
vn 0.9392 0.1571 0.3052
vn 0.9510 0.0073 0.3090
vn 0.8799 0.1571 0.4484
vn 0.8090 0.0072 0.5878
vn 0.8910 0.0072 0.4540
vn 0.7071 -0.0072 0.7071
vn 0.7071 0.0072 0.7071
vn 0.5878 -0.0072 0.8090
vn 0.6983 -0.1570 0.6983
vn 0.5805 -0.1570 0.7990
vn 0.5587 -0.3107 0.7690
vn 0.4484 -0.1570 0.8799
vn 0.6295 -0.4556 0.6295
vn 0.6721 -0.3106 0.6721
vn 0.5231 -0.4561 0.7200
vn 0.3665 -0.5900 0.7194
vn 0.4041 -0.4556 0.7932
vn 0.4984 -0.7094 0.4984
vn 0.4747 -0.5896 0.6534
vn 0.5711 -0.5896 0.5711
vn 0.4143 -0.7093 0.5703
vn 0.2657 -0.8109 0.5214
vn 0.3201 -0.7091 0.6283
vn 0.4138 -0.8109 0.4138
vn 0.2650 -0.8926 0.3647
vn 0.3440 -0.8109 0.4734
vn 0.4734 -0.8109 0.3440
vn 0.3188 -0.8926 0.3188
vn 0.4017 -0.8926 0.2047
vn 0.5214 -0.8109 0.2657
vn 0.4288 -0.8926 0.1393
vn 0.5562 -0.8112 0.1807
vn 0.4453 -0.8926 0.0705
vn 0.5877 -0.8091 0.0002
vn 0.4540 -0.8910 0.0002
vn 0.5877 -0.8091 -0.0002
vn 0.4540 -0.8910 -0.0002
vn 0.4453 -0.8926 -0.0705
vn 0.5566 -0.8109 -0.1808
vn 0.5780 -0.8109 -0.0916
vn 0.5214 -0.8109 -0.2657
vn 0.4288 -0.8926 -0.1393
vn 0.4734 -0.8109 -0.3440
vn 0.4017 -0.8926 -0.2047
vn 0.3188 -0.8926 -0.3188
vn 0.4138 -0.8109 -0.4138
vn 0.3440 -0.8109 -0.4734
vn 0.2047 -0.8926 -0.4017
vn 0.2657 -0.8109 -0.5214
vn 0.1808 -0.8109 -0.5566
vn 0.0916 -0.8109 -0.5780
vn 0.1393 -0.8926 -0.4288
vn 0.0705 -0.8926 -0.4453
vn 0.0001 -0.8091 -0.5877
vn 0.0001 -0.8910 -0.4540
vn -0.0001 -0.8091 -0.5877
vn -0.0705 -0.8926 -0.4453
vn -0.0915 -0.8109 -0.5780
vn -0.1393 -0.8926 -0.4288
vn -0.1808 -0.8109 -0.5566
vn -0.2047 -0.8926 -0.4017
vn -0.3437 -0.8112 -0.4731
vn -0.2657 -0.8109 -0.5214
vn -0.4138 -0.8109 -0.4138
vn -0.2650 -0.8926 -0.3648
vn -0.4145 -0.7091 -0.5705
vn -0.5708 -0.5902 -0.5708
vn -0.4746 -0.5901 -0.6532
vn -0.5232 -0.4556 -0.7202
vn -0.6722 -0.3102 -0.6722
vn -0.6293 -0.4562 -0.6292
vn -0.5805 -0.1570 -0.7990
vn -0.6983 -0.1570 -0.6984
vn -0.4540 -0.0073 -0.8910
vn -0.4484 -0.1571 -0.8799
vn -0.2938 -0.3101 -0.9042
vn -0.3052 -0.1570 -0.9393
vn -0.1392 -0.4556 -0.8792
vn -0.1487 -0.3102 -0.9390
vn -0.0001 -0.5877 -0.8091
vn -0.1263 -0.5897 -0.7977
vn -0.1103 -0.7091 -0.6964
vn -0.2494 -0.5902 -0.7678
vn -0.2178 -0.7093 -0.6704
vn -0.3666 -0.5899 -0.7195
vn -0.3199 -0.7095 -0.6279
vn 0.0001 -0.4540 -0.8910
vn -0.0001 -0.3090 -0.9511
vn -0.0001 -0.4536 -0.8912
vn 0.0001 -0.3090 -0.9511
vn 0.1545 -0.1570 -0.9754
vn 0.0001 -0.1564 -0.9877
vn 0.1564 -0.0073 -0.9877
vn 0.3052 -0.1570 -0.9393
vn 0.3090 -0.0072 -0.9510
vn 0.2938 -0.3102 -0.9042
vn 0.4484 -0.1571 -0.8799
vn 0.4041 -0.4556 -0.7932
vn 0.5588 -0.3102 -0.7691
vn 0.4316 -0.3102 -0.8471
vn 0.5230 -0.4562 -0.7199
vn 0.5711 -0.5896 -0.5711
vn 0.6294 -0.4559 -0.6293
vn 0.5705 -0.7091 -0.4145
vn 0.6532 -0.5899 -0.4746
vn 0.7196 -0.5897 -0.3667
vn 0.6283 -0.7090 -0.3202
vn 0.7679 -0.5899 -0.2495
vn 0.6703 -0.7094 -0.2178
vn 0.7977 -0.5896 -0.1263
vn 0.6961 -0.7094 -0.1103
vn 0.8092 -0.5875 -0.0003
vn 0.8910 -0.4540 0.0002
vn 0.8910 -0.4540 -0.0002
vn 0.9390 -0.3102 0.1487
vn 0.9511 -0.3089 0.0002
vn 0.9042 -0.3102 0.2938
vn 0.9754 -0.1571 0.1545
vn 0.8466 -0.4556 0.2751
vn 0.8471 -0.3102 0.4316
vn 0.7932 -0.4556 0.4041
vn 0.6530 -0.5903 0.4745
vn 0.7202 -0.4556 0.5233
vn 0.7681 -0.5897 0.2496
vn 0.6280 -0.7094 0.3200
vn 0.7196 -0.5897 0.3667
vn 0.7977 -0.5897 0.1263
vn 0.6706 -0.7091 0.2179
vn 0.5705 -0.7091 0.4145
vn 0.7691 -0.3102 0.5588
vn 0.8799 -0.1571 0.4484
vn 0.7990 -0.1570 0.5805
vn 0.9877 -0.1562 0.0002
vn 0.9877 -0.0073 0.1565
vn 1.0000 -0.0072 0.0002
vn 0.9877 -0.1564 -0.0002
vn 0.9390 -0.3102 -0.1487
vn 0.9511 -0.3089 -0.0002
vn 0.9042 -0.3101 -0.2938
vn 0.8792 -0.4556 -0.1392
vn 0.8471 -0.3102 -0.4316
vn 0.8466 -0.4556 -0.2751
vn 0.7691 -0.3102 -0.5588
vn 0.7932 -0.4556 -0.4041
vn 0.6722 -0.3102 -0.6723
vn 0.7990 -0.1570 -0.5805
vn 0.6983 -0.1570 -0.6984
vn 0.5877 -0.0072 -0.8090
vn 0.7071 -0.0072 -0.7071
vn 0.4540 -0.0073 -0.8910
vn 0.5878 0.0072 -0.8090
vn 0.4540 0.0073 -0.8910
vn 0.4484 0.1570 -0.8799
vn 0.1487 0.3108 -0.9388
vn 0.1393 0.4556 -0.8792
vn 0.0001 0.1564 -0.9877
vn -0.0001 0.3090 -0.9511
vn -0.0001 0.0072 -1.0000
vn -0.1545 0.1570 -0.9754
vn -0.1564 0.0072 -0.9877
vn -0.2751 0.4556 -0.8466
vn -0.4039 0.4565 -0.7928
vn -0.5588 0.3101 -0.7691
vn -0.4484 0.1570 -0.8799
vn -0.4540 0.0073 -0.8910
vn -0.5878 0.0072 -0.8090
vn -0.2938 0.3101 -0.9042
vn -0.1393 0.4556 -0.8792
vn -0.0001 -0.0072 -1.0000
vn 0.0001 0.0072 -1.0000
vn -0.1544 -0.1570 -0.9754
vn -0.1565 -0.0073 -0.9877
vn -0.3090 0.0073 -0.9510
vn -0.3090 -0.0073 -0.9510
vn -0.0001 0.4536 -0.8912
vn 0.0001 0.3087 -0.9511
vn 0.4041 0.4556 -0.7932
vn 0.2938 0.3101 -0.9042
vn 0.4316 0.3101 -0.8471
vn 0.2751 0.4556 -0.8466
vn 0.1564 0.0073 -0.9877
vn 0.3090 0.0073 -0.9510
vn 0.6983 0.1570 -0.6984
vn 0.7071 0.0072 -0.7071
vn 0.8090 0.0072 -0.5877
vn 0.8090 -0.0072 -0.5877
vn 0.8910 0.0072 -0.4540
vn 0.8910 -0.0072 -0.4540
vn 0.9392 -0.1571 -0.3052
vn 0.9510 -0.0073 -0.3090
vn 0.9877 0.0073 -0.1565
vn 0.9510 0.0073 -0.3090
vn 0.8799 -0.1571 -0.4484
vn 0.9754 -0.1571 -0.1545
vn 0.9877 -0.0073 -0.1564
vn 1.0000 -0.0072 -0.0002
vn 1.0000 0.0072 -0.0002
vn 1.0000 0.0072 0.0002
vn 0.9392 -0.1571 0.3052
vn 0.9510 -0.0072 0.3090
vn 0.8792 -0.4556 0.1392
vn 0.7072 -0.7070 0.0002
vn 0.6965 -0.7091 0.1103
vn 0.8090 -0.5877 0.0002
vn 0.7071 -0.7071 -0.0002
vn 0.7199 -0.4561 -0.5231
vn 0.3667 -0.5897 -0.7196
vn 0.4145 -0.7091 -0.5705
vn 0.4745 -0.5901 -0.6531
vn 0.2178 -0.7094 -0.6703
vn 0.2495 -0.5900 -0.7679
vn 0.1103 -0.7091 -0.6965
vn 0.1263 -0.5899 -0.7975
vn 0.0001 -0.7070 -0.7072
vn 0.2751 -0.4556 -0.8466
vn 0.4983 -0.7095 -0.4983
vn 0.5805 -0.1570 -0.7990
vn 0.0001 -0.0072 -1.0000
vn 0.1487 -0.3105 -0.9389
vn 0.0001 -0.5877 -0.8091
vn 0.1392 -0.4559 -0.8791
vn -0.0001 -0.1564 -0.9877
vn -0.0001 -0.7071 -0.7071
vn -0.2751 -0.4556 -0.8466
vn -0.4316 -0.3102 -0.8471
vn -0.5877 -0.0072 -0.8090
vn -0.5588 -0.3102 -0.7691
vn -0.4041 -0.4556 -0.7932
vn 0.3201 -0.7091 -0.6283
vn 0.5780 -0.8109 0.0916
vn 0.2047 -0.8926 0.4017
vn 0.4316 -0.3102 0.8471
vn 0.8090 -0.0072 0.5878
vn 0.8910 -0.0073 0.4540
vn 0.5804 0.1576 -0.7989
vn 0.4746 0.5900 -0.6532
vn -0.6295 0.4556 -0.6295
vn -0.5231 0.4561 -0.7200
vn -0.7691 0.3101 -0.5588
vn -0.7071 0.0073 -0.7071
vn -0.8910 -0.0072 -0.4540
vn -0.4986 -0.7091 -0.4986
vn -0.3188 -0.8926 -0.3188
vn -0.0897 -0.9883 -0.1234
vn -0.0471 -0.9883 -0.1451
vn -0.0001 -0.8910 -0.4540
vn -0.0001 -0.9511 -0.3089
vn 0.0478 -0.9522 -0.3017
vn 0.2650 -0.8926 -0.3647
vn 0.2160 -0.9522 -0.2160
vn 0.3647 -0.8926 -0.2650
vn 0.3089 -0.9511 -0.0001
vn 0.3089 -0.9511 0.0001
vn 0.1364 -0.9882 0.0695
vn 0.3647 -0.8926 0.2650
vn 0.1393 -0.8926 0.4288
vn 0.0001 -0.8091 0.5877
vn 0.2179 -0.7091 0.6706
vn 0.1564 0.0073 0.9877
vn 0.4540 -0.0073 0.8910
vn 0.5878 0.0072 0.8090
vn 0.7990 0.1570 0.5805
vn 0.6294 0.4559 0.6293
vn 0.2179 0.7091 0.6706
vn 0.2494 0.5902 0.7677
vn 0.1263 0.5897 0.7977
vn 0.4143 0.7094 0.5702
vn 0.5587 0.3108 0.7689
vn 0.2751 0.4556 0.8466
vn 0.1393 0.4556 0.8792
vn 0.0001 0.7070 0.7072
vn -0.5702 0.7093 0.4143
vn -0.6292 0.4562 0.6293
vn -0.7196 0.5897 0.3666
vn -0.7691 0.3101 0.5588
vn -0.9877 0.0073 0.1564
vn -0.7679 0.5900 0.2495
vn -0.3438 0.8111 0.4732
vn 0.1103 0.7091 0.6964
vn 0.7977 0.5897 0.1263
vn 0.8092 0.5875 0.0003
vn 0.6532 0.5899 -0.4746
vn -0.4017 0.8926 -0.2047
vn 0.1238 0.9882 -0.0900
vn 0.1564 0.9877 -0.0001
vn 0.1237 0.9882 0.0899
vn 0.3648 0.8926 0.2650
vn 0.0944 0.9522 0.2905
vn -0.0001 0.9511 0.3089
vn -0.0944 0.9522 0.2905
vn -0.5876 0.8091 0.0001
vn -0.1514 0.9882 0.0240
vn -0.2906 0.9522 -0.0944
vn -0.1564 0.9877 -0.0001
vn -0.5877 0.8091 -0.0001
vn -0.8466 0.4555 -0.2751
vn -0.9877 0.1565 0.0002
vn -0.9510 0.0073 -0.3090
vn -0.9512 -0.3086 0.0002
vn -0.9512 -0.3086 -0.0002
vn -0.9393 -0.1569 -0.3052
vn -0.8910 -0.4539 -0.0002
vn -0.7193 -0.5902 -0.3665
vn -0.5876 -0.8091 -0.0002
vn -0.3089 -0.9511 0.0001
vn -0.4454 -0.8926 -0.0705
vn -0.2905 -0.9522 -0.0944
vn 0.3089 -0.9511 -0.0004
vn 0.2760 -0.9508 0.1406
vn 0.1822 -0.9508 0.2507
vn 0.1407 -0.9508 0.2761
vn -0.2761 -0.9508 0.1407
vn -0.1565 -0.9877 -0.0002
vn -0.2761 -0.9508 -0.1407
vn 0.0002 -0.9511 -0.3089
vn 0.4326 -0.8906 -0.1405
vn 0.3213 -0.7066 0.6305
vn -0.0711 -0.8906 0.4492
vn -0.4491 -0.8906 -0.0711
vn 0.5239 -0.4535 0.7210
vn 0.1567 0.0109 0.9876
vn 0.3089 0.0230 0.9508
vn 0.2531 0.5738 0.7789
vn 0.1599 0.4238 0.8915
vn 0.4540 -0.0016 0.8910
vn 0.1564 -0.0016 0.9877
vn 0.1394 -0.4535 0.8803
vn -0.4757 -0.5873 0.6548
vn -0.6988 -0.7067 0.1107
vn -0.6988 -0.7067 -0.1107
vn -0.0005 -0.5876 -0.8091
vn 0.2169 0.9294 -0.2985
vn 0.9621 -0.0016 -0.2728
vn 0.9617 0.0201 -0.2734
vn 0.5315 0.8471 -0.0007
vn 0.5557 0.8314 -0.0007
vn 0.5564 0.8309 0.0007
vn 0.9877 0.0016 0.1564
vn 0.9511 0.0016 0.3090
vn 0.9507 0.0476 0.3066
vn 0.9338 0.0172 0.3573
vn 0.5878 -0.0016 0.8090
vn 0.4537 0.0331 0.8905
vn 0.0006 0.1573 0.9875
vn -0.3052 0.1558 0.9394
vn -0.3090 0.0016 0.9511
vn -0.1564 0.0016 0.9877
vn 0.0006 0.0016 1.0000
vn -0.1488 -0.3086 0.9395
vn -0.1564 0.0192 0.9875
vn -0.2841 0.8754 0.3910
vn -0.7041 0.0918 0.7042
vn -0.9397 -0.3079 0.1488
vn -0.9795 0.1284 0.1552
vn -1.0000 0.0015 0.0012
vn -0.9518 -0.3066 -0.0012
vn -0.9388 -0.1954 -0.2837
vn -0.8847 0.1190 -0.4508
vn -0.8850 0.1159 -0.4509
vn -0.8043 0.1084 -0.5843
vn -0.6984 -0.1563 -0.6984
vn -0.7039 0.0950 -0.7039
vn -0.5861 0.0762 -0.8067
vn -0.1408 0.9063 -0.3985
vn -0.5832 0.0971 -0.8065
vn -0.2168 0.8945 -0.3910
vn -0.4487 0.1176 -0.8859
vn -0.1296 0.9079 -0.3987
vn -0.3067 0.1212 -0.9441
vn -0.4318 -0.3086 -0.8475
vn -0.3088 0.0394 -0.9503
vn -0.0637 0.9134 -0.4022
vn 0.0016 -0.1640 -0.9865
vn 0.3080 0.0808 -0.9480
vn 0.6667 0.0132 -0.7452
vn 0.1999 0.8978 -0.3924
vn 0.8910 -0.0016 -0.4540
vn 0.8080 0.0507 -0.5870
vn 0.9756 0.1557 -0.1545
vn 0.1394 0.4535 -0.8803
vn 0.1312 0.9079 -0.3982
vn 0.0005 0.4540 -0.8910
vn -0.0003 0.9149 -0.4037
vn -0.3671 0.8546 -0.3671
vn -0.9511 0.3089 0.0012
vn -0.9877 0.1565 0.0013
vn -0.7210 0.4536 -0.5238
vn 0.4757 0.5874 -0.6547
vn 0.7940 0.4537 -0.4046
vn 0.7697 0.5874 -0.2501
vn 0.9513 0.3083 -0.0012
vn 1.0000 0.0016 -0.0012
vn 0.7658 0.0548 0.6408
vn -0.1266 0.5873 0.7994
vn -0.7071 0.7071 -0.0009
vn -0.6305 0.7065 -0.3213
vn 0.1818 0.8086 -0.5596
vn 0.8910 0.4540 0.0011
vn 0.9395 0.3087 0.1488
vn 0.7942 0.4532 0.4047
vn 0.7210 0.4535 0.5239
vn -0.3459 0.8086 0.4760
vn -0.4540 0.8910 -0.0006
vn 0.0002 1.0000 -0.0000
vn -0.0004 1.0000 -0.0000
vn -0.1507 0.9883 0.0239
vn -0.2905 0.9522 0.0944
vn -0.1451 0.9883 0.0471
vn 0.1554 0.9875 0.0246
vn 0.3060 0.9508 0.0485
vn 0.1496 0.9875 0.0486
vn 0.2947 0.9508 0.0957
vn 0.1402 0.9875 0.0714
vn 0.0958 0.9507 0.2948
vn 0.1407 0.9508 0.2761
vn 0.3679 0.8906 0.2673
vn 0.4325 0.8906 0.1405
vn 0.4760 0.8086 0.3458
vn 0.5810 0.8087 0.0920
vn 0.4540 0.8910 -0.0005
vn 0.5877 0.8091 -0.0007
vn 0.2947 0.9508 -0.0958
vn 0.2507 0.9508 -0.1821
vn 0.0925 0.9875 -0.1273
vn -0.2191 0.9508 -0.2191
vn -0.2761 0.9508 -0.1407
vn -0.4324 0.8907 -0.1405
vn -0.3089 0.9511 -0.0004
vn -0.0003 1.0000 -0.0000
vn 0.0004 1.0000 -0.0000
vn 0.1451 0.9883 -0.0472
vn 0.1360 0.9883 -0.0693
vn 0.1795 0.9522 -0.2471
vn 0.7681 0.5897 -0.2496
vn 0.4539 0.8910 0.0001
vn 0.2471 0.9522 0.1795
vn -0.1389 0.9521 0.2726
vn -0.1359 0.9883 0.0693
vn -0.2164 0.9520 0.2164
vn -0.4018 0.8926 0.2047
vn -0.6702 0.7095 0.2178
vn -0.1389 0.9521 -0.2726
vn 0.6280 0.7094 -0.3200
vn 0.8471 0.3101 -0.4316
vn 0.9877 0.0030 -0.1564
vn 0.9507 0.0033 -0.3102
vn 1.0000 -0.0004 0.0021
vn -1.0000 0.0011 -0.0009
vn 0.4325 0.8906 -0.1405
vn -0.0004 0.7071 -0.7071
vn -0.0006 0.3088 0.9511
vn 0.1451 0.9883 -0.0471
vn 0.5179 -0.1313 -0.8453
vn 0.1587 0.8230 0.5454
vn 0.0647 0.9588 -0.2767
vn -0.4062 -0.7318 -0.5473
vn -0.2802 -0.9444 0.1718
vn -0.2116 0.5109 -0.8332
vn -0.1738 0.3410 0.9239
vn -0.7690 -0.3105 -0.5588
vt 0.924073 0.052145
vt 0.924069 0.052276
vt 0.923945 0.052269
vt 0.924073 0.055417
vt 0.924067 0.055546
vt 0.923940 0.055416
vt 0.983078 0.052146
vt 0.983205 0.052276
vt 0.983073 0.052275
vt 0.980983 0.059121
vt 0.981077 0.059002
vt 0.981170 0.059134
vt 0.940031 0.061027
vt 0.940139 0.061164
vt 0.940080 0.061603
vt 0.970957 0.056596
vt 0.970959 0.056471
vt 0.971089 0.056603
vt 0.970964 0.059743
vt 0.971096 0.059743
vt 0.970963 0.059875
vt 0.929375 0.046041
vt 0.929377 0.045910
vt 0.929507 0.046041
vt 0.953699 0.056484
vt 0.953827 0.056614
vt 0.953693 0.056613
vt 0.980728 0.065060
vt 0.980903 0.065068
vt 0.980797 0.065199
vt 0.983203 0.046042
vt 0.983068 0.046040
vt 0.983072 0.045910
vt 0.977767 0.046044
vt 0.977637 0.046039
vt 0.977769 0.045908
vt 0.939923 0.065058
vt 0.940106 0.065068
vt 0.940001 0.065199
vt 0.184510 0.243634
vt 0.184532 0.243369
vt 0.187137 0.243628
vt 0.200966 0.173085
vt 0.198359 0.173083
vt 0.198348 0.172816
vt 0.158396 0.172467
vt 0.158099 0.172601
vt 0.158633 0.172130
vt 0.158918 0.172011
vt 0.194997 0.171987
vt 0.162866 0.172199
vt 0.187632 0.178584
vt 0.167535 0.178582
vt 0.162802 0.228341
vt 0.167465 0.178625
vt 0.167429 0.221631
vt 0.173566 0.226974
vt 0.167484 0.221688
vt 0.183036 0.226974
vt 0.182966 0.228479
vt 0.183005 0.228471
vt 0.183033 0.228540
vt 0.177679 0.228560
vt 0.177631 0.228563
vt 0.177677 0.228526
vt 0.187273 0.228449
vt 0.187303 0.228483
vt 0.187260 0.228463
vt 0.183007 0.227038
vt 0.183053 0.227046
vt 0.183042 0.227064
vt 0.173564 0.228531
vt 0.157741 0.228670
vt 0.169299 0.228449
vt 0.169329 0.228474
vt 0.169308 0.228521
vt 0.173593 0.227043
vt 0.173564 0.227060
vt 0.173551 0.227028
vt 0.157668 0.230191
vt 0.157719 0.230187
vt 0.157681 0.230214
vt 0.173637 0.227017
vt 0.169259 0.227012
vt 0.169325 0.227020
vt 0.169291 0.227057
vt 0.169249 0.228462
vt 0.187276 0.228528
vt 0.173629 0.228491
vt 0.182967 0.227020
vt 0.159663 0.226966
vt 0.159922 0.172297
vt 0.159879 0.227171
vt 0.159821 0.227541
vt 0.198212 0.171926
vt 0.198152 0.171938
vt 0.198172 0.171904
vt 0.198084 0.227027
vt 0.197868 0.227654
vt 0.197011 0.228325
vt 0.196735 0.228389
vt 0.161158 0.228398
vt 0.164734 0.228149
vt 0.169451 0.221703
vt 0.189453 0.221703
vt 0.189492 0.179024
vt 0.198163 0.171985
vt 0.169490 0.179024
vt 0.164785 0.172297
vt 0.160881 0.228144
vt 0.160323 0.228111
vt 0.160580 0.228073
vt 0.160263 0.227884
vt 0.160608 0.228282
vt 0.197466 0.228092
vt 0.198035 0.227319
vt 0.160036 0.227616
vt 0.159926 0.227376
vt 0.159974 0.227774
vt 0.159709 0.171976
vt 0.195937 0.172589
vt 0.196073 0.172791
vt 0.196148 0.173038
vt 0.195399 0.172134
vt 0.195788 0.172399
vt 0.196213 0.173391
vt 0.192625 0.214994
vt 0.189905 0.214994
vt 0.189915 0.171934
vt 0.192634 0.171943
vt 0.187626 0.178648
vt 0.187679 0.178648
vt 0.187272 0.237011
vt 0.189985 0.194038
vt 0.189973 0.237026
vt 0.187267 0.194030
vt 0.189836 0.215045
vt 0.189855 0.215011
vt 0.187615 0.221635
vt 0.187353 0.227019
vt 0.187554 0.221689
vt 0.187282 0.226975
vt 0.187280 0.227026
vt 0.169324 0.226963
vt 0.158989 0.172207
vt 0.158683 0.172288
vt 0.158217 0.172663
vt 0.158078 0.172907
vt 0.158006 0.173206
vt 0.157938 0.228341
vt 0.157793 0.173391
vt 0.157877 0.172995
vt 0.158245 0.172387
vt 0.200977 0.172813
vt 0.159653 0.171926
vt 0.159711 0.171918
vt 0.159644 0.171981
vt 0.187147 0.243366
vt 0.190105 0.232409
vt 0.190155 0.232391
vt 0.190143 0.232433
vt 0.196164 0.228651
vt 0.187353 0.228477
vt 0.186979 0.227967
vt 0.186950 0.172639
vt 0.189791 0.227969
vt 0.189762 0.172617
vt 0.203904 0.228138
vt 0.203904 0.171890
vt 0.206716 0.171904
vt 0.206716 0.228151
vt 0.949291 0.030108
vt 0.949360 0.029840
vt 0.949513 0.029585
vt 0.949899 0.029301
vt 0.950155 0.029234
vt 0.949696 0.029417
vt 0.953572 0.078875
vt 0.953572 0.029227
vt 0.949286 0.078875
vt 0.939845 0.071309
vt 0.939874 0.074570
vt 0.939862 0.074576
vt 0.943441 0.078845
vt 0.946734 0.078855
vt 0.946752 0.078875
vt 0.946734 0.029392
vt 0.942541 0.078095
vt 0.943001 0.078714
vt 0.942790 0.078554
vt 0.942666 0.078385
vt 0.942443 0.030724
vt 0.942459 0.030732
vt 0.942438 0.078126
vt 0.939844 0.070739
vt 0.939850 0.070604
vt 0.939874 0.070612
vt 0.942680 0.078447
vt 0.942601 0.078318
vt 0.942514 0.029366
vt 0.942494 0.077864
vt 0.943184 0.078794
vt 0.942483 0.078875
vt 0.942471 0.078870
vt 0.942477 0.029233
vt 0.939816 0.071349
vt 0.939833 0.071194
vt 0.965013 0.059761
vt 0.964887 0.059753
vt 0.965017 0.059549
vt 0.967326 0.059549
vt 0.967416 0.059755
vt 0.966986 0.059762
vt 0.924272 0.050017
vt 0.924067 0.050111
vt 0.924060 0.049679
vt 0.940187 0.059319
vt 0.976914 0.060993
vt 0.982869 0.049679
vt 0.983080 0.049626
vt 0.983077 0.050065
vt 0.983204 0.049819
vt 0.977849 0.050081
vt 0.977703 0.049944
vt 0.977769 0.049505
vt 0.977495 0.049846
vt 0.977291 0.049996
vt 0.977279 0.049867
vt 0.982767 0.058858
vt 0.982954 0.058660
vt 0.982983 0.058878
vt 0.950034 0.059556
vt 0.950213 0.059739
vt 0.950014 0.059771
vt 0.935156 0.058664
vt 0.935334 0.058847
vt 0.935135 0.058878
vt 0.929307 0.050115
vt 0.929426 0.049932
vt 0.929865 0.049997
vt 0.935135 0.055702
vt 0.935337 0.055595
vt 0.935350 0.055722
vt 0.935165 0.055918
vt 0.940427 0.061431
vt 0.940275 0.061596
vt 0.940272 0.061395
vt 0.950015 0.056594
vt 0.950218 0.056486
vt 0.950231 0.056614
vt 0.950045 0.056810
vt 0.982962 0.055917
vt 0.982784 0.055733
vt 0.982983 0.055702
vt 0.976819 0.061177
vt 0.976498 0.061113
vt 0.929178 0.052278
vt 0.929547 0.052256
vt 0.929398 0.052477
vt 0.929729 0.051998
vt 0.929550 0.052120
vt 0.929285 0.051991
vt 0.977964 0.051988
vt 0.977591 0.052009
vt 0.977772 0.051784
vt 0.977594 0.052144
vt 0.977794 0.052264
vt 0.977414 0.052275
vt 0.977968 0.055414
vt 0.977598 0.055436
vt 0.977747 0.055215
vt 0.977410 0.055545
vt 0.977865 0.055555
vt 0.940474 0.059116
vt 0.940131 0.059115
vt 0.929295 0.055544
vt 0.929493 0.055436
vt 0.929751 0.055549
vt 0.970953 0.056806
vt 0.959156 0.056486
vt 0.959146 0.056611
vt 0.958944 0.056471
vt 0.964871 0.059760
vt 0.963000 0.059767
vt 0.962534 0.059760
vt 0.929779 0.055410
vt 0.983076 0.055416
vt 0.942201 0.061628
vt 0.983124 0.061514
vt 0.982942 0.065281
vt 0.983121 0.061195
vt 0.980558 0.065054
vt 0.980874 0.061522
vt 0.924070 0.046045
vt 0.967346 0.056605
vt 0.967417 0.056481
vt 0.966945 0.056471
vt 0.196226 0.228671
vt 0.196166 0.228695
vt 0.190115 0.194086
vt 0.190147 0.194060
vt 0.190184 0.194100
vt 0.157683 0.228666
vt 0.157724 0.173520
vt 0.157727 0.228723
vt 0.203772 0.228403
vt 0.201175 0.228380
vt 0.203782 0.228363
vt 0.190196 0.232421
vt 0.192765 0.232467
vt 0.190177 0.232475
vt 0.192774 0.232422
vt 0.184524 0.244138
vt 0.184478 0.244346
vt 0.184463 0.244118
vt 0.184466 0.243377
vt 0.184441 0.243629
vt 0.184522 0.208100
vt 0.184451 0.208087
vt 0.158429 0.172226
vt 0.158630 0.172069
vt 0.159163 0.171936
vt 0.194646 0.171909
vt 0.183058 0.228481
vt 0.187305 0.228446
vt 0.177724 0.229960
vt 0.177726 0.228544
vt 0.177761 0.229934
vt 0.174084 0.228539
vt 0.174084 0.232741
vt 0.174015 0.232732
vt 0.177791 0.228553
vt 0.177809 0.229921
vt 0.177724 0.228526
vt 0.174076 0.228526
vt 0.174021 0.228548
vt 0.177742 0.229967
vt 0.177636 0.229948
vt 0.177670 0.229947
vt 0.177679 0.229985
vt 0.183042 0.228450
vt 0.169342 0.227048
vt 0.179205 0.229942
vt 0.179214 0.229958
vt 0.179160 0.229935
vt 0.171076 0.228538
vt 0.171073 0.232720
vt 0.171044 0.232725
vt 0.179243 0.228526
vt 0.179226 0.228555
vt 0.179183 0.228568
vt 0.173599 0.228449
vt 0.173560 0.228483
vt 0.179257 0.229947
vt 0.179257 0.228539
vt 0.173546 0.228459
vt 0.158457 0.228795
vt 0.158470 0.228860
vt 0.158457 0.228862
vt 0.171013 0.228526
vt 0.171015 0.232740
vt 0.196200 0.173020
vt 0.198286 0.173066
vt 0.159692 0.171904
vt 0.159629 0.227088
vt 0.159595 0.226838
vt 0.159762 0.227587
vt 0.159700 0.227329
vt 0.159910 0.227797
vt 0.161236 0.228481
vt 0.160984 0.228425
vt 0.197881 0.227829
vt 0.197688 0.228004
vt 0.197846 0.227790
vt 0.201015 0.172334
vt 0.201020 0.172569
vt 0.200963 0.172560
vt 0.201036 0.173073
vt 0.198322 0.228467
vt 0.198353 0.228417
vt 0.198354 0.228484
vt 0.190200 0.194012
vt 0.192763 0.193978
vt 0.192768 0.194048
vt 0.192811 0.193998
vt 0.192824 0.194040
vt 0.192784 0.232383
vt 0.192822 0.194075
vt 0.197489 0.228158
vt 0.197269 0.228302
vt 0.197248 0.228256
vt 0.197027 0.228402
vt 0.197652 0.227956
vt 0.160108 0.227954
vt 0.197989 0.227579
vt 0.198088 0.227345
vt 0.198134 0.227088
vt 0.198137 0.171890
vt 0.192824 0.232412
vt 0.190194 0.194059
vt 0.198223 0.171978
vt 0.200924 0.228471
vt 0.200943 0.228420
vt 0.200969 0.228473
vt 0.201037 0.172825
vt 0.196526 0.228463
vt 0.160732 0.228384
vt 0.192810 0.232450
vt 0.198276 0.228458
vt 0.198268 0.228412
vt 0.198311 0.228407
vt 0.198292 0.172326
vt 0.198289 0.172101
vt 0.198346 0.172317
vt 0.187151 0.208097
vt 0.187207 0.207839
vt 0.187222 0.208096
vt 0.195588 0.172231
vt 0.195625 0.172192
vt 0.187215 0.207596
vt 0.187149 0.207569
vt 0.198276 0.172569
vt 0.198342 0.172563
vt 0.196253 0.173272
vt 0.189871 0.171924
vt 0.189836 0.171904
vt 0.189854 0.171890
vt 0.187585 0.178616
vt 0.187598 0.178666
vt 0.190059 0.193978
vt 0.190029 0.194024
vt 0.167488 0.221604
vt 0.167492 0.221636
vt 0.190048 0.237034
vt 0.190060 0.194007
vt 0.187551 0.221634
vt 0.187561 0.221594
vt 0.187304 0.227062
vt 0.167506 0.178644
vt 0.158864 0.171955
vt 0.159116 0.171895
vt 0.159378 0.171890
vt 0.187136 0.207832
vt 0.187153 0.207332
vt 0.187133 0.207107
vt 0.187197 0.207118
vt 0.198323 0.171890
vt 0.198348 0.172091
vt 0.200944 0.172315
vt 0.200946 0.172092
vt 0.200922 0.171895
vt 0.200982 0.171912
vt 0.184529 0.207105
vt 0.184482 0.206926
vt 0.184544 0.206902
vt 0.184529 0.207330
vt 0.184534 0.207574
vt 0.184469 0.207585
vt 0.184518 0.207832
vt 0.184460 0.207837
vt 0.201095 0.173106
vt 0.201086 0.172851
vt 0.201145 0.172847
vt 0.201189 0.228415
vt 0.201144 0.228412
vt 0.157705 0.228750
vt 0.157668 0.228698
vt 0.203831 0.172358
vt 0.203825 0.172610
vt 0.203774 0.172346
vt 0.203764 0.172858
vt 0.203837 0.172863
vt 0.190122 0.232467
vt 0.203781 0.228434
vt 0.201178 0.172334
vt 0.201150 0.172586
vt 0.201124 0.172344
vt 0.184533 0.244563
vt 0.184542 0.244365
vt 0.184523 0.243891
vt 0.184455 0.243882
vt 0.187189 0.243629
vt 0.187192 0.243881
vt 0.187190 0.244350
vt 0.187149 0.244564
vt 0.187132 0.244359
vt 0.187210 0.244115
vt 0.187152 0.244128
vt 0.157933 0.172801
vt 0.157795 0.173023
vt 0.157898 0.172777
vt 0.158047 0.172560
vt 0.157752 0.173271
vt 0.203827 0.173113
vt 0.203859 0.228363
vt 0.203833 0.228394
vt 0.190122 0.194033
vt 0.190166 0.194006
vt 0.189765 0.172409
vt 0.186955 0.172337
vt 0.189774 0.172166
vt 0.937301 0.071191
vt 0.942502 0.078017
vt 0.942432 0.078276
vt 0.942452 0.078362
vt 0.942431 0.078436
vt 0.939858 0.070850
vt 0.939828 0.070885
vt 0.939823 0.071040
vt 0.939849 0.071045
vt 0.943324 0.078844
vt 0.942538 0.078172
vt 0.937307 0.070927
vt 0.939889 0.078539
vt 0.942439 0.078592
vt 0.929284 0.052138
vt 0.936158 0.059124
vt 0.936066 0.061052
vt 0.981069 0.061551
vt 0.965008 0.056613
vt 0.964738 0.056603
vt 0.959438 0.059743
vt 0.959435 0.056603
vt 0.953846 0.059752
vt 0.953843 0.056612
vt 0.935895 0.065058
vt 0.942146 0.065282
vt 0.976690 0.065060
vt 0.923941 0.050016
vt 0.966881 0.056606
vt 0.949883 0.059772
vt 0.949897 0.059553
vt 0.983206 0.050136
vt 0.981063 0.061241
vt 0.980909 0.061036
vt 0.950233 0.059877
vt 0.935022 0.058660
vt 0.934996 0.058877
vt 0.935350 0.058986
vt 0.929512 0.049698
vt 0.929374 0.049521
vt 0.935028 0.055917
vt 0.940465 0.061114
vt 0.934924 0.055579
vt 0.949905 0.056810
vt 0.982767 0.055594
vt 0.949807 0.056471
vt 0.976849 0.061587
vt 0.923949 0.051989
vt 0.977793 0.052121
vt 0.924075 0.051992
vt 0.923930 0.052481
vt 0.965013 0.056483
vt 0.983074 0.051989
vt 0.983203 0.051989
vt 0.983071 0.052120
vt 0.929850 0.049857
vt 0.977413 0.052122
vt 0.983072 0.055547
vt 0.929397 0.055563
vt 0.924075 0.045908
vt 0.959149 0.059751
vt 0.959279 0.056611
vt 0.959280 0.059752
vt 0.959438 0.056471
vt 0.964740 0.056472
vt 0.964741 0.059743
vt 0.964870 0.056601
vt 0.964871 0.059744
vt 0.953693 0.059756
vt 0.953827 0.059754
vt 0.942323 0.061634
vt 0.967329 0.059882
vt 0.201119 0.172122
vt 0.201194 0.171890
vt 0.201180 0.172101
vt 0.196287 0.173517
vt 0.158204 0.172362
vt 0.187129 0.243889
vt 0.201113 0.228353
vt 0.201155 0.173109
vt 0.184474 0.244537
vt 0.172575 0.232742
vt 0.172663 0.228557
vt 0.172643 0.232727
vt 0.173353 0.232725
vt 0.173373 0.228547
vt 0.178469 0.229903
vt 0.173289 0.232724
vt 0.176933 0.229927
vt 0.177592 0.228574
vt 0.177580 0.229937
vt 0.172454 0.232732
vt 0.172500 0.228540
vt 0.172493 0.232742
vt 0.172446 0.228550
vt 0.171805 0.232731
vt 0.171798 0.228553
vt 0.157767 0.228810
vt 0.158405 0.230178
vt 0.157757 0.230176
vt 0.157732 0.228800
vt 0.171108 0.232712
vt 0.171740 0.228537
vt 0.171753 0.232704
vt 0.178518 0.228568
vt 0.178514 0.229928
vt 0.172530 0.232757
vt 0.157668 0.228795
vt 0.171013 0.232777
vt 0.172575 0.228526
vt 0.172624 0.228545
vt 0.198273 0.172822
vt 0.160495 0.228292
vt 0.184473 0.207344
vt 0.200996 0.228417
vt 0.184467 0.207124
vt 0.201013 0.172123
vt 0.192853 0.232391
vt 0.198160 0.226842
vt 0.196776 0.228451
vt 0.192864 0.194056
vt 0.160268 0.228170
vt 0.160077 0.227995
vt 0.195991 0.172553
vt 0.195817 0.172360
vt 0.198268 0.171912
vt 0.187149 0.206904
vt 0.187203 0.206926
vt 0.196123 0.172778
vt 0.195146 0.171976
vt 0.194903 0.171910
vt 0.187210 0.207351
vt 0.195392 0.172069
vt 0.167556 0.178633
vt 0.162322 0.248564
vt 0.162304 0.228555
vt 0.162352 0.228541
vt 0.162515 0.228540
vt 0.165230 0.248472
vt 0.162514 0.248496
vt 0.190022 0.237041
vt 0.162436 0.228526
vt 0.162451 0.248501
vt 0.159595 0.248559
vt 0.162391 0.248587
vt 0.167540 0.178668
vt 0.190060 0.237075
vt 0.187205 0.243367
vt 0.159642 0.227359
vt 0.203790 0.172116
vt 0.203859 0.172133
vt 0.203762 0.173134
vt 0.203759 0.172595
vt 0.201171 0.228342
vt 0.203801 0.171902
vt 0.203857 0.171924
vt 0.158396 0.172189
vt 0.187203 0.244542
vt 0.196156 0.228737
vt 0.196208 0.228718
vt 0.168160 0.228530
vt 0.170947 0.232369
vt 0.168139 0.232397
vt 0.170952 0.232674
vt 0.168145 0.232708
vt 0.170968 0.233004
vt 0.189791 0.171891
vt 0.186965 0.172090
vt 0.186979 0.171890
vt 0.165275 0.228526
vt 0.168094 0.233389
vt 0.165275 0.233390
vt 0.175486 0.232705
vt 0.174129 0.228526
vt 0.175486 0.228527
vt 0.176888 0.232705
vt 0.175531 0.228526
vt 0.176888 0.228527
vt 0.939909 0.030750
vt 0.937342 0.074544
vt 0.939885 0.078263
vt 0.942440 0.078736
vt 0.942459 0.078865
vt 0.942437 0.078875
vt 0.942496 0.029348
vt 0.942896 0.078667
vt 0.937337 0.074590
vt 0.939874 0.078875
vt 0.937337 0.078875
vt 0.946752 0.029374
vt 0.949274 0.029228
vt 0.946764 0.078875
vt 0.946764 0.029227
vt 0.937319 0.070705
vt 0.937339 0.070494
vt 0.939896 0.078823
vt 0.778981 0.668884
vt 0.797088 0.428914
vt 0.797708 0.670816
vt 0.777642 0.426345
vt 0.778361 0.426981
vt 0.777634 0.426944
vt 0.776941 0.425679
vt 0.777668 0.425688
vt 0.776280 0.424947
vt 0.776233 0.425715
vt 0.776347 0.424150
vt 0.775611 0.424969
vt 0.775682 0.424114
vt 0.775169 0.423151
vt 0.775073 0.424090
vt 0.548600 0.881660
vt 0.548818 0.882772
vt 0.548149 0.881988
vt 0.547643 0.882354
vt 0.547610 0.881109
vt 0.545978 0.880558
vt 0.547053 0.881392
vt 0.546451 0.881699
vt 0.545690 0.879358
vt 0.545302 0.880778
vt 0.544988 0.879469
vt 0.544154 0.878128
vt 0.544883 0.878128
vt 0.544150 0.532403
vt 0.544875 0.184389
vt 0.544146 0.184389
vt 0.544980 0.183047
vt 0.545682 0.183157
vt 0.545294 0.181738
vt 0.545970 0.181957
vt 0.545809 0.180494
vt 0.544602 0.181513
vt 0.545161 0.180164
vt 0.547088 0.179764
vt 0.546513 0.179347
vt 0.546872 0.177809
vt 0.547387 0.178323
vt 0.548828 0.178023
vt 0.548410 0.177449
vt 0.549227 0.176097
vt 0.549558 0.176746
vt 0.551022 0.176905
vt 0.550801 0.176231
vt 0.551996 0.175198
vt 0.552110 0.175916
vt 0.552222 0.176617
vt 0.553452 0.175811
vt 0.553453 0.176520
vt 0.553454 0.177193
vt 0.871115 0.176520
vt 0.871117 0.177193
vt 0.872242 0.177283
vt 0.871119 0.177816
vt 0.873149 0.178137
vt 0.872062 0.178444
vt 0.872147 0.177897
vt 0.873340 0.177546
vt 0.874102 0.178532
vt 0.875345 0.178568
vt 0.874687 0.177378
vt 0.875740 0.178023
vt 0.877180 0.178323
vt 0.876156 0.177449
vt 0.878642 0.178919
vt 0.877694 0.177809
vt 0.878757 0.180494
vt 0.877480 0.179764
vt 0.878054 0.179347
vt 0.879964 0.181513
vt 0.879406 0.180164
vt 0.878886 0.183157
vt 0.879272 0.181738
vt 0.879587 0.183047
vt 0.880420 0.184389
vt 0.880305 0.182933
vt 0.879692 0.184389
vt 0.880424 0.532403
vt 0.879700 0.878127
vt 0.880428 0.878128
vt 0.879595 0.879469
vt 0.879281 0.880778
vt 0.878895 0.879358
vt 0.879972 0.881003
vt 0.878765 0.882022
vt 0.878062 0.883169
vt 0.878134 0.881699
vt 0.878651 0.883597
vt 0.877188 0.884193
vt 0.876165 0.885067
vt 0.876687 0.883690
vt 0.875347 0.886419
vt 0.875017 0.885770
vt 0.873555 0.885610
vt 0.873773 0.886285
vt 0.872578 0.887319
vt 0.872465 0.886599
vt 0.872355 0.885898
vt 0.871123 0.886705
vt 0.871124 0.885995
vt 0.553463 0.885320
vt 0.553461 0.885995
vt 0.552337 0.885231
vt 0.553465 0.884696
vt 0.551608 0.883846
vt 0.552437 0.884615
vt 0.551434 0.884375
vt 0.550197 0.884536
vt 0.551240 0.884968
vt 0.549889 0.885137
vt 0.549235 0.883946
vt 0.548418 0.885067
vt 0.547898 0.883690
vt 0.548837 0.884492
vt 0.547395 0.884193
vt 0.545932 0.883597
vt 0.546521 0.883169
vt 0.545169 0.882352
vt 0.545818 0.882022
vt 0.545490 0.921957
vt 0.544610 0.881003
vt 0.879094 0.922685
vt 0.545490 0.922685
vt 0.884050 0.923004
vt 0.883938 0.922304
vt 0.888884 0.921844
vt 0.884157 0.923670
vt 0.893154 0.919309
vt 0.888664 0.921169
vt 0.892823 0.918661
vt 0.897297 0.916770
vt 0.900993 0.913614
vt 0.897716 0.917344
vt 0.900478 0.913099
vt 0.904149 0.909918
vt 0.907322 0.906097
vt 0.904724 0.910335
vt 0.906688 0.905775
vt 0.907855 0.901060
vt 0.908548 0.901285
vt 0.909224 0.901504
vt 0.909683 0.896559
vt 0.910384 0.896670
vt 0.909336 0.891714
vt 0.910064 0.891714
vt 0.909332 0.532403
vt 0.910055 0.170802
vt 0.909674 0.165957
vt 0.909327 0.170802
vt 0.908955 0.166071
vt 0.910376 0.165845
vt 0.908539 0.161231
vt 0.909216 0.161012
vt 0.906680 0.156741
vt 0.907847 0.161456
vt 0.906031 0.157072
vt 0.904715 0.152180
vt 0.907313 0.156419
vt 0.900984 0.148902
vt 0.903551 0.153025
vt 0.900469 0.149417
vt 0.897289 0.145746
vt 0.901487 0.148400
vt 0.892814 0.143855
vt 0.896860 0.146335
vt 0.888655 0.141347
vt 0.893468 0.142574
vt 0.893145 0.143207
vt 0.883815 0.140931
vt 0.888430 0.142039
vt 0.883929 0.140212
vt 0.879085 0.139121
vt 0.884041 0.139511
vt 0.545484 0.138447
vt 0.545482 0.139121
vt 0.540422 0.138844
vt 0.545486 0.137822
vt 0.540242 0.137679
vt 0.535295 0.139436
vt 0.535126 0.138907
vt 0.530795 0.141972
vt 0.530514 0.141416
vt 0.526861 0.145171
vt 0.531100 0.142574
vt 0.527277 0.145746
vt 0.523081 0.148400
vt 0.523582 0.148902
vt 0.521014 0.153025
vt 0.520426 0.152598
vt 0.517887 0.156741
vt 0.519852 0.152180
vt 0.516719 0.161456
vt 0.516027 0.161231
vt 0.514192 0.165845
vt 0.514892 0.165957
vt 0.515239 0.170802
vt 0.515611 0.166071
vt 0.514511 0.170802
vt 0.515243 0.532403
vt 0.514520 0.891714
vt 0.515247 0.891714
vt 0.514901 0.896559
vt 0.515361 0.901504
vt 0.514201 0.896670
vt 0.516727 0.901060
vt 0.517895 0.905775
vt 0.516035 0.901285
vt 0.517264 0.906097
vt 0.520435 0.909918
vt 0.519861 0.910335
vt 0.524105 0.913099
vt 0.523591 0.913614
vt 0.526870 0.917344
vt 0.523090 0.914115
vt 0.531760 0.918661
vt 0.527286 0.916770
vt 0.527714 0.916181
vt 0.531430 0.919309
vt 0.535702 0.921844
vt 0.531109 0.919942
vt 0.540759 0.921585
vt 0.535920 0.921169
vt 0.536145 0.920477
vt 0.540646 0.922304
vt 0.545493 0.924067
vt 0.540535 0.923004
vt 0.545491 0.923395
vt 0.535304 0.923076
vt 0.540431 0.923670
vt 0.540336 0.924284
vt 0.530523 0.921096
vt 0.535495 0.922485
vt 0.526475 0.917889
vt 0.530804 0.920542
vt 0.526111 0.918392
vt 0.522614 0.914592
vt 0.522176 0.915031
vt 0.519317 0.910731
vt 0.516111 0.906684
vt 0.516664 0.906402
vt 0.514721 0.901711
vt 0.514131 0.901903
vt 0.512923 0.896871
vt 0.513536 0.896775
vt 0.512517 0.891712
vt 0.513139 0.891713
vt 0.513810 0.891714
vt 0.513130 0.170801
vt 0.513802 0.170801
vt 0.513527 0.165739
vt 0.512508 0.170800
vt 0.512914 0.165641
vt 0.514122 0.160609
vt 0.514712 0.160803
vt 0.516102 0.155828
vt 0.516655 0.156112
vt 0.518806 0.151416
vt 0.519308 0.151783
vt 0.522605 0.147922
vt 0.525778 0.143670
vt 0.522167 0.147481
vt 0.521777 0.147087
vt 0.645983 0.814882
vt 0.644922 0.819741
vt 0.645399 0.814737
vt 0.645499 0.819957
vt 0.645604 0.824957
vt 0.644970 0.824718
vt 0.645036 0.829335
vt 0.730951 0.419505
vt 0.730408 0.423519
vt 0.730279 0.419737
vt 0.879094 0.136790
vt 0.545488 0.137266
vt 0.545491 0.136790
vt 0.884247 0.138228
vt 0.879091 0.137266
vt 0.884337 0.137679
vt 0.889279 0.139436
vt 0.884148 0.138844
vt 0.893776 0.141972
vt 0.894060 0.141416
vt 0.898472 0.144120
vt 0.898104 0.144625
vt 0.902407 0.147481
vt 0.901965 0.147922
vt 0.905768 0.151416
vt 0.905263 0.151783
vt 0.907915 0.156112
vt 0.908472 0.155828
vt 0.909858 0.160803
vt 0.911660 0.165641
vt 0.911044 0.165739
vt 0.912067 0.170800
vt 0.911441 0.170801
vt 0.910766 0.170801
vt 0.911449 0.891713
vt 0.910775 0.891714
vt 0.911052 0.896775
vt 0.912075 0.891712
vt 0.911669 0.896871
vt 0.910461 0.901903
vt 0.909867 0.901711
vt 0.908481 0.906684
vt 0.907924 0.906402
vt 0.905777 0.911096
vt 0.905271 0.910731
vt 0.902416 0.915031
vt 0.901974 0.914592
vt 0.898114 0.917889
vt 0.893785 0.920542
vt 0.898481 0.918392
vt 0.894069 0.921096
vt 0.889462 0.923603
vt 0.889288 0.923076
vt 0.884346 0.924831
vt 0.884257 0.924284
vt 0.879098 0.924690
vt 0.545497 0.925244
vt 0.545495 0.924690
vt 0.726638 0.466070
vt 0.727245 0.470067
vt 0.726645 0.470345
vt 0.726716 0.461351
vt 0.727238 0.465852
vt 0.726876 0.456303
vt 0.727315 0.461198
vt 0.727115 0.451051
vt 0.727473 0.456220
vt 0.727427 0.445725
vt 0.727709 0.451042
vt 0.728387 0.440593
vt 0.728016 0.445789
vt 0.728235 0.435370
vt 0.727803 0.440454
vt 0.728713 0.430598
vt 0.728813 0.435580
vt 0.729787 0.426591
vt 0.729284 0.430874
vt 0.512377 0.896957
vt 0.511493 0.891710
vt 0.511964 0.891711
vt 0.511484 0.170798
vt 0.511956 0.170799
vt 0.646758 0.789476
vt 0.647381 0.784979
vt 0.647362 0.789264
vt 0.646649 0.794136
vt 0.647251 0.793990
vt 0.646453 0.799117
vt 0.647052 0.799041
vt 0.646174 0.804296
vt 0.647423 0.804303
vt 0.646410 0.809618
vt 0.646769 0.804294
vt 0.647318 0.815120
vt 0.647060 0.809687
vt 0.647753 0.809753
vt 0.647539 0.820406
vt 0.648035 0.815206
vt 0.646997 0.825283
vt 0.646824 0.820293
vt 0.646422 0.829718
vt 0.646285 0.825147
vt 0.645122 0.833426
vt 0.645828 0.833603
vt 0.736607 0.677172
vt 0.731790 0.423209
vt 0.732517 0.423162
vt 0.735172 0.677338
vt 0.735882 0.681622
vt 0.735173 0.681706
vt 0.735047 0.686510
vt 0.734500 0.681847
vt 0.733757 0.686727
vt 0.734128 0.691664
vt 0.733513 0.691722
vt 0.733764 0.696918
vt 0.733154 0.696904
vt 0.733291 0.702234
vt 0.732687 0.702145
vt 0.732126 0.707317
vt 0.732070 0.712524
vt 0.731483 0.712291
vt 0.731352 0.717245
vt 0.730775 0.716946
vt 0.730584 0.721526
vt 0.730019 0.721167
vt 0.912211 0.165553
vt 0.913101 0.170798
vt 0.912624 0.170799
vt 0.913110 0.891710
vt 0.704535 0.347257
vt 0.703915 0.351876
vt 0.703934 0.347456
vt 0.704639 0.342494
vt 0.704039 0.342625
vt 0.704825 0.337443
vt 0.704228 0.337502
vt 0.705090 0.332229
vt 0.704838 0.326892
vt 0.704497 0.332214
vt 0.705826 0.321826
vt 0.705427 0.326980
vt 0.705244 0.321665
vt 0.705065 0.316466
vt 0.705704 0.316663
vt 0.705573 0.311760
vt 0.706207 0.312008
vt 0.706113 0.307521
vt 0.706740 0.307817
vt 0.729131 0.725173
vt 0.729697 0.721192
vt 0.729787 0.724918
vt 0.728340 0.721549
vt 0.725985 0.470559
vt 0.729037 0.721406
vt 0.728432 0.725347
vt 0.727616 0.721619
vt 0.704412 0.309011
vt 0.703139 0.313229
vt 0.704002 0.307049
vt 0.738862 0.837601
vt 0.738188 0.834714
vt 0.740132 0.832312
vt 0.736912 0.840030
vt 0.738435 0.843025
vt 0.736483 0.845480
vt 0.738862 0.848448
vt 0.703149 0.332163
vt 0.704189 0.326810
vt 0.703844 0.332192
vt 0.703573 0.337539
vt 0.702875 0.337553
vt 0.703382 0.342719
vt 0.703275 0.347605
vt 0.702683 0.342775
vt 0.702575 0.347700
vt 0.703255 0.352075
vt 0.702557 0.352207
vt 0.705220 0.916151
vt 0.705944 0.916088
vt 0.544986 0.173953
vt 0.547693 0.168515
vt 0.548077 0.173977
vt 0.732672 0.717707
vt 0.732598 0.722245
vt 0.731890 0.722071
vt 0.731989 0.717500
vt 0.733404 0.712894
vt 0.732715 0.712726
vt 0.734069 0.707751
vt 0.733375 0.707625
vt 0.734649 0.702404
vt 0.733950 0.702321
vt 0.735131 0.696986
vt 0.734428 0.696946
vt 0.735503 0.691629
vt 0.736482 0.686464
vt 0.735755 0.686465
vt 0.736956 0.691705
vt 0.735855 0.697036
vt 0.736228 0.691653
vt 0.736097 0.702551
vt 0.771711 0.702546
vt 0.771226 0.708000
vt 0.734787 0.707855
vt 0.735370 0.702482
vt 0.735550 0.710240
vt 0.769973 0.718559
vt 0.734881 0.715417
vt 0.769236 0.723403
vt 0.770688 0.718601
vt 0.769952 0.723437
vt 0.545442 0.951628
vt 0.540580 0.948696
vt 0.543091 0.946723
vt 0.668220 0.919767
vt 0.668867 0.915850
vt 0.668938 0.919854
vt 0.664740 0.348127
vt 0.665458 0.348207
vt 0.700807 0.349603
vt 0.700788 0.354139
vt 0.664866 0.338649
vt 0.665477 0.343671
vt 0.664759 0.343598
vt 0.664177 0.338546
vt 0.665060 0.333401
vt 0.665335 0.327984
vt 0.665779 0.333457
vt 0.664992 0.322507
vt 0.664644 0.327934
vt 0.666404 0.322569
vt 0.666100 0.317177
vt 0.666820 0.317206
vt 0.665874 0.312080
vt 0.665405 0.317179
vt 0.667809 0.307297
vt 0.666572 0.312052
vt 0.667087 0.307284
vt 0.666931 0.303062
vt 0.667949 0.301111
vt 0.690365 0.722579
vt 0.691177 0.726483
vt 0.690458 0.726395
vt 0.688516 0.468655
vt 0.726886 0.721613
vt 0.691567 0.719502
vt 0.647974 0.451124
vt 0.652717 0.456208
vt 0.647981 0.456590
vt 0.687307 0.467352
vt 0.686697 0.462409
vt 0.687386 0.462518
vt 0.653560 0.445323
vt 0.650505 0.440522
vt 0.655245 0.440113
vt 0.687104 0.451909
vt 0.687550 0.457346
vt 0.686860 0.457263
vt 0.656189 0.431221
vt 0.657725 0.435231
vt 0.652981 0.435648
vt 0.687805 0.441106
vt 0.688114 0.446509
vt 0.687421 0.446478
vt 0.664805 0.426920
vt 0.664468 0.424131
vt 0.669231 0.423696
vt 0.688732 0.431058
vt 0.688943 0.435902
vt 0.688246 0.435923
vt 0.674533 0.419947
vt 0.674107 0.421203
vt 0.669336 0.421643
vt 0.689955 0.426563
vt 0.689794 0.422748
vt 0.690499 0.422662
vt 0.686214 0.788992
vt 0.681949 0.243477
vt 0.682643 0.239938
vt 0.685497 0.788905
vt 0.646662 0.241057
vt 0.727206 0.425603
vt 0.727026 0.421616
vt 0.727750 0.421702
vt 0.727396 0.430182
vt 0.727916 0.425754
vt 0.726909 0.435048
vt 0.728078 0.430366
vt 0.727596 0.435192
vt 0.726469 0.440230
vt 0.727159 0.440332
vt 0.726085 0.445603
vt 0.725767 0.451033
vt 0.726778 0.445662
vt 0.726463 0.451048
vt 0.725524 0.456387
vt 0.726221 0.456359
vt 0.726059 0.461464
vt 0.725360 0.461533
vt 0.725980 0.466236
vt 0.725281 0.466344
vt 0.724637 0.461558
vt 0.724558 0.466392
vt 0.723908 0.461537
vt 0.724802 0.456386
vt 0.724072 0.456357
vt 0.725046 0.451006
vt 0.725365 0.445549
vt 0.724317 0.450968
vt 0.724637 0.445502
vt 0.725751 0.440150
vt 0.725023 0.440094
vt 0.725467 0.434877
vt 0.723828 0.466379
vt 0.726194 0.434942
vt 0.729130 0.422122
vt 0.728594 0.425973
vt 0.644509 0.241244
vt 0.648743 0.784636
vt 0.648044 0.784772
vt 0.648723 0.789004
vt 0.648022 0.789105
vt 0.648610 0.793822
vt 0.647910 0.793884
vt 0.648407 0.798971
vt 0.647708 0.798992
vt 0.649130 0.798979
vt 0.648119 0.804326
vt 0.745455 0.840094
vt 0.743490 0.843501
vt 0.743919 0.838052
vt 0.648762 0.815269
vt 0.684500 0.814187
vt 0.684062 0.819589
vt 0.751312 0.831810
vt 0.752376 0.827286
vt 0.753652 0.832602
vt 0.683743 0.829702
vt 0.684982 0.824809
vt 0.684443 0.829663
vt 0.758479 0.832097
vt 0.758479 0.827286
vt 0.759198 0.832080
vt 0.618877 0.424668
vt 0.617418 0.430231
vt 0.616530 0.424837
vt 0.769048 0.426433
vt 0.772427 0.680341
vt 0.768337 0.426332
vt 0.733245 0.423190
vt 0.737337 0.681632
vt 0.772429 0.684774
vt 0.773013 0.689735
vt 0.773140 0.684868
vt 0.645506 0.778448
vt 0.644809 0.773513
vt 0.647156 0.773264
vt 0.754648 0.827286
vt 0.754758 0.832752
vt 0.754081 0.832652
vt 0.754081 0.838150
vt 0.538428 0.932573
vt 0.540816 0.936117
vt 0.538294 0.938038
vt 0.633561 0.791813
vt 0.631544 0.794590
vt 0.629179 0.795037
vt 0.631600 0.797289
vt 0.626751 0.797069
vt 0.621629 0.798768
vt 0.626860 0.799740
vt 0.621795 0.801420
vt 0.757902 0.827286
vt 0.758479 0.833108
vt 0.757902 0.833419
vt 0.667461 0.915621
vt 0.663411 0.347764
vt 0.664051 0.347978
vt 0.664070 0.343471
vt 0.662954 0.338237
vt 0.663428 0.343293
vt 0.662848 0.343068
vt 0.663726 0.333228
vt 0.663535 0.338408
vt 0.663143 0.333114
vt 0.663997 0.327881
vt 0.663411 0.327827
vt 0.664342 0.322498
vt 0.664158 0.317277
vt 0.663752 0.322504
vt 0.665218 0.312155
vt 0.664753 0.317213
vt 0.664618 0.312275
vt 0.665726 0.307448
vt 0.665655 0.303429
vt 0.665121 0.307621
vt 0.688480 0.724192
vt 0.689153 0.728247
vt 0.688570 0.727918
vt 0.686624 0.471578
vt 0.689062 0.724480
vt 0.685983 0.471355
vt 0.685400 0.471067
vt 0.685974 0.467031
vt 0.685471 0.462072
vt 0.685394 0.466792
vt 0.685632 0.457024
vt 0.686053 0.462259
vt 0.685871 0.451772
vt 0.686215 0.457154
vt 0.686772 0.446457
vt 0.686457 0.451844
vt 0.686182 0.446446
vt 0.687153 0.441128
vt 0.686991 0.436092
vt 0.687590 0.435987
vt 0.687468 0.431319
vt 0.688072 0.431161
vt 0.687979 0.426976
vt 0.688589 0.426769
vt 0.688510 0.423168
vt 0.689127 0.422918
vt 0.683969 0.240325
vt 0.688118 0.789672
vt 0.687539 0.789380
vt 0.686881 0.793519
vt 0.686901 0.789152
vt 0.686768 0.798337
vt 0.686193 0.793381
vt 0.685876 0.803398
vt 0.685363 0.798151
vt 0.686080 0.798223
vt 0.685586 0.808778
vt 0.686565 0.803487
vt 0.686277 0.808841
vt 0.685219 0.814232
vt 0.685910 0.814268
vt 0.686558 0.814295
vt 0.685475 0.819635
vt 0.686720 0.819574
vt 0.685637 0.824750
vt 0.686127 0.819618
vt 0.686236 0.824649
vt 0.685102 0.829564
vt 0.684535 0.833943
vt 0.685707 0.829410
vt 0.685145 0.833740
vt 0.684566 0.837532
vt 0.683947 0.837777
vt 0.774341 0.676101
vt 0.774315 0.420060
vt 0.774896 0.676409
vt 0.773657 0.677949
vt 0.774284 0.680469
vt 0.774839 0.680728
vt 0.774092 0.685271
vt 0.645249 0.778346
vt 0.646772 0.776140
vt 0.645153 0.781225
vt 0.642828 0.783169
vt 0.639683 0.787554
vt 0.642760 0.785994
vt 0.639649 0.790330
vt 0.750716 0.843163
vt 0.751312 0.837854
vt 0.751211 0.843055
vt 0.875977 0.914014
vt 0.873723 0.918752
vt 0.873274 0.918426
vt 0.876472 0.914265
vt 0.877958 0.909233
vt 0.878486 0.909404
vt 0.879166 0.904201
vt 0.879714 0.904287
vt 0.879572 0.899042
vt 0.880127 0.899042
vt 0.879571 0.170798
vt 0.880127 0.170798
vt 0.879165 0.165639
vt 0.879714 0.165552
vt 0.877957 0.160608
vt 0.878486 0.160436
vt 0.876472 0.155574
vt 0.873723 0.151088
vt 0.875977 0.155827
vt 0.873273 0.151414
vt 0.870305 0.147086
vt 0.865977 0.144118
vt 0.869912 0.147479
vt 0.861818 0.140920
vt 0.866304 0.143669
vt 0.856784 0.139434
vt 0.861565 0.141415
vt 0.851752 0.138226
vt 0.856956 0.138906
vt 0.846594 0.137265
vt 0.846593 0.137820
vt 0.509956 0.137820
vt 0.509956 0.137265
vt 0.504797 0.138226
vt 0.499594 0.138906
vt 0.499765 0.139434
vt 0.494732 0.140920
vt 0.494984 0.141415
vt 0.490572 0.144118
vt 0.486245 0.147086
vt 0.490246 0.143669
vt 0.486637 0.147479
vt 0.482827 0.151088
vt 0.483276 0.151414
vt 0.480078 0.155574
vt 0.480572 0.155827
vt 0.478064 0.160436
vt 0.478592 0.160608
vt 0.476836 0.165552
vt 0.476423 0.170798
vt 0.477384 0.165639
vt 0.476978 0.170798
vt 0.476978 0.899042
vt 0.476424 0.899042
vt 0.476836 0.904287
vt 0.477384 0.904201
vt 0.478065 0.909404
vt 0.476368 0.904361
vt 0.687987 0.798682
vt 0.687207 0.803600
vt 0.687409 0.798492
vt 0.687505 0.808986
vt 0.687788 0.803734
vt 0.688014 0.809064
vt 0.687146 0.814310
vt 0.486637 0.922361
vt 0.490246 0.926170
vt 0.486245 0.922753
vt 0.494985 0.928425
vt 0.490572 0.925722
vt 0.499766 0.930406
vt 0.494733 0.928920
vt 0.504711 0.932162
vt 0.499594 0.930933
vt 0.509957 0.932575
vt 0.504797 0.931614
vt 0.509956 0.932020
vt 0.846594 0.932575
vt 0.846594 0.932020
vt 0.851753 0.931614
vt 0.851840 0.932162
vt 0.856785 0.930406
vt 0.861566 0.928425
vt 0.856956 0.930933
vt 0.861818 0.928920
vt 0.865978 0.925722
vt 0.866304 0.926170
vt 0.865612 0.925218
vt 0.869913 0.922361
vt 0.868995 0.921444
vt 0.872770 0.918060
vt 0.869472 0.921921
vt 0.875422 0.913731
vt 0.872224 0.917664
vt 0.874821 0.913425
vt 0.877365 0.909040
vt 0.878551 0.904103
vt 0.876724 0.908832
vt 0.877884 0.903998
vt 0.878947 0.899042
vt 0.878274 0.170799
vt 0.878947 0.170798
vt 0.877884 0.165843
vt 0.878550 0.165737
vt 0.877365 0.160800
vt 0.876723 0.161009
vt 0.874821 0.156416
vt 0.872223 0.152177
vt 0.875422 0.156109
vt 0.869472 0.147920
vt 0.872769 0.151780
vt 0.868995 0.148397
vt 0.865611 0.144622
vt 0.865214 0.145168
vt 0.861282 0.141970
vt 0.856383 0.140668
vt 0.856592 0.140027
vt 0.851549 0.139508
vt 0.846593 0.138444
vt 0.846593 0.139118
vt 0.509955 0.139118
vt 0.509956 0.138444
vt 0.504999 0.139508
vt 0.504894 0.138841
vt 0.500166 0.140668
vt 0.495267 0.141970
vt 0.499957 0.140027
vt 0.491334 0.145168
vt 0.490938 0.144622
vt 0.487554 0.148397
vt 0.487077 0.147920
vt 0.483780 0.151780
vt 0.481127 0.156109
vt 0.484325 0.152177
vt 0.481728 0.156416
vt 0.479184 0.160800
vt 0.478665 0.165843
vt 0.479825 0.161009
vt 0.477602 0.170798
vt 0.478274 0.170799
vt 0.477602 0.899042
vt 0.478275 0.899042
vt 0.478665 0.903998
vt 0.479825 0.908832
vt 0.477999 0.904104
vt 0.479184 0.909040
vt 0.480573 0.914014
vt 0.478592 0.909233
vt 0.481127 0.913731
vt 0.483277 0.918426
vt 0.483780 0.918060
vt 0.487554 0.921444
vt 0.487077 0.921921
vt 0.490938 0.925218
vt 0.491334 0.924673
vt 0.495267 0.927871
vt 0.500166 0.929173
vt 0.499958 0.929814
vt 0.504894 0.930999
vt 0.505000 0.930333
vt 0.509956 0.931396
vt 0.509956 0.930723
vt 0.846594 0.931396
vt 0.851549 0.930333
vt 0.851655 0.930999
vt 0.856383 0.929173
vt 0.861283 0.927871
vt 0.860976 0.927270
vt 0.865215 0.924673
vt 0.860654 0.926638
vt 0.864797 0.924098
vt 0.864370 0.923509
vt 0.868493 0.920942
vt 0.871060 0.916819
vt 0.867978 0.920428
vt 0.873540 0.912773
vt 0.871649 0.917247
vt 0.875356 0.908388
vt 0.874188 0.913103
vt 0.876464 0.903774
vt 0.876048 0.908613
vt 0.877183 0.903887
vt 0.876836 0.899042
vt 0.877564 0.899042
vt 0.876836 0.527670
vt 0.877564 0.170799
vt 0.876836 0.170799
vt 0.877182 0.165954
vt 0.876464 0.166068
vt 0.876048 0.161228
vt 0.874188 0.156738
vt 0.875356 0.161453
vt 0.873540 0.157069
vt 0.871649 0.152594
vt 0.868493 0.148899
vt 0.871060 0.153022
vt 0.867978 0.149414
vt 0.864369 0.146332
vt 0.864797 0.145743
vt 0.860323 0.143852
vt 0.860653 0.143203
vt 0.855938 0.142036
vt 0.856163 0.141344
vt 0.851324 0.140928
vt 0.851438 0.140209
vt 0.846593 0.140556
vt 0.509955 0.139828
vt 0.509955 0.140556
vt 0.505110 0.140209
vt 0.505224 0.140928
vt 0.500385 0.141344
vt 0.495895 0.143203
vt 0.500610 0.142036
vt 0.496225 0.143852
vt 0.491751 0.145743
vt 0.488570 0.149414
vt 0.492179 0.146332
vt 0.488055 0.148899
vt 0.485488 0.153022
vt 0.484899 0.152594
vt 0.483008 0.157069
vt 0.482360 0.156738
vt 0.481192 0.161453
vt 0.480500 0.161228
vt 0.480085 0.166068
vt 0.479366 0.165954
vt 0.479712 0.170799
vt 0.478984 0.170799
vt 0.479712 0.527670
vt 0.478985 0.899042
vt 0.479712 0.899042
vt 0.479366 0.903887
vt 0.480085 0.903774
vt 0.480500 0.908613
vt 0.481193 0.908388
vt 0.482360 0.913103
vt 0.483009 0.912773
vt 0.484900 0.917247
vt 0.488056 0.920942
vt 0.485488 0.916819
vt 0.488571 0.920428
vt 0.492179 0.923509
vt 0.491751 0.924098
vt 0.496225 0.925989
vt 0.495895 0.926638
vt 0.500610 0.927805
vt 0.500385 0.928497
vt 0.505224 0.928913
vt 0.505111 0.929632
vt 0.509956 0.929285
vt 0.846593 0.930013
vt 0.509956 0.930013
vt 0.851438 0.929632
vt 0.846593 0.929285
vt 0.851324 0.928913
vt 0.856164 0.928497
vt 0.860323 0.925989
vt 0.855939 0.927805
vt 0.548177 0.808493
vt 0.549597 0.808834
vt 0.551053 0.808949
vt 0.549711 0.808115
vt 0.551053 0.808221
vt 0.548402 0.807801
vt 0.549823 0.807414
vt 0.551053 0.806837
vt 0.551053 0.807511
vt 0.550026 0.806132
vt 0.548831 0.806484
vt 0.549023 0.805892
vt 0.551054 0.805658
vt 0.550113 0.805584
vt 0.550188 0.805115
vt 0.549195 0.805364
vt 0.549342 0.804912
vt 0.723004 0.608610
vt 0.722435 0.608883
vt 0.722425 0.608276
vt 0.590092 0.851823
vt 0.589348 0.852570
vt 0.589431 0.851934
vt 0.724343 0.609563
vt 0.723646 0.608869
vt 0.724334 0.609047
vt 0.590716 0.852356
vt 0.591514 0.851792
vt 0.591438 0.852365
vt 0.725061 0.609650
vt 0.732238 0.609625
vt 0.732246 0.610135
vt 0.732976 0.610147
vt 0.733067 0.796424
vt 0.733691 0.609548
vt 0.732967 0.609631
vt 0.600136 0.852482
vt 0.600733 0.853316
vt 0.600057 0.853083
vt 0.734391 0.609379
vt 0.735059 0.609736
vt 0.734399 0.609945
vt 0.602017 0.853229
vt 0.601359 0.853614
vt 0.601448 0.852931
vt 0.583955 0.229752
vt 0.584985 0.230226
vt 0.584044 0.230300
vt 0.582953 0.229993
vt 0.583856 0.229139
vt 0.584981 0.229049
vt 0.583749 0.228473
vt 0.584980 0.228376
vt 0.582328 0.228086
vt 0.583637 0.227772
vt 0.584978 0.226939
vt 0.583522 0.227053
vt 0.832709 0.227666
vt 0.832709 0.226939
vt 0.833941 0.228473
vt 0.832710 0.228376
vt 0.833837 0.229139
vt 0.835141 0.228761
vt 0.834934 0.229402
vt 0.835360 0.228086
vt 0.836282 0.229234
vt 0.836603 0.228601
vt 0.838179 0.228716
vt 0.837751 0.229305
vt 0.838273 0.230680
vt 0.837335 0.229879
vt 0.838775 0.230179
vt 0.840237 0.230775
vt 0.839649 0.231202
vt 0.839075 0.231619
vt 0.840352 0.232350
vt 0.839720 0.232672
vt 0.841559 0.233369
vt 0.840867 0.233593
vt 0.840481 0.235013
vt 0.841181 0.234902
vt 0.842015 0.236244
vt 0.841900 0.234789
vt 0.841287 0.236244
vt 0.842018 0.508217
vt 0.841293 0.780190
vt 0.842021 0.780190
vt 0.841188 0.781532
vt 0.840873 0.782841
vt 0.840487 0.781420
vt 0.841565 0.783066
vt 0.840358 0.784084
vt 0.839082 0.784814
vt 0.839727 0.783761
vt 0.840244 0.785660
vt 0.838781 0.786255
vt 0.839655 0.785232
vt 0.837341 0.786555
vt 0.838280 0.785753
vt 0.836610 0.787833
vt 0.838185 0.787718
vt 0.836940 0.788481
vt 0.835148 0.787672
vt 0.836289 0.787200
vt 0.834171 0.789381
vt 0.835367 0.788348
vt 0.835591 0.789040
vt 0.833947 0.787961
vt 0.832716 0.788768
vt 0.832717 0.788057
vt 0.584987 0.787383
vt 0.832718 0.787383
vt 0.583862 0.787294
vt 0.584989 0.786759
vt 0.583962 0.786678
vt 0.583133 0.785908
vt 0.584051 0.786128
vt 0.582006 0.786043
vt 0.582765 0.787030
vt 0.581722 0.786598
vt 0.580759 0.786008
vt 0.581414 0.787200
vt 0.580361 0.786555
vt 0.578920 0.786255
vt 0.579423 0.785753
vt 0.578046 0.785232
vt 0.578405 0.786770
vt 0.577456 0.785660
vt 0.578621 0.784814
vt 0.577342 0.784084
vt 0.577976 0.783761
vt 0.576135 0.783066
vt 0.576694 0.784415
vt 0.577215 0.781420
vt 0.576827 0.782841
vt 0.576513 0.781532
vt 0.575679 0.780190
vt 0.576407 0.780190
vt 0.575676 0.508217
vt 0.576401 0.236244
vt 0.575673 0.236244
vt 0.576507 0.234902
vt 0.577209 0.235013
vt 0.576821 0.233594
vt 0.577497 0.233813
vt 0.576128 0.233369
vt 0.577336 0.232350
vt 0.577969 0.232672
vt 0.578039 0.231202
vt 0.578614 0.231619
vt 0.577450 0.230775
vt 0.578913 0.230179
vt 0.580355 0.229879
vt 0.579416 0.230681
vt 0.579509 0.228716
vt 0.581084 0.228601
vt 0.579937 0.229305
vt 0.582103 0.227394
vt 0.580754 0.227953
vt 0.551851 0.152952
vt 0.869513 0.152952
vt 0.551850 0.152224
vt 0.869513 0.152224
vt 0.551121 0.151532
vt 0.551122 0.152233
vt 0.550409 0.150944
vt 0.550411 0.151585
vt 0.551120 0.150867
vt 0.551846 0.150219
vt 0.551848 0.150841
vt 0.551116 0.149705
vt 0.550407 0.150353
vt 0.550405 0.149826
vt 0.551113 0.149238
vt 0.551844 0.149665
vt 0.689944 0.792369
vt 0.689507 0.791493
vt 0.690096 0.791815
vt 0.575998 0.485076
vt 0.576706 0.484428
vt 0.576697 0.484938
vt 0.691406 0.792235
vt 0.690607 0.792628
vt 0.690734 0.792065
vt 0.691218 0.793300
vt 0.692019 0.792896
vt 0.691946 0.795363
vt 0.682390 0.737171
vt 0.684966 0.419505
vt 0.684966 0.737167
vt 0.577856 0.724398
vt 0.578566 0.723750
vt 0.578571 0.724335
vt 0.577228 0.725173
vt 0.577894 0.725042
vt 0.576743 0.726038
vt 0.577330 0.725852
vt 0.576448 0.726945
vt 0.576935 0.726724
vt 0.576374 0.727840
vt 0.576749 0.727605
vt 0.576526 0.728665
vt 0.576788 0.728441
vt 0.577049 0.729175
vt 0.576321 0.728914
vt 0.577432 0.729897
vt 0.576891 0.729367
vt 0.577508 0.729757
vt 0.732171 0.832801
vt 0.731468 0.834592
vt 0.732189 0.832632
vt 0.730738 0.834577
vt 0.731459 0.834677
vt 0.731433 0.834759
vt 0.667342 0.852137
vt 0.667306 0.852662
vt 0.667229 0.852144
vt 0.666924 0.851591
vt 0.667146 0.851554
vt 0.667391 0.850885
vt 0.667371 0.851540
vt 0.666552 0.850282
vt 0.667060 0.850904
vt 0.666735 0.850959
vt 0.667403 0.849463
vt 0.666973 0.850212
vt 0.666888 0.849495
vt 0.766331 0.829860
vt 0.766389 0.827604
vt 0.766976 0.830195
vt 0.768131 0.827286
vt 0.768131 0.829504
vt 0.767586 0.829278
vt 0.682165 0.738608
vt 0.684459 0.739279
vt 0.681889 0.739283
vt 0.667351 0.847323
vt 0.686222 0.846494
vt 0.686256 0.847139
vt 0.765488 0.828746
vt 0.763206 0.828741
vt 0.763133 0.828015
vt 0.687595 0.849426
vt 0.686892 0.850204
vt 0.686874 0.849476
vt 0.688316 0.850957
vt 0.687613 0.850181
vt 0.688308 0.850147
vt 0.688968 0.850975
vt 0.688315 0.851759
vt 0.689545 0.852836
vt 0.688967 0.851835
vt 0.689559 0.851933
vt 0.876973 0.181404
vt 0.876842 0.182527
vt 0.876481 0.181654
vt 0.877609 0.183359
vt 0.877958 0.182165
vt 0.878221 0.183262
vt 0.877690 0.184387
vt 0.877145 0.878124
vt 0.877698 0.878126
vt 0.707913 0.307936
vt 0.707302 0.308904
vt 0.707309 0.308146
vt 0.707935 0.307167
vt 0.708574 0.307781
vt 0.707332 0.307310
vt 0.707971 0.306343
vt 0.876443 0.881988
vt 0.876489 0.880856
vt 0.876982 0.881109
vt 0.876944 0.882354
vt 0.875773 0.882772
vt 0.874989 0.883441
vt 0.876212 0.883213
vt 0.875353 0.883946
vt 0.874110 0.883980
vt 0.874391 0.884536
vt 0.873157 0.884375
vt 0.872155 0.884615
vt 0.873348 0.884968
vt 0.872250 0.885231
vt 0.871130 0.884140
vt 0.872071 0.884066
vt 0.708328 0.302161
vt 0.707861 0.301111
vt 0.708422 0.301456
vt 0.707662 0.302718
vt 0.708238 0.302936
vt 0.708156 0.303763
vt 0.707572 0.303616
vt 0.708083 0.304621
vt 0.707493 0.304547
vt 0.708732 0.304693
vt 0.708020 0.305488
vt 0.708674 0.305501
vt 0.709326 0.306279
vt 0.708628 0.306297
vt 0.710018 0.306989
vt 0.709294 0.307004
vt 0.709275 0.307682
vt 0.710000 0.307644
vt 0.709270 0.308297
vt 0.709730 0.831481
vt 0.708569 0.308430
vt 0.688250 0.853923
vt 0.688853 0.854785
vt 0.688209 0.854505
vt 0.688896 0.854160
vt 0.688281 0.853260
vt 0.688930 0.853448
vt 0.688303 0.852533
vt 0.687588 0.853125
vt 0.687609 0.852437
vt 0.760345 0.830152
vt 0.759198 0.828755
vt 0.759198 0.828016
vt 0.686308 0.849278
vt 0.687036 0.850006
vt 0.686306 0.850001
vt 0.687026 0.850713
vt 0.686296 0.850700
vt 0.687006 0.851377
vt 0.686276 0.851355
vt 0.686247 0.851953
vt 0.686977 0.851982
vt 0.686940 0.852513
vt 0.686211 0.852477
vt 0.760345 0.830917
vt 0.759314 0.829485
vt 0.687558 0.853752
vt 0.687520 0.854302
vt 0.709995 0.308237
vt 0.710431 0.831348
vt 0.711889 0.833203
vt 0.710724 0.308253
vt 0.710729 0.307666
vt 0.729574 0.309626
vt 0.729579 0.309040
vt 0.710747 0.307020
vt 0.729597 0.308394
vt 0.730291 0.308408
vt 0.729627 0.307703
vt 0.730277 0.307716
vt 0.730300 0.309055
vt 0.730980 0.308351
vt 0.731015 0.308996
vt 0.731548 0.307544
vt 0.730923 0.307663
vt 0.731948 0.306675
vt 0.731413 0.306840
vt 0.732141 0.305795
vt 0.731713 0.305986
vt 0.732107 0.304960
vt 0.731794 0.305153
vt 0.731851 0.304225
vt 0.731647 0.304397
vt 0.732011 0.304035
vt 0.731288 0.303771
vt 0.731397 0.303641
vt 0.798427 0.670940
vt 0.799095 0.671148
vt 0.798401 0.671021
vt 0.798435 0.670854
vt 0.799146 0.670986
vt 0.799873 0.670707
vt 0.798544 0.428914
vt 0.799253 0.428805
vt 0.800549 0.670526
vt 0.799849 0.670956
vt 0.733261 0.304679
vt 0.732579 0.304491
vt 0.732725 0.304225
vt 0.732835 0.305295
vt 0.733518 0.305545
vt 0.733232 0.305885
vt 0.732869 0.306192
vt 0.733551 0.306492
vt 0.733151 0.306830
vt 0.732676 0.307122
vt 0.733359 0.307462
vt 0.732851 0.307774
vt 0.732276 0.308030
vt 0.732959 0.308397
vt 0.732361 0.308663
vt 0.731708 0.308864
vt 0.732391 0.309244
vt 0.731729 0.309448
vt 0.873267 0.152956
vt 0.872804 0.846694
vt 0.872796 0.152955
vt 0.873267 0.152528
vt 0.872796 0.152440
vt 0.872242 0.151791
vt 0.872243 0.152365
vt 0.872241 0.151246
vt 0.871622 0.151672
vt 0.871620 0.151072
vt 0.870947 0.150944
vt 0.871619 0.150518
vt 0.870945 0.150353
vt 0.870234 0.149705
vt 0.870943 0.149826
vt 0.576513 0.724741
vt 0.575880 0.724434
vt 0.576482 0.724161
vt 0.870236 0.150253
vt 0.869506 0.149665
vt 0.870238 0.150867
vt 0.869509 0.150219
vt 0.870240 0.151532
vt 0.869511 0.150841
vt 0.870949 0.151585
vt 0.870240 0.152233
vt 0.870949 0.152260
vt 0.871622 0.152953
vt 0.870950 0.152952
vt 0.870241 0.152952
vt 0.870958 0.846691
vt 0.870249 0.846691
vt 0.869521 0.847419
vt 0.870240 0.847419
vt 0.870886 0.848130
vt 0.870212 0.848129
vt 0.869519 0.848803
vt 0.870167 0.848804
vt 0.869517 0.849428
vt 0.870105 0.849428
vt 0.551852 0.849984
vt 0.551854 0.849428
vt 0.551128 0.848778
vt 0.551126 0.849394
vt 0.551130 0.848111
vt 0.550417 0.848701
vt 0.550419 0.848059
vt 0.551858 0.847419
vt 0.551858 0.848129
vt 0.551131 0.846691
vt 0.550420 0.847384
vt 0.550420 0.846691
vt 0.551123 0.152952
vt 0.551855 0.508217
vt 0.551859 0.846691
vt 0.582109 0.789040
vt 0.583529 0.789381
vt 0.583643 0.788662
vt 0.584985 0.789496
vt 0.582555 0.787672
vt 0.583755 0.787961
vt 0.581091 0.787833
vt 0.580760 0.788481
vt 0.579515 0.787718
vt 0.549745 0.846692
vt 0.549744 0.847340
vt 0.549119 0.847282
vt 0.549743 0.847973
vt 0.549119 0.847856
vt 0.549119 0.846693
vt 0.548562 0.847209
vt 0.548562 0.846694
vt 0.800255 0.423875
vt 0.800949 0.424091
vt 0.800750 0.424400
vt 0.688489 0.244607
vt 0.689174 0.244154
vt 0.689149 0.244411
vt 0.799187 0.422854
vt 0.799701 0.423401
vt 0.799100 0.422989
vt 0.689866 0.244107
vt 0.690573 0.244222
vt 0.689849 0.244282
vt 0.691303 0.244234
vt 0.690582 0.244134
vt 0.690608 0.244049
vt 0.710157 0.244934
vt 0.710164 0.245468
vt 0.797052 0.425987
vt 0.796825 0.426565
vt 0.796938 0.425981
vt 0.798146 0.424131
vt 0.797817 0.423498
vt 0.798042 0.423486
vt 0.756739 0.827909
vt 0.756355 0.832131
vt 0.756358 0.827286
vt 0.798328 0.425537
vt 0.797814 0.424842
vt 0.798242 0.424820
vt 0.797813 0.425563
vt 0.797224 0.426262
vt 0.797299 0.425536
vt 0.798461 0.426981
vt 0.797813 0.426293
vt 0.798402 0.426263
vt 0.797164 0.426982
vt 0.797813 0.427709
vt 0.797121 0.427673
vt 0.798506 0.427674
vt 0.797814 0.428360
vt 0.799235 0.428215
vt 0.799181 0.427569
vt 0.799824 0.427397
vt 0.800518 0.427792
vt 0.800417 0.427162
vt 0.800946 0.426870
vt 0.800252 0.426502
vt 0.800748 0.426229
vt 0.801172 0.425908
vt 0.800478 0.425579
vt 0.800863 0.425288
vt 0.800143 0.424939
vt 0.800479 0.424685
vt 0.800030 0.424112
vt 0.799750 0.424323
vt 0.799527 0.423584
vt 0.799311 0.423747
vt 0.798835 0.423225
vt 0.798982 0.423114
vt 0.798334 0.422770
vt 0.798408 0.422714
vt 0.798247 0.422818
vt 0.798663 0.423320
vt 0.798775 0.423999
vt 0.798470 0.423396
vt 0.799056 0.424649
vt 0.798468 0.424081
vt 0.799749 0.425156
vt 0.799423 0.424504
vt 0.799308 0.425331
vt 0.798977 0.426174
vt 0.798830 0.425459
vt 0.799523 0.426028
vt 0.799094 0.426883
vt 0.798659 0.424755
vt 0.799058 0.423887
vt 0.798261 0.423452
vt 0.798149 0.422857
vt 0.800028 0.425828
vt 0.799696 0.426722
vt 0.778395 0.425741
vt 0.778438 0.425049
vt 0.777711 0.424987
vt 0.778498 0.424330
vt 0.777847 0.423524
vt 0.777049 0.424199
vt 0.777127 0.423438
vt 0.776526 0.422550
vt 0.776429 0.423345
vt 0.775993 0.421575
vt 0.775875 0.422395
vt 0.775410 0.421334
vt 0.776120 0.420807
vt 0.546975 0.879154
vt 0.547746 0.879983
vt 0.547215 0.880156
vt 0.546894 0.878126
vt 0.546358 0.879252
vt 0.546269 0.878127
vt 0.547451 0.878124
vt 0.546886 0.184387
vt 0.547443 0.184386
vt 0.714098 0.788451
vt 0.714707 0.787473
vt 0.714700 0.788255
vt 0.713420 0.789330
vt 0.713439 0.788597
vt 0.714044 0.790073
vt 0.714678 0.789109
vt 0.714641 0.790015
vt 0.548141 0.180524
vt 0.548099 0.181654
vt 0.547602 0.181404
vt 0.548368 0.179301
vt 0.547635 0.180159
vt 0.549226 0.178568
vt 0.548810 0.179740
vt 0.550189 0.177978
vt 0.549594 0.179071
vt 0.551232 0.177546
vt 0.550473 0.178532
vt 0.552428 0.177897
vt 0.552329 0.177283
vt 0.552518 0.178444
vt 0.553456 0.177816
vt 0.553459 0.178370
vt 0.713705 0.794225
vt 0.714176 0.795265
vt 0.713616 0.794908
vt 0.714366 0.793701
vt 0.714274 0.794523
vt 0.713868 0.792653
vt 0.714451 0.792816
vt 0.714526 0.791892
vt 0.713938 0.791801
vt 0.713345 0.790910
vt 0.713997 0.790934
vt 0.712650 0.790877
vt 0.713389 0.790107
vt 0.711969 0.790106
vt 0.712721 0.789384
vt 0.712691 0.790118
vt 0.711998 0.789397
vt 0.712739 0.788690
vt 0.712020 0.788115
vt 0.712744 0.788056
vt 0.711618 0.245420
vt 0.713444 0.787927
vt 0.776393 0.419505
vt 0.776879 0.420424
vt 0.776255 0.420111
vt 0.777553 0.420674
vt 0.776754 0.421071
vt 0.778144 0.421449
vt 0.777322 0.421963
vt 0.777435 0.421287
vt 0.778036 0.422102
vt 0.778660 0.422887
vt 0.777936 0.422799
vt 0.778759 0.422197
vt 0.712318 0.245291
vt 0.711610 0.244860
vt 0.712310 0.244699
vt 0.710887 0.244939
vt 0.710894 0.245480
vt 0.711285 0.788708
vt 0.711290 0.788103
vt 0.692407 0.788136
vt 0.711269 0.789369
vt 0.692429 0.786870
vt 0.692424 0.787475
vt 0.692311 0.787460
vt 0.691965 0.788052
vt 0.692201 0.787432
vt 0.691758 0.787971
vt 0.691729 0.788713
vt 0.691425 0.788594
vt 0.691104 0.789246
vt 0.691143 0.788440
vt 0.689975 0.789383
vt 0.690740 0.789046
vt 0.690366 0.789670
vt 0.689583 0.789967
vt 0.689641 0.789054
vt 0.688489 0.789676
vt 0.689201 0.789591
vt 0.688828 0.790132
vt 0.549110 0.151791
vt 0.549733 0.151072
vt 0.549735 0.151672
vt 0.549735 0.152305
vt 0.549111 0.152365
vt 0.550412 0.152260
vt 0.549737 0.152953
vt 0.549111 0.152954
vt 0.548553 0.152440
vt 0.689175 0.788306
vt 0.689649 0.787579
vt 0.689750 0.787912
vt 0.689914 0.788233
vt 0.689372 0.788692
vt 0.690678 0.788044
vt 0.690137 0.788534
vt 0.691396 0.787740
vt 0.690892 0.788255
vt 0.691912 0.787274
vt 0.691566 0.787866
vt 0.691838 0.787202
vt 0.691250 0.787596
vt 0.691132 0.787438
vt 0.691735 0.787036
vt 0.691046 0.787270
vt 0.690993 0.787095
vt 0.690379 0.787564
vt 0.690301 0.787307
vt 0.690276 0.787046
vt 0.690975 0.786917
vt 0.691699 0.786858
vt 0.691708 0.786947
vt 0.690505 0.787812
vt 0.689615 0.787243
vt 0.689013 0.787500
vt 0.688893 0.789177
vt 0.690030 0.790296
vt 0.689249 0.790546
vt 0.689741 0.790909
vt 0.690531 0.790570
vt 0.690293 0.791211
vt 0.691074 0.790783
vt 0.690892 0.791445
vt 0.691646 0.790928
vt 0.691521 0.791605
vt 0.692231 0.791003
vt 0.692165 0.791687
vt 0.710956 0.793557
vt 0.692094 0.792323
vt 0.711681 0.793636
vt 0.710880 0.794130
vt 0.667242 0.608937
vt 0.668007 0.609331
vt 0.667290 0.609451
vt 0.713073 0.793974
vt 0.712314 0.794377
vt 0.712393 0.793776
vt 0.713152 0.793268
vt 0.712468 0.793108
vt 0.713225 0.792510
vt 0.711820 0.792299
vt 0.712598 0.791641
vt 0.712537 0.792391
vt 0.711151 0.791521
vt 0.711929 0.790838
vt 0.711879 0.791575
vt 0.692379 0.788835
vt 0.711200 0.790793
vt 0.692339 0.789560
vt 0.691914 0.789505
vt 0.692289 0.790287
vt 0.691777 0.790222
vt 0.691499 0.789400
vt 0.692050 0.788794
vt 0.711753 0.792991
vt 0.679312 0.420232
vt 0.681775 0.737900
vt 0.679312 0.740929
vt 0.686813 0.848124
vt 0.687488 0.847414
vt 0.687532 0.848025
vt 0.688259 0.848584
vt 0.688222 0.847869
vt 0.688938 0.849249
vt 0.688907 0.848426
vt 0.689528 0.849125
vt 0.688959 0.850105
vt 0.875765 0.179740
vt 0.874657 0.179519
vt 0.874981 0.179071
vt 0.876435 0.180524
vt 0.876203 0.179301
vt 0.876936 0.180159
vt 0.688817 0.846963
vt 0.688866 0.847658
vt 0.668694 0.609140
vt 0.688175 0.847222
vt 0.686771 0.847533
vt 0.667957 0.608798
vt 0.666514 0.608988
vt 0.711092 0.792236
vt 0.711027 0.792921
vt 0.691278 0.790096
vt 0.690804 0.789910
vt 0.690415 0.788807
vt 0.692096 0.787391
vt 0.692183 0.788107
vt 0.691999 0.787338
vt 0.691779 0.787122
vt 0.711240 0.790069
vt 0.713290 0.791717
vt 0.713790 0.793467
vt 0.712990 0.794610
vt 0.668642 0.608576
vt 0.669336 0.608881
vt 0.553462 0.178843
vt 0.871121 0.178370
vt 0.871124 0.178843
vt 0.552595 0.178911
vt 0.551426 0.178137
vt 0.550728 0.179026
vt 0.549923 0.179519
vt 0.549205 0.180132
vt 0.546613 0.182165
vt 0.547207 0.182356
vt 0.546350 0.183262
vt 0.546967 0.183359
vt 0.547045 0.181122
vt 0.714590 0.790951
vt 0.547738 0.182527
vt 0.714078 0.789238
vt 0.547517 0.183444
vt 0.714104 0.787731
vt 0.546261 0.184387
vt 0.547929 0.878123
vt 0.547920 0.184384
vt 0.545585 0.184388
vt 0.547997 0.878990
vt 0.547526 0.879066
vt 0.775694 0.419746
vt 0.776636 0.421786
vt 0.777219 0.422686
vt 0.778572 0.423604
vt 0.777772 0.424260
vt 0.797096 0.428323
vt 0.797813 0.427014
vt 0.796718 0.427209
vt 0.745455 0.827997
vt 0.749000 0.827286
vt 0.748968 0.827801
vt 0.797815 0.424148
vt 0.797932 0.422902
vt 0.798044 0.422885
vt 0.757188 0.834139
vt 0.757017 0.833411
vt 0.757188 0.829302
vt 0.778866 0.421554
vt 0.756737 0.832745
vt 0.757018 0.828583
vt 0.778978 0.420969
vt 0.778258 0.420858
vt 0.690651 0.243969
vt 0.690711 0.243897
vt 0.690784 0.243834
vt 0.690871 0.243781
vt 0.690967 0.243741
vt 0.691072 0.243714
vt 0.691175 0.239938
vt 0.691288 0.239938
vt 0.689918 0.243939
vt 0.798468 0.422651
vt 0.799828 0.423203
vt 0.548085 0.847123
vt 0.548085 0.846695
vt 0.548554 0.152955
vt 0.549742 0.848575
vt 0.549117 0.848403
vt 0.548561 0.847711
vt 0.550412 0.152952
vt 0.551130 0.847410
vt 0.550416 0.849294
vt 0.549740 0.849130
vt 0.550413 0.849823
vt 0.551124 0.849943
vt 0.551856 0.848803
vt 0.799929 0.428624
vt 0.799902 0.428036
vt 0.869520 0.848129
vt 0.870799 0.848805
vt 0.870940 0.847419
vt 0.871527 0.848130
vt 0.871605 0.847420
vt 0.872251 0.846693
vt 0.872218 0.847421
vt 0.869521 0.846691
vt 0.832716 0.789496
vt 0.869517 0.508217
vt 0.871630 0.846692
vt 0.872244 0.152954
vt 0.871623 0.152304
vt 0.732889 0.832499
vt 0.733551 0.832295
vt 0.872117 0.848131
vt 0.872764 0.847422
vt 0.872642 0.848132
vt 0.871952 0.848806
vt 0.871398 0.848805
vt 0.871223 0.849429
vt 0.870530 0.849984
vt 0.870029 0.849984
vt 0.869939 0.850459
vt 0.869514 0.849984
vt 0.801173 0.670279
vt 0.800553 0.428377
vt 0.798533 0.428324
vt 0.797816 0.428951
vt 0.799164 0.670817
vt 0.730625 0.303446
vt 0.730695 0.303386
vt 0.730984 0.303990
vt 0.731149 0.303888
vt 0.730542 0.303497
vt 0.730797 0.304073
vt 0.730447 0.303539
vt 0.730344 0.303571
vt 0.730593 0.304136
vt 0.730234 0.303592
vt 0.730152 0.304196
vt 0.730120 0.303601
vt 0.730006 0.303599
vt 0.729927 0.304191
vt 0.711157 0.302225
vt 0.711078 0.302817
vt 0.710352 0.302735
vt 0.711002 0.303467
vt 0.710276 0.303394
vt 0.709724 0.301975
vt 0.709640 0.302596
vt 0.709139 0.301172
vt 0.709809 0.301431
vt 0.776196 0.427090
vt 0.776140 0.669174
vt 0.775520 0.427271
vt 0.776204 0.426435
vt 0.775529 0.426568
vt 0.776906 0.426981
vt 0.776816 0.668993
vt 0.708877 0.303125
vt 0.709562 0.303279
vt 0.708800 0.303895
vt 0.709425 0.304762
vt 0.710206 0.304097
vt 0.710144 0.304825
vt 0.710872 0.304882
vt 0.710091 0.305563
vt 0.729783 0.305536
vt 0.710933 0.304162
vt 0.729721 0.306256
vt 0.730259 0.306997
vt 0.729669 0.306984
vt 0.730237 0.306267
vt 0.730637 0.305510
vt 0.730749 0.306225
vt 0.731050 0.305431
vt 0.730512 0.304822
vt 0.730831 0.304761
vt 0.731131 0.304668
vt 0.730183 0.304849
vt 0.730211 0.305545
vt 0.731245 0.306130
vt 0.730845 0.306948
vt 0.729852 0.304841
vt 0.710820 0.305610
vt 0.708960 0.302403
vt 0.709048 0.301746
vt 0.710515 0.301611
vt 0.709489 0.304007
vt 0.710432 0.302136
vt 0.730376 0.304177
vt 0.730751 0.303321
vt 0.731474 0.303502
vt 0.732125 0.303830
vt 0.732371 0.304738
vt 0.733085 0.304998
vt 0.731405 0.304546
vt 0.732518 0.305563
vt 0.731438 0.305312
vt 0.732437 0.306457
vt 0.732137 0.307362
vt 0.731647 0.308224
vt 0.730303 0.309642
vt 0.731028 0.309582
vt 0.710778 0.306330
vt 0.710049 0.306290
vt 0.709370 0.305526
vt 0.776827 0.669567
vt 0.553470 0.883665
vt 0.553467 0.884140
vt 0.871132 0.883665
vt 0.871999 0.883596
vt 0.872988 0.883846
vt 0.873860 0.883484
vt 0.874665 0.882991
vt 0.875383 0.882378
vt 0.877966 0.880349
vt 0.877376 0.880156
vt 0.877617 0.879153
vt 0.878230 0.879252
vt 0.877534 0.881392
vt 0.875996 0.881660
vt 0.707425 0.305488
vt 0.876851 0.879983
vt 0.707371 0.306417
vt 0.708594 0.307064
vt 0.877071 0.879066
vt 0.707907 0.308635
vt 0.709068 0.831685
vt 0.878319 0.878126
vt 0.876674 0.878123
vt 0.877137 0.184386
vt 0.876597 0.183517
vt 0.876665 0.184384
vt 0.878983 0.184388
vt 0.878991 0.878127
vt 0.878311 0.184387
vt 0.877063 0.183444
vt 0.877526 0.181122
vt 0.877368 0.182356
vt 0.689482 0.854456
vt 0.875375 0.180132
vt 0.875988 0.180850
vt 0.689519 0.853683
vt 0.688954 0.852667
vt 0.689560 0.850999
vt 0.689550 0.850055
vt 0.687620 0.851705
vt 0.688288 0.849350
vt 0.687621 0.850946
vt 0.760465 0.829395
vt 0.759314 0.827286
vt 0.687567 0.848702
vt 0.769586 0.827482
vt 0.768885 0.829230
vt 0.768885 0.827286
vt 0.686300 0.848548
vt 0.687038 0.849275
vt 0.686848 0.848777
vt 0.765561 0.829481
vt 0.763391 0.829448
vt 0.760701 0.827286
vt 0.762108 0.829371
vt 0.760701 0.831194
vt 0.765531 0.828008
vt 0.763176 0.827286
vt 0.667377 0.848013
vt 0.686282 0.847828
vt 0.577640 0.727264
vt 0.578036 0.726443
vt 0.578135 0.727166
vt 0.577174 0.727411
vt 0.577841 0.727962
vt 0.577453 0.728084
vt 0.577765 0.728726
vt 0.577099 0.728245
vt 0.577917 0.729405
vt 0.577251 0.729001
vt 0.577492 0.728850
vt 0.767419 0.829437
vt 0.767494 0.827661
vt 0.767450 0.829532
vt 0.666818 0.852283
vt 0.666514 0.851730
vt 0.666909 0.852234
vt 0.667009 0.852193
vt 0.767586 0.827843
vt 0.767497 0.829625
vt 0.769586 0.829067
vt 0.769830 0.827494
vt 0.769752 0.829209
vt 0.578065 0.728631
vt 0.767111 0.827968
vt 0.667395 0.848733
vt 0.666805 0.848769
vt 0.762489 0.829904
vt 0.762564 0.827781
vt 0.762951 0.830436
vt 0.765749 0.829429
vt 0.765749 0.827286
vt 0.763133 0.828398
vt 0.667401 0.850186
vt 0.666712 0.851650
vt 0.667116 0.852163
vt 0.731257 0.834965
vt 0.731171 0.835014
vt 0.731331 0.834905
vt 0.731390 0.834835
vt 0.767405 0.829342
vt 0.767433 0.827473
vt 0.767405 0.827505
vt 0.767390 0.829699
vt 0.767390 0.827286
vt 0.732865 0.832746
vt 0.733519 0.832615
vt 0.577753 0.729507
vt 0.576780 0.729573
vt 0.575812 0.728410
vt 0.576177 0.729181
vt 0.575640 0.728731
vt 0.576059 0.728111
vt 0.575377 0.727866
vt 0.575660 0.727524
vt 0.576019 0.727214
vt 0.575338 0.726919
vt 0.575734 0.726578
vt 0.577469 0.726555
vt 0.576206 0.726282
vt 0.575524 0.725948
vt 0.576028 0.725632
vt 0.576601 0.725371
vt 0.578599 0.725672
vt 0.578582 0.724981
vt 0.577954 0.725729
vt 0.577164 0.724535
vt 0.577142 0.723952
vt 0.682334 0.737899
vt 0.684738 0.738605
vt 0.577842 0.723814
vt 0.684908 0.737895
vt 0.667276 0.846095
vt 0.667317 0.846678
vt 0.689560 0.847155
vt 0.708417 0.609634
vt 0.708417 0.850791
vt 0.710807 0.796597
vt 0.691304 0.792805
vt 0.577421 0.484874
vt 0.577421 0.484364
vt 0.551841 0.149192
vt 0.575338 0.485285
vt 0.689221 0.792519
vt 0.689332 0.792034
vt 0.688981 0.791106
vt 0.688786 0.791632
vt 0.688532 0.790664
vt 0.551118 0.150253
vt 0.549732 0.150518
vt 0.869512 0.151514
vt 0.551849 0.151514
vt 0.835584 0.227394
vt 0.834165 0.227053
vt 0.581408 0.229234
vt 0.580753 0.230424
vt 0.579895 0.231157
vt 0.579667 0.232380
vt 0.579161 0.232015
vt 0.579128 0.233259
vt 0.578572 0.232978
vt 0.578734 0.234212
vt 0.578140 0.234020
vt 0.578493 0.235214
vt 0.577876 0.235118
vt 0.578412 0.236242
vt 0.577787 0.236243
vt 0.577112 0.236244
vt 0.577794 0.780189
vt 0.577118 0.780190
vt 0.578419 0.780188
vt 0.577883 0.781314
vt 0.578500 0.781216
vt 0.578146 0.782412
vt 0.578578 0.783455
vt 0.578740 0.782219
vt 0.579135 0.783171
vt 0.579674 0.784050
vt 0.579168 0.784417
vt 0.579901 0.785275
vt 0.580343 0.784834
vt 0.580738 0.784441
vt 0.581127 0.785504
vt 0.708587 0.612864
vt 0.709127 0.613742
vt 0.708512 0.613793
vt 0.709078 0.614567
vt 0.709796 0.613719
vt 0.709750 0.614487
vt 0.709048 0.615341
vt 0.709723 0.615207
vt 0.709041 0.616045
vt 0.584995 0.785727
vt 0.832723 0.786203
vt 0.584992 0.786203
vt 0.833664 0.786128
vt 0.832720 0.786759
vt 0.834750 0.786437
vt 0.833843 0.787294
vt 0.833748 0.786678
vt 0.835703 0.786043
vt 0.834941 0.787030
vt 0.836582 0.785504
vt 0.835984 0.786598
vt 0.837804 0.785275
vt 0.837366 0.784834
vt 0.838036 0.784050
vt 0.838575 0.783171
vt 0.838537 0.784417
vt 0.838969 0.782219
vt 0.839127 0.783455
vt 0.839210 0.781216
vt 0.839559 0.782412
vt 0.839823 0.781314
vt 0.839291 0.780188
vt 0.839912 0.780189
vt 0.839906 0.236243
vt 0.840584 0.780190
vt 0.839816 0.235118
vt 0.839284 0.236242
vt 0.839203 0.235214
vt 0.839553 0.234020
vt 0.839121 0.232978
vt 0.838962 0.234212
vt 0.838568 0.233259
vt 0.838531 0.232015
vt 0.837360 0.231596
vt 0.837798 0.231157
vt 0.836576 0.230926
vt 0.836940 0.230424
vt 0.835697 0.230388
vt 0.835977 0.229834
vt 0.834575 0.230520
vt 0.834744 0.229993
vt 0.833741 0.229752
vt 0.833657 0.230300
vt 0.832716 0.230226
vt 0.736478 0.796508
vt 0.735881 0.796025
vt 0.736483 0.795751
vt 0.735876 0.796722
vt 0.735200 0.797598
vt 0.735217 0.796882
vt 0.735221 0.796234
vt 0.734517 0.796985
vt 0.734521 0.796371
vt 0.733793 0.797027
vt 0.734501 0.797662
vt 0.733778 0.797681
vt 0.733750 0.798380
vt 0.735127 0.799160
vt 0.734472 0.798386
vt 0.735170 0.798364
vt 0.735722 0.800036
vt 0.735780 0.799168
vt 0.736237 0.801037
vt 0.736311 0.800105
vt 0.736154 0.801936
vt 0.735654 0.800894
vt 0.736063 0.802779
vt 0.735577 0.801722
vt 0.735493 0.802499
vt 0.735966 0.803547
vt 0.735405 0.803206
vt 0.838192 0.235373
vt 0.838731 0.236241
vt 0.838260 0.236240
vt 0.603056 0.427028
vt 0.604577 0.836937
vt 0.603914 0.837141
vt 0.603718 0.426824
vt 0.604424 0.426076
vt 0.604419 0.426691
vt 0.605149 0.426038
vt 0.604443 0.425398
vt 0.605167 0.425383
vt 0.603776 0.424691
vt 0.604475 0.424673
vt 0.603120 0.424737
vt 0.603823 0.423894
vt 0.603169 0.423881
vt 0.602642 0.422940
vt 0.603232 0.423014
vt 0.602722 0.422009
vt 0.603305 0.422157
vt 0.602811 0.421112
vt 0.603388 0.421330
vt 0.602908 0.420270
vt 0.603477 0.420555
vt 0.604198 0.420140
vt 0.604109 0.420797
vt 0.604711 0.421672
vt 0.604790 0.420989
vt 0.604638 0.422400
vt 0.604026 0.421518
vt 0.604574 0.423155
vt 0.603949 0.422288
vt 0.605240 0.423956
vt 0.605293 0.423219
vt 0.605927 0.424723
vt 0.605198 0.424684
vt 0.613077 0.425938
vt 0.605896 0.425414
vt 0.613059 0.426584
vt 0.613794 0.426013
vt 0.613775 0.426667
vt 0.613770 0.427261
vt 0.614462 0.426809
vt 0.614456 0.427424
vt 0.615121 0.426288
vt 0.614481 0.426131
vt 0.615101 0.427005
vt 0.615671 0.427949
vt 0.615095 0.427655
vt 0.804058 0.253983
vt 0.804729 0.254754
vt 0.804261 0.254828
vt 0.805277 0.254668
vt 0.804803 0.255695
vt 0.805037 0.253665
vt 0.805892 0.254571
vt 0.805981 0.255696
vt 0.806558 0.254465
vt 0.806655 0.255696
vt 0.806945 0.253046
vt 0.806270 0.253265
vt 0.807259 0.254354
vt 0.808092 0.255696
vt 0.807364 0.255696
vt 0.808092 0.527670
vt 0.807365 0.799643
vt 0.808093 0.799643
vt 0.807259 0.800985
vt 0.806270 0.802074
vt 0.806558 0.800874
vt 0.806430 0.803537
vt 0.807637 0.802519
vt 0.807078 0.803868
vt 0.805152 0.804268
vt 0.805797 0.803215
vt 0.804852 0.805709
vt 0.806315 0.805113
vt 0.805367 0.806223
vt 0.804350 0.805206
vt 0.803829 0.806583
vt 0.803412 0.806008
vt 0.804257 0.807172
vt 0.802681 0.807286
vt 0.802359 0.806653
vt 0.801438 0.807801
vt 0.801218 0.807126
vt 0.800129 0.808115
vt 0.801663 0.808493
vt 0.800243 0.808834
vt 0.798787 0.808221
vt 0.800018 0.807414
vt 0.798787 0.806837
vt 0.799913 0.806748
vt 0.801010 0.806484
vt 0.799816 0.806132
vt 0.800818 0.805892
vt 0.801771 0.805497
vt 0.802053 0.806052
vt 0.802650 0.804958
vt 0.803015 0.805462
vt 0.803434 0.804289
vt 0.803874 0.804729
vt 0.804607 0.803871
vt 0.805197 0.802909
vt 0.804103 0.803505
vt 0.804642 0.802626
vt 0.805037 0.801673
vt 0.805277 0.800671
vt 0.805629 0.801866
vt 0.805358 0.799643
vt 0.805892 0.800768
vt 0.804804 0.799642
vt 0.804729 0.800584
vt 0.804059 0.801354
vt 0.804262 0.800509
vt 0.723392 0.802151
vt 0.722689 0.802973
vt 0.722780 0.802353
vt 0.723474 0.801492
vt 0.724057 0.802017
vt 0.724682 0.802483
vt 0.723977 0.802563
vt 0.724835 0.801355
vt 0.725482 0.801968
vt 0.724760 0.801956
vt 0.725406 0.802489
vt 0.732668 0.802454
vt 0.732591 0.802974
vt 0.606732 0.836759
vt 0.605143 0.426631
vt 0.605873 0.426646
vt 0.733393 0.802539
vt 0.734021 0.803242
vt 0.733315 0.803066
vt 0.734102 0.802696
vt 0.734861 0.802262
vt 0.734778 0.802920
vt 0.734254 0.801389
vt 0.734939 0.801538
vt 0.734322 0.800660
vt 0.735010 0.800767
vt 0.733605 0.800574
vt 0.734381 0.799904
vt 0.733711 0.799107
vt 0.732934 0.799792
vt 0.732982 0.799063
vt 0.725835 0.797859
vt 0.733021 0.798345
vt 0.725863 0.797169
vt 0.725117 0.797797
vt 0.725145 0.797098
vt 0.724472 0.796306
vt 0.725161 0.796444
vt 0.723836 0.795464
vt 0.723831 0.796113
vt 0.723233 0.796638
vt 0.723252 0.795869
vt 0.798788 0.805184
vt 0.799729 0.805584
vt 0.798788 0.805658
vt 0.722729 0.796415
vt 0.723201 0.797460
vt 0.722694 0.797307
vt 0.723155 0.798315
vt 0.722645 0.798236
vt 0.722582 0.799178
vt 0.722508 0.800109
vt 0.723098 0.799183
vt 0.723030 0.800041
vt 0.722425 0.801008
vt 0.723552 0.800769
vt 0.722953 0.800869
vt 0.724277 0.799981
vt 0.724209 0.800710
vt 0.724972 0.799991
vt 0.725627 0.800722
vt 0.725692 0.800027
vt 0.732813 0.801207
vt 0.732877 0.800512
vt 0.732742 0.801860
vt 0.733539 0.801278
vt 0.733468 0.801938
vt 0.725029 0.799261
vt 0.725078 0.798524
vt 0.724337 0.799225
vt 0.724387 0.798461
vt 0.723783 0.797594
vt 0.723741 0.798391
vt 0.723687 0.799199
vt 0.723624 0.799998
vt 0.800501 0.804912
vt 0.799655 0.805115
vt 0.723814 0.796829
vt 0.723256 0.795172
vt 0.724456 0.796983
vt 0.725164 0.795852
vt 0.725882 0.795938
vt 0.724427 0.797708
vt 0.725878 0.796523
vt 0.733048 0.797655
vt 0.725749 0.799306
vt 0.725797 0.798578
vt 0.733662 0.799845
vt 0.734180 0.802073
vt 0.613912 0.837283
vt 0.613053 0.427171
vt 0.724906 0.800694
vt 0.725557 0.801374
vt 0.724135 0.801394
vt 0.723307 0.802728
vt 0.803726 0.802158
vt 0.804509 0.801501
vt 0.804148 0.802373
vt 0.722869 0.801646
vt 0.804330 0.799642
vt 0.803655 0.803178
vt 0.803042 0.803896
vt 0.801519 0.805002
vt 0.800647 0.805364
vt 0.798788 0.806213
vt 0.798787 0.808949
vt 0.803012 0.807935
vt 0.805727 0.804685
vt 0.805981 0.799643
vt 0.806945 0.802294
vt 0.807978 0.801099
vt 0.806655 0.799643
vt 0.807637 0.252821
vt 0.806430 0.251802
vt 0.807078 0.251472
vt 0.805152 0.251072
vt 0.805797 0.252124
vt 0.805726 0.250654
vt 0.805367 0.249116
vt 0.806315 0.250227
vt 0.803411 0.249331
vt 0.804852 0.249631
vt 0.804350 0.250133
vt 0.803829 0.248757
vt 0.803011 0.247405
vt 0.804256 0.248168
vt 0.801437 0.247538
vt 0.802359 0.248686
vt 0.801218 0.248213
vt 0.801662 0.246846
vt 0.800129 0.247224
vt 0.800242 0.246505
vt 0.800018 0.247925
vt 0.798787 0.247118
vt 0.551053 0.246391
vt 0.798787 0.246391
vt 0.549597 0.246505
vt 0.551053 0.247118
vt 0.549711 0.247224
vt 0.548402 0.247538
vt 0.549822 0.247925
vt 0.548622 0.248213
vt 0.548177 0.246846
vt 0.547159 0.248053
vt 0.546828 0.247405
vt 0.546011 0.248757
vt 0.547481 0.248686
vt 0.546428 0.249331
vt 0.544473 0.249116
vt 0.544987 0.249631
vt 0.544688 0.251072
vt 0.544113 0.250654
vt 0.542762 0.251472
vt 0.543410 0.251802
vt 0.542895 0.253046
vt 0.544043 0.252124
vt 0.543570 0.253265
vt 0.541862 0.254240
vt 0.542203 0.252821
vt 0.542581 0.254354
vt 0.543185 0.255696
vt 0.542475 0.255696
vt 0.542475 0.799643
vt 0.541747 0.527670
vt 0.541748 0.799643
vt 0.542581 0.800985
vt 0.543571 0.802074
vt 0.543282 0.800874
vt 0.542203 0.802519
vt 0.543410 0.803537
vt 0.542762 0.803868
vt 0.544688 0.804268
vt 0.544043 0.803215
vt 0.543525 0.805113
vt 0.544988 0.805709
vt 0.544473 0.806223
vt 0.546011 0.806583
vt 0.545490 0.805207
vt 0.546429 0.806008
vt 0.546828 0.807935
vt 0.547159 0.807286
vt 0.547481 0.806653
vt 0.546825 0.805462
vt 0.547192 0.804958
vt 0.547788 0.806052
vt 0.548323 0.805002
vt 0.548071 0.805497
vt 0.588988 0.850531
vt 0.588382 0.851507
vt 0.588467 0.850623
vt 0.589510 0.851228
vt 0.589583 0.850469
vt 0.590167 0.851156
vt 0.590931 0.850439
vt 0.590865 0.851131
vt 0.591651 0.850471
vt 0.591709 0.849756
vt 0.598836 0.850942
vt 0.599497 0.851697
vt 0.598770 0.851626
vt 0.600341 0.850346
vt 0.599563 0.851004
vt 0.599622 0.850281
vt 0.600211 0.851814
vt 0.600968 0.851215
vt 0.600896 0.851974
vt 0.601681 0.850507
vt 0.601612 0.851359
vt 0.601533 0.852173
vt 0.602194 0.851522
vt 0.602109 0.852406
vt 0.581449 0.231375
vt 0.582000 0.230388
vt 0.582254 0.230881
vt 0.602334 0.849656
vt 0.602270 0.850598
vt 0.602385 0.848721
vt 0.601740 0.849640
vt 0.601788 0.848778
vt 0.602422 0.847815
vt 0.602444 0.846961
vt 0.601822 0.847944
vt 0.601842 0.847157
vt 0.602451 0.846179
vt 0.579453 0.780186
vt 0.578970 0.236241
vt 0.579447 0.236240
vt 0.579050 0.781128
vt 0.579522 0.781053
vt 0.709055 0.609274
vt 0.709761 0.608883
vt 0.709628 0.609579
vt 0.709502 0.610347
vt 0.708919 0.610108
vt 0.708793 0.610999
vt 0.709284 0.612021
vt 0.710038 0.611322
vt 0.709942 0.612116
vt 0.710640 0.612208
vt 0.709861 0.612922
vt 0.711228 0.613756
vt 0.710563 0.612970
vt 0.711287 0.613029
vt 0.711185 0.614457
vt 0.710502 0.613723
vt 0.710458 0.614450
vt 0.711160 0.615115
vt 0.710433 0.615131
vt 0.711154 0.615713
vt 0.711275 0.804399
vt 0.710426 0.615751
vt 0.604873 0.420368
vt 0.605665 0.420005
vt 0.605582 0.420529
vt 0.606306 0.420619
vt 0.605502 0.421129
vt 0.606227 0.421211
vt 0.605425 0.421788
vt 0.606082 0.422556
vt 0.606152 0.421862
vt 0.613201 0.423800
vt 0.606021 0.423276
vt 0.613149 0.424529
vt 0.613920 0.423849
vt 0.613867 0.424586
vt 0.614556 0.424652
vt 0.613824 0.425314
vt 0.615259 0.423917
vt 0.614611 0.423888
vt 0.615201 0.424725
vt 0.615735 0.425658
vt 0.615155 0.425522
vt 0.616361 0.423942
vt 0.615785 0.424802
vt 0.615847 0.423935
vt 0.803654 0.252160
vt 0.804642 0.252713
vt 0.804148 0.252964
vt 0.803434 0.251049
vt 0.804607 0.251468
vt 0.804103 0.251833
vt 0.802650 0.250380
vt 0.803873 0.250610
vt 0.802053 0.249287
vt 0.801770 0.249841
vt 0.801010 0.248855
vt 0.800818 0.249447
vt 0.799912 0.248591
vt 0.798787 0.249125
vt 0.798787 0.248502
vt 0.551053 0.249125
vt 0.551053 0.248502
vt 0.549928 0.248591
vt 0.549023 0.249447
vt 0.550026 0.249206
vt 0.548070 0.249841
vt 0.548830 0.248855
vt 0.547191 0.250380
vt 0.547788 0.249287
vt 0.545967 0.250610
vt 0.546407 0.251049
vt 0.545738 0.251833
vt 0.544644 0.252430
vt 0.545199 0.252713
vt 0.544804 0.253665
vt 0.544564 0.254668
vt 0.544212 0.253473
vt 0.543949 0.254571
vt 0.544483 0.255696
vt 0.543859 0.255696
vt 0.544483 0.799643
vt 0.543949 0.800768
vt 0.544564 0.800671
vt 0.544212 0.801866
vt 0.544805 0.801673
vt 0.544644 0.802909
vt 0.545738 0.803505
vt 0.545199 0.802626
vt 0.546408 0.804289
vt 0.545234 0.803871
vt 0.546187 0.803178
vt 0.589058 0.849680
vt 0.588606 0.848757
vt 0.589117 0.848813
vt 0.589703 0.848869
vt 0.590297 0.849688
vt 0.589648 0.849677
vt 0.591040 0.848978
vt 0.590990 0.849715
vt 0.591799 0.848305
vt 0.591080 0.848246
vt 0.590421 0.847431
vt 0.591110 0.847536
vt 0.589798 0.846557
vt 0.590439 0.846738
vt 0.589225 0.845609
vt 0.589219 0.846330
vt 0.545113 0.800584
vt 0.545784 0.801354
vt 0.545333 0.801501
vt 0.588695 0.846916
vt 0.589164 0.847951
vt 0.588658 0.847822
vt 0.588969 0.420418
vt 0.590444 0.846103
vt 0.589804 0.845886
vt 0.589610 0.420634
vt 0.590290 0.420246
vt 0.590297 0.420786
vt 0.719622 0.610458
vt 0.720226 0.611085
vt 0.719510 0.611043
vt 0.720918 0.611067
vt 0.720118 0.611738
vt 0.721452 0.611702
vt 0.720705 0.612466
vt 0.720807 0.611743
vt 0.721344 0.612466
vt 0.721820 0.613291
vt 0.721248 0.613261
vt 0.722219 0.614245
vt 0.721732 0.614156
vt 0.721663 0.615011
vt 0.548323 0.250336
vt 0.549342 0.250425
vt 0.548539 0.250758
vt 0.549195 0.249974
vt 0.550187 0.250222
vt 0.550113 0.249754
vt 0.551054 0.250154
vt 0.721576 0.617314
vt 0.721870 0.805654
vt 0.721021 0.617007
vt 0.615666 0.420396
vt 0.614911 0.421101
vt 0.614996 0.420557
vt 0.614828 0.421722
vt 0.614209 0.421159
vt 0.615488 0.421627
vt 0.614749 0.422405
vt 0.615404 0.422349
vt 0.615920 0.423078
vt 0.615327 0.423119
vt 0.800501 0.250425
vt 0.801519 0.250336
vt 0.801304 0.250758
vt 0.799655 0.250222
vt 0.800647 0.249974
vt 0.616003 0.422251
vt 0.616440 0.423011
vt 0.614676 0.423133
vt 0.614052 0.422418
vt 0.613982 0.423120
vt 0.614291 0.420634
vt 0.613486 0.421143
vt 0.613568 0.420625
vt 0.719865 0.805119
vt 0.719726 0.616581
vt 0.720575 0.805228
vt 0.720407 0.616141
vt 0.720400 0.616761
vt 0.720433 0.615460
vt 0.721029 0.616352
vt 0.720477 0.614733
vt 0.721056 0.615631
vt 0.720538 0.613979
vt 0.721103 0.614863
vt 0.720614 0.613217
vt 0.719859 0.613896
vt 0.719933 0.613161
vt 0.719307 0.612377
vt 0.719221 0.613093
vt 0.719404 0.611688
vt 0.712172 0.611654
vt 0.712269 0.610965
vt 0.711653 0.610217
vt 0.711546 0.610870
vt 0.711061 0.609444
vt 0.711766 0.609626
vt 0.600353 0.421164
vt 0.599646 0.420733
vt 0.600346 0.420571
vt 0.598930 0.421352
vt 0.600488 0.846761
vt 0.599764 0.846821
vt 0.599034 0.846809
vt 0.599759 0.847433
vt 0.599029 0.847414
vt 0.600483 0.847396
vt 0.599742 0.848102
vt 0.600435 0.848824
vt 0.601164 0.848036
vt 0.601132 0.848813
vt 0.600393 0.849583
vt 0.599713 0.848812
vt 0.599672 0.849544
vt 0.598984 0.848775
vt 0.598944 0.849499
vt 0.600465 0.848089
vt 0.601183 0.847303
vt 0.591849 0.846338
vt 0.598200 0.421340
vt 0.591127 0.846867
vt 0.591844 0.846943
vt 0.599012 0.848075
vt 0.591827 0.847604
vt 0.601188 0.846632
vt 0.599654 0.421293
vt 0.710146 0.610557
vt 0.710943 0.610057
vt 0.710833 0.610733
vt 0.710387 0.609194
vt 0.710263 0.609842
vt 0.598922 0.420811
vt 0.710730 0.611456
vt 0.712487 0.609736
vt 0.712375 0.610320
vt 0.711361 0.612293
vt 0.712086 0.612371
vt 0.712013 0.613097
vt 0.719148 0.613820
vt 0.711955 0.613816
vt 0.719089 0.614538
vt 0.719757 0.615325
vt 0.719047 0.615231
vt 0.711888 0.615158
vt 0.711913 0.614508
vt 0.719800 0.614624
vt 0.719733 0.615983
vt 0.719023 0.615880
vt 0.719016 0.616471
vt 0.711881 0.615749
vt 0.712730 0.804397
vt 0.614128 0.421758
vt 0.613407 0.421735
vt 0.615576 0.420971
vt 0.616093 0.421476
vt 0.721249 0.805408
vt 0.798788 0.249680
vt 0.799729 0.249754
vt 0.616284 0.420153
vt 0.551054 0.249680
vt 0.721584 0.616610
vt 0.721613 0.615836
vt 0.721167 0.614067
vt 0.546117 0.253179
vt 0.546187 0.252160
vt 0.546571 0.252438
vt 0.545333 0.253837
vt 0.545784 0.253983
vt 0.545112 0.254754
vt 0.545581 0.254828
vt 0.545038 0.255695
vt 0.721569 0.610987
vt 0.722297 0.610152
vt 0.722164 0.610848
vt 0.721922 0.612437
vt 0.722314 0.613305
vt 0.722038 0.611616
vt 0.720020 0.612436
vt 0.591015 0.420869
vt 0.598193 0.420806
vt 0.721035 0.610454
vt 0.720339 0.610494
vt 0.591008 0.420335
vt 0.588390 0.420140
vt 0.588961 0.419825
vt 0.589602 0.420075
vt 0.591132 0.846255
vt 0.545513 0.255695
vt 0.545039 0.799642
vt 0.545581 0.800509
vt 0.545513 0.799642
vt 0.589779 0.847290
vt 0.589199 0.847117
vt 0.590391 0.848166
vt 0.591759 0.849028
vt 0.590349 0.848925
vt 0.589747 0.848067
vt 0.545694 0.802373
vt 0.545694 0.252964
vt 0.546800 0.251442
vt 0.547518 0.250829
vt 0.799815 0.249206
vt 0.802324 0.250829
vt 0.805196 0.252430
vt 0.803041 0.251442
vt 0.616293 0.424883
vt 0.614513 0.425406
vt 0.613263 0.423080
vt 0.613332 0.422386
vt 0.606388 0.420101
vt 0.711448 0.611568
vt 0.709387 0.611168
vt 0.709898 0.608276
vt 0.601014 0.420968
vt 0.601848 0.846436
vt 0.601033 0.850423
vt 0.601088 0.849615
vt 0.600280 0.851096
vt 0.599424 0.852341
vt 0.598894 0.850227
vt 0.591585 0.851155
vt 0.588542 0.849698
vt 0.546800 0.803896
vt 0.545967 0.804729
vt 0.545583 0.807172
vt 0.544114 0.804685
vt 0.542895 0.802294
vt 0.543859 0.799643
vt 0.543186 0.799643
vt 0.541862 0.801099
vt 0.541747 0.255696
vt 0.543282 0.254465
vt 0.545234 0.251468
vt 0.545490 0.250133
vt 0.546825 0.249876
vt 0.545583 0.248168
vt 0.551053 0.247828
vt 0.798787 0.247828
vt 0.802681 0.248053
vt 0.803015 0.249876
vt 0.807978 0.254240
vt 0.805628 0.253473
vt 0.805358 0.255696
vt 0.804509 0.253837
vt 0.616200 0.426705
vt 0.615699 0.426481
vt 0.804330 0.255695
vt 0.616530 0.838062
vt 0.615677 0.427251
vt 0.614629 0.837374
vt 0.615953 0.837767
vt 0.615315 0.837536
vt 0.605878 0.426060
vt 0.613107 0.425247
vt 0.605968 0.424004
vt 0.605355 0.422490
vt 0.711287 0.804942
vt 0.710565 0.804510
vt 0.603881 0.423087
vt 0.602481 0.425704
vt 0.603083 0.425560
vt 0.603062 0.426330
vt 0.602574 0.423882
vt 0.604519 0.423919
vt 0.603743 0.425457
vt 0.603723 0.426174
vt 0.606002 0.836744
vt 0.605277 0.836804
vt 0.602451 0.427298
vt 0.734692 0.803497
vt 0.838738 0.780187
vt 0.735313 0.803826
vt 0.736373 0.799164
vt 0.735074 0.799968
vt 0.735825 0.798313
vt 0.734432 0.799140
vt 0.733064 0.797009
vt 0.735858 0.797491
vt 0.736458 0.797342
vt 0.736423 0.798235
vt 0.836252 0.231375
vt 0.836970 0.231988
vt 0.837583 0.232705
vt 0.838029 0.232380
vt 0.838076 0.233510
vt 0.838657 0.235300
vt 0.838664 0.781128
vt 0.838444 0.782046
vt 0.838082 0.782918
vt 0.837589 0.783723
vt 0.836976 0.784441
vt 0.836258 0.785054
vt 0.835453 0.785547
vt 0.834581 0.785908
vt 0.603011 0.419505
vt 0.603572 0.419850
vt 0.833592 0.785659
vt 0.832725 0.785727
vt 0.710577 0.805084
vt 0.709889 0.804692
vt 0.709716 0.615862
vt 0.709197 0.612887
vt 0.708682 0.611925
vt 0.580125 0.783723
vt 0.579632 0.782918
vt 0.578976 0.780187
vt 0.579264 0.234382
vt 0.579044 0.235300
vt 0.579626 0.233510
vt 0.580119 0.232705
vt 0.580337 0.231596
vt 0.580732 0.231988
vt 0.581121 0.230927
vt 0.581715 0.229834
vt 0.578398 0.229664
vt 0.576687 0.232020
vt 0.575787 0.234789
vt 0.575794 0.781646
vt 0.577503 0.782621
vt 0.579943 0.787129
vt 0.582261 0.785547
vt 0.708426 0.615529
vt 0.708417 0.616293
vt 0.582959 0.786437
vt 0.708458 0.614689
vt 0.584985 0.788768
vt 0.584986 0.788057
vt 0.834058 0.788662
vt 0.837758 0.787129
vt 0.836946 0.786008
vt 0.839295 0.786770
vt 0.841007 0.784415
vt 0.840199 0.782621
vt 0.841906 0.781646
vt 0.840578 0.236244
vt 0.840193 0.233813
vt 0.841000 0.232020
vt 0.839289 0.229664
vt 0.836934 0.227953
vt 0.832714 0.229672
vt 0.832712 0.229049
vt 0.834051 0.227772
vt 0.582548 0.228761
vt 0.584979 0.227666
vt 0.584983 0.229672
vt 0.583126 0.230520
vt 0.832719 0.230699
vt 0.584988 0.230699
vt 0.600816 0.852680
vt 0.599348 0.852922
vt 0.733700 0.610083
vt 0.733797 0.796435
vt 0.598699 0.852262
vt 0.598623 0.852835
vt 0.724476 0.795693
vt 0.723655 0.609404
vt 0.590013 0.852425
vt 0.590792 0.851776
vt 0.723014 0.609176
vt 0.548539 0.804579
vt 0.588736 0.852787
vt 0.588825 0.852104
vt 0.588910 0.851346
vt 0.551054 0.806213
vt 0.551054 0.805184
vt 0.798787 0.807511
vt 0.549928 0.806748
vt 0.548622 0.807126
vt 0.543525 0.250227
vt 0.846593 0.930723
vt 0.495573 0.927270
vt 0.484325 0.917664
vt 0.481728 0.913425
vt 0.495573 0.142571
vt 0.846593 0.139828
vt 0.860976 0.142571
vt 0.878274 0.899042
vt 0.856592 0.929814
vt 0.482828 0.918752
vt 0.688293 0.803886
vt 0.688489 0.798905
vt 0.480078 0.914265
vt 0.477999 0.165737
vt 0.851655 0.138841
vt 0.870306 0.922753
vt 0.751312 0.832592
vt 0.750819 0.837889
vt 0.750819 0.832553
vt 0.751211 0.827399
vt 0.862034 0.929342
vt 0.857103 0.931384
vt 0.851914 0.932630
vt 0.846595 0.933048
vt 0.509957 0.933048
vt 0.499448 0.931384
vt 0.494518 0.929342
vt 0.686762 0.824509
vt 0.687239 0.819505
vt 0.686922 0.808911
vt 0.650189 0.790881
vt 0.650075 0.795731
vt 0.649334 0.793804
vt 0.649447 0.788962
vt 0.685158 0.803334
vt 0.685476 0.793301
vt 0.687521 0.793713
vt 0.688098 0.793956
vt 0.475950 0.899041
vt 0.475949 0.170798
vt 0.476368 0.165478
vt 0.477614 0.160289
vt 0.479656 0.155359
vt 0.686038 0.441248
vt 0.686559 0.441176
vt 0.685667 0.446445
vt 0.685124 0.456876
vt 0.684966 0.461853
vt 0.504637 0.137209
vt 0.504711 0.137678
vt 0.509957 0.136790
vt 0.846594 0.136790
vt 0.851839 0.137678
vt 0.851914 0.137209
vt 0.857103 0.138455
vt 0.862033 0.140497
vt 0.664090 0.312438
vt 0.663637 0.317370
vt 0.662900 0.327773
vt 0.662636 0.332987
vt 0.662449 0.338038
vt 0.878937 0.160289
vt 0.880183 0.165478
vt 0.880602 0.170798
vt 0.662830 0.347489
vt 0.666832 0.917378
vt 0.666251 0.917103
vt 0.880602 0.899041
vt 0.880183 0.904361
vt 0.878937 0.909550
vt 0.876895 0.914480
vt 0.874107 0.919030
vt 0.635898 0.794126
vt 0.635891 0.791392
vt 0.637384 0.787943
vt 0.640555 0.783523
vt 0.773324 0.693390
vt 0.773140 0.687950
vt 0.773766 0.688082
vt 0.647142 0.776223
vt 0.773464 0.682790
vt 0.645632 0.768108
vt 0.647975 0.767886
vt 0.543580 0.920128
vt 0.543780 0.917200
vt 0.546180 0.915319
vt 0.737210 0.686507
vt 0.772339 0.691956
vt 0.773138 0.680442
vt 0.645599 0.762641
vt 0.647942 0.762447
vt 0.619760 0.430036
vt 0.773716 0.673546
vt 0.773760 0.419752
vt 0.683871 0.834076
vt 0.683280 0.837942
vt 0.681839 0.836116
vt 0.683156 0.832238
vt 0.682562 0.836122
vt 0.647147 0.829805
vt 0.646552 0.833696
vt 0.682434 0.832225
vt 0.647723 0.825362
vt 0.683010 0.827782
vt 0.759183 0.827372
vt 0.684286 0.824824
vt 0.684781 0.819625
vt 0.751741 0.837269
vt 0.754081 0.838051
vt 0.648266 0.820477
vt 0.649581 0.806304
vt 0.684868 0.808724
vt 0.649871 0.800914
vt 0.745026 0.834635
vt 0.743490 0.832602
vt 0.743747 0.829310
vt 0.742214 0.827286
vt 0.649480 0.786473
vt 0.726683 0.430053
vt 0.725957 0.429980
vt 0.645933 0.241045
vt 0.726480 0.425523
vt 0.650209 0.786485
vt 0.683330 0.240097
vt 0.689253 0.426630
vt 0.691162 0.423412
vt 0.691707 0.419505
vt 0.690638 0.427869
vt 0.689432 0.431013
vt 0.690148 0.432766
vt 0.689704 0.437983
vt 0.688500 0.441110
vt 0.660938 0.430797
vt 0.660050 0.427350
vt 0.689318 0.443390
vt 0.688753 0.454245
vt 0.688589 0.459425
vt 0.686617 0.467220
vt 0.652710 0.450732
vt 0.648823 0.445723
vt 0.688509 0.464268
vt 0.723834 0.470766
vt 0.674577 0.789132
vt 0.679312 0.788749
vt 0.689704 0.724703
vt 0.689796 0.728501
vt 0.666266 0.303209
vt 0.666387 0.307335
vt 0.668671 0.301117
vt 0.702623 0.318005
vt 0.667293 0.312073
vt 0.702151 0.323138
vt 0.665685 0.322531
vt 0.701735 0.328501
vt 0.666054 0.328031
vt 0.702153 0.337544
vt 0.701384 0.333963
vt 0.702113 0.334005
vt 0.538117 0.910674
vt 0.537167 0.905591
vt 0.540255 0.905633
vt 0.664370 0.333324
vt 0.701109 0.339389
vt 0.665585 0.338713
vt 0.538487 0.900286
vt 0.541578 0.900320
vt 0.700915 0.344646
vt 0.668149 0.915771
vt 0.754758 0.829522
vt 0.755881 0.833679
vt 0.754758 0.835953
vt 0.757188 0.829146
vt 0.757902 0.831684
vt 0.757188 0.833580
vt 0.539018 0.943457
vt 0.541536 0.941509
vt 0.768449 0.727796
vt 0.769166 0.727823
vt 0.734144 0.720261
vt 0.770642 0.713382
vt 0.541584 0.153411
vt 0.541321 0.158105
vt 0.538503 0.153420
vt 0.771939 0.708060
vt 0.539358 0.927182
vt 0.541765 0.925285
vt 0.541176 0.922017
vt 0.736582 0.697097
vt 0.772085 0.697154
vt 0.736609 0.681597
vt 0.731214 0.721829
vt 0.734120 0.713023
vt 0.733384 0.717859
vt 0.544406 0.158103
vt 0.543371 0.163173
vt 0.704245 0.922024
vt 0.704175 0.918020
vt 0.733357 0.724654
vt 0.544602 0.168500
vt 0.546459 0.163180
vt 0.706013 0.920066
vt 0.706642 0.915957
vt 0.706713 0.919902
vt 0.705290 0.920148
vt 0.538962 0.894840
vt 0.542053 0.894864
vt 0.701852 0.347741
vt 0.701833 0.352269
vt 0.701960 0.342791
vt 0.740132 0.853738
vt 0.736912 0.850930
vt 0.702463 0.328552
vt 0.702879 0.323198
vt 0.726980 0.725436
vt 0.703350 0.318073
vt 0.740280 0.829664
vt 0.725288 0.470702
vt 0.724564 0.470772
vt 0.704892 0.311564
vt 0.705436 0.307291
vt 0.704379 0.316309
vt 0.703911 0.321408
vt 0.704600 0.321524
vt 0.703497 0.326737
vt 0.707302 0.915758
vt 0.729787 0.725261
vt 0.732722 0.707479
vt 0.734797 0.691632
vt 0.734376 0.686598
vt 0.735880 0.677218
vt 0.737335 0.677199
vt 0.745026 0.845552
vt 0.742214 0.848817
vt 0.648472 0.809813
vt 0.648840 0.804359
vt 0.643847 0.241451
vt 0.729755 0.422447
vt 0.729223 0.426254
vt 0.879100 0.925244
vt 0.545500 0.925717
vt 0.884423 0.925298
vt 0.706776 0.312304
vt 0.707302 0.308171
vt 0.706280 0.316894
vt 0.894324 0.921589
vt 0.898810 0.918840
vt 0.906229 0.911421
vt 0.902811 0.915423
vt 0.908978 0.906935
vt 0.910991 0.902073
vt 0.912220 0.896957
vt 0.910983 0.160437
vt 0.910452 0.160609
vt 0.908969 0.155575
vt 0.906220 0.151089
vt 0.902802 0.147087
vt 0.898801 0.143670
vt 0.889453 0.138907
vt 0.733880 0.682042
vt 0.734498 0.677528
vt 0.731082 0.423328
vt 0.645713 0.829561
vt 0.644451 0.833170
vt 0.646139 0.820142
vt 0.646628 0.815010
vt 0.645820 0.809546
vt 0.518360 0.151089
vt 0.515610 0.155575
vt 0.513597 0.160437
vt 0.512369 0.165553
vt 0.513605 0.902073
vt 0.515619 0.906935
vt 0.518815 0.911096
vt 0.518369 0.911421
vt 0.521786 0.915423
vt 0.530274 0.921589
vt 0.535135 0.923603
vt 0.540252 0.924831
vt 0.879096 0.924067
vt 0.518544 0.905444
vt 0.521023 0.909491
vt 0.515620 0.896445
vt 0.545481 0.140559
vt 0.879084 0.140559
vt 0.871114 0.175083
vt 0.553452 0.175083
vt 0.872456 0.175916
vt 0.871115 0.175811
vt 0.873547 0.176905
vt 0.873765 0.176231
vt 0.875339 0.176097
vt 0.873990 0.175538
vt 0.872570 0.175198
vt 0.876584 0.176860
vt 0.540636 0.140212
vt 0.540750 0.140931
vt 0.540526 0.139511
vt 0.535911 0.141347
vt 0.535692 0.140671
vt 0.531421 0.143207
vt 0.536135 0.142039
vt 0.531751 0.143855
vt 0.515352 0.161012
vt 0.518535 0.157072
vt 0.517255 0.156419
vt 0.524096 0.149417
vt 0.527705 0.146335
vt 0.526466 0.144625
vt 0.535485 0.140029
vt 0.530264 0.140921
vt 0.526102 0.144120
vt 0.643847 0.828705
vt 0.644409 0.829048
vt 0.644400 0.824436
vt 0.540327 0.138228
vt 0.545481 0.139831
vt 0.879087 0.138447
vt 0.879089 0.137822
vt 0.888875 0.140671
vt 0.897707 0.145171
vt 0.904140 0.152598
vt 0.908963 0.896445
vt 0.906039 0.905444
vt 0.903560 0.909491
vt 0.901496 0.914115
vt 0.888439 0.920477
vt 0.883824 0.921585
vt 0.896869 0.916181
vt 0.893477 0.919942
vt 0.889094 0.922485
vt 0.879094 0.923395
vt 0.879093 0.921957
vt 0.553460 0.887433
vt 0.871122 0.887433
vt 0.552118 0.886599
vt 0.553460 0.886705
vt 0.551030 0.885610
vt 0.552230 0.885898
vt 0.550810 0.886285
vt 0.549235 0.886419
vt 0.549566 0.885770
vt 0.552004 0.887319
vt 0.550584 0.886978
vt 0.547990 0.885656
vt 0.546880 0.884708
vt 0.547096 0.882752
vt 0.548376 0.883213
vt 0.549602 0.883441
vt 0.550481 0.883980
vt 0.774906 0.426754
vt 0.774896 0.427518
vt 0.775560 0.425794
vt 0.774940 0.425914
vt 0.871127 0.884696
vt 0.871125 0.885320
vt 0.873998 0.886978
vt 0.874696 0.885137
vt 0.876592 0.885656
vt 0.875748 0.884492
vt 0.877702 0.884708
vt 0.877489 0.882752
vt 0.879414 0.882352
vt 0.878606 0.880558
vt 0.880313 0.879583
vt 0.878598 0.181957
vt 0.878125 0.180816
vt 0.875009 0.176746
vt 0.876679 0.178825
vt 0.874382 0.177978
vt 0.873852 0.179026
vt 0.689450 0.847398
vt 0.689396 0.846644
vt 0.872980 0.178664
vt 0.689494 0.848232
vt 0.872346 0.176617
vt 0.550576 0.175538
vt 0.549881 0.177378
vt 0.547982 0.176860
vt 0.547890 0.178825
vt 0.545923 0.178919
vt 0.546443 0.180816
vt 0.544261 0.182933
vt 0.544269 0.879583
vt 0.545593 0.878127
vt 0.546622 0.880349
vt 0.548107 0.880856
vt 0.775282 0.422225
vt 0.549931 0.882991
vt 0.550736 0.883484
vt 0.549213 0.882378
vt 0.775771 0.423249
vt 0.774995 0.425019
vt 0.776986 0.424953
vt 0.776914 0.426361
vt 0.777526 0.668883
vt 0.778254 0.668846
vt 0.778369 0.426390
vt 0.711238 0.301707
vt 0.730088 0.303080
vt 0.798140 0.671271
vt 0.798044 0.671307
vt 0.798226 0.671224
vt 0.798299 0.671165
vt 0.798358 0.671097
vt 0.977022 0.059123
vt 0.983206 0.059347
vt 0.977622 0.049719
vt 0.929651 0.049846
vt 0.935007 0.055702
vt 0.940375 0.061268
vt 0.949885 0.056595
vt 0.983206 0.055579
vt 0.949573 0.056564
vt 0.949699 0.056471
vt 0.949791 0.056564
vt 0.983206 0.055417
vt 0.929727 0.052146
vt 0.976683 0.059115
vt 0.959296 0.056805
vt 0.953844 0.056482
vt 0.201135 0.171912
vt 0.178437 0.228541
vt 0.173308 0.228557
vt 0.176945 0.228567
vt 0.158412 0.228816
vt 0.172530 0.228526
vt 0.165230 0.228526
vt 0.159595 0.228557
vt 0.162390 0.228526
vt 0.201082 0.172603
vt 0.170968 0.228526
vt 0.168160 0.233007
vt 0.168094 0.228526
vt 0.174129 0.232704
vt 0.175531 0.232704
vt 0.939857 0.074578
vt 0.939874 0.074589
vt 0.949274 0.078875
vt 0.552526 0.884066
vt 0.879084 0.139831
vt 0.733878 0.677783
vt 0.729787 0.423774
vt 0.889085 0.140029
vt 0.511912 0.897030
vt 0.646778 0.785251
vt 0.912682 0.165478
vt 0.912633 0.891711
vt 0.704517 0.351616
vt 0.727737 0.727714
vt 0.703865 0.313305
vt 0.535033 0.149192
vt 0.542943 0.953626
vt 0.675381 0.794540
vt 0.687795 0.451966
vt 0.679312 0.419505
vt 0.728458 0.421873
vt 0.645208 0.241108
vt 0.649213 0.811767
vt 0.683553 0.822896
vt 0.751312 0.842727
vt 0.643151 0.778722
vt 0.540948 0.930679
vt 0.616530 0.802286
vt 0.684547 0.240618
vt 0.774649 0.685477
vt 0.477614 0.909550
vt 0.687660 0.814314
vt 0.725052 0.609140
vt 0.735049 0.609129
vt 0.601919 0.853970
vt 0.582758 0.229402
vt 0.576015 0.484564
vt 0.578142 0.484375
vt 0.682390 0.419508
vt 0.684077 0.739902
vt 0.707759 0.301877
vt 0.760465 0.831674
vt 0.711159 0.833188
vt 0.800517 0.670848
vt 0.873275 0.846695
vt 0.872795 0.151939
vt 0.575919 0.725011
vt 0.582335 0.788348
vt 0.800421 0.423618
vt 0.688522 0.244275
vt 0.775548 0.420501
vt 0.548592 0.180850
vt 0.712015 0.788728
vt 0.777009 0.419859
vt 0.549109 0.151246
vt 0.689054 0.787905
vt 0.548553 0.151939
vt 0.688667 0.788735
vt 0.711605 0.794216
vt 0.681775 0.420233
vt 0.681889 0.419505
vt 0.669279 0.608276
vt 0.551600 0.178664
vt 0.712978 0.245095
vt 0.796619 0.427899
vt 0.749000 0.846639
vt 0.755881 0.831582
vt 0.548077 0.152956
vt 0.801173 0.424962
vt 0.732996 0.308975
vt 0.870679 0.849428
vt 0.869512 0.850459
vt 0.777537 0.669426
vt 0.776152 0.669790
vt 0.760701 0.828667
vt 0.765749 0.830196
vt 0.763634 0.830144
vt 0.765689 0.827286
vt 0.768504 0.828919
vt 0.768885 0.829291
vt 0.769586 0.827286
vt 0.767111 0.829259
vt 0.767389 0.827286
vt 0.767389 0.829952
vt 0.762108 0.827286
vt 0.768504 0.829326
vt 0.768132 0.829115
vt 0.768504 0.827286
vt 0.762108 0.829224
vt 0.767405 0.827286
vt 0.767397 0.829809
vt 0.577616 0.729626
vt 0.750716 0.827286
vt 0.750716 0.846010
vt 0.749000 0.845989
vt 0.689560 0.608276
vt 0.869503 0.149192
vt 0.689841 0.792858
vt 0.581456 0.785054
vt 0.835447 0.230881
vt 0.802324 0.804509
vt 0.547518 0.804509
vt 0.590236 0.850438
vt 0.709200 0.608519
vt 0.712003 0.804361
vt 0.604959 0.419825
vt 0.722144 0.615173
vt 0.722425 0.805961
vt 0.616530 0.422113
vt 0.616187 0.420771
vt 0.798788 0.250154
vt 0.721693 0.610339
vt 0.722425 0.612379
vt 0.588382 0.419505
vt 0.616239 0.425812
vt 0.710515 0.608629
vt 0.602520 0.424810
vt 0.602458 0.426540
vt 0.838267 0.780186
vt 0.838437 0.234382
vt 0.709903 0.805309
vt 0.579271 0.782046
vt 0.584121 0.230767
vt 0.750716 0.827286
vt 0.504637 0.932630
vt 0.686464 0.436235
vt 0.685360 0.451697
vt 0.499448 0.138455
vt 0.663237 0.322524
vt 0.773140 0.419505
vt 0.617165 0.419505
vt 0.688998 0.448856
vt 0.687313 0.471732
vt 0.535033 0.910624
vt 0.535217 0.915319
vt 0.546180 0.958017
vt 0.755860 0.827286
vt 0.757902 0.827286
vt 0.624347 0.797536
vt 0.771355 0.713433
vt 0.738188 0.856246
vt 0.742214 0.858764
vt 0.742214 0.827286
vt 0.730409 0.725607
vt 0.879103 0.925717
vt 0.894315 0.140921
vt 0.525787 0.918840
vt 0.540171 0.137209
s 1
f 1/1/1 2/2/2 3/3/3
f 5/4/4 6/5/5 7/6/6
f 18/7/7 19/8/8 20/9/9
f 21/10/10 22/11/11 23/12/12
f 52/13/13 56/14/14 55/15/15
f 92/16/16 94/17/17 95/18/18
f 96/19/19 97/20/20 98/21/21
f 99/22/22 100/23/23 101/24/24
f 102/25/25 103/26/26 104/27/27
f 105/28/28 107/29/29 108/30/30
f 109/31/31 110/32/32 111/33/33
f 112/34/34 113/35/35 114/36/36
f 115/37/37 116/38/38 117/39/39
f 222/40/40 228/41/41 356/42/42
f 169/43/43 319/44/44 324/45/45
f 133/46/46 352/47/47 351/48/48
f 128/49/49 334/50/50 125/51/51
f 310/52/52 131/53/53 125/51/51
f 121/54/54 126/55/55 301/56/56
f 261/57/57 300/58/58 285/59/59
f 273/60/60 272/61/61 122/62/62
f 291/63/63 289/64/64 290/65/65
f 297/66/66 298/67/67 296/68/68
f 277/69/69 286/70/70 284/71/71
f 266/72/72 122/62/62 318/73/73
f 247/74/74 245/75/75 248/76/76
f 259/77/77 263/78/78 264/79/79
f 247/80/74 246/81/80 245/82/75
f 260/83/81 259/77/77 261/57/57
f 256/84/82 257/85/83 255/86/84
f 121/54/54 256/84/82 130/87/85
f 130/87/85 247/74/74 248/76/76
f 121/54/54 130/87/85 248/76/76
f 122/62/62 294/88/86 318/73/73
f 266/72/72 267/89/87 122/62/62
f 267/89/87 260/83/81 122/62/62
f 260/83/81 273/60/60 122/62/62
f 260/83/81 129/90/88 273/60/60
f 260/83/81 261/57/57 129/90/88
f 261/57/57 285/59/59 129/90/88
f 285/59/59 277/69/69 129/90/88
f 218/91/89 145/92/90 141/93/91
f 149/94/92 218/91/89 141/93/91
f 200/95/93 198/96/94 199/97/95
f 165/98/96 148/99/97 156/100/98
f 158/101/99 219/102/100 139/103/101
f 139/103/101 144/104/102 143/105/103
f 143/105/103 142/106/104 147/107/105
f 142/106/104 146/108/106 140/109/107
f 140/109/107 146/108/106 144/104/102
f 139/103/101 140/109/107 144/104/102
f 219/102/100 154/110/108 139/103/101
f 232/111/109 153/112/110 154/110/108
f 232/111/109 152/113/111 153/112/110
f 219/102/100 230/114/112 232/111/109
f 219/102/100 232/111/109 154/110/108
f 139/103/101 165/98/96 158/101/99
f 165/98/96 156/100/98 158/101/99
f 139/103/101 143/105/103 165/98/96
f 143/105/103 147/107/105 165/98/96
f 148/99/97 157/115/113 156/100/98
f 165/98/96 172/116/114 148/99/97
f 147/107/105 142/106/104 140/109/107
f 232/111/109 149/94/92 152/113/111
f 149/94/92 151/117/115 152/113/111
f 149/94/92 150/118/116 151/117/115
f 149/94/92 141/93/91 150/118/116
f 232/111/109 231/119/117 149/94/92
f 218/91/89 190/120/118 145/92/90
f 190/120/118 147/107/105 140/109/107
f 140/109/107 145/92/90 190/120/118
f 336/121/119 331/122/120 321/123/121
f 333/124/122 335/125/123 336/121/119
f 333/124/122 336/121/119 127/126/124
f 336/121/119 321/123/121 127/126/124
f 146/127/106 155/128/125 303/129/126
f 303/129/126 144/130/102 146/127/106
f 312/131/127 310/52/52 309/132/128
f 142/133/104 311/134/129 315/135/130
f 142/133/104 143/136/103 311/134/129
f 155/128/125 302/137/131 299/138/132
f 313/139/133 309/132/128 127/126/124
f 288/140/134 137/141/135 313/139/133
f 288/140/134 292/142/136 137/141/135
f 288/140/134 290/143/65 292/142/136
f 292/142/136 285/59/59 137/141/135
f 261/57/57 138/144/137 300/58/58
f 300/58/58 137/141/135 285/59/59
f 138/144/137 301/56/56 300/58/58
f 138/144/137 121/54/54 301/56/56
f 138/144/137 256/84/82 121/54/54
f 131/53/53 126/55/55 125/51/51
f 126/55/55 121/54/54 125/51/51
f 334/50/50 310/52/52 125/51/51
f 334/50/50 309/132/128 310/52/52
f 334/50/50 127/126/124 309/132/128
f 334/50/50 333/124/122 127/126/124
f 125/51/51 124/145/138 128/49/49
f 124/145/138 351/48/48 128/49/49
f 124/145/138 132/146/139 351/48/48
f 132/146/139 133/46/46 351/48/48
f 133/46/46 134/147/140 352/47/47
f 134/147/140 135/148/141 352/47/47
f 136/149/142 123/150/143 118/151/144
f 135/148/141 136/149/142 118/151/144
f 135/148/141 118/151/144 352/47/47
f 118/151/144 361/152/145 352/47/47
f 352/47/47 360/153/146 351/48/48
f 161/154/147 169/43/43 324/45/45
f 193/155/148 192/156/149 195/157/150
f 228/41/41 350/158/151 356/42/42
f 377/159/152 376/160/153 379/161/154
f 215/162/155 318/73/73 294/88/86
f 294/88/86 295/163/156 215/162/155
f 295/163/156 288/140/134 215/162/155
f 288/140/134 313/139/133 215/162/155
f 313/139/133 127/126/124 215/162/155
f 318/73/73 248/76/76 266/72/72
f 318/73/73 121/54/54 248/76/76
f 318/73/73 123/150/143 121/54/54
f 123/150/143 318/73/73 118/151/144
f 123/164/157 136/165/158 145/166/159
f 136/165/158 141/167/160 145/166/159
f 140/168/161 139/169/161 125/170/161
f 140/168/161 125/170/161 121/171/161
f 384/172/162 387/173/162 388/174/162
f 388/174/162 390/175/162 391/176/162
f 388/174/162 389/177/162 390/175/162
f 386/178/162 384/172/162 383/179/162
f 386/178/162 385/180/162 384/172/162
f 384/172/162 391/176/162 383/179/162
f 384/172/162 388/174/162 391/176/162
f 400/181/163 412/182/164 411/183/165
f 400/184/163 413/185/166 412/186/164
f 415/187/167 413/185/166 395/188/168
f 400/184/163 403/189/169 395/188/168
f 403/189/169 407/190/170 402/191/171
f 392/192/172 396/193/173 393/194/174
f 398/195/175 409/196/176 407/197/170
f 402/191/171 407/190/170 406/198/177
f 405/199/178 402/191/171 406/198/177
f 394/200/179 395/188/168 393/201/174
f 400/184/163 408/202/180 403/189/169
f 403/189/169 402/191/171 395/188/168
f 395/188/168 394/200/179 415/187/167
f 413/185/166 400/184/163 395/188/168
f 411/203/181 412/204/181 419/205/181
f 416/206/182 400/181/163 411/183/165
f 416/206/182 397/207/183 400/181/163
f 3/208/3 2/209/2 4/210/184
f 8/211/185 12/212/186 11/213/187
f 9/214/188 10/215/189 13/216/190
f 88/217/191 64/218/192 52/13/13
f 25/219/193 28/220/194 27/221/195
f 28/220/194 26/222/196 27/221/195
f 33/223/197 37/224/198 36/225/199
f 40/226/200 38/227/201 39/228/202
f 39/229/202 34/230/203 40/231/200
f 41/232/204 35/233/205 42/234/206
f 48/235/207 44/236/208 49/237/209
f 45/238/210 51/239/211 50/240/212
f 59/241/213 57/242/214 58/243/215
f 58/243/215 53/244/216 59/241/213
f 60/245/217 54/246/218 61/247/219
f 67/248/220 65/249/221 66/250/222
f 66/250/222 62/251/223 67/248/220
f 68/252/224 63/253/225 69/254/226
f 64/218/192 71/255/227 70/256/228
f 73/257/229 74/258/230 72/259/231
f 76/260/232 74/261/230 75/262/233
f 81/263/234 80/264/235 78/265/236
f 80/266/235 79/267/237 77/268/238
f 83/269/239 84/270/240 82/271/241
f 86/272/242 84/270/240 85/273/243
f 90/274/244 88/217/191 91/275/245
f 91/276/245 89/277/246 90/278/244
f 95/18/18 93/279/247 92/16/16
f 105/280/28 108/281/30 106/282/248
f 7/283/6 17/284/249 16/285/250
f 79/267/237 20/9/9 77/268/238
f 89/277/246 5/4/4 87/286/251
f 39/229/202 44/236/208 34/230/203
f 58/243/215 63/253/225 53/244/216
f 2/2/2 73/257/229 72/259/231
f 22/287/11 83/269/239 82/271/241
f 60/245/217 43/288/252 54/246/218
f 68/252/224 34/230/203 63/253/225
f 26/289/196 109/290/31 24/291/253
f 106/292/248 29/293/254 105/28/28
f 55/15/15 115/37/37 52/13/13
f 13/216/190 98/294/21 9/214/188
f 36/225/199 112/34/34 33/223/197
f 93/279/247 16/295/250 92/16/16
f 94/17/17 15/296/255 14/297/256
f 212/298/257 214/299/258 215/162/155
f 207/300/259 211/301/260 205/302/261
f 118/151/144 382/303/262 119/304/263
f 377/305/152 382/303/262 318/73/73
f 380/306/264 194/307/265 375/308/266
f 376/160/153 374/309/267 379/161/154
f 189/310/268 378/311/269 188/312/270
f 226/313/271 239/314/272 240/315/273
f 227/316/274 222/40/40 220/317/275
f 168/318/276 227/316/274 166/319/277
f 351/48/48 362/320/278 364/321/279
f 348/322/280 329/323/281 334/50/50
f 294/88/86 122/62/62 275/324/282
f 298/67/67 293/325/283 295/163/156
f 272/326/61 284/327/71 276/328/284
f 277/69/69 285/59/59 286/70/70
f 296/329/68 275/330/282 274/331/285
f 283/332/286 274/333/285 284/327/71
f 283/332/286 284/327/71 286/334/70
f 297/335/66 296/329/68 282/336/287
f 296/329/68 274/331/285 282/336/287
f 284/327/71 274/333/285 276/328/284
f 275/337/282 276/328/284 274/333/285
f 297/338/66 293/339/283 298/340/67
f 294/88/86 275/324/282 296/68/68
f 272/61/61 276/341/284 275/324/282
f 122/62/62 272/61/61 275/324/282
f 258/342/288 255/86/84 257/85/83
f 269/343/289 270/344/290 268/345/291
f 262/346/292 249/347/293 258/348/288
f 264/349/79 263/350/78 262/351/292
f 261/57/57 259/77/77 264/79/79
f 260/83/81 265/352/294 259/77/77
f 265/352/294 267/89/87 271/353/295
f 265/354/294 263/350/78 259/355/77
f 269/343/289 262/351/292 263/350/78
f 269/343/289 263/350/78 265/354/294
f 268/345/291 262/351/292 269/343/289
f 270/356/290 265/352/294 271/353/295
f 265/357/294 270/358/290 269/359/289
f 267/89/87 266/72/72 271/353/295
f 264/360/79 258/348/288 257/361/83
f 138/144/137 257/85/83 256/84/82
f 130/87/85 255/86/84 247/74/74
f 273/60/60 277/69/69 272/61/61
f 321/123/121 331/122/120 337/362/296
f 320/363/297 324/45/45 319/44/44
f 193/155/148 191/364/298 192/156/149
f 221/365/299 217/366/300 218/91/89
f 237/367/301 233/368/302 149/94/92
f 234/369/303 237/367/301 149/94/92
f 227/370/274 220/371/275 219/102/100
f 183/372/304 178/373/305 174/374/306
f 179/375/307 180/376/308 184/377/309
f 161/154/147 167/378/310 169/43/43
f 210/379/311 206/380/312 204/381/313
f 204/382/313 202/383/314 186/384/315
f 200/385/93 199/386/95 186/384/315
f 187/387/316 186/384/315 197/388/317
f 177/389/318 176/390/319 173/391/320
f 173/391/320 175/392/321 156/100/98
f 148/99/97 171/393/322 157/115/113
f 232/111/109 229/394/323 231/119/117
f 171/393/322 148/99/97 174/374/306
f 179/395/307 172/116/114 180/396/308
f 174/374/306 148/99/97 179/395/307
f 172/116/114 165/98/96 159/397/324
f 198/96/94 192/156/149 197/398/317
f 188/312/270 187/387/316 191/399/298
f 208/400/325 186/384/315 205/302/261
f 200/95/93 201/401/326 198/96/94
f 147/107/105 198/96/94 201/401/326
f 202/402/314 203/403/327 200/404/93
f 197/388/317 186/384/315 199/386/95
f 180/376/308 159/405/324 161/154/147
f 176/390/319 175/392/321 173/391/320
f 166/406/277 219/102/100 158/101/99
f 230/114/112 220/371/275 235/407/328
f 234/369/303 149/94/92 231/119/117
f 233/368/302 218/91/89 149/94/92
f 188/312/270 191/399/298 193/408/148
f 376/160/153 205/302/261 374/309/267
f 213/409/329 212/410/257 210/379/311
f 209/411/330 210/379/311 212/410/257
f 340/412/331 341/413/332 326/414/333
f 330/415/334 322/416/335 329/417/281
f 335/125/123 333/124/122 332/418/336
f 335/125/123 332/418/336 343/419/337
f 339/420/338 322/416/335 347/421/339
f 337/422/296 340/412/331 344/423/340
f 323/424/341 321/123/121 337/362/296
f 305/425/342 299/138/132 306/426/343
f 303/129/126 305/425/342 304/427/344
f 312/131/127 308/428/345 310/52/52
f 307/429/346 308/428/345 312/131/127
f 308/430/345 307/431/346 311/134/129
f 299/432/132 302/433/131 301/56/56
f 314/434/347 307/431/346 312/435/127
f 309/132/128 313/139/133 312/131/127
f 313/139/133 317/436/348 314/437/347
f 290/143/65 288/140/134 291/438/63
f 306/439/343 126/55/55 131/53/53
f 360/153/146 362/320/278 351/48/48
f 348/322/280 366/440/349 354/441/350
f 349/442/351 348/322/280 354/441/350
f 330/415/334 325/443/352 322/416/335
f 328/444/353 346/445/354 343/446/337
f 341/413/332 327/447/355 345/448/356
f 345/448/356 326/414/333 341/413/332
f 164/449/357 183/450/304 179/375/307
f 183/450/304 163/451/358 178/452/305
f 182/453/359 178/454/305 163/455/358
f 162/456/360 181/457/361 175/458/321
f 175/458/321 170/459/362 160/460/363
f 217/461/300 221/462/299 223/463/364
f 195/157/150 192/156/149 190/120/118
f 194/307/265 189/464/268 193/465/148
f 379/466/154 381/467/365 377/305/152
f 369/468/366 370/469/367 371/470/368
f 355/471/369 370/469/367 353/472/370
f 379/161/154 378/311/269 381/473/365
f 189/464/268 380/306/264 378/474/269
f 380/306/264 189/464/268 194/307/265
f 224/475/371 236/476/372 237/477/301
f 225/478/373 239/314/272 242/479/374
f 239/314/272 226/313/271 242/479/374
f 222/40/40 243/480/375 235/481/328
f 168/318/276 228/41/41 227/316/274
f 354/482/350 366/483/349 356/42/42
f 368/484/376 373/485/377 357/486/378
f 364/487/279 368/484/376 185/488/379
f 363/489/380 370/490/367 369/491/366
f 360/153/146 352/47/47 365/492/381
f 363/489/380 361/152/145 370/490/367
f 352/47/47 363/489/380 365/492/381
f 352/47/47 361/152/145 363/489/380
f 361/152/145 118/151/144 353/493/370
f 119/304/263 353/493/370 118/151/144
f 119/494/263 382/495/262 375/308/266
f 382/495/262 381/496/365 375/308/266
f 382/303/262 377/305/152 381/467/365
f 205/302/261 211/301/260 208/400/325
f 213/497/329 210/498/311 211/301/260
f 211/301/260 210/498/311 208/400/325
f 318/73/73 215/162/155 214/299/258
f 118/151/144 318/73/73 382/303/262
f 150/499/382 135/500/383 151/501/384
f 416/206/182 391/502/385 397/207/183
f 401/503/386 393/201/174 395/188/168
f 401/504/386 395/505/168 404/506/387
f 403/507/169 410/508/388 398/195/175
f 397/207/183 399/509/389 408/510/180
f 400/184/163 397/511/183 408/202/180
f 405/199/178 404/512/387 395/188/168
f 390/513/390 410/508/388 399/509/389
f 387/514/391 404/506/387 405/515/178
f 75/516/233 74/258/230 73/257/229
f 82/271/241 20/9/9 22/287/11
f 6/517/5 52/13/13 14/518/256
f 23/12/12 24/291/253 30/519/392
f 93/279/247 8/211/185 16/295/250
f 109/290/31 30/519/392 24/291/253
f 87/286/251 77/268/238 82/271/241
f 8/211/185 7/520/6 16/295/250
f 104/27/27 35/233/205 62/251/223
f 64/218/192 21/10/10 29/293/254
f 117/521/39 97/522/20 95/523/18
f 112/34/34 25/219/193 33/223/197
f 78/265/236 45/238/210 33/223/197
f 108/281/30 114/524/36 103/525/26
f 52/13/13 94/526/17 14/518/256
f 101/527/24 54/246/218 43/288/252
f 63/253/225 44/236/208 53/244/216
f 25/219/193 78/265/236 33/223/197
f 99/22/22 9/214/188 98/294/21
f 102/528/25 29/293/254 106/292/248
f 11/529/187 13/216/190 10/215/189
f 14/297/256 16/295/250 17/530/249
f 41/232/204 40/531/200 34/532/203
f 27/221/195 26/222/196 24/533/253
f 29/293/254 32/534/393 30/519/392
f 32/534/393 29/293/254 31/535/394
f 38/227/201 37/224/198 33/223/197
f 36/536/199 42/234/206 35/233/205
f 40/226/200 37/224/198 38/227/201
f 43/537/252 49/237/209 47/538/395
f 50/539/212 49/237/209 44/236/208
f 47/540/395 51/239/211 46/541/396
f 46/541/396 51/239/211 45/238/210
f 60/542/217 59/241/213 53/244/216
f 57/543/214 56/14/14 52/13/13
f 55/15/15 61/247/219 54/246/218
f 59/241/213 56/544/14 57/242/214
f 68/545/224 67/248/220 62/251/223
f 70/546/228 69/254/226 63/253/225
f 67/248/220 71/547/227 65/249/221
f 65/548/221 71/255/227 64/218/192
f 10/215/189 3/549/3 11/529/187
f 79/550/237 80/264/235 81/263/234
f 85/273/243 84/270/240 83/269/239
f 90/278/244 89/277/246 87/286/251
f 10/215/189 9/214/188 1/551/1
f 11/213/187 4/210/184 8/211/185
f 4/552/184 5/4/4 7/6/6
f 6/553/5 17/530/249 7/520/6
f 18/554/7 24/533/253 19/555/8
f 18/554/7 25/219/193 27/221/195
f 31/535/394 23/12/12 32/534/393
f 31/535/394 29/293/254 21/10/10
f 19/8/8 22/287/11 20/9/9
f 23/12/12 30/519/392 32/534/393
f 81/263/234 20/556/9 79/550/237
f 81/263/234 78/265/236 18/554/7
f 91/276/245 5/4/4 89/277/246
f 91/275/245 88/217/191 6/517/5
f 45/238/210 38/227/201 33/223/197
f 39/228/202 50/240/212 44/557/208
f 64/218/192 57/543/214 52/13/13
f 58/243/215 70/546/228 63/253/225
f 1/1/1 73/257/229 2/2/2
f 76/260/232 78/265/236 80/264/235
f 76/260/232 77/558/238 74/261/230
f 21/559/10 83/269/239 22/287/11
f 72/259/231 74/258/230 77/268/238
f 88/560/191 86/272/242 85/273/243
f 86/272/242 87/286/251 84/270/240
f 43/537/252 53/244/216 48/235/207
f 82/271/241 84/270/240 87/286/251
f 53/244/216 44/236/208 48/235/207
f 34/532/203 62/251/223 41/232/204
f 62/251/223 35/233/205 41/232/204
f 93/279/247 97/20/20 96/19/19
f 97/561/20 99/22/22 98/294/21
f 103/525/26 106/282/248 108/281/30
f 111/562/33 107/563/29 109/564/31
f 114/36/36 110/32/32 112/34/34
f 117/521/39 94/565/17 115/566/37
f 100/567/23 116/568/38 101/569/24
f 113/570/35 103/26/26 114/571/36
f 28/220/194 109/31/31 26/222/196
f 28/220/194 25/219/193 110/32/32
f 105/28/28 30/519/392 107/29/29
f 101/24/24 46/541/396 99/22/22
f 46/541/396 45/238/210 99/22/22
f 55/15/15 116/38/38 115/37/37
f 101/527/24 43/288/252 47/572/395
f 12/212/186 98/21/21 13/573/190
f 12/212/186 8/211/185 96/19/19
f 102/25/25 66/250/222 65/249/221
f 65/548/221 64/218/192 102/528/25
f 36/225/199 113/35/35 112/34/34
f 104/27/27 62/251/223 66/250/222
f 92/16/16 15/296/255 94/17/17
f 75/262/233 9/214/188 45/238/210
f 234/574/303 225/575/373 241/576/397
f 215/162/155 127/126/124 320/577/297
f 213/497/329 211/301/260 207/300/259
f 376/160/153 377/159/152 207/300/259
f 367/578/398 360/153/146 365/492/381
f 372/579/399 366/483/349 185/488/379
f 195/580/150 194/307/265 193/465/148
f 216/581/400 217/461/300 223/463/364
f 237/477/301 234/574/303 241/576/397
f 286/70/70 292/142/136 290/143/65
f 239/314/272 225/478/373 238/582/401
f 220/317/275 222/40/40 235/481/328
f 350/158/151 354/482/350 356/42/42
f 286/583/70 287/584/402 283/585/286
f 282/336/287 279/586/403 281/587/404
f 283/332/286 279/588/403 274/333/285
f 287/584/402 278/589/405 283/585/286
f 281/590/404 287/591/402 282/592/287
f 287/591/402 297/338/66 282/592/287
f 294/88/86 296/68/68 298/67/67
f 297/338/66 291/63/63 293/339/283
f 245/75/75 266/72/72 248/76/76
f 298/67/67 295/163/156 294/88/86
f 277/69/69 284/71/71 272/61/61
f 256/84/82 255/86/84 130/87/85
f 261/57/57 257/85/83 138/144/137
f 244/593/406 270/594/290 246/595/80
f 268/596/291 252/597/407 254/598/408
f 250/599/409 252/600/407 244/601/406
f 249/602/293 244/601/406 246/81/80
f 250/603/409 253/604/410 251/605/411
f 253/606/410 268/345/291 254/607/408
f 262/346/292 250/603/409 249/347/293
f 264/360/79 262/346/292 258/348/288
f 270/594/290 245/608/75 246/595/80
f 249/602/293 247/80/74 255/609/84
f 291/438/63 295/163/156 293/325/283
f 249/347/293 255/610/84 258/348/288
f 261/57/57 264/79/79 257/85/83
f 267/89/87 265/352/294 260/83/81
f 129/90/88 277/69/69 273/60/60
f 290/611/65 289/612/64 286/583/70
f 137/141/135 302/433/131 317/436/348
f 344/423/340 323/613/341 337/422/296
f 312/131/127 313/139/133 314/437/347
f 321/123/121 323/424/341 127/126/124
f 240/614/273 232/111/109 230/114/112
f 209/411/330 320/363/297 319/44/44
f 208/400/325 210/498/311 204/382/313
f 233/368/302 221/365/299 218/91/89
f 176/615/319 182/453/359 162/456/360
f 240/614/273 230/114/112 235/407/328
f 227/370/274 219/102/100 166/406/277
f 176/615/319 162/456/360 175/458/321
f 169/43/43 201/616/326 203/403/327
f 178/454/305 182/453/359 177/617/318
f 183/450/304 174/618/306 179/375/307
f 184/377/309 180/376/308 161/154/147
f 178/373/305 157/115/113 171/393/322
f 187/387/316 192/619/149 191/399/298
f 190/120/118 198/96/94 147/107/105
f 167/620/310 159/397/324 165/98/96
f 172/116/114 179/395/307 148/99/97
f 219/102/100 220/371/275 230/114/112
f 173/391/320 156/100/98 157/115/113
f 173/391/320 157/115/113 177/389/318
f 156/100/98 160/621/363 158/101/99
f 174/374/306 178/373/305 171/393/322
f 159/397/324 180/396/308 172/116/114
f 167/620/310 147/107/105 201/401/326
f 167/620/310 165/98/96 147/107/105
f 190/120/118 192/156/149 198/96/94
f 197/388/317 192/619/149 187/387/316
f 197/388/317 199/386/95 198/622/94
f 200/404/93 203/403/327 201/616/326
f 202/383/314 200/385/93 186/384/315
f 208/400/325 204/382/313 186/384/315
f 202/402/314 204/381/313 206/380/312
f 210/379/311 209/411/330 206/380/312
f 203/403/327 202/402/314 206/380/312
f 167/378/310 161/154/147 159/405/324
f 229/394/323 239/623/272 238/624/401
f 158/101/99 160/621/363 166/406/277
f 231/119/117 238/624/401 234/369/303
f 187/387/316 205/302/261 186/384/315
f 341/625/332 335/125/123 342/626/412
f 319/44/44 206/380/312 209/411/330
f 344/423/340 340/412/331 326/414/333
f 341/413/332 342/627/412 327/447/355
f 327/628/355 342/629/412 343/446/337
f 347/421/339 322/416/335 325/443/352
f 342/626/412 335/125/123 343/419/337
f 331/122/120 341/625/332 340/630/331
f 333/124/122 343/419/337 332/418/336
f 334/50/50 339/631/338 333/124/122
f 334/50/50 322/632/335 339/631/338
f 347/421/339 338/633/413 339/420/338
f 338/634/413 333/124/122 339/631/338
f 5/4/4 72/259/231 87/286/251
f 338/633/413 328/444/353 343/446/337
f 323/613/341 324/45/45 320/363/297
f 320/363/297 209/411/330 212/410/257
f 337/362/296 331/122/120 340/630/331
f 306/439/343 131/53/53 304/635/344
f 155/636/125 315/637/130 316/638/414
f 311/639/129 144/640/102 303/641/126
f 316/642/414 315/135/130 311/134/129
f 155/128/125 305/425/342 303/129/126
f 308/643/345 303/641/126 304/644/344
f 146/645/106 315/637/130 155/636/125
f 314/434/347 311/134/129 307/431/346
f 316/638/414 302/646/131 155/636/125
f 364/321/279 128/49/49 351/48/48
f 302/433/131 300/58/58 301/56/56
f 306/439/343 299/432/132 301/56/56
f 305/647/342 306/439/343 304/635/344
f 304/635/344 131/53/53 308/428/345
f 317/648/348 316/642/414 314/434/347
f 313/139/133 137/141/135 317/436/348
f 126/55/55 306/439/343 301/56/56
f 310/52/52 308/428/345 131/53/53
f 128/49/49 348/322/280 334/50/50
f 329/323/281 322/632/335 334/50/50
f 348/322/280 349/442/351 329/323/281
f 329/417/281 350/158/151 330/415/334
f 128/49/49 366/440/349 348/322/280
f 350/158/151 349/649/351 354/482/350
f 203/403/327 319/44/44 169/43/43
f 343/446/337 346/445/354 327/628/355
f 184/377/309 324/45/45 344/423/340
f 326/414/333 184/377/309 344/423/340
f 164/449/357 179/375/307 184/377/309
f 345/448/356 164/449/357 326/414/333
f 163/451/358 345/448/356 327/447/355
f 163/455/358 346/445/354 182/453/359
f 325/443/352 181/457/361 347/421/339
f 162/456/360 346/445/354 328/444/353
f 181/457/361 328/444/353 347/421/339
f 166/319/277 170/459/362 168/318/276
f 175/458/321 181/457/361 170/459/362
f 221/462/299 236/476/372 223/463/364
f 236/650/372 233/368/302 237/367/301
f 217/366/300 190/120/118 218/91/89
f 369/468/366 358/651/415 365/652/381
f 188/312/270 193/408/148 189/310/268
f 374/309/267 187/387/316 188/312/270
f 188/312/270 378/311/269 374/309/267
f 378/474/269 380/306/264 381/496/365
f 381/496/365 380/306/264 375/308/266
f 355/471/369 119/494/263 120/653/416
f 355/471/369 359/654/417 370/469/367
f 371/470/368 370/469/367 359/654/417
f 196/655/418 217/461/300 216/581/400
f 120/653/416 119/494/263 375/308/266
f 374/309/267 378/311/269 379/161/154
f 194/307/265 196/655/418 375/308/266
f 195/580/150 196/655/418 194/307/265
f 120/653/416 196/655/418 216/581/400
f 216/581/400 355/471/369 120/653/416
f 359/654/417 223/463/364 236/476/372
f 224/475/371 359/654/417 236/476/372
f 358/651/415 224/475/371 241/576/397
f 224/475/371 237/477/301 241/576/397
f 373/656/377 241/576/397 225/575/373
f 242/479/374 373/485/377 225/478/373
f 372/579/399 226/313/271 243/480/375
f 226/313/271 357/486/378 242/479/374
f 240/315/273 243/480/375 226/313/271
f 168/318/276 325/443/352 330/415/334
f 227/316/274 228/41/41 222/40/40
f 168/318/276 350/158/151 228/41/41
f 356/42/42 243/480/375 222/40/40
f 358/651/415 367/657/398 365/652/381
f 356/42/42 366/483/349 372/579/399
f 185/488/379 368/484/376 357/486/378
f 366/483/349 364/487/279 185/488/379
f 360/153/146 368/658/376 362/320/278
f 368/484/376 367/659/398 373/485/377
f 364/321/279 362/320/278 368/658/376
f 207/660/259 318/73/73 214/299/258
f 365/492/381 363/489/380 369/491/366
f 370/490/367 361/152/145 353/493/370
f 376/160/153 207/300/259 205/302/261
f 213/661/329 214/299/258 212/298/257
f 212/298/257 215/162/155 320/577/297
f 320/577/297 127/126/124 323/424/341
f 207/660/259 214/299/258 213/661/329
f 125/662/419 154/663/420 124/664/421
f 124/664/421 153/665/422 132/666/423
f 152/667/424 132/666/423 153/665/422
f 152/668/424 134/669/425 133/670/426
f 136/165/158 150/499/382 141/167/160
f 151/501/384 135/500/383 134/669/425
f 140/671/427 123/672/427 145/673/427
f 252/674/162 253/675/162 254/676/162
f 279/677/162 280/678/162 281/679/162
f 393/194/174 385/680/428 392/192/172
f 416/206/182 383/681/429 391/502/385
f 384/682/430 393/194/174 401/504/386
f 410/508/388 408/510/180 399/509/389
f 406/683/177 407/684/170 409/685/176
f 396/686/173 415/187/167 394/200/179
f 407/190/170 403/189/169 398/687/175
f 393/201/174 396/686/173 394/200/179
f 402/191/171 405/199/178 395/188/168
f 392/688/431 386/689/431 414/690/431
f 412/186/432 415/187/167 418/691/433
f 417/692/434 386/693/434 383/694/434
f 391/502/385 399/509/389 397/207/183
f 409/196/176 389/695/435 388/696/436
f 410/508/388 389/695/435 398/195/175
f 387/514/391 406/683/177 388/697/436
f 404/506/387 384/682/430 401/504/386
f 388/697/436 406/683/177 409/685/176
f 422/698/437 420/699/438 421/700/437
f 1201/701/439 423/702/438 1236/703/440
f 1201/701/439 1259/704/441 1200/705/442
f 1265/706/443 1259/704/441 1266/707/444
f 1264/708/445 1272/709/446 1271/710/447
f 1277/711/448 1271/710/447 1278/712/449
f 1276/713/450 1284/714/451 1283/715/452
f 1290/716/453 1282/717/454 1283/715/452
f 1295/718/455 1289/719/456 1296/720/457
f 1214/721/458 1218/722/459 1216/723/460
f 1216/723/460 1113/724/461 1251/725/462
f 1251/725/462 1112/726/463 1311/727/462
f 1125/728/464 1580/729/465 1311/727/462
f 1578/730/466 1587/731/467 1645/732/468
f 1586/733/469 1173/734/162 1172/735/162
f 1643/736/470 1586/733/469 1585/737/471
f 1585/737/471 1170/738/162 1584/739/472
f 1641/740/473 1584/739/472 1583/741/474
f 1583/741/474 1168/742/162 1582/743/475
f 1639/744/476 1582/743/475 1581/745/477
f 1581/745/477 1166/746/162 1579/747/478
f 1577/748/479 1596/749/480 1595/750/481
f 1594/751/482 1653/752/483 1652/753/484
f 1675/754/485 1651/755/486 1652/753/484
f 1730/756/487 1671/757/488 1673/758/489
f 1737/759/490 1729/760/491 1730/756/487
f 1735/761/492 1743/762/493 1742/763/494
f 1683/764/495 1742/763/494 1684/765/496
f 1160/766/162 1683/764/495 1161/767/162
f 1681/768/497 1740/769/498 1682/770/499
f 1158/771/162 1681/768/497 1159/772/162
f 1676/773/500 1680/774/501 1678/775/502
f 1122/776/503 1678/775/502 1157/777/162
f 1695/778/504 1117/779/505 1753/780/506
f 1116/781/507 1778/782/508 1753/780/506
f 1785/783/509 1776/784/510 1778/782/508
f 1146/785/162 1784/786/511 1785/783/509
f 1783/787/512 1851/788/513 1784/786/511
f 1144/789/162 1782/790/514 1783/787/512
f 1781/791/515 1849/792/516 1782/790/514
f 1781/791/515 1141/793/162 1780/794/517
f 1846/795/518 1780/794/517 1779/796/519
f 1779/796/519 1139/797/162 1777/798/520
f 1775/799/521 1803/800/522 1802/801/523
f 1248/802/524 1802/801/523 1250/803/525
f 1213/804/526 1246/805/527 1248/802/524
f 1280/806/528 1211/807/529 1287/808/530
f 1293/809/531 1287/808/530 1294/810/532
f 1300/811/533 1292/812/534 1293/809/531
f 1222/813/535 1298/814/536 1299/815/537
f 1221/816/538 1133/817/162 1220/818/539
f 1220/818/539 1132/819/162 1219/820/540
f 1119/821/541 1131/822/134 1132/819/162
f 1119/821/541 1051/823/542 2166/824/543
f 1024/825/544 1051/823/542 1026/826/545
f 1111/827/546 1022/828/547 1024/825/544
f 1032/829/548 1111/827/546 1033/830/549
f 1059/831/162 1031/832/550 1032/829/548
f 1030/833/551 1109/834/552 1031/832/550
f 1057/835/162 1029/836/553 1030/833/551
f 1029/836/553 1106/837/554 1107/838/555
f 1028/839/556 1054/840/162 1027/841/557
f 1105/842/558 1025/843/559 1023/844/560
f 1025/843/559 1053/845/134 1050/846/561
f 1050/846/561 1118/847/562 1913/848/563
f 1877/849/564 1129/850/565 1192/851/162
f 1875/852/566 1884/853/567 1962/854/568
f 1883/855/569 1191/856/162 1190/857/162
f 1883/855/569 1960/858/570 1961/859/571
f 1881/860/572 1189/861/162 1188/862/162
f 1880/863/573 1959/864/574 1881/860/572
f 1186/865/162 1880/863/573 1187/866/162
f 1878/867/575 1957/868/576 1879/869/577
f 1184/870/162 1878/867/575 1185/871/162
f 1876/872/578 1910/873/579 1874/874/580
f 2024/875/581 1910/873/579 2025/876/582
f 2047/877/583 2023/878/584 2024/875/581
f 2043/879/585 2102/880/586 2095/881/587
f 2102/880/586 2108/882/588 2101/883/589
f 2114/884/590 2108/882/588 2115/885/591
f 2056/886/592 2113/887/593 2114/884/590
f 2055/888/594 1178/889/162 2054/890/595
f 2053/891/596 2112/892/597 2054/890/595
f 2053/891/596 1176/893/162 2052/894/598
f 2048/895/599 2052/894/598 2050/896/600
f 1126/897/162 2050/896/600 1175/898/162
f 2067/899/601 1121/900/602 2125/901/603
f 1120/902/604 2150/903/605 2125/901/603
f 2150/903/605 2215/904/606 2148/905/607
f 1155/906/162 2156/907/608 2157/908/609
f 2214/909/610 2155/910/611 2213/911/612
f 2155/910/611 1152/912/162 2154/913/613
f 2154/913/613 2211/914/614 2212/915/615
f 1150/916/162 2153/917/616 1151/918/162
f 2152/919/617 2209/920/618 2210/921/619
f 1148/922/162 2151/923/620 1149/924/162
f 2149/925/621 2209/920/618 2151/923/620
f 2164/926/622 2147/927/623 2165/928/624
f 2195/929/625 2145/930/626 2143/931/627
f 2196/932/628 2202/933/629 2195/929/625
f 2196/932/628 2204/934/630 2203/935/631
f 2197/936/632 2205/937/633 2204/934/630
f 2198/938/634 2206/939/635 2205/937/633
f 2206/939/635 2200/940/636 2207/941/637
f 2208/942/638 2200/940/636 2201/943/639
f 2144/944/640 2208/942/638 2201/943/639
f 2146/945/641 2122/946/642 2123/947/643
f 2124/948/644 2065/949/645 2066/950/646
f 2046/951/647 2064/952/648 2044/953/649
f 2046/951/647 2096/954/650 2103/955/651
f 2097/956/652 2103/955/651 2096/954/650
f 2104/957/653 2098/958/654 2105/959/655
f 2098/958/654 2106/960/656 2105/959/655
f 2093/961/657 2099/962/658 2092/963/659
f 2086/964/660 2094/965/661 2093/966/657
f 2087/967/662 2081/968/663 2088/969/664
f 2039/970/665 2088/969/664 2081/968/663
f 2039/971/665 2021/972/666 2041/973/667
f 1902/974/668 2022/975/669 2021/976/666
f 1870/977/670 1904/978/671 1868/979/672
f 1942/980/673 1872/981/674 1870/977/670
f 1950/982/675 1942/980/673 1943/983/676
f 1950/982/675 1944/984/677 1951/985/678
f 1951/985/678 1945/986/679 1952/987/680
f 1952/987/680 1946/988/681 1953/989/682
f 1954/990/683 1946/988/681 1947/991/684
f 1947/991/684 1955/992/685 1954/990/683
f 1955/992/685 1871/993/686 1873/994/687
f 1873/994/687 1907/995/688 1909/996/689
f 1911/997/690 1046/998/691 1048/999/692
f 1021/1000/693 1044/1001/694 1019/1002/695
f 1091/1003/696 1021/1000/693 1019/1002/695
f 1098/1004/697 1092/1005/698 1099/1006/699
f 1099/1006/699 1093/1007/700 1100/1008/701
f 1100/1008/701 1094/1009/702 1101/1010/703
f 1094/1009/702 1102/1011/704 1101/1010/703
f 1103/1012/705 1095/1013/706 1096/1014/707
f 1096/1014/707 1090/1015/708 1097/1016/709
f 1097/1016/709 1018/1017/710 1020/1018/711
f 1018/1017/710 1045/1019/712 1020/1018/711
f 1045/1019/712 2162/1020/713 2163/1021/714
f 2139/1022/715 2162/1023/713 2161/1024/716
f 2181/1025/717 2141/1026/718 2139/1022/715
f 2182/1027/719 2188/1028/720 2181/1025/717
f 2183/1029/721 2189/1030/722 2182/1027/719
f 2184/1031/723 2190/1032/724 2183/1029/721
f 2184/1031/723 2192/1033/725 2191/1034/726
f 2186/1035/727 2192/1033/725 2185/1036/728
f 2187/1037/729 2193/1038/730 2186/1035/727
f 2187/1037/729 2142/1039/731 2194/1040/732
f 2142/1041/731 2120/1042/733 2121/1043/734
f 2121/1043/734 2062/1044/735 2063/1045/736
f 2042/1046/737 2062/1047/735 2040/1048/738
f 2089/1049/739 2040/1048/738 2082/1050/740
f 2082/1050/740 2090/1051/741 2089/1049/739
f 2083/1052/742 2091/1053/743 2090/1051/741
f 2077/1054/744 2085/1055/745 2084/1056/746
f 2072/1057/747 2078/1058/748 2071/1059/749
f 2033/1060/750 2072/1057/747 2032/1061/751
f 2034/1062/752 2073/1063/753 2033/1060/750
f 2035/1064/754 2074/1065/755 2034/1062/752
f 2019/1066/756 2035/1064/754 2018/1067/757
f 1885/1068/758 2019/1069/756 2018/1070/757
f 1900/1071/759 1862/1072/760 1864/1073/761
f 1921/1074/762 1866/1075/763 1864/1073/761
f 1935/1076/764 1929/1077/765 1936/1078/766
f 1936/1078/766 1930/1079/767 1937/1080/768
f 1937/1080/768 1931/1081/769 1938/1082/770
f 1931/1081/769 1939/1083/771 1938/1082/770
f 1939/1083/771 1933/1084/772 1940/1085/773
f 1940/1085/773 1934/1086/774 1941/1087/775
f 1941/1087/775 1867/1088/776 1869/1089/777
f 1869/1090/777 1903/1091/778 1905/1092/779
f 1040/1093/780 1905/1092/779 1903/1091/778
f 1017/1094/781 1040/1095/780 1015/1096/782
f 1084/1097/783 1015/1096/782 1077/1098/784
f 1077/1098/784 1085/1099/785 1084/1097/783
f 1078/1100/786 1086/1101/787 1085/1099/785
f 1080/1102/788 1086/1101/787 1079/1103/789
f 1080/1102/788 1088/1104/790 1087/1105/791
f 1081/1106/792 1075/1107/793 1082/1108/794
f 1082/1108/794 1076/1109/795 1083/1110/796
f 1083/1110/796 1014/1111/797 1016/1112/798
f 1014/1113/797 1041/1114/799 1016/1115/798
f 1037/1116/800 2160/1117/801 1039/1118/802
f 1012/1119/803 1035/1120/804 1037/1116/800
f 1010/1121/805 999/1122/806 1000/1123/807
f 1068/1124/808 1009/1125/809 1069/1126/810
f 1008/1127/811 1067/1128/812 1007/1129/813
f 1066/1130/814 1007/1129/813 1067/1128/812
f 1065/1131/815 1073/1132/816 1072/1133/817
f 1065/1131/815 1071/1134/818 1064/1135/819
f 1070/1136/820 1064/1135/819 1071/1134/818
f 1013/1137/821 1063/1138/822 1070/1136/820
f 1011/1139/823 1038/1140/824 1036/1141/825
f 1897/1142/826 1036/1141/825 1899/1143/827
f 1897/1144/826 1895/1145/828 1896/1146/829
f 1920/1147/830 1861/1148/831 1863/1149/832
f 1927/1150/833 1919/1151/834 1920/1147/830
f 1926/1152/835 1918/1153/836 1919/1151/834
f 1925/1154/837 1917/1155/838 1918/1153/836
f 1924/1156/839 1916/1157/840 1917/1155/838
f 1923/1158/841 1915/1159/842 1916/1157/840
f 1854/1160/843 1915/1159/842 1914/1161/844
f 1889/1162/845 1856/1163/846 1855/1164/847
f 1891/1165/848 1967/1166/849 1968/1167/850
f 1891/1165/848 1858/1168/851 1857/1169/852
f 1892/1170/853 1970/1171/854 1893/1172/855
f 1971/1173/856 2453/1174/857 2454/1175/858
f 2445/1176/859 2454/1177/858 2512/1178/860
f 2447/1179/861 1973/1180/862 1972/1181/863
f 1973/1180/862 929/1182/864 932/1183/865
f 932/1183/865 991/1184/866 992/1185/867
f 906/1186/868 931/1187/869 904/1188/870
f 984/1189/871 907/1190/872 906/1186/868
f 908/1191/873 934/1192/874 907/1190/872
f 987/1193/875 908/1191/873 986/1194/876
f 936/1195/877 910/1196/878 937/1197/879
f 989/1198/880 910/1196/878 988/1199/881
f 939/1200/882 911/1201/883 912/1202/884
f 912/1202/884 903/1203/885 905/1204/886
f 930/1205/887 940/1206/888 905/1207/886
f 2000/1208/889 1001/1209/890 941/1210/891
f 2248/1211/892 2000/1212/889 2224/1213/893
f 2248/1214/892 2308/1215/894 2250/1216/895
f 2002/1217/896 2251/1218/897 2004/1219/898
f 2310/1220/899 2251/1221/897 2309/1222/900
f 2253/1223/901 2006/1224/902 2252/1225/903
f 2312/1226/904 2253/1227/901 2311/1228/905
f 2010/1229/906 2255/1230/907 2012/1231/908
f 2314/1232/909 2255/1233/907 2313/1234/910
f 2249/1235/911 2014/1236/912 2256/1237/913
f 2249/1238/911 2264/1239/914 2265/1240/915
f 2323/1241/916 1996/1242/917 2265/1243/915
f 1978/1244/918 1997/1245/919 1996/1242/917
f 2134/1246/920 1997/1247/919 2117/1248/921
f 2173/1249/922 2134/1246/920 2136/1250/923
f 2172/1251/924 2180/1252/925 2179/1253/926
f 2171/1254/927 2179/1253/926 2178/1255/928
f 2178/1255/928 2170/1256/929 2171/1254/927
f 2169/1257/930 2177/1258/931 2176/1259/932
f 2168/1260/933 2176/1259/932 2175/1261/934
f 2174/1262/935 2168/1260/933 2175/1261/934
f 2167/1263/936 2137/1264/937 2135/1265/938
f 2127/1266/939 2135/1265/938 2126/1267/940
f 2003/1268/941 2128/1269/942 2127/1266/939
f 2005/1270/943 2129/1271/944 2128/1269/942
f 2130/1272/945 2007/1273/946 2009/1274/947
f 2131/1275/948 2009/1274/947 2011/1276/949
f 2013/1277/950 2131/1275/948 2011/1276/949
f 1998/1278/951 2127/1266/939 2126/1267/940
f 2168/1260/933 2127/1266/939 2128/1269/942
f 2129/1271/944 2168/1260/933 2128/1269/942
f 2130/1272/945 2169/1257/930 2129/1271/944
f 2131/1275/948 2170/1256/929 2130/1272/945
f 2132/1279/952 2171/1254/927 2131/1275/948
f 2136/1250/923 2119/1280/953 2138/1281/954
f 2119/1282/953 2060/1283/955 2061/1284/956
f 2061/1284/956 2036/1285/957 2038/1286/958
f 2068/1287/959 2038/1286/958 2036/1285/957
f 2075/1288/960 2069/1289/961 2076/1290/962
f 2029/1291/963 2070/1292/964 2069/1289/961
f 1984/1293/965 2031/1294/966 2030/1295/967
f 1988/1296/968 1987/1297/969 1989/1298/970
f 1991/1299/971 2353/1300/972 2354/1301/973
f 2355/1302/974 2412/1303/975 2413/1304/976
f 1995/1305/977 2355/1306/974 2348/1307/978
f 2346/1308/979 2364/1309/980 2348/1310/978
f 2364/1311/980 1963/1312/981 1975/1313/982
f 1963/1312/981 1974/1314/983 1975/1313/982
f 1887/1315/984 1963/1312/981 1964/1316/985
f 2448/1317/986 1964/1316/985 2446/1318/987
f 2507/1319/988 2448/1320/986 2506/1321/989
f 2449/1322/990 2508/1323/991 2450/1324/992
f 2509/1325/993 2450/1324/992 2508/1323/991
f 2451/1326/994 2510/1327/995 2452/1328/996
f 2510/1329/995 2504/1330/997 2511/1331/998
f 2497/1332/999 2505/1333/1000 2504/1330/997
f 2443/1334/1001 2498/1335/1002 2441/1336/1003
f 2443/1337/1001 2460/1338/1004 2461/1339/1005
f 2462/1340/1006 925/1341/1007 927/1342/1008
f 925/1341/1007 902/1343/1009 927/1342/1008
f 970/1344/1010 900/1345/1011 898/1346/1012
f 970/1344/1010 978/1347/1013 977/1348/1014
f 971/1349/1015 979/1350/1016 978/1347/1013
f 972/1351/1017 980/1352/1018 979/1350/1016
f 974/1353/1019 980/1352/1018 973/1354/1020
f 974/1353/1019 982/1355/1021 981/1356/1022
f 975/1357/1023 983/1358/1024 982/1355/1021
f 899/1359/1025 983/1358/1024 976/1360/1026
f 924/1361/1027 901/1362/1028 899/1363/1025
f 2223/1364/1029 926/1365/1030 2222/1366/1031
f 2221/1367/1032 2244/1368/1033 2222/1366/1031
f 2294/1369/1034 2244/1368/1033 2242/1370/1035
f 2295/1371/1036 2301/1372/1037 2294/1369/1034
f 2296/1373/1038 2302/1374/1039 2295/1371/1036
f 2296/1373/1038 2304/1375/1040 2303/1376/1041
f 2297/1377/1042 2305/1378/1043 2304/1375/1040
f 2305/1378/1043 2299/1379/1044 2306/1380/1045
f 2306/1380/1045 2300/1381/1046 2307/1382/1047
f 2243/1383/1048 2307/1382/1047 2300/1381/1046
f 2245/1384/1049 2262/1385/1050 2263/1386/1051
f 2263/1387/1051 2320/1388/1052 2321/1389/1053
f 2321/1389/1053 2345/1390/1054 2322/1391/1055
f 2407/1392/1056 2347/1393/1057 2345/1390/1054
f 2350/1394/1058 1981/1395/1059 2349/1396/1060
f 2351/1397/1061 2408/1398/1062 2409/1399/1063
f 2352/1400/1064 2409/1399/1063 2410/1401/1065
f 2403/1402/1066 2411/1403/1067 2410/1401/1065
f 2397/1404/1068 2405/1405/1069 2404/1406/1070
f 2398/1407/1071 2406/1408/1072 2405/1405/1069
f 2344/1409/1073 2399/1410/1074 2342/1411/1075
f 2344/1409/1073 2361/1412/1076 2362/1413/1077
f 2420/1414/1078 2361/1415/1076 2419/1416/1079
f 2444/1417/1080 2420/1414/1078 2442/1418/1081
f 2440/1419/1082 2499/1420/1083 2442/1418/1081
f 2500/1421/1084 2492/1422/1085 2493/1423/1086
f 2493/1423/1086 2501/1424/1087 2500/1421/1084
f 2502/1425/1088 2494/1426/1089 2495/1427/1090
f 2496/1428/1091 2488/1429/1092 2489/1430/1093
f 2483/1431/1094 2489/1432/1093 2482/1433/1095
f 2490/1434/1096 2484/1435/1097 2491/1436/1098
f 2491/1436/1098 2437/1437/1099 2439/1438/1100
f 2439/1438/1100 2458/1439/1101 2459/1440/1102
f 2459/1440/1102 919/1441/1103 921/1442/1104
f 894/1443/1105 921/1442/1104 919/1441/1103
f 896/1444/1106 956/1445/1107 963/1446/1108
f 956/1445/1107 964/1447/1109 963/1446/1108
f 965/1448/1110 957/1449/1111 958/1450/1112
f 958/1450/1112 966/1451/1113 965/1448/1110
f 960/1452/1114 966/1451/1113 959/1453/1115
f 960/1452/1114 968/1454/1116 967/1455/1117
f 962/1456/1118 968/1454/1116 961/1457/1119
f 895/1458/1120 969/1459/1121 962/1456/1118
f 922/1460/1122 895/1458/1120 920/1461/1123
f 922/1460/1122 2219/1462/1124 2220/1463/1125
f 2238/1464/1126 2220/1463/1125 2219/1462/1124
f 2287/1465/1127 2238/1464/1126 2280/1466/1128
f 2288/1467/1129 2280/1466/1128 2281/1468/1130
f 2282/1469/1131 2288/1467/1129 2281/1468/1130
f 2282/1469/1131 2290/1470/1132 2289/1471/1133
f 2283/1472/1134 2291/1473/1135 2290/1470/1132
f 2284/1474/1136 2292/1475/1137 2291/1473/1135
f 2285/1476/1138 2293/1477/1139 2292/1475/1137
f 2286/1478/1140 2241/1479/1141 2293/1477/1139
f 2261/1480/1142 2239/1481/1143 2260/1482/1144
f 2261/1480/1142 2318/1483/1145 2319/1484/1146
f 2339/1485/1147 2318/1483/1145 2337/1486/1148
f 2386/1487/1149 2341/1488/1150 2339/1485/1147
f 2393/1489/1151 2401/1490/1152 2400/1491/1153
f 2395/1492/1154 2401/1490/1152 2394/1493/1155
f 2388/1494/1156 2396/1495/1157 2395/1492/1154
f 2382/1496/1158 2390/1497/1159 2389/1498/1160
f 2384/1499/1161 2390/1497/1159 2383/1500/1162
f 2385/1501/1163 2391/1502/1164 2384/1499/1161
f 2385/1501/1163 2340/1503/1165 2392/1504/1166
f 2360/1505/1167 2338/1506/1168 2359/1507/1169
f 2418/1508/1170 2359/1507/1169 2417/1509/1171
f 2418/1508/1170 2436/1510/1172 2438/1511/1173
f 2478/1512/1174 2438/1511/1173 2436/1510/1172
f 2479/1513/1175 2485/1514/1176 2478/1512/1174
f 2486/1515/1177 2480/1516/1178 2487/1517/1179
f 2473/1518/1180 2481/1519/1181 2480/1516/1178
f 2467/1520/1182 2475/1521/1183 2474/1522/1184
f 2476/1523/1185 2468/1524/1186 2469/1525/1187
f 2469/1525/1187 2477/1526/1188 2476/1523/1185
f 2435/1527/1189 2470/1528/1190 2433/1529/1191
f 2433/1529/1191 2457/1530/1192 2435/1527/1189
f 2457/1530/1192 915/1531/1193 917/1532/1194
f 917/1532/1194 890/1533/1195 892/1534/1196
f 949/1535/1197 890/1533/1195 942/1536/1198
f 943/1537/1199 949/1535/1197 942/1536/1198
f 944/1538/1200 950/1539/1201 943/1537/1199
f 944/1538/1200 952/1540/1202 951/1541/1203
f 945/1542/1204 953/1543/1205 952/1540/1202
f 946/1544/1206 954/1545/1207 953/1543/1205
f 954/1545/1207 948/1546/1208 955/1547/1209
f 891/1548/1210 955/1547/1209 948/1546/1208
f 918/1549/1211 891/1548/1210 916/1550/1212
f 2217/1551/1213 918/1549/1211 916/1550/1212
f 2218/1552/1214 2234/1553/1215 2236/1554/1216
f 2266/1555/1217 2236/1554/1216 2234/1553/1215
f 2266/1555/1217 2274/1556/1218 2273/1557/1219
f 2274/1556/1218 2268/1558/1220 2275/1559/1221
f 2275/1559/1221 2269/1560/1222 2276/1561/1223
f 2269/1560/1222 2277/1562/1224 2276/1561/1223
f 2278/1563/1225 2270/1564/1226 2271/1565/1227
f 2271/1565/1227 2279/1566/1228 2278/1563/1225
f 2235/1567/1229 2279/1566/1228 2272/1568/1230
f 2259/1569/1231 2235/1567/1229 2258/1570/1232
f 2317/1571/1233 2258/1570/1232 2316/1572/1234
f 2333/1573/1235 2317/1571/1233 2316/1572/1234
f 2365/1574/1236 2335/1575/1237 2333/1573/1235
f 2372/1576/1238 2380/1577/1239 2379/1578/1240
f 2373/1579/1241 2381/1580/1242 2380/1577/1239
f 2374/1581/1243 2368/1582/1244 2375/1583/1245
f 2368/1582/1244 2376/1584/1246 2375/1583/1245
f 2369/1585/1247 2377/1586/1248 2376/1584/1246
f 2377/1586/1248 2371/1587/1249 2378/1588/1250
f 2371/1587/1249 2336/1589/1251 2378/1588/1250
f 2334/1590/1252 2358/1591/1253 2336/1589/1251
f 2357/1592/1254 2416/1593/1255 2358/1591/1253
f 2416/1593/1255 2432/1594/1256 2434/1595/1257
f 2464/1596/1258 2434/1595/1257 2432/1594/1256
f 2472/1597/1259 2464/1596/1258 2465/1598/1260
f 2466/1599/1261 2425/1600/1262 2426/1601/1263
f 859/1602/1264 2427/1603/1265 2426/1601/1263
f 857/1604/1264 2427/1603/1265 858/1605/1264
f 856/1606/1264 2428/1607/1266 857/1604/1264
f 855/1608/1264 2429/1609/1267 856/1606/1264
f 854/1610/1264 2430/1611/1268 855/1608/1264
f 2431/1612/1269 817/1613/1270 2455/1614/1271
f 2455/1614/1271 806/1615/1272 913/1616/1273
f 807/1617/1270 881/1618/1274 913/1616/1273
f 835/1619/1264 882/1620/1275 881/1618/1274
f 883/1621/1276 834/1622/1264 833/1623/1264
f 833/1623/1264 884/1624/1277 883/1621/1276
f 885/1625/1278 832/1626/1264 831/1627/1264
f 885/1625/1278 830/1628/1264 886/1629/1279
f 829/1630/1264 886/1629/1279 830/1628/1264
f 887/1631/1280 828/1632/1264 888/1633/1281
f 888/1633/1281 827/1634/1264 889/1635/1282
f 808/1636/1264 889/1635/1282 827/1634/1264
f 2216/1637/1283 808/1636/1264 809/1638/1264
f 809/1638/1264 2225/1639/1284 2216/1637/1283
f 826/1640/1264 2226/1641/1285 2225/1639/1284
f 2227/1642/1286 825/1643/1264 824/1644/1264
f 824/1644/1264 2228/1645/1287 2227/1642/1286
f 822/1646/1264 2228/1645/1287 823/1647/1264
f 2229/1648/1288 821/1649/1264 2230/1650/1289
f 2230/1650/1289 820/1651/1264 2231/1652/1290
f 2231/1652/1290 819/1653/1264 2232/1654/1291
f 2232/1654/1291 818/1655/1264 2233/1656/1292
f 2233/1656/1292 810/1657/1264 2257/1658/1293
f 2257/1658/1293 811/1659/1294 2315/1660/1295
f 814/1661/1296 2324/1662/1297 2315/1660/1295
f 871/1663/1264 2325/1664/1298 2324/1662/1297
f 870/1665/1264 2326/1666/1299 2325/1664/1298
f 869/1667/1264 2327/1668/1300 2326/1666/1299
f 2328/1669/1301 868/1670/1264 867/1671/1264
f 2328/1669/1301 866/1672/1264 2329/1673/1302
f 2329/1673/1302 865/1674/1264 2330/1675/1303
f 864/1676/1264 2330/1675/1303 865/1674/1264
f 2331/1677/1304 863/1678/1264 2332/1679/1305
f 815/1680/1264 2332/1679/1305 863/1678/1264
f 815/1680/1264 2414/1681/1306 2356/1682/1307
f 2423/1683/1308 816/1684/1264 862/1685/1264
f 862/1685/1264 2424/1686/1309 2423/1683/1308
f 860/1687/1264 861/1688/1264 862/1685/1264
f 816/1684/1264 739/1689/1264 740/1690/1296
f 741/1691/1264 705/1692/1310 730/1693/1311
f 712/1694/1312 703/1695/1313 705/1692/1310
f 703/1695/1313 726/1696/1314 728/1697/1315
f 699/1698/1316 783/1699/1317 776/1700/1318
f 722/1701/1319 699/1698/1316 697/1702/1320
f 695/1703/1321 769/1704/1322 762/1705/1323
f 693/1706/1324 720/1707/1325 695/1708/1321
f 748/1709/1326 693/1710/1324 755/1711/1327
f 714/1712/1328 691/1713/1329 689/1714/1330
f 689/1715/1330 663/1716/1331 662/1717/1332
f 659/1718/1333 661/1719/1334 660/1720/1335
f 2842/1721/1336 658/1722/1337 660/1720/1335
f 2819/1723/1338 2842/1721/1336 2810/1724/1339
f 2851/1725/1340 2821/1726/1341 2819/1727/1338
f 2821/1728/1341 2845/1729/1342 2844/1730/1343
f 2872/1731/1344 2823/1732/1345 2865/1733/1346
f 2827/1734/1347 2846/1735/1348 2825/1736/1349
f 2879/1737/1350 2829/1738/1351 2827/1734/1347
f 2848/1739/1352 2831/1740/479 2849/1741/1353
f 2831/1740/479 2835/1742/1354 2833/1743/1355
f 454/1744/541 2833/1743/1355 485/1745/162
f 2908/1746/1356 454/1744/541 453/1747/541
f 2908/1746/1356 2931/1748/1357 2907/1749/483
f 2929/1750/485 2998/1751/1358 2991/1752/490
f 2940/1753/1359 2997/1754/1360 2998/1751/1358
f 2939/1755/1361 481/1756/162 2938/1757/1362
f 2938/1757/1362 2995/1758/1363 2996/1759/494
f 2937/1760/1364 479/1761/162 2936/1762/1365
f 2994/1763/498 2935/1764/1366 2993/1765/1367
f 2935/1764/1366 477/1766/134 2934/1767/1368
f 2930/1768/500 2934/1767/1368 2932/1769/1369
f 452/1770/124 2932/1769/1369 476/1771/162
f 2949/1772/504 449/1773/1370 3007/1774/504
f 448/1775/1371 3032/1776/508 3007/1774/504
f 3039/1777/1372 3030/1778/510 3032/1776/508
f 474/1779/162 3038/1780/1373 3039/1777/1372
f 3038/1780/1373 3095/1781/1374 3096/1782/513
f 472/1783/162 3036/1784/514 3037/1785/1375
f 3036/1784/514 3093/1786/1376 3094/1787/516
f 3034/1788/1377 470/1789/162 469/1790/162
f 3034/1788/1377 3091/1791/518 3092/1792/1378
f 467/1793/162 3033/1794/1379 468/1795/162
f 3029/1796/521 3048/1797/522 3047/1798/523
f 3047/1798/523 550/1799/1380 3046/1800/1381
f 514/1801/526 548/1802/1382 550/1799/1380
f 512/1803/1383 582/1804/1384 510/1805/1385
f 588/1806/1386 596/1807/532 595/1808/531
f 594/1809/1387 602/1810/533 601/1811/1388
f 601/1811/1388 522/1812/1389 600/1813/536
f 521/1814/1390 462/1815/162 461/1816/162
f 599/1817/1391 520/1818/1392 598/1819/1393
f 459/1820/1394 520/1818/1392 460/1821/162
f 515/1822/458 519/1823/1395 517/1824/1396
f 517/1824/1396 445/1825/1397 553/1826/462
f 553/1826/462 444/1827/1398 2809/1828/462
f 455/1829/1399 2834/1830/1400 2809/1828/462
f 2832/1831/466 2841/1832/1401 2899/1833/468
f 492/1834/1394 2840/1835/469 2841/1832/1401
f 2898/1836/1402 2839/1837/1403 2897/1838/1404
f 490/1839/162 2838/1840/1405 2839/1837/1403
f 2838/1840/1405 2895/1841/473 2896/1842/1406
f 488/1843/162 2836/1844/1407 2837/1845/1408
f 486/1846/162 487/1847/162 456/1848/1409
f 457/1849/1410 1498/1850/1411 1391/1851/1412
f 1482/1852/1413 1498/1850/1411 1480/1853/1414
f 1550/1854/1415 1482/1852/1413 1549/1855/1416
f 1483/1856/1417 1501/1857/1418 1500/1858/1352
f 1485/1859/1419 1551/1860/1420 1552/1861/1421
f 1486/1862/1422 1502/1863/1423 1485/1859/1419
f 1487/1864/1424 1553/1865/1425 1554/1866/1426
f 1504/1867/1427 1488/1868/1428 1505/1869/1429
f 1479/1870/1430 1488/1871/1428 1555/1872/1431
f 1506/1873/1432 1331/1874/1433 1333/1875/1434
f 1399/1876/1435 1333/1877/1434 1335/1878/1436
f 1365/1879/1437 1399/1880/1435 1366/1881/1438
f 1413/1882/1439 1365/1879/1437 1414/1883/1440
f 1419/1884/1441 1413/1882/1439 1420/1885/1442
f 1425/1886/1443 1419/1884/1441 1426/1887/1444
f 1431/1888/1445 1425/1886/1443 1432/1889/1446
f 1437/1890/1447 1431/1888/1445 1438/1891/1448
f 1444/1892/1449 1436/1893/1450 1437/1890/1447
f 1379/1894/1451 1443/1895/1452 1450/1896/1453
f 1379/1897/1451 1407/1898/1454 1406/1899/1455
f 1355/1900/1456 1381/1901/1457 1383/1902/1458
f 1353/1903/1459 1355/1904/1456 1382/1905/1460
f 1382/1905/1460 1456/1906/1461 1380/1907/1462
f 1380/1907/1462 1349/1908/1463 1351/1909/1464
f 1442/1910/1465 1378/1911/1466 1449/1912/1467
f 1345/1913/1468 1376/1914/1469 1374/1915/1470
f 1374/1916/1470 1428/1917/1471 1372/1918/1472
f 1370/1919/1473 1343/1920/1474 1372/1921/1472
f 1368/1922/1475 1341/1923/1476 1370/1924/1473
f 1339/1925/1477 1337/1926/1478 1338/1927/1479
f 1662/1928/1480 1340/1929/1481 1338/1930/1480
f 1701/1931/1482 1660/1932/1483 1661/1933/1484
f 1706/1934/1485 1700/1935/1486 1707/1936/1487
f 1713/1937/1488 1705/1938/1489 1706/1934/1485
f 1718/1939/1490 1712/1940/1491 1719/1941/1492
f 1725/1942/1493 1717/1943/1494 1718/1944/1490
f 1672/1945/1495 1731/1946/1496 1674/1947/1497
f 1674/1947/1497 1692/1948/1498 1672/1945/1495
f 1749/1949/1499 1692/1948/1498 1750/1950/1500
f 1768/1951/1501 1749/1952/1499 1770/1953/1502
f 1824/1954/1503 1766/1955/1504 1768/1951/1501
f 1831/1956/1505 1823/1957/1506 1824/1954/1503
f 1836/1958/1507 1830/1959/1508 1837/1960/1509
f 1843/1961/1510 1835/1962/1511 1836/1958/1507
f 1834/1963/1512 1842/1964/1513 1841/1965/1514
f 1833/1966/1515 1841/1965/1514 1840/1967/1516
f 1840/1967/1516 1832/1968/1517 1833/1966/1515
f 1771/1969/1518 1839/1970/1519 1773/1971/1520
f 1771/1969/1518 1799/1972/1521 1769/1973/1522
f 1818/1974/1523 1769/1975/1522 1767/1976/1524
f 1826/1977/1525 1818/1974/1523 1819/1978/1526
f 1826/1977/1525 1820/1979/1527 1827/1980/1528
f 1827/1980/1528 1821/1981/1529 1828/1982/1530
f 1814/1983/1531 1822/1984/1532 1821/1981/1529
f 1815/1985/1533 1809/1986/1534 1816/1987/1535
f 1809/1986/1534 1761/1988/1536 1810/1989/1537
f 1761/1988/1536 1764/1990/1538 1810/1989/1537
f 1762/1991/1539 1746/1992/1540 1764/1990/1538
f 1746/1992/1540 1689/1993/1541 1747/1994/1542
f 1666/1995/1543 1690/1996/1544 1689/1997/1541
f 1668/1998/1545 1703/1999/1546 1710/2000/1547
f 1704/2001/1548 1696/2002/1549 1697/2003/1550
f 1698/2004/1551 1657/2005/1552 1658/2006/1553
f 1344/2007/1554 1658/2008/1553 1346/2009/1555
f 1346/2009/1555 1657/2010/1552 1348/2011/1556
f 1348/2011/1556 1656/2012/1557 1350/2013/1558
f 1352/2014/1559 1656/2012/1557 1655/2015/1560
f 1352/2014/1559 1687/2016/1561 1354/2017/1456
f 1697/2018/1550 1656/2019/1557 1657/2005/1552
f 1655/2015/1560 1696/2002/1549 1664/2020/1562
f 1664/2020/1562 1703/1999/1546 1666/1995/1543
f 1664/2020/1562 1689/1997/1541 1688/2021/1563
f 1664/2020/1562 1687/2016/1561 1655/2015/1560
f 1745/2022/1564 1688/2023/1563 1746/1992/1540
f 1354/2024/1456 1745/2022/1564 1357/2025/1565
f 1795/2026/1566 1356/2027/1567 1357/2025/1565
f 3238/2028/1568 1794/2029/1569 3239/2030/1570
f 3216/2031/1571 3240/2032/1572 3218/2033/1573
f 3214/2034/1574 3253/2035/1575 3213/2036/1576
f 3259/2037/1577 3253/2035/1575 3260/2038/1578
f 3265/2039/1579 3259/2037/1577 3266/2040/1580
f 3271/2041/1581 3265/2039/1579 3272/2042/1582
f 3277/2043/1583 3271/2041/1581 3278/2044/1584
f 3283/2045/1585 3277/2043/1583 3284/2046/1586
f 3282/2047/1587 3290/2048/1588 3289/2049/1589
f 3229/2050/1590 3289/2051/1589 3231/2052/1591
f 424/2053/1592 3227/2054/1593 3229/2050/1590
f 429/2055/1594 426/2056/1595 428/2057/1596
f 431/2058/1597 3225/2059/1598 429/2055/1594
f 3221/2060/1599 3275/2061/1600 3223/2062/1601
f 3269/2063/1602 3261/2064/1603 3262/2065/1604
f 3263/2066/1605 3255/2067/1606 3256/2068/1607
f 3257/2069/1608 3249/2070/1609 3250/2071/1610
f 3251/2072/1611 3210/2073/1612 3211/2074/1613
f 3212/2075/1614 3110/2076/1615 3109/2077/1616
f 1404/2078/1617 3111/2079/1618 1403/2080/1618
f 1375/2081/1619 1403/2080/1618 1373/2082/1620
f 1422/2083/1621 1373/2082/1620 1371/2084/1622
f 1423/2085/1623 1415/2086/1624 1416/2087/1625
f 1409/2088/1626 1417/2089/1627 1416/2087/1625
f 1410/2090/1628 1362/2091/1629 1411/2092/1630
f 1363/2093/1631 1395/2094/1632 1396/2095/1633
f 1361/2096/1634 1395/2097/1632 1362/2091/1629
f 1360/2098/1635 1394/2099/1636 1361/2096/1634
f 1359/2100/1637 1393/2101/1638 1360/2098/1635
f 1408/2102/1639 1358/2103/1640 1359/2100/1637
f 1367/2104/1641 1401/2105/1642 1400/2106/1643
f 1390/2107/1644 3114/2108/1645 3115/2109/1646
f 441/2110/1647 3115/2109/1646 3206/2111/1648
f 3206/2111/1648 3247/2112/1649 3215/2113/1650
f 437/2114/1651 3215/2113/1650 3217/2115/1652
f 435/2116/1653 3217/2115/1652 3219/2117/1654
f 435/2116/1653 432/2118/1655 434/2119/1382
f 3146/2120/1656 434/2119/1382 3145/2121/1657
f 3147/2122/1658 3204/2123/1659 3205/2124/1660
f 3147/2122/1658 440/2125/1661 438/2126/1662
f 3106/2127/1663 3138/2128/1664 3105/2129/1665
f 1497/2130/462 451/2131/1666 3106/2127/1663
f 451/2131/1666 442/2132/134 3106/2127/1663
f 442/2132/134 465/2133/162 466/2134/162
f 518/2135/1667 446/2136/1668 466/2134/162
f 518/2135/1667 603/2137/1669 516/2138/1670
f 465/2133/162 518/2135/1667 466/2134/162
f 524/2139/1671 465/2133/162 464/2140/162
f 442/2132/134 464/2140/162 465/2133/162
f 442/2132/134 463/2141/162 464/2140/162
f 3104/2142/1672 3138/2128/1664 3136/2143/1673
f 3134/2144/1674 3198/2145/1675 3191/2146/1676
f 3103/2147/1677 3132/2148/1678 3102/2149/1679
f 3177/2150/1680 3132/2151/1678 3184/2152/1681
f 3101/2153/1682 3128/2154/1683 3100/2155/1684
f 3126/2156/1685 3170/2157/1686 3163/2158/1687
f 3126/2159/1685 3098/2160/1688 3099/2161/1689
f 1313/2162/1690 3124/2163/1691 3123/2164/1692
f 1313/2162/1690 1227/2165/1693 1226/2166/1690
f 3116/2167/1694 3149/2168/1695 3148/2169/1696
f 3164/2170/1697 3125/2171/1698 3157/2172/1699
f 3150/2173/1700 3129/2174/1701 3151/2175/1701
f 3178/2176/1702 3129/2177/1703 3171/2178/1704
f 3131/2179/1705 3153/2180/1706 3152/2181/1707
f 3192/2182/1708 3133/2183/1709 3185/2184/1710
f 3154/2185/1711 3137/2186/1712 3155/2187/1713
f 3199/2188/1714 3139/2189/1715 3137/2186/1712
f 3142/2190/1716 3199/2188/1714 3200/2191/1717
f 3201/2192/1718 3142/2190/1716 3200/2191/1717
f 3144/2193/1719 3201/2192/1718 3202/2194/1720
f 3203/2195/1721 3195/2196/1722 3196/2197/1723
f 3197/2198/1724 3189/2199/1725 3190/2200/1726
f 3190/2200/1726 3182/2201/1727 3183/2202/1728
f 3176/2203/1729 3182/2201/1727 3175/2204/1730
f 3169/2205/1731 3175/2204/1730 3168/2206/1732
f 3169/2205/1731 3161/2207/1733 3162/2208/1734
f 3162/2208/1734 3121/2209/1735 3122/2210/1736
f 3161/2207/1733 3120/2211/1737 3121/2209/1735
f 3160/2212/1738 3166/2213/1739 3159/2214/1740
f 3173/2215/1741 3165/2216/1742 3166/2213/1739
f 3181/2217/1743 3173/2215/1741 3174/2218/1744
f 3180/2219/1745 3186/2220/1746 3179/2221/1747
f 3187/2222/1748 3193/2223/1749 3186/2220/1746
f 3181/2217/1743 3187/2222/1748 3180/2219/1745
f 3180/2219/1745 3172/2224/1750 3173/2215/1741
f 3174/2218/1744 3166/2213/1739 3167/2225/1751
f 3166/2213/1739 3158/2226/1752 3159/2214/1740
f 3158/2226/1752 3119/2227/1753 3159/2214/1740
f 3160/2212/1738 3119/2227/1753 3120/2211/1737
f 3161/2207/1733 3167/2225/1751 3160/2212/1738
f 3168/2206/1732 3174/2218/1744 3167/2225/1751
f 3175/2204/1730 3181/2217/1743 3174/2218/1744
f 3189/2199/1725 3181/2217/1743 3182/2201/1727
f 3196/2197/1723 3188/2228/1754 3189/2199/1725
f 3188/2228/1754 3194/2229/1755 3187/2222/1748
f 3202/2194/1720 3194/2229/1755 3195/2196/1722
f 3201/2192/1718 3193/2223/1749 3194/2229/1755
f 3154/2185/1711 1234/2230/1756 1233/2231/1757
f 1199/2232/1758 1232/2233/1759 1233/2231/1757
f 1197/2234/1760 1257/2235/1761 1256/2236/1762
f 1262/2237/1763 1256/2236/1762 1263/2238/1764
f 1268/2239/1765 1262/2237/1763 1269/2240/1766
f 1275/2241/1767 1267/2242/1768 1268/2239/1765
f 1210/2243/1769 1274/2244/1770 1281/2245/1771
f 1245/2246/1772 1212/2247/1773 1247/2248/1672
f 1243/2249/1774 1308/2250/1775 1307/2251/1776
f 1570/2252/1777 1307/2253/1776 1572/2254/1778
f 1570/2252/1777 1610/2255/1779 1568/2256/1780
f 1616/2257/1781 1624/2258/1782 1623/2259/1783
f 1629/2260/1784 1623/2261/1783 1630/2262/1785
f 1635/2263/1786 1629/2260/1784 1636/2264/1787
f 1634/2265/1788 1628/2266/1789 1635/2263/1786
f 1633/2267/1790 1627/2268/1791 1634/2265/1788
f 1632/2269/1792 1626/2270/1793 1633/2267/1790
f 1573/2271/1794 1632/2269/1792 1575/2272/1351
f 1571/2273/1795 1593/2274/1418 1592/2275/1348
f 1611/2276/1796 1571/2277/1795 1569/2278/1797
f 1611/2276/1796 1619/2279/1798 1618/2280/1799
f 1619/2279/1798 1613/2281/1800 1620/2282/1801
f 1621/2283/1802 1613/2281/1800 1614/2284/1803
f 1614/2284/1803 1608/2285/1804 1615/2286/1805
f 1601/2287/1806 1609/2288/1807 1608/2285/1804
f 1562/2289/1808 1603/2290/1809 1602/2291/1810
f 1563/2292/1811 1566/2293/1812 1603/2290/1809
f 1566/2293/1812 1302/2294/1813 1304/2295/1814
f 1237/2296/1815 1305/2297/1816 1304/2295/1814
f 1241/2298/1817 1204/2299/1818 1206/2300/1819
f 1202/2301/1820 1260/2302/1821 1204/2299/1818
f 1194/2303/1822 1254/2304/1823 1253/2305/1824
f 1195/2306/1825 1230/2307/1826 1196/2308/1827
f 1194/2303/1822 1229/2309/1828 1195/2306/1825
f 1202/2301/1820 1194/2303/1822 1253/2305/1824
f 1239/2310/1829 1202/2311/1820 1204/2312/1818
f 1237/2296/1815 1193/2313/1830 1202/2311/1820
f 1304/2295/1814 1225/2314/1831 1237/2296/1815
f 1302/2294/1813 1315/2315/1832 1303/2316/1833
f 1317/2317/1834 1315/2315/1832 1316/2318/1835
f 1312/2319/1833 1314/2320/1836 1465/2321/1837
f 1465/2321/1837 1513/2322/1838 1464/2323/1839
f 1512/2324/1840 1520/2325/1841 1519/2326/1842
f 1526/2327/1843 1518/2328/1844 1519/2326/1842
f 1531/2329/1845 1525/2330/1846 1532/2331/1847
f 1538/2332/1848 1530/2333/1849 1531/2329/1845
f 1543/2334/1850 1537/2335/1851 1544/2336/1852
f 1535/2337/1853 1543/2338/1850 1542/2339/1854
f 1535/2337/1853 1476/2340/1855 1474/2341/1856
f 1478/2342/1857 1495/2343/1858 1476/2340/1855
f 1476/2340/1855 1494/2344/1677 1474/2341/1856
f 1494/2344/1677 1472/2345/1859 1474/2341/1856
f 1528/2346/1860 1470/2347/1861 1521/2348/1862
f 1528/2346/1860 1522/2349/1863 1529/2350/1864
f 1522/2349/1863 1516/2351/1865 1523/2352/1866
f 1516/2351/1865 1510/2353/1867 1517/2354/1868
f 1461/2355/1869 1511/2356/1870 1510/2353/1867
f 1460/2357/1871 1510/2353/1867 1509/2358/1872
f 1508/2359/1873 1460/2357/1871 1509/2358/1872
f 1458/2360/1874 1508/2359/1873 1507/2361/1875
f 1466/2362/1876 1514/2363/1877 1468/2364/1878
f 1466/2362/1876 1491/2365/1816 1490/2366/1879
f 1466/2362/1876 1489/2367/1813 1457/2368/1880
f 1466/2362/1876 1458/2360/1874 1507/2361/1875
f 1515/2369/1881 1509/2358/1872 1516/2351/1865
f 1514/2363/1877 1508/2359/1873 1515/2369/1881
f 1521/2348/1862 1515/2369/1881 1522/2349/1863
f 1468/2364/1878 1521/2348/1862 1470/2347/1861
f 1468/2364/1878 1492/2370/1882 1491/2365/1816
f 1470/2347/1861 1493/2371/1679 1492/2370/1882
f 1472/2345/1859 1535/2337/1853 1474/2341/1856
f 1536/2372/1883 1528/2346/1860 1529/2350/1864
f 1539/2373/1884 1545/2374/1885 1538/2332/1848
f 1546/2375/1886 1540/2376/1887 1547/2377/1888
f 1541/2378/1889 1547/2377/1888 1540/2376/1887
f 1548/2379/1890 1475/2380/1891 1477/2381/1892
f 1477/2381/1892 1325/2382/1893 1327/2383/1894
f 1327/2383/1894 1328/2384/1895 1329/2385/1896
f 1557/2386/1897 1330/2387/1898 1328/2384/1895
f 1556/2388/1899 1589/2389/1900 1588/2390/1901
f 1604/2391/1902 1565/2392/1338 1597/2393/1903
f 1605/2394/1904 1597/2393/1903 1598/2395/1905
f 1598/2395/1905 1606/2396/1906 1605/2394/1904
f 1559/2397/1907 1600/2398/1908 1599/2399/1909
f 1322/2400/1910 1561/2401/1911 1560/2402/1912
f 1319/2403/1913 1320/2404/1914 1321/2405/1915
f 1471/2406/1916 1323/2407/1917 1473/2408/1918
f 1473/2408/1918 1527/2409/1919 1471/2406/1916
f 1469/2410/1920 1321/2405/1915 1471/2406/1916
f 1321/2405/1915 1322/2400/1910 1323/2407/1917
f 1559/2397/1907 1322/2400/1910 1560/2402/1912
f 1599/2399/1909 1558/2411/1921 1559/2397/1907
f 1332/2412/1922 1646/2413/1923 1334/2414/1923
f 1663/2415/1924 1647/2416/1925 1665/2417/1926
f 1709/2418/1927 1665/2417/1926 1667/2419/1928
f 1715/2420/1929 1709/2418/1927 1716/2421/1930
f 1722/2422/1931 1714/2423/1932 1715/2420/1929
f 1727/2424/1933 1721/2425/1934 1728/2426/1935
f 1726/2427/1936 1734/2428/1937 1733/2429/1938
f 1667/2419/1928 1649/2430/1939 1669/2431/1940
f 1590/2432/1941 1649/2430/1939 1648/2433/1942
f 1669/2431/1940 1709/2418/1927 1667/2419/1928
f 1665/2417/1926 1648/2433/1942 1667/2419/1928
f 1589/2389/1900 1648/2433/1942 1647/2416/1925
f 1588/2390/1901 1647/2416/1925 1646/2434/1943
f 1565/2435/1338 1590/2432/1941 1589/2389/1900
f 1597/2393/1903 1558/2411/1921 1598/2395/1905
f 1565/2392/1338 1557/2386/1897 1597/2393/1903
f 1588/2390/1901 1330/2436/1898 1556/2388/1899
f 1324/2437/1944 1558/2411/1921 1326/2438/1945
f 1557/2386/1897 1326/2438/1945 1558/2411/1921
f 1325/2382/1893 1326/2438/1945 1327/2383/1894
f 1323/2407/1917 1324/2437/1944 1325/2382/1893
f 1473/2408/1918 1325/2382/1893 1475/2380/1891
f 1475/2380/1891 1534/2439/1946 1473/2408/1918
f 1533/2440/1947 1541/2378/1889 1540/2376/1887
f 1544/2336/1852 1538/2332/1848 1545/2374/1885
f 1536/2372/1883 1530/2333/1849 1537/2335/1851
f 1522/2349/1863 1530/2333/1849 1529/2350/1864
f 1539/2373/1884 1533/2440/1947 1540/2376/1887
f 1531/2329/1845 1539/2373/1884 1538/2332/1848
f 1530/2333/1849 1524/2441/1948 1531/2329/1845
f 1523/2352/1866 1517/2354/1868 1524/2441/1948
f 1533/2440/1947 1527/2409/1919 1534/2439/1946
f 1532/2331/1847 1526/2327/1843 1533/2440/1947
f 1524/2441/1948 1518/2328/1844 1525/2330/1846
f 1518/2328/1844 1510/2353/1867 1511/2356/1870
f 1469/2410/1920 1527/2409/1919 1520/2325/1841
f 1526/2327/1843 1520/2325/1841 1527/2409/1919
f 1519/2326/1842 1511/2356/1870 1512/2324/1840
f 1511/2356/1870 1463/2442/1949 1512/2324/1840
f 1467/2443/1950 1520/2325/1841 1513/2322/1838
f 1512/2324/1840 1464/2323/1839 1513/2322/1838
f 1312/2319/1833 1465/2321/1837 1464/2323/1839
f 1312/2319/1833 1464/2323/1839 1463/2442/1949
f 1312/2319/1833 1463/2442/1949 1462/2444/1951
f 1312/2319/1833 1462/2444/1951 1461/2355/1869
f 1312/2319/1833 1461/2355/1869 1460/2357/1871
f 1312/2319/1833 1460/2357/1871 1459/2445/1952
f 1312/2319/1833 1459/2445/1952 1458/2360/1874
f 1312/2319/1833 1458/2360/1874 1457/2368/1880
f 1489/2367/1813 1312/2319/1833 1457/2368/1880
f 1467/2443/1950 1319/2403/1913 1469/2410/1920
f 1314/2320/1836 1467/2443/1950 1465/2321/1837
f 1317/2317/1834 1318/2446/1953 1319/2403/1913
f 1303/2316/1833 1314/2320/1836 1312/2319/1833
f 1315/2315/1832 1563/2292/1811 1316/2318/1835
f 1563/2292/1811 1318/2446/1953 1316/2318/1835
f 1562/2289/1808 1320/2404/1914 1318/2446/1953
f 1561/2401/1911 1602/2291/1810 1601/2287/1806
f 1600/2398/1908 1561/2401/1911 1601/2287/1806
f 1608/2285/1804 1600/2398/1908 1601/2287/1806
f 1599/2399/1909 1607/2447/1954 1606/2396/1906
f 1613/2281/1800 1607/2447/1954 1614/2284/1803
f 1612/2448/1955 1606/2396/1906 1613/2281/1800
f 1604/2391/1902 1612/2448/1955 1611/2276/1796
f 1604/2391/1902 1569/2278/1797 1567/2449/1956
f 1567/2450/1956 1591/2451/1957 1590/2432/1941
f 1591/2452/1957 1650/2453/1958 1649/2454/1939
f 1571/2273/1795 1591/2452/1957 1569/2455/1797
f 1571/2273/1795 1625/2456/1959 1573/2271/1794
f 1625/2456/1959 1619/2457/1798 1626/2270/1793
f 1627/2268/1791 1619/2457/1798 1620/2458/1801
f 1628/2266/1789 1620/2458/1801 1621/2459/1802
f 1638/2460/1960 1630/2262/1785 1631/2461/1961
f 1576/2462/1962 1631/2461/1961 1574/2463/1963
f 1636/2264/1787 1630/2262/1785 1637/2464/1964
f 1621/2459/1802 1629/2260/1784 1628/2266/1789
f 1614/2284/1803 1622/2465/1965 1621/2283/1802
f 1630/2262/1785 1624/2466/1782 1631/2461/1961
f 1622/2465/1965 1616/2257/1781 1623/2259/1783
f 1615/2286/1805 1609/2288/1807 1616/2257/1781
f 1566/2293/1812 1305/2297/1816 1568/2256/1780
f 1617/2467/1966 1609/2288/1807 1610/2255/1779
f 1566/2293/1812 1610/2255/1779 1603/2290/1809
f 1610/2255/1779 1602/2291/1810 1603/2290/1809
f 1574/2463/1963 1624/2466/1782 1572/2468/1778
f 1624/2258/1782 1570/2252/1777 1572/2254/1778
f 1568/2256/1780 1306/2469/1967 1570/2252/1777
f 1239/2310/1829 1306/2469/1967 1305/2297/1816
f 1576/2462/1962 1308/2250/1775 1309/2470/1968
f 1572/2468/1778 1308/2250/1775 1574/2463/1963
f 1241/2471/1817 1307/2251/1776 1306/2472/1967
f 1247/2248/1672 1310/2473/692 1309/2470/1968
f 1245/2246/1772 1309/2470/1968 1308/2250/1775
f 1243/2249/1774 1210/2243/1769 1245/2246/1772
f 1243/2249/1774 1206/2474/1819 1208/2475/1969
f 1267/2242/1768 1208/2476/1969 1206/2300/1819
f 1260/2302/1821 1206/2300/1819 1204/2299/1818
f 1267/2242/1768 1261/2477/1970 1268/2239/1765
f 1260/2302/1821 1254/2304/1823 1261/2477/1970
f 1262/2237/1763 1254/2304/1823 1255/2478/1971
f 1195/2306/1825 1255/2478/1971 1254/2304/1823
f 1196/2308/1827 1256/2236/1762 1255/2478/1971
f 1196/2308/1827 1231/2479/1972 1197/2234/1760
f 1197/2234/1760 1232/2233/1759 1198/2480/1973
f 3137/2186/1712 3156/2481/1974 3155/2187/1713
f 3193/2223/1749 3199/2188/1714 3192/2182/1708
f 3199/2188/1714 3135/2482/1975 3192/2182/1708
f 3193/2223/1749 3185/2184/1710 3186/2220/1746
f 3152/2181/1707 1232/2233/1759 1231/2479/1972
f 1233/2231/1757 3153/2180/1706 3154/2185/1711
f 3153/2180/1706 3135/2482/1975 3154/2185/1711
f 3186/2220/1746 3178/2176/1702 3179/2221/1747
f 3185/2184/1710 3131/2179/1705 3178/2176/1702
f 3172/2224/1750 3178/2176/1702 3171/2178/1704
f 3150/2483/1976 1230/2307/1826 1229/2309/1828
f 1230/2307/1977 3152/2181/1977 1231/2479/1978
f 3151/2484/1979 3131/2485/1979 3152/2486/1979
f 3165/2216/1742 3171/2178/1704 3164/2170/1697
f 3171/2178/1704 3127/2487/1980 3164/2170/1697
f 3158/2226/1752 3164/2170/1697 3157/2172/1699
f 3158/2226/1752 3117/2488/1981 3118/2489/1982
f 3117/2490/1983 3125/2491/1984 3116/2492/1694
f 3149/2168/1985 1229/2309/1828 1228/2493/1986
f 3127/2494/1987 3149/2495/1695 3125/2491/1984
f 1225/2314/1831 1303/2316/1833 1226/2166/1690
f 3148/2169/1988 1228/2493/1986 1227/2496/1693
f 1193/2497/1830 1228/2493/1986 1194/2303/1822
f 1226/2166/1690 1193/2313/1830 1225/2314/1831
f 1313/2162/1690 3123/2164/1692 3122/2498/1736
f 1313/2162/1690 3122/2498/1736 3121/2499/1735
f 1313/2162/1690 3121/2499/1735 3120/2500/1737
f 1313/2162/1690 3120/2500/1737 3119/2501/1753
f 1313/2162/1690 3119/2501/1753 3118/2502/1982
f 1313/2162/1690 3118/2502/1982 3117/2503/1981
f 1313/2162/1690 3117/2503/1981 3116/2504/1989
f 3148/2505/1988 1313/2162/1690 3116/2504/1989
f 1226/2166/1690 1312/2319/1833 1313/2162/1690
f 1313/2162/1690 3098/2160/1688 3124/2163/1691
f 1490/2366/1879 3098/2160/1688 1489/2367/1813
f 1312/2319/1833 3098/2160/1688 1313/2162/1690
f 3170/2157/1686 3162/2208/1734 3163/2158/1687
f 3163/2506/1687 3124/2163/1691 3126/2159/1685
f 3123/2507/1692 3162/2208/1734 3122/2210/1736
f 3100/2155/1684 3126/2159/1685 3099/2161/1689
f 1492/2370/1882 3100/2155/1684 1491/2365/1816
f 1491/2365/1816 3099/2161/1689 1490/2366/1879
f 3184/2152/1681 3176/2203/1729 3177/2150/1680
f 3128/2508/1683 3177/2150/1680 3170/2157/1686
f 3170/2157/1686 3176/2203/1729 3169/2205/1731
f 3102/2149/1679 3130/2509/1990 3101/2510/1682
f 1493/2511/1679 3103/2147/1677 3102/2149/1679
f 3101/2510/1682 1493/2511/1679 3102/2149/1679
f 3191/2146/1676 3197/2512/1724 3190/2513/1726
f 3184/2514/1681 3134/2144/1674 3191/2146/1676
f 3184/2152/1681 3190/2200/1726 3183/2202/1728
f 3136/2143/1673 3103/2147/1677 3104/2142/1672
f 1494/2344/1677 3104/2142/1672 3103/2147/1677
f 1496/2515/1991 3106/2127/1663 3105/2129/1665
f 1495/2343/1858 3105/2129/1665 3104/2142/1672
f 442/2132/134 3140/2516/1992 3106/2127/1663
f 3140/2516/1992 3205/2124/1660 3138/2128/1664
f 3198/2145/1675 3138/2128/1664 3205/2124/1660
f 3198/2145/1675 3204/2123/1659 3197/2512/1724
f 3197/2512/1724 3203/2517/1721 3196/2518/1723
f 3204/2123/1659 3145/2121/1657 3203/2517/1721
f 3202/2519/1720 3145/2121/1657 3144/2520/1719
f 3147/2122/1658 436/2521/1993 3146/2120/1656
f 3145/2121/1657 432/2118/1655 3144/2520/1719
f 3144/2193/1719 430/2522/1994 3143/2523/1995
f 439/2524/1996 436/2521/1993 438/2126/1662
f 437/2114/1651 434/2119/1382 436/2521/1993
f 3215/2113/1650 3254/2525/1997 3217/2115/1652
f 3207/2526/1998 3248/2527/1999 3247/2112/1649
f 3208/2528/2000 3112/2529/2001 3209/2530/2002
f 443/2531/162 446/2136/1668 447/2532/1668
f 443/2531/162 466/2134/162 446/2136/1668
f 443/2531/162 442/2132/134 466/2134/162
f 3206/2111/1648 439/2524/1996 441/2110/1647
f 443/2531/162 440/2125/1661 442/2132/134
f 441/2110/1647 438/2126/1662 440/2125/1661
f 3115/2109/1646 450/2533/1371 1390/2107/1644
f 3115/2109/1646 443/2531/162 450/2533/1371
f 3207/2526/1998 3113/2534/2003 3208/2528/2000
f 3206/2111/1648 3114/2108/1645 3207/2526/1998
f 1401/2105/1642 3114/2108/1645 1400/2106/1643
f 1402/2535/2004 3113/2534/2003 1401/2105/1642
f 1390/2107/1644 1367/2104/1641 1400/2106/1643
f 1360/2098/1635 1410/2090/1628 1409/2088/1626
f 1359/2100/1637 1409/2088/1626 1408/2102/1639
f 1408/2102/1639 1416/2087/1625 1415/2086/1624
f 1367/2104/1641 1415/2086/1624 1369/2536/2005
f 1369/2536/2005 1422/2083/1621 1371/2084/1622
f 1369/2536/2005 1402/2535/2004 1401/2105/1642
f 1373/2082/1620 1402/2535/2004 1371/2084/1622
f 3111/2079/1618 1402/2535/2004 1403/2080/1618
f 1405/2537/1541 3110/2076/1615 1404/2538/1617
f 3210/2073/1612 3110/2076/1615 3211/2074/1613
f 3111/2079/1618 3209/2530/2002 3112/2529/2001
f 3249/2539/1609 3210/2540/1612 3250/2541/1610
f 3248/2527/1999 3209/2530/2002 3249/2539/1609
f 3256/2542/1607 3248/2527/1999 3249/2539/1609
f 3254/2525/1997 3248/2527/1999 3255/2543/1606
f 3262/2544/1604 3254/2525/1997 3255/2543/1606
f 3254/2525/1997 3219/2117/1654 3217/2115/1652
f 3219/2117/1654 3268/2545/2006 3221/2546/1599
f 3221/2546/1599 435/2116/1653 3219/2117/1654
f 3223/2547/1601 433/2548/2007 3221/2546/1599
f 433/2549/2007 430/2522/1994 432/2550/1655
f 430/2522/1994 3142/2190/1716 3143/2523/1995
f 431/2058/1597 428/2057/1596 430/2522/1994
f 3141/2551/2008 428/2057/1596 426/2056/1595
f 425/2552/440 3141/2551/2008 426/2056/1595
f 424/2053/1592 426/2056/1595 427/2553/2009
f 3227/2054/1593 429/2055/1594 3225/2059/1598
f 3290/2048/1588 3233/2554/2010 3232/2555/2011
f 3292/2556/2012 3233/2554/2010 3291/2557/2013
f 3234/2558/2014 3293/2559/2015 3235/2560/2016
f 3236/2561/2017 3293/2559/2015 3294/2562/2018
f 3294/2562/2018 3237/2563/2019 3236/2561/2017
f 3237/2563/2019 3228/2564/2020 3230/2565/2021
f 3246/2566/2022 3228/2564/2020 3245/2567/2023
f 1787/2568/2024 3245/2567/2023 1788/2569/2025
f 1755/2570/2026 1789/2571/2027 1756/2572/2028
f 1763/2573/2029 1755/2570/2026 1804/2574/2030
f 1763/2573/2029 1797/2575/2031 1796/2576/2032
f 1240/2577/1596 1798/2578/2033 1242/2579/2034
f 1205/2580/2035 1242/2579/2034 1207/2581/2036
f 1238/2582/2037 1797/2583/2031 1240/2577/1596
f 1812/2584/2038 1804/2574/2030 1805/2585/2039
f 1805/2585/2039 1813/2586/2040 1812/2584/2038
f 1807/2587/2041 1757/2588/2042 1758/2589/2043
f 1791/2590/2044 1759/2591/2045 1758/2589/2043
f 3243/2592/2046 1791/2590/2044 1790/2593/2047
f 3242/2594/2048 3220/2595/2049 3241/2596/2050
f 3222/2597/2051 3281/2598/2052 3274/2599/2053
f 3280/2600/2054 3288/2601/2055 3287/2602/2056
f 3286/2603/2057 3280/2600/2054 3287/2602/2056
f 3226/2604/2058 3281/2598/2052 3224/2605/2059
f 3281/2598/2052 3273/2606/2060 3274/2599/2053
f 3220/2595/2049 3274/2599/2053 3267/2607/2061
f 3226/2604/2058 3243/2592/2046 3244/2608/2062
f 3243/2592/2046 3222/2597/2051 3242/2594/2048
f 1792/2609/2063 3242/2594/2048 3241/2596/2050
f 1757/2588/2042 1791/2590/2044 1758/2589/2043
f 1763/2573/2029 1811/2610/2064 1765/2611/2065
f 1786/2612/2066 1763/2573/2029 1796/2576/2032
f 1805/2585/2039 1757/2588/2042 1806/2613/2067
f 1804/2574/2030 1756/2572/2028 1805/2585/2039
f 1789/2571/2027 3243/2592/2046 1790/2593/2047
f 1756/2572/2028 1790/2593/2047 1757/2588/2042
f 1754/2614/2068 1788/2569/2025 1755/2570/2026
f 3245/2567/2023 1789/2571/2027 1788/2569/2025
f 3244/2608/2062 3228/2564/2020 3226/2604/2058
f 3228/2564/2020 3288/2601/2055 3226/2604/2058
f 3294/2562/2018 3288/2601/2055 3295/2615/2069
f 3293/2559/2015 3287/2602/2056 3294/2562/2018
f 3292/2556/2012 3286/2603/2057 3293/2559/2015
f 3290/2048/1588 3231/2616/1591 3289/2049/1589
f 3282/2047/1587 3227/2617/1593 3225/2618/1598
f 3223/2062/1601 3282/2047/1587 3225/2618/1598
f 3284/2046/1586 3292/2556/2012 3291/2557/2013
f 3283/2045/1585 3291/2557/2013 3290/2048/1588
f 3276/2619/2070 3282/2047/1587 3275/2061/1600
f 3276/2619/2070 3268/2620/2006 3269/2063/1602
f 3278/2044/1584 3286/2603/2057 3285/2621/2071
f 3277/2043/1583 3285/2621/2071 3284/2046/1586
f 3276/2619/2070 3270/2622/2072 3277/2043/1583
f 3270/2622/2072 3262/2065/1604 3263/2066/1605
f 3280/2600/2054 3272/2042/1582 3273/2606/2060
f 3279/2623/2073 3271/2041/1581 3272/2042/1582
f 3270/2622/2072 3264/2624/2074 3271/2041/1581
f 3264/2624/2074 3256/2068/1607 3257/2069/1608
f 3274/2599/2053 3266/2040/1580 3267/2607/2061
f 3273/2606/2060 3265/2039/1579 3266/2040/1580
f 3264/2624/2074 3258/2625/2075 3265/2039/1579
f 3258/2625/2075 3250/2071/1610 3251/2072/1611
f 3267/2607/2061 3259/2037/1577 3260/2038/1578
f 3258/2625/2075 3252/2626/2076 3259/2037/1577
f 3211/2074/1613 3252/2626/2076 3251/2072/1611
f 3253/2035/1575 3212/2075/1614 3213/2036/1576
f 3213/2036/1576 3107/2627/1564 3214/2034/1574
f 3213/2036/1576 3109/2077/1616 3108/2628/2077
f 3220/2595/2049 3260/2038/1578 3218/2033/1573
f 3218/2033/1573 3253/2035/1575 3216/2031/1571
f 1792/2609/2063 3240/2032/1572 1793/2629/2078
f 3241/2596/2050 3218/2033/1573 3240/2032/1572
f 1794/2029/1569 3240/2032/1572 3239/2030/1570
f 3238/2028/1568 3216/2031/1571 3214/2034/1574
f 3238/2028/1568 3107/2627/1564 1356/2027/1567
f 1357/2025/1565 1762/1991/1539 1795/2026/1566
f 1761/1988/1536 1795/2026/1566 1762/1991/1539
f 1793/2629/2078 1761/1988/1536 1760/2630/2079
f 1792/2609/2063 1760/2630/2079 1759/2591/2045
f 1808/2631/2080 1760/2630/2079 1809/1986/1534
f 1807/2587/2041 1759/2591/2045 1808/2631/2080
f 1807/2587/2041 1815/1985/1533 1814/1983/1531
f 1814/1983/1531 1806/2613/2067 1807/2587/2041
f 1820/1979/1527 1814/1983/1531 1821/1981/1529
f 1819/1978/1526 1813/2586/2040 1820/1979/1527
f 1819/1978/1526 1811/2610/2064 1812/2584/2038
f 1811/2610/2064 1767/1976/1524 1765/2611/2065
f 1765/2632/2065 1798/2578/2033 1797/2583/2031
f 1242/2633/2034 1799/1972/1521 1244/2634/1655
f 1769/1973/1522 1798/2635/2033 1767/2636/1524
f 1825/2637/2081 1771/1969/1518 1769/1973/1522
f 1833/1966/1515 1825/2637/2081 1826/2638/1525
f 1833/1966/1515 1827/2639/1528 1834/1963/1512
f 1834/1963/1512 1828/2640/1530 1835/1962/1511
f 1845/2641/2082 1837/1960/1509 1838/2642/2083
f 1845/2641/2082 1772/2643/2084 1774/2644/2085
f 1836/1958/1507 1844/2645/2086 1843/1961/1510
f 1835/1962/1511 1829/2646/2087 1836/1958/1507
f 1828/1982/1530 1822/1984/1532 1829/2647/2087
f 1837/1960/1509 1831/2648/1505 1838/2642/2083
f 1829/2647/2087 1823/1957/1506 1830/2649/1508
f 1823/1957/1506 1815/1985/1533 1816/1987/1535
f 1764/1990/1538 1747/1994/1542 1766/1955/1504
f 1823/1957/1506 1817/2650/2088 1824/1954/1503
f 1817/2650/2088 1764/1990/1538 1766/1955/1504
f 1816/1987/1535 1810/1989/1537 1817/2650/2088
f 1772/2643/2084 1831/2648/1505 1770/2651/1502
f 1770/1953/1502 1824/1954/1503 1768/1951/1501
f 1766/1955/1504 1748/2652/2089 1768/1951/1501
f 1747/1994/1542 1690/2653/1544 1748/2652/2089
f 1774/2644/2085 1750/1950/1500 1751/2654/2090
f 1770/2651/1502 1750/1950/1500 1772/2643/2084
f 1748/2655/2089 1691/2656/2091 1749/1949/1499
f 1668/2657/1545 1691/2656/2091 1690/2658/1544
f 1751/2654/2090 1694/2659/2092 1752/2660/2093
f 1750/1950/1500 1693/2661/1642 1751/2654/2090
f 1670/2662/2094 1692/1948/1498 1691/2656/2091
f 1725/1942/1493 1733/2429/1938 1732/2663/2095
f 1732/2663/2095 1724/2664/2096 1725/1942/1493
f 1670/2662/2094 1724/2664/2096 1672/1945/1495
f 1710/2000/1547 1670/2665/2094 1668/1998/1545
f 1726/2427/1936 1720/2666/2097 1727/2424/1933
f 1725/1942/1493 1719/2667/1492 1726/2427/1936
f 1717/2668/1494 1711/2669/2098 1718/1939/1490
f 1711/2669/2098 1703/1999/1546 1704/2001/1548
f 1720/2670/2097 1714/2423/1932 1721/2671/1934
f 1720/2670/2097 1712/1940/1491 1713/1937/1488
f 1704/2001/1548 1712/1940/1491 1711/2669/2098
f 1704/2001/1548 1698/2672/1551 1705/1938/1489
f 1715/2420/1929 1707/1936/1487 1708/2673/2099
f 1706/1934/1485 1714/2423/1932 1713/1937/1488
f 1705/1938/1489 1699/2674/2100 1706/1934/1485
f 1699/2675/2100 1658/2006/1553 1659/2676/2101
f 1708/2673/2099 1702/2677/2102 1709/2418/1927
f 1707/1936/1487 1701/1931/1482 1708/2673/2099
f 1700/2678/2103 1659/2679/2104 1660/2680/2105
f 1342/2681/2106 1659/2682/2104 1344/2007/2107
f 1665/2417/1926 1662/2683/2108 1663/2415/1924
f 1702/2677/2102 1661/1933/1484 1662/2683/2108
f 1661/2684/1481 1342/2685/2109 1340/1929/1481
f 1646/2686/2110 1337/2687/2110 1334/2688/2110
f 1663/2689/2111 1338/1930/1480 1337/2690/2111
f 1342/2681/2112 1341/2691/1476 1340/2692/2113
f 1340/2692/2113 1339/1925/1477 1338/1927/1479
f 1434/2693/2114 1428/2694/1471 1435/2695/2115
f 1433/2696/2116 1441/2697/2117 1440/2698/2118
f 1447/2699/2119 1439/2700/2120 1440/2698/2118
f 1453/2701/2121 1445/2702/2122 1446/2703/2123
f 1384/2704/2124 1452/2705/2125 1385/2706/2126
f 1386/2707/2127 1454/2708/2128 1387/2709/2129
f 1454/2708/2128 1388/2710/2130 1387/2709/2129
f 1385/2706/2126 1453/2711/2131 1386/2712/2132
f 1454/2713/2133 1448/2714/2134 1455/2715/2133
f 1447/2699/2119 1453/2701/2121 1446/2703/2123
f 1447/2699/2119 1441/2697/2117 1448/2716/2135
f 1428/1917/1471 1370/2717/1473 1372/1918/1472
f 1343/2718/1474 1374/1915/1470 1372/2719/1472
f 1346/2009/1555 1345/1913/1468 1344/2007/1554
f 1344/2007/1554 1343/2718/1474 1342/2681/2112
f 1449/2720/1467 1441/2721/2117 1442/2722/1465
f 1376/2723/1469 1435/2724/2115 1374/1916/1470
f 1441/2721/2117 1435/2725/2115 1442/2722/1465
f 1347/2726/2136 1378/1911/1466 1376/1914/1469
f 1349/1908/1463 1350/2013/1558 1351/1909/1464
f 1347/2726/2136 1348/2011/1556 1349/1908/1463
f 1455/2727/2137 1389/2728/2138 1388/2710/2130
f 1456/1906/1461 1378/1911/1466 1380/1907/1462
f 1455/2727/2137 1449/1912/1467 1456/1906/1461
f 1380/1907/1462 1353/1903/1459 1382/1905/1460
f 1351/1909/1464 1352/2014/1559 1353/1903/1459
f 1355/1904/1456 1389/2728/2138 1382/1905/1460
f 1355/1904/1456 1388/2710/2130 1389/2728/2138
f 1355/1904/1456 1387/2709/2129 1388/2710/2130
f 1355/1900/1456 1386/2729/2127 1387/2730/2129
f 1355/1900/1456 1385/2731/2139 1386/2729/2127
f 1355/1900/1456 1384/2732/2140 1385/2731/2139
f 1355/1900/1456 1383/1902/1458 1384/2732/2140
f 1354/2024/1456 1356/2027/1567 1355/1900/1456
f 1353/1903/1459 1354/2017/1456 1355/1904/1456
f 1406/1899/1455 3109/2077/1616 1405/2537/1541
f 1406/1899/1455 3107/2627/1564 3108/2628/2077
f 1356/2027/1567 1407/1898/1454 1355/1900/1456
f 1355/1900/1456 1407/1898/1454 1381/1901/1457
f 1383/2733/2141 1451/2734/2142 1384/2704/2124
f 1450/2735/1453 1381/2736/1457 1379/2737/1451
f 1379/1897/1451 1405/2537/1541 1377/2738/2143
f 1377/2738/2143 1404/2538/1617 1375/2739/1619
f 1452/2740/2144 1444/1892/1449 1445/2702/2122
f 1444/1892/1449 1450/1896/1453 1443/1895/1452
f 1377/2741/2143 1436/1893/1450 1443/1895/1452
f 1429/2742/2145 1375/2743/1619 1373/2744/1620
f 1445/2702/2122 1439/2700/2120 1446/2703/2123
f 1445/2702/2122 1437/1890/1447 1438/1891/1448
f 1429/2742/2145 1437/1890/1447 1436/1893/1450
f 1430/2745/2146 1422/2746/1621 1423/2747/1623
f 1440/2698/2118 1432/1889/1446 1433/2696/2116
f 1438/1891/1448 1432/1889/1446 1439/2700/2120
f 1431/1888/1445 1423/2747/1623 1424/2748/2147
f 1424/2748/2147 1416/2749/1625 1417/2750/1627
f 1433/2696/2116 1427/2751/2148 1434/2693/2114
f 1432/1889/1446 1426/1887/1444 1433/2696/2116
f 1425/1886/1443 1417/2750/1627 1418/2752/2149
f 1410/2753/1628 1418/2752/2149 1417/2750/1627
f 1420/1885/1442 1428/2694/1471 1427/2751/2148
f 1419/1884/1441 1427/2751/2148 1426/1887/1444
f 1419/1884/1441 1411/2754/1630 1412/2755/2150
f 1411/2754/1630 1363/2093/1631 1412/2755/2150
f 1370/2756/1473 1414/1883/1440 1368/2757/1475
f 1421/2758/2151 1413/1882/1439 1414/1883/1440
f 1412/2755/2150 1364/2759/2152 1413/1882/1439
f 1364/2759/2152 1396/2095/1633 1397/2760/2153
f 1366/2761/1438 1339/2762/1477 1368/1922/1475
f 1365/1879/1437 1368/2757/1475 1414/1883/1440
f 1365/1879/1437 1397/2760/2153 1398/2763/2154
f 1336/2764/2155 1399/1876/1435 1335/1878/1436
f 1335/2765/2156 1337/1926/2157 1336/2766/2156
f 1335/2767/427 1332/2768/427 1334/2769/427
f 1331/1874/1433 1332/2770/2158 1333/1875/1434
f 1330/2387/1898 1329/2385/1896 1328/2384/1895
f 1481/2771/2159 1329/2385/1896 1331/1874/1433
f 1479/1870/1430 1327/2383/1894 1329/2385/1896
f 1477/2381/1892 1555/1872/1431 1548/2379/1890
f 1397/2760/2153 1505/1869/1429 1398/2763/2154
f 1506/2772/1432 1398/2763/2154 1505/1869/1429
f 1506/2772/1432 1488/1868/1428 1481/2773/2159
f 1554/1866/1426 1488/1871/1428 1487/1864/1424
f 1554/1866/1426 1548/2379/1890 1555/1872/1431
f 1553/1865/1425 1547/2377/1888 1554/1866/1426
f 1503/2774/2160 1395/2097/1632 1502/1863/1423
f 1504/1867/1427 1396/2095/1633 1503/2775/2160
f 1487/1864/1424 1503/2776/2160 1486/2777/1422
f 1552/2778/1421 1486/2777/1422 1485/2779/1419
f 1552/2778/1421 1546/2375/1886 1553/1865/1425
f 1551/2780/1420 1545/2374/1885 1552/2778/1421
f 1501/1857/1418 1393/2101/1638 1500/1858/1352
f 1502/1863/1423 1394/2099/1636 1501/1857/1418
f 1484/2781/2161 1502/1863/1423 1501/1857/1418
f 1483/1856/1417 1551/1860/1420 1484/2781/2161
f 1550/1854/1415 1544/2782/1852 1551/1860/1420
f 1543/2338/1850 1549/1855/1416 1542/2339/1854
f 1542/2339/1854 1478/2342/1857 1476/2340/1855
f 1549/1855/1416 1480/1853/1414 1478/2342/1857
f 1478/2342/1857 1497/2130/462 1496/2515/1991
f 1500/1858/1352 1392/2783/2162 1499/2784/2163
f 1500/1858/1352 1482/1852/1413 1483/1856/1417
f 450/2533/1371 457/1849/1410 1390/2107/1644
f 483/2785/162 484/2786/162 457/1849/1410
f 1391/1851/1412 1499/2784/2163 1392/2783/2162
f 1359/2100/1637 1391/1851/1412 1392/2783/2162
f 1390/2107/1644 1391/1851/1412 1358/2103/1640
f 1497/2130/462 456/1848/1409 451/2131/1666
f 1480/1853/1414 456/1848/1409 1497/2130/462
f 486/1846/162 456/1848/1409 457/1849/1410
f 487/1847/162 488/1843/162 456/1848/1409
f 2894/2787/2164 2837/1845/1408 2836/1844/1407
f 2888/2788/2165 2896/1842/1406 2895/1841/473
f 2889/2789/1786 2883/2790/1784 2890/2791/2166
f 2884/2792/1785 2890/2791/2166 2883/2790/1784
f 2891/2793/1964 2885/2794/1961 2892/2795/1960
f 2892/2795/1960 2828/2796/2167 2830/2797/1962
f 2830/2797/1962 2806/2798/1775 2807/2799/1858
f 2808/2800/692 549/2801/1672 551/2802/2168
f 547/2803/2169 513/2804/1773 549/2801/1672
f 511/2805/1769 590/2806/2170 513/2804/1773
f 591/2807/456 583/2808/2171 584/2809/2172
f 591/2807/456 585/2810/452 592/2811/2173
f 593/2812/2174 585/2810/452 586/2813/451
f 579/2814/448 587/2815/2175 586/2813/451
f 580/2816/449 574/2817/2176 581/2818/2177
f 575/2819/2178 567/2820/2179 568/2821/2180
f 568/2821/2180 508/2822/2181 575/2819/2178
f 506/2823/2035 544/2824/2182 508/2822/2181
f 544/2825/2182 3044/2826/2183 546/2827/1655
f 3023/2828/1522 3045/2829/2184 3044/2826/2183
f 3077/2830/1517 3027/2831/1520 3025/2832/2185
f 3078/2833/1515 3084/2834/1519 3077/2830/1517
f 3079/2835/1512 3085/2836/1516 3078/2833/1515
f 3087/2837/1513 3079/2835/1512 3080/2838/1511
f 3081/2839/1507 3087/2837/1513 3080/2838/1511
f 3082/2840/1509 3088/2841/2186 3081/2839/1507
f 3083/2842/2083 3089/2843/2086 3082/2840/1509
f 3026/2844/2187 3090/2845/2082 3083/2842/2083
f 3028/2846/2085 3004/2847/1500 3005/2848/2090
f 2947/2849/1642 3006/2850/2093 3005/2848/2090
f 2928/2851/1497 2946/2852/1498 2926/2853/1495
f 2926/2853/1495 2985/2854/1496 2928/2851/1497
f 2986/2855/2095 2978/2856/2188 2979/2857/1493
f 2979/2857/1493 2987/2858/2189 2986/2855/2095
f 2987/2858/2189 2981/2859/1933 2988/2860/2190
f 2988/2860/2190 2982/2861/1935 2989/2862/2191
f 2989/2862/2191 2983/2863/2192 2990/2864/2193
f 2983/2863/2192 2977/2865/2194 2984/2866/2195
f 2927/2867/2196 2977/2865/2194 2925/2868/2197
f 2904/2869/2198 2927/2867/2196 2925/2868/2197
f 2925/2870/2197 2903/2871/2199 2904/2872/2198
f 2923/2873/2200 2963/2874/2201 2921/2875/2202
f 2902/2876/2203 2919/2877/2204 2901/2878/2205
f 2917/2879/2206 2956/2880/2207 2916/2881/2208
f 2956/2880/2207 2915/2882/2209 2916/2881/2208
f 2961/2883/1487 2955/2884/2210 2962/2885/2211
f 2967/2886/2212 2961/2883/1487 2968/2887/1932
f 2973/2888/1492 2967/2886/2212 2974/2889/2213
f 2972/2890/2214 2966/2891/1491 2973/2888/1492
f 2971/2892/1494 2965/2893/2215 2972/2890/2214
f 2964/2894/2216 2924/2895/2217 2922/2896/1545
f 2922/2897/1545 2945/2898/2091 2944/2899/2218
f 3002/2900/1615 2943/2901/1541 2944/2902/2218
f 3001/2903/2219 3018/2904/2220 3000/2905/2221
f 3016/2906/2222 3055/2907/1537 3015/2908/2223
f 3055/2907/1537 3061/2909/2224 3054/2910/2225
f 3068/2911/2226 3060/2912/2227 3061/2909/2224
f 3067/2913/1532 3073/2914/1530 3066/2915/1529
f 3066/2915/1529 3072/2916/2228 3065/2917/2229
f 3065/2917/2229 3071/2918/2230 3064/2919/2231
f 3064/2919/2231 3070/2920/2081 3063/2921/2232
f 3063/2921/2232 3019/2922/2233 3056/2923/2234
f 3050/2924/2235 3056/2923/2234 3049/2925/2236
f 3051/2926/2237 3057/2927/2238 3050/2924/2235
f 3052/2928/2239 3058/2929/2240 3051/2926/2237
f 3013/2930/2241 3052/2928/2239 3012/2931/2242
f 3013/2930/2241 630/2932/2243 3014/2933/2244
f 630/2932/2243 631/2934/2245 632/2935/2246
f 633/2936/2247 2622/2937/2248 2621/2938/2249
f 2612/2939/2250 2630/2940/2251 2613/2941/2252
f 2669/2942/2253 2630/2940/2251 2662/2943/2254
f 2632/2944/2255 2615/2945/2256 2614/2946/2257
f 2676/2947/2258 2636/2948/2259 2634/2949/2260
f 2638/2950/2261 2616/2951/2262 2636/2948/2259
f 2690/2952/2263 2640/2953/2264 2638/2950/2261
f 2618/2954/2265 2642/2955/2266 2619/2956/2267
f 2646/2957/2268 2642/2955/2266 2704/2958/2269
f 2644/2959/2270 804/2960/1296 2620/2961/2271
f 2620/2961/2271 805/2962/2272 2562/2963/2273
f 812/2964/1264 2546/2965/2274 2562/2963/2273
f 2546/2965/2274 2611/2966/2275 2544/2967/2276
f 2552/2968/2277 879/2969/1296 878/2970/1264
f 2552/2968/2277 2609/2971/2278 2610/2972/2279
f 2550/2973/2280 877/2974/1264 876/2975/1264
f 2608/2976/2281 2549/2977/2282 2607/2978/2283
f 875/2979/1264 2548/2980/2284 2549/2977/2282
f 2606/2981/2285 2547/2982/2286 2605/2983/2287
f 2545/2984/2288 873/2985/1264 872/2986/1264
f 2521/2987/2289 2543/2988/2290 2545/2984/2288
f 2543/2988/2290 2519/2989/2291 2541/2990/2292
f 2598/2991/2293 2539/2992/2294 2591/2993/2295
f 2598/2991/2293 2592/2994/2296 2599/2995/2297
f 2599/2995/2297 2593/2996/2298 2600/2997/2299
f 2600/2997/2299 2594/2998/2300 2601/2999/2301
f 2594/2998/2300 2602/3000/2302 2601/2999/2301
f 2603/3001/2303 2595/3002/2304 2596/3003/2305
f 2597/3004/2306 2603/3001/2303 2596/3003/2305
f 2540/3005/2307 2604/3006/2308 2597/3004/2306
f 2559/3007/2309 2542/3008/2310 2540/3005/2307
f 2558/3009/2311 2540/3005/2307 2538/3010/2312
f 2538/3010/2312 2583/3011/2313 2536/3012/2314
f 2534/3013/2315 2557/3014/2316 2536/3015/2314
f 2576/3016/2317 2532/3017/2318 2534/3013/2315
f 2532/3017/2318 2554/3018/2319 2555/3019/2320
f 2529/3020/2321 640/3021/2322 2530/3022/2323
f 638/3023/2324 639/3024/2325 637/3025/2326
f 637/3026/2326 2999/3027/1564 636/3028/2327
f 2909/3029/2328 2942/3030/2329 2941/3031/2330
f 2918/3032/2331 2957/3033/2332 2920/3034/2333
f 2957/3033/2332 2951/3035/2334 2958/3036/2335
f 2958/3036/2335 2952/3037/2336 2959/3038/2337
f 2912/3039/2338 2953/3040/2339 2952/3037/2336
f 2914/3041/2340 648/3042/2341 650/3043/2342
f 650/3043/2342 651/3044/2343 652/3045/2344
f 653/3046/2345 2524/3047/2346 2523/3048/2347
f 2523/3048/2347 2531/3049/2348 2522/3050/2349
f 2515/3051/2350 2531/3049/2348 2533/3052/2351
f 2533/3052/2351 2577/3053/2352 2535/3054/2353
f 2516/3055/2354 2537/3056/2355 2517/3057/2356
f 2584/3058/2357 2578/3059/2358 2585/3060/2359
f 2585/3060/2359 2579/3061/2360 2586/3062/2361
f 2579/3061/2360 2587/3063/2362 2586/3062/2361
f 2588/3064/2363 2580/3065/2364 2581/3066/2365
f 2581/3066/2365 2589/3067/2366 2588/3064/2363
f 2581/3066/2365 2575/3068/2367 2582/3069/2368
f 2575/3068/2367 2567/3070/2369 2568/3071/2370
f 2527/3072/2371 2568/3071/2370 2567/3070/2369
f 643/3073/2372 2527/3072/2371 645/3074/2373
f 644/3075/2374 645/3074/2373 646/3076/2375
f 642/3077/2376 2911/3078/2377 2910/3079/2378
f 2526/3080/2379 645/3074/2373 2527/3072/2371
f 2525/3081/2380 2566/3082/2381 2565/3083/2382
f 2571/3084/2383 2565/3083/2382 2572/3085/2384
f 2565/3083/2382 2573/3086/2385 2572/3085/2384
f 2567/3070/2369 2526/3080/2379 2527/3072/2371
f 2566/3082/2381 2574/3087/2386 2573/3086/2385
f 2580/3065/2364 2574/3087/2386 2581/3066/2365
f 2572/3085/2384 2580/3065/2364 2579/3061/2360
f 2578/3059/2358 2572/3085/2384 2579/3061/2360
f 2577/3088/2352 2537/3056/2355 2535/3089/2353
f 2578/3059/2358 2570/3090/2387 2571/3084/2383
f 2516/3091/2354 2533/3052/2351 2535/3054/2353
f 2563/3092/2388 2571/3084/2383 2570/3090/2387
f 2563/3092/2388 2533/3052/2351 2531/3049/2348
f 2531/3049/2348 2513/3093/2389 2522/3050/2349
f 657/3094/2390 2522/3050/2349 2513/3093/2389
f 2525/3081/2380 2564/3095/2391 2524/3047/2346
f 2563/3092/2388 2524/3047/2346 2564/3095/2391
f 2523/3048/2347 655/3096/2392 653/3046/2345
f 655/3096/2392 654/3097/2393 653/3046/2345
f 653/3046/2345 652/3045/2344 651/3044/2343
f 647/3098/2394 2525/3081/2380 649/3099/2395
f 2525/3081/2380 651/3044/2343 649/3099/2395
f 649/3099/2395 648/3042/2341 647/3098/2394
f 647/3098/2394 646/3076/2375 645/3074/2373
f 2913/3100/2396 646/3076/2375 648/3042/2341
f 644/3075/2374 2912/3039/2338 2911/3078/2377
f 2912/3039/2338 2951/3035/2334 2911/3078/2377
f 2950/3101/2397 2911/3078/2377 2951/3035/2334
f 2910/3079/2378 2918/3032/2331 2909/3029/2328
f 638/3102/2324 636/3028/2327 635/3103/2398
f 642/3077/2376 2909/3029/2328 639/3024/2325
f 2909/3029/2328 637/3025/2326 639/3024/2325
f 2528/3104/2399 641/3105/2400 2529/3020/2321
f 641/3105/2400 644/3075/2374 642/3077/2376
f 642/3077/2376 640/3021/2322 641/3105/2400
f 2530/3022/2323 638/3023/2324 2554/3018/2319
f 2576/3016/2317 2568/3071/2370 2569/3106/2401
f 2529/3020/2321 2532/3017/2318 2569/3106/2401
f 2569/3106/2401 2528/3104/2399 2529/3020/2321
f 2532/3017/2318 2556/3107/2402 2534/3013/2315
f 2582/3108/2368 2590/3109/2403 2589/3110/2366
f 2536/3015/2314 2576/3016/2317 2534/3013/2315
f 2582/3069/2368 2576/3016/2317 2583/3111/2313
f 2538/3010/2312 2557/3112/2316 2558/3009/2311
f 2540/3005/2307 2590/3109/2403 2538/3010/2312
f 2589/3110/2366 2597/3004/2306 2596/3003/2305
f 2588/3113/2363 2596/3003/2305 2595/3002/2304
f 2594/2998/2300 2588/3113/2363 2595/3002/2304
f 2593/2996/2298 2587/3114/2362 2594/2998/2300
f 2585/3115/2359 2593/2996/2298 2592/2994/2296
f 2584/3116/2357 2592/2994/2296 2591/2993/2295
f 2584/3116/2357 2539/2992/2294 2537/3056/2355
f 2539/2992/2294 2517/3057/2356 2537/3056/2355
f 2541/2990/2292 2518/3117/2404 2539/2992/2294
f 2545/2984/2288 813/3118/2405 2521/2987/2289
f 2543/2988/2290 2547/2982/2286 2545/2984/2288
f 2606/2981/2285 2598/2991/2293 2599/2995/2297
f 2605/2983/2287 2541/2990/2292 2598/2991/2293
f 873/2985/1264 2548/2980/2284 874/3119/1264
f 2607/2978/2283 2548/2980/2284 2606/2981/2285
f 2601/2999/2301 2607/2978/2283 2600/2997/2299
f 2600/2997/2299 2606/2981/2285 2599/2995/2297
f 875/2979/1264 2550/2973/2280 876/2975/1264
f 2608/2976/2281 2551/3120/2406 2550/2973/2280
f 2610/2972/2279 2602/3000/2302 2603/3001/2303
f 2609/2971/2278 2601/2999/2301 2602/3000/2302
f 2551/3120/2406 878/2970/1264 877/2974/1264
f 2560/3121/2407 2544/2967/2276 2542/3008/2310
f 2553/3122/2408 2610/2972/2279 2611/2966/2275
f 2542/3008/2310 2611/2966/2275 2604/3006/2308
f 2604/3006/2308 2610/2972/2279 2603/3001/2303
f 2553/3122/2408 880/3123/1264 879/2969/1296
f 2561/3124/2409 2546/2965/2274 2544/2967/2276
f 805/2962/2272 812/2964/1264 2562/2963/2273
f 2620/2961/2271 804/2960/1296 805/2962/2272
f 837/3125/1264 2647/3126/2410 838/3127/1264
f 2706/3128/2411 2647/3126/2410 2705/3129/2412
f 2648/3130/2413 840/3131/1264 839/3132/1264
f 2708/3133/2414 2649/3134/2415 2707/3135/2416
f 2650/3136/2417 842/3137/1264 841/3138/1264
f 2652/3139/2418 2709/3140/2419 2710/3141/2420
f 843/3142/1264 2645/3143/2421 844/3144/1264
f 2643/3145/2422 2661/3146/2423 2645/3143/2421
f 2661/3146/2423 802/3147/1264 803/3148/107
f 845/3149/1264 2719/3150/2424 2743/3151/2425
f 2745/3152/2426 2741/3153/2427 2794/3154/2428
f 846/3155/1264 2746/3156/2429 847/3157/1264
f 2747/3158/2430 2795/3159/2431 2796/3160/2432
f 849/3161/1264 2747/3158/2430 2748/3162/2433
f 2748/3162/2433 2798/3163/2434 2749/3164/2435
f 851/3165/1296 2749/3164/2435 2750/3166/2436
f 2751/3167/2437 2799/3168/2438 2800/3169/2439
f 2751/3167/2437 853/3170/1264 852/3171/1264
f 2744/3172/2440 798/3173/2441 799/3174/2442
f 729/3175/2442 801/3176/2443 799/3174/2442
f 729/3175/2442 732/3177/1264 801/3176/2443
f 704/3178/2444 732/3177/1264 729/3175/2442
f 784/3179/2445 704/3178/2444 702/3180/2446
f 733/3181/1264 707/3182/2447 734/3183/1264
f 786/3184/2448 707/3182/2447 785/3185/2449
f 735/3186/1264 709/3187/2450 736/3188/1264
f 710/3189/2451 787/3190/2452 788/3191/2453
f 738/3192/1264 710/3189/2451 711/3193/2454
f 711/3193/2454 788/3191/2453 789/3194/2455
f 781/3195/2456 789/3194/2455 788/3191/2453
f 774/3196/2457 782/3197/2458 781/3195/2456
f 774/3196/2457 768/3198/2459 775/3199/2460
f 760/3200/2461 768/3201/2459 767/3202/2462
f 754/3203/2463 760/3200/2461 753/3204/2464
f 753/3204/2464 747/3205/2465 754/3203/2463
f 747/3205/2465 686/3206/2466 687/3207/2467
f 667/3208/2468 687/3207/2467 686/3206/2466
f 669/3209/2469 668/3210/2470 667/3208/2468
f 668/3210/2470 2812/3211/1921 666/3212/2471
f 2854/3213/2472 2813/3214/1907 2814/3215/2473
f 2852/3216/2474 2860/3217/2475 2859/3218/2476
f 2860/3217/2475 2868/3219/2477 2867/3220/1800
f 2866/3221/2478 2874/3222/2479 2873/3223/1798
f 2874/3224/2479 2880/3225/2480 2873/3226/1798
f 2868/3219/2477 2876/3227/1965 2875/3228/2481
f 2877/3229/2482 2869/3230/2483 2870/3231/2484
f 2870/3231/2484 2878/3232/2485 2877/3229/2482
f 2826/3233/2486 2871/3234/2487 2824/3235/2488
f 2824/3235/2488 2805/3236/2489 2826/3233/2486
f 543/3237/1817 2805/3238/2489 2804/3239/2490
f 509/3240/2491 543/3237/1817 507/3241/2492
f 576/3242/2493 507/3243/2492 569/3244/1768
f 576/3242/2493 570/3245/1765 577/3246/1767
f 570/3245/1765 578/3247/450 577/3246/1767
f 572/3248/2494 564/3249/2495 565/3250/2496
f 558/3251/1762 566/3252/2497 565/3250/2496
f 500/3253/2498 559/3254/1761 499/3255/1973
f 501/3256/2499 560/3257/2500 500/3253/2498
f 561/3258/2501 502/3259/439 504/3260/2502
f 538/3261/440 504/3260/2502 502/3259/439
f 538/3261/440 3041/3262/2503 540/3263/2504
f 3017/3264/2505 3040/3265/2506 3008/3266/2068
f 617/3267/2507 3009/3268/2508 3008/3266/2068
f 620/3269/2509 3010/3270/2510 3009/3268/2508
f 624/3271/2511 3010/3270/2510 622/3272/2512
f 624/3271/2511 625/3273/2513 626/3274/2514
f 627/3275/2515 2625/3276/2516 2624/3277/2517
f 2664/3278/2518 2623/3279/2519 2624/3277/2517
f 2672/3280/2520 2664/3278/2518 2665/3281/2521
f 2671/3282/2522 2677/3283/2523 2670/3284/2524
f 2686/3285/2525 2678/3286/2526 2679/3287/2527
f 2685/3288/2528 2691/3289/2529 2684/3290/2530
f 2693/3291/2531 2699/3292/2532 2692/3293/2533
f 2694/3294/2534 2700/3295/2535 2693/3291/2531
f 2702/3296/2536 2694/3294/2534 2695/3297/2537
f 2703/3298/2538 2695/3297/2537 2696/3299/2539
f 2696/3299/2539 2641/3300/2540 2703/3298/2538
f 2641/3300/2540 2658/3301/2541 2659/3302/2542
f 2659/3302/2542 2716/3303/2543 2717/3304/2544
f 2716/3303/2543 2739/3305/2545 2717/3304/2544
f 2780/3306/2546 2739/3305/2545 2737/3307/2547
f 2781/3308/2548 2787/3309/2549 2780/3306/2546
f 2782/3310/2550 2788/3311/2551 2781/3308/2548
f 2790/3312/2552 2782/3310/2550 2783/3313/2553
f 2784/3314/2554 2790/3312/2552 2783/3313/2553
f 2792/3315/2555 2784/3314/2554 2785/3316/2556
f 2786/3317/2557 2792/3315/2555 2785/3316/2556
f 2738/3318/2558 2793/3319/2559 2786/3317/2557
f 2740/3320/2560 796/3321/2561 797/3322/2562
f 723/3323/2563 797/3322/2562 796/3321/2561
f 700/3324/2564 723/3323/2563 698/3325/2565
f 777/3326/2566 698/3325/2565 770/3327/2567
f 770/3327/2567 778/3328/2568 777/3326/2566
f 772/3329/2569 778/3328/2568 771/3330/2570
f 773/3331/2571 779/3332/2572 772/3329/2569
f 765/3333/2573 773/3331/2571 772/3329/2569
f 759/3334/2574 765/3335/2573 758/3336/2575
f 751/3337/2576 759/3334/2574 758/3336/2575
f 751/3337/2576 745/3338/2577 752/3339/2578
f 745/3338/2577 684/3340/2579 685/3341/2580
f 673/3342/2581 684/3340/2579 683/3343/2582
f 683/3343/2582 742/3344/2583 682/3345/2584
f 742/3344/2583 692/3346/2585 690/3347/2586
f 719/3348/2587 692/3346/2585 694/3349/2588
f 696/3350/2589 756/3351/2590 763/3352/2591
f 763/3353/2591 757/3354/2592 764/3355/2593
f 793/3356/2594 715/3357/2595 717/3358/2596
f 792/3359/2597 2728/3360/2598 791/3361/2599
f 605/3362/2600 2727/3363/2601 606/3364/2602
f 2758/3365/2603 2726/3366/2604 2727/3363/2601
f 2764/3367/2605 2756/3368/2606 2757/3369/2607
f 2763/3370/2608 2769/3371/2609 2762/3372/2610
f 2769/3371/2609 2775/3373/2611 2768/3374/2612
f 2775/3373/2611 2767/3375/2613 2768/3374/2612
f 2774/3376/2614 2766/3377/2615 2767/3378/2613
f 2773/3379/2616 2733/3380/2617 2766/3377/2615
f 2735/3381/2618 2714/3382/2619 2733/3380/2617
f 2714/3383/2619 2655/3384/2620 2713/3385/2621
f 2655/3386/2620 2631/3387/2622 2654/3388/2623
f 2668/3389/2624 2629/3390/2625 2631/3387/2622
f 2675/3391/2626 2667/3392/2627 2668/3389/2624
f 2674/3393/2628 2680/3394/2629 2673/3395/2630
f 2682/3396/2631 2688/3397/2632 2681/3398/2633
f 2635/3399/2634 2689/3400/2635 2682/3396/2631
f 2681/3401/2633 2687/3402/2636 2680/3394/2629
f 2675/3391/2626 2681/3401/2633 2674/3393/2628
f 2674/3393/2628 2666/3403/2637 2667/3392/2627
f 2627/3404/2638 2666/3403/2637 2626/3405/2639
f 2653/3406/2640 618/3407/2641 616/3408/2642
f 616/3409/2642 2711/3410/2643 2653/3411/2640
f 2711/3410/2643 2729/3412/2644 2712/3413/2645
f 2752/3414/2646 2731/3415/2647 2729/3412/2644
f 2753/3416/2648 2759/3417/2649 2752/3414/2646
f 2754/3418/2650 2760/3419/2651 2753/3416/2648
f 2755/3420/2652 2723/3421/2653 2724/3422/2654
f 608/3423/2655 2724/3422/2654 609/3424/2656
f 607/3425/2657 531/3426/2658 530/3427/2659
f 495/3428/1822 530/3427/2659 496/3429/2660
f 495/3428/1822 503/3430/2661 494/3431/1830
f 541/3432/1829 503/3433/2661 505/3434/2662
f 526/3435/2663 2802/3436/2664 2801/3437/1813
f 680/3438/2665 2818/3439/2666 678/3440/2667
f 2820/3441/1812 2817/3442/1811 2818/3439/2666
f 2856/3443/1810 2864/3444/2668 2863/3445/2669
f 2863/3445/2669 2855/3446/2670 2856/3443/1810
f 2816/3447/2671 2855/3446/2670 2815/3448/1911
f 674/3449/2672 2815/3448/1911 672/3450/2673
f 2857/3451/2674 2822/3452/2675 2864/3444/2668
f 2857/3451/2674 2816/3447/2671 2817/3442/1811
f 674/3449/2672 2817/3442/1811 2816/3447/2671
f 679/3453/2676 527/3454/2677 680/3438/2665
f 681/3455/2678 679/3453/2676 677/3456/2679
f 2818/3439/2666 676/3457/2680 678/3440/2667
f 679/3453/2676 678/3440/2667 677/3456/2679
f 677/3456/2679 676/3457/2680 675/3458/2681
f 2803/3459/2682 2820/3441/1812 2802/3436/2664
f 2802/3436/2664 2818/3439/2666 2801/3437/1813
f 2801/3437/1813 527/3454/2677 526/3435/2663
f 541/3432/1829 2802/3436/2664 539/3460/2683
f 563/3461/2684 555/3462/2685 556/3463/2686
f 505/3464/2662 555/3462/2685 562/3465/2687
f 503/3433/2661 526/3435/2663 494/3466/1830
f 527/3454/2677 494/3466/1830 526/3435/2663
f 496/3429/2660 557/3467/1971 556/3463/2686
f 556/3463/2686 495/3428/1822 496/3429/2660
f 495/3428/1822 528/3468/2688 529/3469/2689
f 498/3470/2690 531/3426/2658 532/3471/2691
f 531/3426/2658 496/3429/2660 530/3427/2659
f 609/3424/2656 533/3472/2692 532/3471/2691
f 610/3473/2693 534/3474/2694 533/3472/2692
f 611/3475/2695 2721/3476/2696 612/3477/2697
f 612/3477/2697 536/3478/2698 535/3479/2699
f 611/3475/2695 535/3479/2699 534/3474/2694
f 608/3423/2655 532/3471/2691 531/3426/2658
f 609/3424/2656 2723/3421/2653 610/3473/2693
f 610/3473/2693 2722/3480/2700 611/3475/2695
f 2754/3418/2650 2722/3480/2700 2723/3421/2653
f 2753/3416/2648 2721/3476/2696 2722/3480/2700
f 2752/3414/2646 2720/3481/2701 2721/3476/2696
f 612/3477/2697 2720/3481/2701 613/3482/2702
f 613/3482/2702 2711/3410/2643 614/3483/2703
f 613/3482/2702 537/3484/2704 536/3478/2698
f 614/3483/2703 615/3485/2705 537/3484/2704
f 2628/3486/2706 2667/3392/2627 2627/3404/2638
f 2628/3486/2706 618/3407/2641 2629/3390/2625
f 2627/3404/2638 619/3487/2707 2628/3486/2706
f 2633/3488/2708 2682/3489/2631 2675/3391/2626
f 2668/3389/2624 2633/3488/2708 2675/3391/2626
f 2654/3490/2623 2711/3410/2643 2712/3413/2645
f 2629/3390/2625 2654/3388/2623 2631/3387/2622
f 2635/3399/2634 2657/3491/2709 2637/3492/2710
f 2656/3493/2711 2633/3488/2708 2655/3386/2620
f 2729/3412/2644 2713/3385/2621 2712/3413/2645
f 2655/3384/2620 2712/3413/2645 2713/3385/2621
f 2657/3491/2709 2714/3382/2619 2715/3494/2712
f 2714/3383/2619 2731/3415/2647 2733/3495/2617
f 2759/3417/2649 2733/3495/2617 2731/3415/2647
f 2760/3419/2651 2766/3496/2615 2759/3417/2649
f 2768/3374/2612 2760/3419/2651 2761/3497/2713
f 2771/3498/2714 2777/3499/2715 2770/3500/2716
f 2779/3501/2717 2771/3498/2714 2772/3502/2718
f 2772/3502/2718 2736/3503/2719 2779/3501/2717
f 2734/3504/2720 795/3505/2721 2736/3503/2719
f 2765/3506/2722 2734/3507/2720 2772/3508/2718
f 2770/3509/2716 2776/3510/2723 2769/3371/2609
f 2762/3372/2610 2768/3374/2612 2761/3497/2713
f 2755/3420/2652 2761/3497/2713 2754/3418/2650
f 2765/3506/2722 2771/3511/2714 2764/3367/2605
f 2764/3367/2605 2770/3509/2716 2763/3370/2608
f 2756/3368/2606 2762/3372/2610 2755/3420/2652
f 2756/3368/2606 2724/3422/2654 2725/3512/2724
f 2758/3365/2603 2764/3367/2605 2757/3369/2607
f 2726/3366/2604 2756/3368/2606 2725/3512/2724
f 2726/3366/2604 608/3423/2655 607/3425/2657
f 604/3513/2725 528/3514/2688 527/3454/2677
f 2726/3366/2604 606/3364/2602 2727/3363/2601
f 607/3425/2657 529/3469/2689 606/3364/2602
f 606/3364/2602 528/3468/2688 605/3362/2600
f 2730/3515/2726 2765/3506/2722 2758/3365/2603
f 2758/3365/2603 2728/3516/2598 2730/3515/2726
f 605/3517/2600 791/3361/2599 2728/3360/2598
f 679/3453/2676 791/3361/2599 604/3513/2725
f 794/3518/2727 2732/3519/2728 793/3356/2594
f 793/3356/2594 2730/3520/2726 792/3359/2597
f 713/3521/2729 792/3359/2597 791/3361/2599
f 794/3522/2727 721/3523/2730 795/3505/2721
f 794/3518/2727 717/3358/2596 719/3348/2587
f 694/3524/2588 721/3523/2730 719/3525/2587
f 749/3526/2731 757/3354/2592 756/3527/2590
f 749/3526/2731 694/3349/2588 692/3346/2585
f 717/3358/2596 690/3347/2586 692/3346/2585
f 713/3521/2729 690/3347/2586 715/3357/2595
f 743/3528/2732 749/3526/2731 742/3344/2583
f 682/3345/2584 690/3347/2586 681/3455/2678
f 677/3456/2679 682/3345/2584 681/3455/2678
f 675/3458/2681 683/3343/2582 682/3345/2584
f 675/3458/2681 674/3449/2672 673/3342/2581
f 673/3342/2581 672/3450/2673 671/3529/2733
f 744/3530/2734 683/3343/2582 684/3340/2579
f 744/3530/2734 750/3531/2735 743/3528/2732
f 750/3531/2735 758/3336/2575 757/3354/2592
f 765/3335/2573 757/3354/2592 758/3336/2575
f 764/3532/2593 772/3329/2569 771/3330/2570
f 764/3532/2593 770/3327/2567 763/3352/2591
f 763/3352/2591 698/3325/2565 696/3350/2589
f 721/3523/2730 698/3325/2565 723/3323/2563
f 796/3321/2561 721/3523/2730 723/3323/2563
f 2738/3318/2558 795/3505/2721 796/3321/2561
f 2736/3503/2719 2786/3317/2557 2779/3501/2717
f 2786/3317/2557 2778/3533/2736 2779/3501/2717
f 2785/3316/2556 2777/3499/2715 2778/3533/2736
f 2777/3499/2715 2783/3313/2553 2776/3534/2723
f 2783/3313/2553 2775/3535/2611 2776/3534/2723
f 2782/3310/2550 2774/3376/2614 2775/3535/2611
f 2781/3308/2548 2773/3379/2616 2774/3376/2614
f 2780/3306/2546 2735/3381/2618 2773/3379/2616
f 2715/3494/2712 2737/3307/2547 2716/3303/2543
f 2657/3491/2709 2716/3303/2543 2658/3301/2541
f 2637/3492/2710 2658/3301/2541 2639/3536/2737
f 2689/3400/2635 2639/3536/2737 2696/3299/2539
f 2689/3400/2635 2695/3297/2537 2688/3397/2632
f 2688/3397/2632 2694/3294/2534 2687/3537/2636
f 2692/3293/2533 2698/3538/2738 2691/3289/2529
f 2694/3294/2534 2686/3539/2525 2687/3537/2636
f 2693/3291/2531 2685/3288/2528 2686/3539/2525
f 2687/3402/2636 2679/3287/2527 2680/3394/2629
f 2685/3540/2528 2677/3283/2523 2678/3286/2526
f 2673/3395/2630 2679/3287/2527 2672/3280/2520
f 2679/3287/2527 2671/3282/2522 2672/3280/2520
f 2673/3395/2630 2665/3281/2521 2666/3403/2637
f 2664/3278/2518 2670/3284/2524 2663/3541/2739
f 2626/3405/2639 2665/3281/2521 2625/3276/2516
f 2625/3276/2516 2664/3278/2518 2624/3277/2517
f 623/3542/2740 2627/3404/2638 2626/3405/2639
f 625/3273/2513 2626/3405/2639 2625/3276/2516
f 622/3272/2512 623/3542/2740 624/3271/2511
f 620/3269/2509 621/3543/2741 622/3272/2512
f 620/3269/2509 618/3407/2641 619/3487/2707
f 615/3544/2705 618/3407/2641 617/3267/2507
f 3008/3266/2068 615/3544/2705 617/3267/2507
f 615/3485/2705 538/3261/440 537/3484/2704
f 537/3484/2704 502/3259/439 536/3478/2698
f 535/3479/2699 502/3259/439 501/3256/2499
f 534/3474/2694 501/3256/2499 500/3253/2498
f 533/3472/2692 500/3253/2498 499/3255/1973
f 532/3471/2691 499/3255/1973 498/3470/2690
f 558/3251/1762 499/3255/1973 559/3254/1761
f 498/3470/2690 557/3467/1971 497/3545/2742
f 557/3467/1971 565/3250/2496 564/3249/2495
f 557/3467/1971 563/3461/2684 556/3463/2686
f 571/3546/2743 563/3461/2684 564/3249/2495
f 562/3465/2687 570/3245/1765 569/3244/1768
f 562/3465/2687 507/3243/2492 505/3464/2662
f 543/3547/1817 505/3464/2662 507/3243/2492
f 543/3548/1817 2803/3459/2682 541/3432/1829
f 2804/3549/2490 2822/3452/2675 2803/3459/2682
f 2822/3452/2675 2871/3234/2487 2864/3444/2668
f 2864/3444/2668 2870/3231/2484 2863/3445/2669
f 2869/3230/2483 2863/3445/2669 2870/3231/2484
f 2868/3219/2477 2874/3222/2479 2867/3220/1800
f 2869/3230/2483 2861/3550/2744 2862/3551/2745
f 2867/3220/1800 2859/3218/2476 2860/3217/2475
f 2855/3446/2670 2861/3550/2744 2854/3213/2472
f 2861/3550/2744 2853/3552/2746 2854/3213/2472
f 2815/3448/1911 2854/3213/2472 2814/3215/2473
f 2813/3214/1907 2852/3216/2474 2812/3211/1921
f 2811/3553/1897 666/3212/2471 2812/3211/1921
f 672/3450/2673 2814/3215/2473 670/3554/2747
f 2814/3215/2473 668/3210/2470 670/3554/2747
f 685/3341/2580 671/3529/2733 669/3209/2469
f 670/3554/2747 671/3529/2733 672/3450/2673
f 667/3208/2468 666/3212/2471 665/3555/2748
f 669/3209/2469 686/3206/2466 685/3341/2580
f 686/3206/2466 745/3338/2577 685/3341/2580
f 745/3338/2577 753/3204/2464 752/3339/2578
f 753/3204/2464 759/3334/2574 752/3339/2578
f 760/3200/2461 766/3556/2749 759/3334/2574
f 766/3557/2749 774/3196/2457 773/3331/2571
f 773/3331/2571 781/3195/2456 780/3558/2750
f 781/3195/2456 787/3190/2452 780/3558/2750
f 737/3559/1264 709/3187/2450 710/3189/2451
f 709/3187/2450 786/3184/2448 787/3190/2452
f 779/3332/2572 787/3190/2452 786/3184/2448
f 779/3332/2572 785/3185/2449 778/3328/2568
f 708/3560/2751 734/3183/1264 707/3182/2447
f 785/3185/2449 706/3561/2752 784/3179/2445
f 785/3185/2449 777/3326/2566 778/3328/2568
f 700/3324/2564 784/3179/2445 702/3180/2446
f 725/3562/2753 702/3180/2446 727/3563/2754
f 706/3561/2752 731/3564/1264 704/3178/2444
f 727/3563/2754 704/3178/2444 729/3175/2442
f 801/3176/2443 800/3565/1264 799/3174/2442
f 2742/3566/2755 797/3322/2562 798/3173/2441
f 799/3174/2442 727/3563/2754 729/3175/2442
f 798/3173/2441 725/3562/2753 727/3563/2754
f 2744/3172/2440 800/3565/1264 853/3170/1264
f 2751/3167/2437 2742/3566/2755 2744/3172/2440
f 2740/3320/2560 2800/3169/2439 2793/3319/2559
f 2793/3319/2559 2799/3168/2438 2792/3315/2555
f 852/3171/1264 2750/3166/2436 2751/3167/2437
f 2799/3168/2438 2749/3164/2435 2798/3163/2434
f 2792/3315/2555 2798/3163/2434 2791/3567/2756
f 2791/3567/2756 2797/3568/2757 2790/3312/2552
f 2749/3164/2435 849/3161/1264 2748/3162/2433
f 2797/3568/2757 2747/3158/2430 2796/3160/2432
f 2797/3568/2757 2789/3569/2758 2790/3312/2552
f 2789/3569/2758 2795/3159/2431 2788/3311/2551
f 847/3157/1264 2747/3158/2430 848/3570/1264
f 2746/3156/2429 2794/3154/2428 2795/3159/2431
f 2788/3311/2551 2794/3154/2428 2787/3309/2549
f 2794/3154/2428 2739/3305/2545 2787/3309/2549
f 2717/3304/2544 2741/3153/2427 2718/3571/2759
f 846/3155/1264 2743/3151/2425 2745/3152/2426
f 2719/3150/2424 2741/3153/2427 2743/3151/2425
f 2661/3146/2423 2718/3571/2759 2719/3150/2424
f 2660/3572/2760 2717/3304/2544 2718/3571/2759
f 2643/3145/2422 2659/3302/2542 2660/3572/2760
f 803/3148/107 2645/3143/2421 2661/3146/2423
f 2643/3145/2422 2652/3139/2418 2710/3141/2420
f 2641/3300/2540 2710/3141/2420 2703/3298/2538
f 2710/3141/2420 2702/3296/2536 2703/3298/2538
f 2651/3573/2761 843/3142/1264 842/3137/1264
f 2650/3136/2417 2709/3140/2419 2651/3573/2761
f 2709/3140/2419 2701/3574/2762 2702/3296/2536
f 2708/3133/2414 2700/3295/2535 2701/3574/2762
f 2649/3134/2415 841/3138/1264 840/3131/1264
f 2707/3135/2416 2648/3130/2413 2706/3128/2411
f 2707/3135/2416 2699/3292/2532 2700/3295/2535
f 2706/3128/2411 2698/3538/2738 2699/3292/2532
f 2647/3126/2410 839/3132/1264 838/3127/1264
f 836/3575/1264 2646/2957/2268 837/3125/1264
f 2705/3129/2412 2646/2957/2268 2704/2958/2269
f 2619/2956/2267 2644/2959/2270 2620/2961/2271
f 2562/2963/2273 2619/2956/2267 2620/2961/2271
f 2619/2956/2267 2560/3121/2407 2618/2954/2265
f 2698/3538/2738 2704/2958/2269 2697/3576/2763
f 2704/2958/2269 2640/2953/2264 2697/3576/2763
f 2698/3538/2738 2690/2952/2263 2691/3289/2529
f 2617/3577/2764 2640/2953/2264 2618/2954/2265
f 2618/2954/2265 2559/3007/2309 2617/3577/2764
f 2617/3577/2764 2558/3009/2311 2616/2951/2262
f 2684/3290/2530 2690/2952/2263 2683/3578/2765
f 2638/2950/2261 2683/3578/2765 2690/2952/2263
f 2677/3283/2523 2683/3579/2765 2676/3580/2258
f 2616/2951/2262 2634/2949/2260 2636/2948/2259
f 2615/3581/2256 2558/3009/2311 2557/3112/2316
f 2557/3582/2316 2614/2946/2257 2615/2945/2256
f 2677/3283/2523 2669/2942/2253 2670/3284/2524
f 2669/2942/2253 2634/3583/2260 2632/2944/2255
f 2670/3284/2524 2662/2943/2254 2663/3541/2739
f 638/3102/2324 2612/2939/2250 2554/3584/2319
f 2630/2940/2251 2614/2946/2257 2613/2941/2252
f 2556/3585/2402 2613/2941/2252 2614/2946/2257
f 2555/3586/2320 2612/2939/2250 2613/2941/2252
f 2662/2943/2254 2623/3279/2519 2663/3541/2739
f 2622/2937/2248 2630/2940/2251 2621/2938/2249
f 633/2936/2247 2612/2939/2250 635/3103/2398
f 635/3103/2398 634/3587/2766 633/2936/2247
f 632/2935/2246 633/2936/2247 634/3587/2766
f 629/3588/2767 2624/3277/2517 2623/3279/2519
f 629/3588/2767 2622/2937/2248 631/2934/2245
f 628/3589/2768 629/3588/2767 630/2932/2243
f 627/3275/2515 626/3274/2514 625/3273/2513
f 628/3589/2768 3012/2931/2242 626/3274/2514
f 626/3274/2514 3011/3590/2769 624/3271/2511
f 3052/2928/2239 3011/3590/2769 3012/2931/2242
f 3051/2926/2237 3010/3270/2510 3011/3590/2769
f 3050/2924/2235 3009/3268/2508 3010/3270/2510
f 3049/2925/2236 3008/3266/2068 3009/3268/2508
f 3056/2923/2234 3017/3264/2505 3049/2925/2236
f 3017/3591/2505 3042/3592/2031 3041/3262/2503
f 3057/2927/2238 3063/2921/2232 3056/2923/2234
f 3065/2917/2229 3057/2927/2238 3058/2929/2240
f 3066/2915/1529 3058/2929/2240 3059/3593/2770
f 3076/3594/2771 3068/2911/2226 3069/3595/2772
f 3022/3596/2773 3076/3594/2771 3069/3595/2772
f 3068/2911/2226 3074/3597/2774 3067/2913/1532
f 3060/2912/2227 3066/2915/1529 3059/3593/2770
f 3060/2912/2227 3052/2928/2239 3053/3598/2775
f 3062/3599/2776 3068/2911/2226 3061/2909/2224
f 3054/2910/2225 3060/2912/2227 3053/3598/2775
f 3013/2930/2241 3054/2910/2225 3053/3598/2775
f 636/3028/2327 3016/2906/2222 634/3587/2766
f 3015/2908/2223 3054/2910/2225 3014/2933/2244
f 632/2935/2246 3016/2906/2222 3015/2908/2223
f 3015/2908/2223 630/2932/2243 632/2935/2246
f 3020/3600/2777 3069/3595/2772 3062/3599/2776
f 3018/2904/2220 3062/3599/2776 3055/2907/1537
f 2999/3027/1564 3018/2904/2220 3016/2906/2222
f 3000/2905/2221 2941/3601/2330 2942/3602/2329
f 3003/3603/2778 3022/3596/2773 3002/2900/1615
f 3002/2900/1615 3020/3600/2777 3001/2903/2219
f 3001/2903/2219 2942/3602/2329 2943/2901/1541
f 2918/3032/2331 2943/3604/1541 2942/3030/2329
f 3003/3605/2778 2944/2899/2218 2945/2898/2091
f 2920/3034/2333 2944/3606/2218 2943/3604/1541
f 2957/3033/2332 2922/2896/1545 2920/3034/2333
f 2957/3033/2332 2965/2893/2215 2964/2894/2216
f 2966/2891/1491 2958/3036/2335 2959/3038/2337
f 2974/2889/2213 2968/2887/1932 2975/3607/2779
f 2967/2886/2212 2959/3038/2337 2960/3608/2780
f 2959/3038/2337 2953/3040/2339 2960/3608/2780
f 2968/2887/1932 2962/2885/2211 2969/3609/2781
f 2961/2883/1487 2953/3040/2339 2954/3610/2782
f 2914/3041/2340 2953/3040/2339 2913/3100/2396
f 2914/3041/2340 2955/2884/2210 2954/3610/2782
f 2914/3041/2340 652/3045/2344 2915/2882/2209
f 2916/2881/2208 656/3611/2783 2917/2879/2206
f 654/3097/2393 2915/2882/2209 652/3045/2344
f 2969/3609/2781 2963/2874/2201 2970/3612/2784
f 2921/2875/2202 2956/2880/2207 2919/2877/2204
f 2962/2885/2211 2956/2880/2207 2963/2874/2201
f 2921/2875/2202 2903/2871/2199 2923/2873/2200
f 2925/2870/2197 2970/3612/2784 2923/2873/2200
f 2977/3613/2194 2969/3609/2781 2970/3612/2784
f 2976/3614/1931 2968/2887/1932 2969/3609/2781
f 2975/3615/2779 2983/2863/2192 2982/2861/1935
f 2982/2861/1935 2974/3616/2213 2975/3615/2779
f 2973/3617/1492 2981/2859/1933 2980/3618/2785
f 2972/3619/2214 2980/3618/2785 2979/2857/1493
f 2978/2856/2188 2972/3619/2214 2979/2857/1493
f 2924/3620/2217 2978/2856/2188 2926/2853/1495
f 2926/2853/1495 2945/2898/2091 2924/3620/2217
f 3005/2848/2090 2946/2852/1498 2947/2849/1642
f 3004/2847/1500 2945/2898/2091 2946/2852/1498
f 3004/2847/1500 3024/3621/2786 3003/3605/2778
f 3076/3622/2771 3026/2844/2187 3083/2842/2083
f 3083/2842/2083 3075/3623/1508 3076/3622/2771
f 3075/3623/1508 3081/2839/1507 3074/3624/2774
f 3081/2839/1507 3073/3625/1530 3074/3624/2774
f 3080/2838/1511 3072/3626/2228 3073/3625/1530
f 3079/2835/1512 3071/3627/2230 3072/3626/2228
f 3078/2833/1515 3070/3628/2081 3071/3627/2230
f 3070/3628/2081 3025/2832/2185 3023/2828/1522
f 3063/2921/2232 3023/3629/1522 3021/3630/2787
f 3021/3631/2787 3044/2826/2183 3043/3632/2788
f 3019/3633/2233 3043/3634/2788 3042/3592/2031
f 542/3635/1596 3043/3634/2788 544/2824/2182
f 540/3263/2504 3042/3592/2031 542/3635/1596
f 504/3260/2502 542/3635/1596 506/2823/2035
f 561/3258/2501 506/2823/2035 568/2821/2180
f 560/3257/2500 568/2821/2180 567/2820/2179
f 567/2820/2179 559/3254/1761 560/3257/2500
f 573/3636/2789 567/2820/2179 574/2817/2176
f 573/3636/2789 565/3250/2496 566/3252/2497
f 580/2816/449 572/3248/2494 573/3636/2789
f 571/3546/2743 579/3637/448 578/3247/450
f 578/3638/450 586/2813/451 585/2810/452
f 584/2809/2172 578/3638/450 585/2810/452
f 583/2808/2171 577/3639/1767 584/2809/2172
f 509/3240/2491 583/2808/2171 511/2805/1769
f 545/3640/1774 511/2805/1769 547/2803/2169
f 2807/2799/1858 547/2803/2169 549/2801/1672
f 545/3640/1774 2806/2798/1775 2805/3238/2489
f 2828/2796/2167 2805/3238/2489 2806/2798/1775
f 2828/2796/2167 2878/3641/2485 2826/3642/2486
f 2885/2794/1961 2877/3643/2482 2878/3641/2485
f 2883/2790/1784 2877/3643/2482 2884/2792/1785
f 2876/3644/1965 2882/3645/1789 2875/3646/2481
f 2881/3647/1791 2875/3646/2481 2882/3645/1789
f 2889/2789/1786 2881/3647/1791 2882/3645/1789
f 2880/3225/2480 2888/2788/2165 2887/3648/2790
f 2888/2788/2165 2894/2787/2164 2887/3648/2790
f 488/1843/162 2838/1840/1405 489/3649/162
f 488/1843/162 489/3649/162 456/1848/1409
f 489/3649/162 490/1839/162 456/1848/1409
f 2838/1840/1405 2897/1838/1404 2839/1837/1403
f 2890/2791/2166 2898/1836/1402 2897/1838/1404
f 2890/2791/2166 2896/1842/1406 2889/2789/1786
f 2839/1837/1403 491/3650/162 490/1839/162
f 490/1839/162 491/3650/162 456/1848/1409
f 491/3650/162 492/1834/1394 456/1848/1409
f 2832/1831/466 2807/2799/1858 2808/2800/692
f 2898/1836/1402 2841/1832/1401 2840/1835/469
f 2899/1833/468 2830/2797/1962 2832/1831/466
f 2892/2795/1960 2898/1836/1402 2891/2793/1964
f 2841/1832/1401 493/3651/162 492/1834/1394
f 492/1834/1394 493/3651/162 456/1848/1409
f 493/3651/162 451/2131/1666 456/1848/1409
f 493/3651/162 455/1829/1399 451/2131/1666
f 2834/1830/1400 2808/2800/692 2809/1828/462
f 444/1827/1398 455/1829/1399 2809/1828/462
f 455/1829/1399 444/1827/1398 451/2131/1666
f 2809/1828/462 551/2802/2168 553/1826/462
f 553/1826/462 445/1825/1397 444/1827/1398
f 451/2131/1666 444/1827/1398 445/1825/1397
f 442/2132/134 451/2131/1666 458/3652/162
f 451/2131/1666 445/1825/1397 458/3652/162
f 551/2802/2168 517/1824/1396 553/1826/462
f 590/2806/2170 515/1822/458 513/2804/1773
f 549/2801/1672 515/1822/458 551/2802/2168
f 458/3652/162 519/1823/1395 459/1820/1394
f 442/2132/134 458/3652/162 459/1820/1394
f 442/2132/134 459/1820/1394 460/1821/162
f 598/1819/1393 519/1823/1395 597/3653/455
f 591/2807/456 599/1817/1391 598/1819/1393
f 590/2806/2170 598/1819/1393 597/3653/455
f 460/1821/162 521/1814/1390 461/1816/162
f 442/2132/134 460/1821/162 461/1816/162
f 442/2132/134 462/1815/162 463/2141/162
f 442/2132/134 461/1816/162 462/1815/162
f 463/2141/162 524/2139/1671 464/2140/162
f 522/1812/1389 463/2141/162 462/1815/162
f 600/1813/536 521/1814/1390 599/1817/1391
f 600/1813/536 592/2811/2173 593/2812/2174
f 603/2137/1669 524/2139/1671 602/1810/533
f 602/1810/533 523/3654/2791 601/1811/1388
f 600/1813/536 594/1809/1387 601/1811/1388
f 593/2812/2174 587/2815/2175 594/1809/1387
f 595/1808/531 603/2137/1669 602/1810/533
f 595/1808/531 587/2815/2175 588/1806/1386
f 587/2815/2175 581/3655/2177 588/1806/1386
f 510/3656/1385 544/2824/2182 546/3657/1655
f 588/1806/1386 582/1804/1384 589/3658/530
f 582/3659/1384 508/2822/2181 510/3656/1385
f 581/2818/2177 575/2819/2178 582/3659/1384
f 516/2138/1670 596/1807/532 514/1801/526
f 514/1801/526 589/3658/530 512/1803/1383
f 3045/2829/2184 546/2827/1655 3044/2826/2183
f 548/1802/1382 510/1805/1385 546/2827/1655
f 554/3660/2792 516/2138/1670 552/3661/525
f 516/2138/1670 550/1799/1380 552/3661/525
f 3046/1800/1381 548/1802/1382 3045/2829/2184
f 3045/2829/2184 3027/2831/1520 3046/1800/1381
f 3029/1796/521 3046/1800/1381 3027/2831/1520
f 447/2532/1668 554/3660/2792 3048/1797/522
f 554/3660/2792 3047/1798/523 3048/1797/522
f 447/2532/1668 3031/3662/520 467/1793/162
f 443/2531/162 447/2532/1668 467/1793/162
f 443/2531/162 467/1793/162 468/1795/162
f 3029/1796/521 3033/1794/1379 3031/3662/520
f 3085/2836/1516 3091/1791/518 3084/2834/1519
f 3091/1791/518 3027/2831/1520 3084/2834/1519
f 468/1795/162 3034/1788/1377 469/1790/162
f 443/2531/162 468/1795/162 469/1790/162
f 443/2531/162 469/1790/162 470/1789/162
f 3035/3663/2793 3092/1792/1378 3093/1786/1376
f 3087/2837/1513 3093/1786/1376 3086/3664/2794
f 3086/3664/2794 3092/1792/1378 3085/2836/1516
f 3035/3663/2793 471/3665/162 470/1789/162
f 443/2531/162 470/1789/162 471/3665/162
f 443/2531/162 471/3665/162 472/1783/162
f 3037/1785/1375 3094/1787/516 3095/1781/1374
f 3089/2843/2086 3095/1781/1374 3088/2841/2186
f 3088/2841/2186 3094/1787/516 3087/2837/1513
f 472/1783/162 3038/1780/1373 473/3666/162
f 443/2531/162 472/1783/162 473/3666/162
f 443/2531/162 473/3666/162 474/1779/162
f 3030/1778/510 3005/2848/2090 3006/2850/2093
f 3039/1777/1372 3096/1782/513 3097/3667/2795
f 3028/2846/2085 3097/3667/2795 3090/2845/2082
f 3090/2845/2082 3096/1782/513 3089/2843/2086
f 475/3668/162 3039/1777/1372 3032/1776/508
f 475/3668/162 450/2533/1371 443/2531/162
f 443/2531/162 474/1779/162 475/3668/162
f 475/3668/162 448/1775/1371 450/2533/1371
f 3006/2850/2093 3032/1776/508 3030/1778/510
f 449/1773/1370 448/1775/1371 3007/1774/504
f 448/1775/1371 449/1773/1370 450/2533/1371
f 2948/3669/2796 3007/1774/504 3006/2850/2093
f 2949/1772/504 452/1770/124 449/1773/1370
f 450/2533/1371 449/1773/1370 452/1770/124
f 476/1771/162 457/1849/1410 450/2533/1371
f 450/2533/1371 452/1770/124 476/1771/162
f 2932/1769/1369 2948/3669/2796 2930/1768/500
f 2930/1768/500 2985/2854/1496 2992/3670/2797
f 2930/1768/500 2947/2849/1642 2928/2851/1497
f 476/1771/162 2934/1767/1368 477/1766/134
f 476/1771/162 477/1766/134 457/1849/1410
f 477/1766/134 478/3671/162 457/1849/1410
f 2992/3670/2797 2935/1764/1366 2934/1767/1368
f 2987/2858/2189 2993/1765/1367 2986/2855/2095
f 2992/3670/2797 2986/2855/2095 2993/1765/1367
f 478/3671/162 2936/1762/1365 479/1761/162
f 478/3671/162 479/1761/162 457/1849/1410
f 479/1761/162 480/3672/162 457/1849/1410
f 2937/1760/1364 2994/1763/498 2995/1758/1363
f 2996/1759/494 2988/2860/2190 2989/2862/2191
f 2988/2860/2190 2994/1763/498 2987/2858/2189
f 481/1756/162 2937/1760/1364 2938/1757/1362
f 480/3672/162 481/1756/162 457/1849/1410
f 481/1756/162 482/3673/162 457/1849/1410
f 482/3673/162 483/2785/162 457/1849/1410
f 2939/1755/1361 483/2785/162 482/3673/162
f 2939/1755/1361 2996/1759/494 2997/1754/1360
f 2997/1754/1360 2989/2862/2191 2990/2864/2193
f 2929/1750/485 2905/3674/2798 2906/3675/1638
f 2991/1752/490 2997/1754/1360 2990/2864/2193
f 2927/2867/2196 2991/1752/490 2984/2866/2195
f 2983/2863/2192 2991/1752/490 2990/2864/2193
f 483/2785/162 2933/3676/2799 484/2786/162
f 2940/1753/1359 2931/1748/1357 2933/3676/2799
f 2906/3675/1638 2931/1748/1357 2929/1750/485
f 2933/3676/2799 453/1747/541 484/2786/162
f 484/2786/162 453/1747/541 457/1849/1410
f 453/1747/541 454/1744/541 457/1849/1410
f 454/1744/541 485/1745/162 457/1849/1410
f 485/1745/162 486/1846/162 457/1849/1410
f 486/1846/162 2836/1844/1407 487/1847/162
f 486/1846/162 2833/1743/1355 2835/1742/1354
f 2836/1844/1407 2893/3677/2800 2894/2787/2164
f 2850/3678/2801 2907/1749/483 2849/1741/1353
f 2906/3675/1638 2849/1741/1353 2907/1749/483
f 2831/1740/479 2850/3678/2801 2849/1741/1353
f 2893/3677/2800 2887/3648/2790 2894/2787/2164
f 2829/1738/1351 2893/3677/2800 2831/1740/479
f 2887/3648/2790 2879/1737/1350 2880/3225/2480
f 2847/3679/2802 2906/3675/1638 2905/3674/2798
f 2846/1735/1348 2905/3674/2798 2904/2869/2198
f 2829/1738/1351 2847/3679/2802 2827/1734/1347
f 2872/3680/1344 2880/3225/2480 2879/1737/1350
f 2825/1736/1349 2879/1737/1350 2827/1734/1347
f 2873/3223/1798 2865/1733/1346 2866/3221/2478
f 2846/1735/1348 2903/3681/2199 2845/3682/1342
f 2902/2876/2203 2845/1729/1342 2903/2871/2199
f 2845/3682/1342 2825/1736/1349 2846/1735/1348
f 2865/1733/1346 2859/3218/2476 2866/3221/2478
f 2858/3683/2803 2823/1732/1345 2821/1726/1341
f 2858/3683/2803 2852/3216/2474 2859/3218/2476
f 2851/1725/1340 2812/3211/1921 2852/3216/2474
f 2851/1725/1340 2810/3684/1339 2811/3553/1897
f 2844/1730/1343 2901/2878/2205 2843/3685/1429
f 2819/1723/1338 2844/1730/1343 2843/3685/1429
f 657/3094/2390 656/3611/2783 655/3096/2392
f 2900/3686/2804 2919/2877/2204 2917/2879/2206
f 658/1722/1337 2917/2879/2206 656/3611/2783
f 2900/3686/2804 2843/3685/1429 2901/2878/2205
f 659/1718/1333 658/1722/1337 657/3094/2390
f 664/3687/2805 2810/3684/1339 661/3688/1334
f 2842/1721/1336 661/1719/1334 2810/1724/1339
f 663/1716/1331 687/3207/2467 665/3555/2748
f 665/3555/2748 664/3687/2805 663/1716/1331
f 664/3687/2805 662/1717/1332 663/1716/1331
f 714/1712/1328 2514/3689/2806 716/3690/2807
f 714/1712/1328 657/3094/2390 2513/3093/2389
f 689/1714/1330 659/1718/1333 714/1712/1328
f 755/1711/1327 747/3205/2465 748/1709/1326
f 748/1709/1326 689/1715/1330 691/3691/1329
f 688/3692/2808 747/3205/2465 687/3207/2467
f 2516/3091/2354 718/3693/2809 2515/3051/2350
f 718/3693/2809 2514/3689/2806 2515/3051/2350
f 718/3693/2809 691/1713/1329 716/3690/2807
f 762/1705/1323 768/3198/2459 761/3694/2810
f 755/1711/1327 695/3695/1321 762/3696/1323
f 754/3203/2463 762/3696/1323 761/3697/2810
f 2517/3057/2356 724/3698/2811 722/1701/1319
f 722/1701/1319 2516/3055/2354 2517/3057/2356
f 720/3699/1325 697/1702/1320 695/1703/1321
f 775/3199/2460 783/1699/1317 782/3197/2458
f 769/1704/1322 699/1698/1316 776/1700/1318
f 769/1704/1322 775/3199/2460 768/3198/2459
f 726/1696/1314 2520/3700/2812 728/1697/1315
f 724/3698/2811 2519/2989/2291 726/1696/1314
f 724/3698/2811 701/3701/2813 699/1698/1316
f 790/3702/2814 711/3193/2454 789/3194/2455
f 701/3701/2813 790/3702/2814 783/1699/1317
f 782/3197/2458 790/3702/2814 789/3194/2455
f 741/1691/1264 2521/2987/2289 813/3118/2405
f 730/1693/1311 2520/3700/2812 2521/2987/2289
f 703/1695/1313 730/1693/1311 705/1692/1310
f 705/1692/1310 739/1689/1264 712/1694/1312
f 739/1689/1264 711/3193/2454 712/1694/1312
f 740/1690/1296 741/1691/1264 816/1684/1264
f 741/1691/1264 813/3118/2405 816/1684/1264
f 813/3118/2405 872/2986/1264 816/1684/1264
f 872/2986/1264 873/2985/1264 816/1684/1264
f 873/2985/1264 874/3119/1264 816/1684/1264
f 874/3119/1264 875/2979/1264 816/1684/1264
f 875/2979/1264 876/2975/1264 816/1684/1264
f 876/2975/1264 877/2974/1264 816/1684/1264
f 877/2974/1264 878/2970/1264 816/1684/1264
f 878/2970/1264 879/2969/1296 816/1684/1264
f 879/2969/1296 880/3123/1264 816/1684/1264
f 880/3123/1264 812/2964/1264 816/1684/1264
f 860/1687/1264 862/1685/1264 816/1684/1264
f 816/1684/1264 815/1680/1264 739/1689/1264
f 815/1680/1264 738/3192/1264 739/1689/1264
f 815/1680/1264 737/3559/1264 738/3192/1264
f 815/1680/1264 736/3188/1264 737/3559/1264
f 815/1680/1264 735/3186/1264 736/3188/1264
f 815/1680/1264 734/3183/1264 735/3186/1264
f 815/1680/1264 733/3181/1264 734/3183/1264
f 815/1680/1264 731/3564/1264 733/3181/1264
f 815/1680/1264 732/3177/1264 731/3564/1264
f 815/1680/1264 863/1678/1264 865/1674/1264
f 863/1678/1264 864/1676/1264 865/1674/1264
f 865/1674/1264 866/1672/1264 867/1671/1264
f 865/1674/1264 867/1671/1264 869/1667/1264
f 867/1671/1264 868/1670/1264 869/1667/1264
f 869/1667/1264 870/1665/1264 871/1663/1264
f 815/1680/1264 814/1661/1296 732/3177/1264
f 815/1680/1264 865/1674/1264 814/1661/1296
f 865/1674/1264 869/1667/1264 814/1661/1296
f 869/1667/1264 871/1663/1264 814/1661/1296
f 811/1659/1294 814/1661/1296 2315/1660/1295
f 814/1661/1296 811/1659/1294 732/3177/1264
f 811/1659/1294 801/3176/2443 732/3177/1264
f 800/3565/1264 801/3176/2443 811/1659/1294
f 2257/1658/1293 810/1657/1264 811/1659/1294
f 800/3565/1264 811/1659/1294 810/1657/1264
f 810/1657/1264 818/1655/1264 820/1651/1264
f 818/1655/1264 819/1653/1264 820/1651/1264
f 820/1651/1264 821/1649/1264 822/1646/1264
f 810/1657/1264 820/1651/1264 824/1644/1264
f 820/1651/1264 822/1646/1264 824/1644/1264
f 822/1646/1264 823/1647/1264 824/1644/1264
f 824/1644/1264 825/1643/1264 826/1640/1264
f 846/3155/1264 847/3157/1264 809/1638/1264
f 847/3157/1264 848/3570/1264 809/1638/1264
f 848/3570/1264 849/3161/1264 809/1638/1264
f 849/3161/1264 850/3703/1264 809/1638/1264
f 850/3703/1264 851/3165/1296 809/1638/1264
f 851/3165/1296 852/3171/1264 809/1638/1264
f 852/3171/1264 853/3170/1264 809/1638/1264
f 853/3170/1264 800/3565/1264 809/1638/1264
f 800/3565/1264 810/1657/1264 809/1638/1264
f 810/1657/1264 824/1644/1264 809/1638/1264
f 824/1644/1264 826/1640/1264 809/1638/1264
f 808/1636/1264 845/3149/1264 846/3155/1264
f 808/1636/1264 802/3147/1264 845/3149/1264
f 808/1636/1264 803/3148/107 802/3147/1264
f 808/1636/1264 844/3144/1264 803/3148/107
f 808/1636/1264 843/3142/1264 844/3144/1264
f 808/1636/1264 842/3137/1264 843/3142/1264
f 808/1636/1264 841/3138/1264 842/3137/1264
f 808/1636/1264 840/3131/1264 841/3138/1264
f 808/1636/1264 839/3132/1264 840/3131/1264
f 808/1636/1264 838/3127/1264 839/3132/1264
f 808/1636/1264 837/3125/1264 838/3127/1264
f 808/1636/1264 836/3575/1264 837/3125/1264
f 808/1636/1264 804/2960/1296 836/3575/1264
f 846/3155/1264 809/1638/1264 808/1636/1264
f 808/1636/1264 827/1634/1264 829/1630/1264
f 827/1634/1264 828/1632/1264 829/1630/1264
f 829/1630/1264 830/1628/1264 831/1627/1264
f 808/1636/1264 829/1630/1264 833/1623/1264
f 829/1630/1264 831/1627/1264 833/1623/1264
f 831/1627/1264 832/1626/1264 833/1623/1264
f 833/1623/1264 834/1622/1264 835/1619/1264
f 808/1636/1264 807/1617/1270 804/2960/1296
f 808/1636/1264 833/1623/1264 807/1617/1270
f 833/1623/1264 835/1619/1264 807/1617/1270
f 806/1615/1272 807/1617/1270 913/1616/1273
f 812/2964/1264 805/2962/2272 806/1615/1272
f 807/1617/1270 806/1615/1272 804/2960/1296
f 806/1615/1272 805/2962/2272 804/2960/1296
f 2455/1614/1271 817/1613/1270 806/1615/1272
f 812/2964/1264 817/1613/1270 816/1684/1264
f 817/1613/1270 860/1687/1264 816/1684/1264
f 812/2964/1264 806/1615/1272 817/1613/1270
f 817/1613/1270 856/1606/1264 860/1687/1264
f 817/1613/1270 854/1610/1264 856/1606/1264
f 854/1610/1264 855/1608/1264 856/1606/1264
f 856/1606/1264 858/1605/1264 860/1687/1264
f 856/1606/1264 857/1604/1264 858/1605/1264
f 858/1605/1264 859/1602/1264 860/1687/1264
f 860/1687/1264 2426/1601/1263 2425/1600/1262
f 861/1688/1264 2425/1600/1262 2424/1686/1309
f 2425/1600/1262 2464/1596/1258 2424/1686/1309
f 2432/1594/1256 2424/1686/1309 2464/1596/1258
f 2414/1681/1306 2432/1594/1256 2415/3704/2815
f 2357/1592/1254 2414/1681/1306 2415/3704/2815
f 2357/1592/1254 2332/1679/1305 2356/1682/1307
f 2331/1677/1304 2334/1590/1252 2371/1587/1249
f 2331/1677/1304 2370/3705/2816 2330/1675/1303
f 2370/3705/2816 2329/1673/1302 2330/1675/1303
f 2329/1673/1302 2368/1582/1244 2328/1669/1301
f 2368/1582/1244 2327/1668/1300 2328/1669/1301
f 2367/3706/2817 2326/1666/1299 2327/1668/1300
f 2367/3706/2817 2373/1579/1241 2366/3707/2818
f 2366/3707/2818 2372/1576/1238 2365/1574/1236
f 2366/3707/2818 2325/1664/1298 2326/1666/1299
f 2325/1664/1298 2333/1573/1235 2324/1662/1297
f 2316/1572/1234 2324/1662/1297 2333/1573/1235
f 2257/1658/1293 2316/1572/1234 2258/1570/1232
f 2233/1656/1292 2258/1570/1232 2235/1567/1229
f 2232/1654/1291 2235/1567/1229 2272/1568/1230
f 2272/1568/1230 2231/1652/1290 2232/1654/1291
f 2271/1565/1227 2230/1650/1289 2231/1652/1290
f 2270/1564/1226 2229/1648/1288 2230/1650/1289
f 2269/1560/1222 2228/1645/1287 2229/1648/1288
f 2228/1645/1287 2267/3708/2819 2227/1642/1286
f 2227/1642/1286 2266/1555/1217 2226/1641/1285
f 2226/1641/1285 2234/1553/1215 2225/1639/1284
f 2217/1551/1213 2225/1639/1284 2234/1553/1215
f 914/3709/2820 2217/1551/1213 916/1550/1212
f 889/1635/1282 916/1550/1212 891/1548/1210
f 948/1546/1208 889/1635/1282 891/1548/1210
f 948/1546/1208 887/1631/1280 888/1633/1281
f 947/3710/2821 886/1629/1279 887/1631/1280
f 886/1629/1279 945/1542/1204 885/1625/1278
f 945/1542/1204 884/1624/1277 885/1625/1278
f 884/1624/1277 943/1537/1199 883/1621/1276
f 883/1621/1276 942/1536/1198 882/1620/1275
f 882/1620/1275 890/1533/1195 881/1618/1274
f 881/1618/1274 915/1531/1193 913/1616/1273
f 913/1616/1273 2456/3711/2822 2455/1614/1271
f 2431/1612/1269 2456/3711/2822 2433/1529/1191
f 2430/1611/1268 2433/1529/1191 2470/1528/1190
f 2469/1525/1187 2430/1611/1268 2470/1528/1190
f 2429/1609/1267 2468/1524/1186 2428/1607/1266
f 2467/1520/1182 2428/1607/1266 2468/1524/1186
f 2426/1601/1263 2467/1520/1182 2466/1599/1261
f 2474/1522/1184 2466/1599/1261 2467/1520/1182
f 2472/1597/1259 2466/1599/1261 2473/1518/1180
f 2473/1518/1180 2479/1513/1175 2472/1597/1259
f 2478/1512/1174 2472/1597/1259 2479/1513/1175
f 2471/3712/2823 2436/1510/1172 2434/1595/1257
f 2417/1509/1171 2434/1595/1257 2436/1510/1172
f 2417/1509/1171 2358/1591/1253 2416/1593/1255
f 2336/1589/1251 2359/1507/1169 2338/1506/1168
f 2336/1589/1251 2385/1501/1163 2378/1588/1250
f 2377/1586/1248 2385/1501/1163 2384/1499/1161
f 2376/1584/1246 2384/1499/1161 2383/1500/1162
f 2376/1584/1246 2382/1496/1158 2375/1583/1245
f 2374/1581/1243 2382/1496/1158 2381/1580/1242
f 2381/1580/1242 2389/1498/1160 2388/3713/1156
f 2388/3713/1156 2380/1577/1239 2381/1580/1242
f 2394/1493/1155 2388/1494/1156 2395/1492/1154
f 2387/3714/2824 2393/1489/1151 2386/3715/1149
f 2379/1578/1240 2387/3716/2824 2386/1487/1149
f 2386/1487/1149 2337/1486/1148 2379/1578/1240
f 2379/1578/1240 2335/1575/1237 2372/1576/1238
f 2318/1483/1145 2335/1575/1237 2337/1486/1148
f 2318/1483/1145 2259/1569/1231 2317/1571/1233
f 2237/3717/2825 2260/1482/1144 2239/1481/1143
f 2237/3717/2825 2286/1478/1140 2279/1566/1228
f 2285/1476/1138 2279/1566/1228 2286/1478/1140
f 2284/1474/1136 2278/1563/1225 2285/1476/1138
f 2276/1561/1223 2284/1474/1136 2283/1472/1134
f 2275/1559/1221 2283/1472/1134 2282/1469/1131
f 2275/1559/1221 2281/1468/1130 2274/1556/1218
f 2274/1556/1218 2280/1466/1128 2273/1557/1219
f 2236/1554/1216 2280/1466/1128 2238/1464/1126
f 2236/1554/1216 2219/1462/1124 2218/1552/1214
f 920/1461/1123 2218/1552/1214 2219/1462/1124
f 893/3718/2826 920/1461/1123 895/1458/1120
f 893/3718/2826 962/1456/1118 955/1547/1209
f 954/1545/1207 962/1456/1118 961/1457/1119
f 953/1543/1205 961/1457/1119 960/1452/1114
f 953/1543/1205 959/1453/1115 952/1540/1202
f 951/1541/1203 959/1453/1115 958/1450/1112
f 950/1539/1201 958/1450/1112 957/1449/1111
f 949/1535/1197 957/1449/1111 956/1445/1107
f 956/1445/1107 892/1534/1196 949/1535/1197
f 919/1441/1103 892/1534/1196 894/1443/1105
f 2458/1439/1101 917/1532/1194 919/1441/1103
f 2458/1439/1101 2435/1527/1189 2457/1530/1192
f 2484/1435/1097 2435/1527/1189 2437/1437/1099
f 2477/1526/1188 2483/1431/1094 2476/1523/1185
f 2482/1433/1095 2476/1523/1185 2483/1431/1094
f 2475/1521/1183 2481/1519/1181 2474/1522/1184
f 2488/3719/1092 2482/1433/1095 2489/1432/1093
f 2481/1519/1181 2487/1517/1179 2480/1516/1178
f 2487/3720/1179 2495/3721/1090 2494/3722/1089
f 2494/3722/1089 2486/3723/1177 2487/3720/1179
f 2485/1514/1176 2493/3724/1086 2492/3725/1085
f 2485/1514/1176 2440/3726/1082 2438/1511/1173
f 2442/1418/1081 2419/1416/1079 2440/1419/1082
f 2440/3726/1082 2418/1508/1170 2438/1511/1173
f 2419/3727/1079 2360/1505/1167 2418/1508/1170
f 2361/3728/1076 2340/1503/1165 2360/1505/1167
f 2340/1503/1165 2399/3729/1074 2392/1504/1166
f 2392/1504/1166 2398/3730/1071 2391/1502/1164
f 2397/1404/1068 2391/3731/1164 2398/1407/1071
f 2396/1495/1157 2390/3732/1159 2397/1404/1068
f 2397/1404/1068 2403/1402/1066 2396/1495/1157
f 2396/1495/1157 2402/3733/2827 2395/1492/1154
f 2402/3733/2827 2410/1401/1065 2409/1399/1063
f 2401/1490/1152 2409/1399/1063 2408/1398/1062
f 1976/3734/2828 1981/1395/1059 1980/3735/2829
f 1976/3734/2828 2028/3736/2830 2027/3737/2831
f 2351/1397/1061 1983/3738/2832 2350/1394/1058
f 1983/3738/2832 1980/3735/2829 1981/1395/1059
f 2349/1396/1060 1979/3739/2833 2347/1393/1057
f 2407/1392/1056 2350/1394/1058 2349/1396/1060
f 2408/1398/1062 2400/1491/1153 2401/1490/1152
f 2343/3740/2834 2407/1392/1056 2345/1390/1054
f 2400/1491/1153 2341/3741/1150 2393/1489/1151
f 2320/1388/1052 2343/3740/2834 2321/1389/1053
f 2339/1485/1147 2320/3742/1052 2319/1484/1146
f 2262/3743/1050 2319/1484/1146 2320/3742/1052
f 2243/3744/1048 2261/1480/1142 2262/3743/1050
f 2241/1479/1141 2300/3745/1046 2293/1477/1139
f 2292/1475/1137 2300/3745/1046 2299/3746/1044
f 2291/3747/1135 2299/1379/1044 2298/3748/2835
f 2297/1377/1042 2291/3747/1135 2298/3748/2835
f 2296/1373/1038 2290/3749/1132 2297/1377/1042
f 2288/3750/1129 2296/1373/1038 2295/1371/1036
f 2287/3751/1127 2295/1371/1036 2294/1369/1034
f 2287/1465/1127 2242/3752/1035 2240/3753/2836
f 2240/3753/2836 2221/3754/1032 2220/1463/1125
f 926/1365/1030 2221/1367/1032 2222/1366/1031
f 924/3755/1027 2220/1463/1125 2221/3754/1032
f 924/3755/1027 897/3756/2837 922/1460/1122
f 969/1459/1121 899/3757/1025 976/3758/1026
f 969/1459/1121 975/3759/1023 968/1454/1116
f 974/1353/1019 968/3760/1116 975/1357/1023
f 973/1354/1020 967/3761/1117 974/1353/1019
f 965/3762/1110 973/1354/1020 972/1351/1017
f 971/1349/1015 965/3762/1110 972/1351/1017
f 964/3763/1109 970/1344/1010 963/3764/1108
f 970/3765/1010 896/1444/1106 963/1446/1108
f 921/1442/1104 898/3766/1012 923/3767/2838
f 900/1345/1011 923/3768/2838 898/1346/1012
f 923/3768/2838 2461/3769/1005 2460/3770/1004
f 2460/3771/1004 921/1442/1104 923/3767/2838
f 2439/1438/1100 2460/3771/1004 2441/3772/1003
f 2441/3772/1003 2491/1436/1098 2439/1438/1100
f 2498/3773/1002 2490/1434/1096 2491/1436/1098
f 2489/1432/1093 2497/3774/999 2496/3775/1091
f 2504/1330/997 2496/3776/1091 2497/1332/999
f 2495/1427/1090 2503/3777/2839 2502/1425/1088
f 2503/3777/2839 2509/3778/993 2502/1425/1088
f 2508/3779/991 2502/1425/1088 2509/3778/993
f 2501/3780/1087 2507/3781/988 2500/3782/1084
f 2499/3783/1083 2507/1319/988 2506/1321/989
f 2442/1418/1081 2506/3784/989 2444/1417/1080
f 2506/1321/989 2446/3785/987 2444/3786/1080
f 2449/3787/990 1965/3788/2840 2448/3789/986
f 1888/3790/2841 1964/1316/985 1965/3791/2840
f 2446/1318/987 1963/1312/981 2422/3792/2842
f 2444/3786/1080 2422/3793/2842 2421/3794/2843
f 2422/3793/2842 2363/3795/2844 2421/3794/2843
f 2421/3796/2843 2362/3797/1077 2420/1414/1078
f 2346/3798/979 2362/1413/1077 2363/3799/2844
f 1975/3800/982 2348/3801/978 2364/3802/980
f 1994/3803/2845 1975/3800/982 1974/3804/983
f 1995/3805/977 1992/3806/2846 1993/3807/2847
f 2413/3808/976 2348/1307/978 2355/1306/974
f 2344/1409/1073 2413/1304/976 2406/1408/1072
f 2406/1408/1072 2412/1303/975 2405/1405/1069
f 2404/1406/1070 2412/1303/975 2411/1403/1067
f 2354/3809/973 2411/1403/1067 2412/1303/975
f 2353/3810/972 2410/1401/1065 2411/1403/1067
f 1993/3811/2847 2354/1301/973 2355/3812/974
f 1990/3813/2848 1993/3807/2847 1992/3806/2846
f 1989/1298/970 2352/1400/1064 2353/3810/972
f 1987/1297/969 2351/1397/1061 2352/1400/1064
f 1989/1298/970 1990/3813/2848 1988/1296/968
f 1987/1297/969 1984/3814/965 1985/3815/2849
f 1985/3815/2849 1982/3816/2850 1983/3738/2832
f 1982/3817/2850 2030/1295/967 2029/3818/963
f 1980/3819/2829 2029/3818/963 2028/3820/2830
f 2029/1291/963 2068/1287/959 2028/3736/2830
f 2068/1287/959 2027/3737/2831 2028/3736/2830
f 2059/3821/2851 2036/1285/957 2060/1283/955
f 2138/1281/954 2173/1249/922 2136/1250/923
f 2133/3822/2852 2172/1251/924 2132/1279/952
f 2015/3823/2853 2132/1279/952 2013/1277/950
f 2117/1248/921 2136/1250/923 2134/1246/920
f 2060/1283/955 2117/3824/921 2059/3821/2851
f 2017/3825/2854 2133/3822/2852 2015/3823/2853
f 1997/1245/919 2059/3821/2851 2117/3824/921
f 2027/3737/2831 1977/3826/2855 1976/3734/2828
f 1978/1244/918 1976/3734/2828 1977/3826/2855
f 2347/1393/1057 1978/1244/918 2323/1241/916
f 2323/1241/916 2345/1390/1054 2347/1393/1057
f 2265/1243/915 2322/1391/1055 2323/1241/916
f 2264/3827/914 2321/1389/1053 2322/1391/1055
f 2247/3828/2856 2263/1386/1051 2264/1239/914
f 2016/3829/2857 2265/1240/915 1996/3830/917
f 1996/3830/917 2017/3825/2854 2016/3829/2857
f 2016/3829/2857 2015/3823/2853 2014/3831/912
f 2256/3832/913 2247/3828/2856 2249/1238/911
f 2307/1382/1047 2247/3828/2856 2314/1232/909
f 2307/1382/1047 2313/1234/910 2306/1380/1045
f 2012/1231/908 2256/1237/913 2014/1236/912
f 2013/1277/950 2014/3831/912 2015/3823/2853
f 2012/3833/908 2011/1276/949 2010/3834/906
f 2313/1234/910 2254/3835/2858 2312/1226/904
f 2306/1380/1045 2312/1226/904 2305/1378/1043
f 2305/1378/1043 2311/1228/905 2304/1375/1040
f 2008/3836/2859 2254/3837/2858 2010/1229/906
f 2010/3834/906 2009/1274/947 2008/3838/2859
f 2007/1273/946 2008/3838/2859 2009/1274/947
f 2253/1227/901 2310/1220/899 2311/1228/905
f 2304/1375/1040 2310/1220/899 2303/1376/1041
f 2303/1376/1041 2309/1222/900 2302/1374/1039
f 2004/1219/898 2252/1225/903 2006/1224/902
f 2004/3839/898 2007/1273/946 2005/1270/943
f 2004/3839/898 2003/1268/941 2002/3840/896
f 2309/1222/900 2250/1216/895 2308/1215/894
f 2301/1372/1037 2309/1222/900 2308/1215/894
f 2301/1372/1037 2246/3841/2860 2244/1368/1033
f 2222/1366/1031 2246/3841/2860 2223/1364/1029
f 2248/1214/892 2223/1364/1029 2246/3841/2860
f 2001/3842/2861 2250/3843/895 2002/1217/896
f 2002/3840/896 1998/1278/951 2001/3844/2861
f 2126/1267/940 1999/3845/2862 1998/1278/951
f 2000/1208/889 1998/1278/951 1999/3845/2862
f 930/3846/887 2000/1212/889 941/3847/891
f 2223/1364/1029 930/1205/887 928/3848/2863
f 905/1207/886 928/3848/2863 930/1205/887
f 903/3849/885 926/1365/1030 928/3848/2863
f 901/3850/1028 990/3851/2864 983/1358/1024
f 912/1202/884 940/3852/888 939/1200/882
f 912/1202/884 989/1198/880 990/3851/2864
f 983/1358/1024 989/1198/880 982/1355/1021
f 981/1356/1022 989/1198/880 988/1199/881
f 998/3853/2865 937/1197/879 938/3854/2866
f 997/3855/2867 936/1195/877 937/1197/879
f 938/3854/2866 910/1196/878 911/1201/883
f 988/1199/881 909/3856/2868 987/1193/875
f 980/1352/1018 988/1199/881 987/1193/875
f 979/1350/1016 987/1193/875 986/1194/876
f 996/3857/2869 935/3858/2870 936/1195/877
f 1004/3859/2871 995/3860/2872 1005/3861/2873
f 994/3862/2874 1003/3863/2875 993/3864/2876
f 995/3860/2872 934/1192/874 935/3858/2870
f 935/3858/2870 909/3856/2868 936/1195/877
f 908/1191/873 985/3865/2877 986/1194/876
f 978/1347/1013 986/1194/876 985/3865/2877
f 984/1189/871 978/1347/1013 985/3865/2877
f 977/1348/1014 902/1343/1009 900/1345/1011
f 984/1189/871 904/1188/870 902/1343/1009
f 994/3866/2874 933/3867/2878 934/1192/874
f 933/3867/2878 907/1190/872 934/1192/874
f 993/3864/2876 1002/3868/2879 991/3869/866
f 993/3870/2876 931/1187/869 933/3867/2878
f 904/1188/870 932/1183/865 929/1182/864
f 927/1342/1008 904/1188/870 929/1182/864
f 2463/3871/2880 927/1342/1008 929/1182/864
f 2447/1179/861 2462/1340/1006 2463/3871/2880
f 2445/3872/859 2461/3873/1005 2462/3874/1006
f 2512/3875/860 2443/3876/1001 2445/3877/859
f 2505/1333/1000 2511/1331/998 2504/1330/997
f 2453/3878/857 2512/1178/860 2454/1177/858
f 2511/3879/998 2452/1328/996 2510/1327/995
f 1972/3880/863 2454/1175/858 2447/3881/861
f 1970/1171/854 1894/3882/2881 1893/1172/855
f 1969/3883/2882 2453/1174/857 1970/1171/854
f 1892/3884/853 1859/3885/2883 1858/3886/851
f 2451/3887/994 1969/3883/2882 1968/1167/850
f 1892/1170/853 1968/1167/850 1969/3883/2882
f 2451/1326/994 1967/3888/849 2450/3889/992
f 2450/3889/992 1966/3890/2884 2449/3787/990
f 1890/3891/2885 1857/1169/852 1856/1163/846
f 1890/3891/2885 1966/3892/2884 1967/1166/849
f 1889/1162/845 1965/3791/2840 1966/3892/2884
f 1888/3790/2841 1855/1164/847 1854/1160/843
f 1887/1315/984 1854/1160/843 1853/3893/2886
f 1855/1164/847 1916/1157/840 1915/1159/842
f 1856/1163/846 1917/1155/838 1916/1157/840
f 1857/1169/852 1918/1153/836 1917/1155/838
f 1858/1168/851 1919/1151/834 1918/1153/836
f 1865/3894/2887 1920/1147/830 1863/1149/832
f 1920/1147/830 1859/3895/2883 1860/3896/2888
f 1893/3897/855 1860/3898/2888 1859/3885/2883
f 992/1185/867 1973/1180/862 932/1183/865
f 1895/3899/828 1973/1180/862 1896/3900/829
f 1894/3882/2881 1972/3880/863 1895/3901/828
f 1861/3902/831 1894/3903/2881 1895/1145/828
f 1863/3904/832 1901/3905/2889 1865/3906/2887
f 1897/1142/826 1863/3904/832 1861/3907/831
f 1896/1146/829 1034/3908/2890 1897/1144/826
f 991/3869/866 1034/3908/2890 992/3909/867
f 1899/1143/827 1038/1140/824 1901/3905/2889
f 1002/3910/2879 1036/1141/825 1034/3911/2890
f 1063/1138/822 1002/3910/2879 1003/3912/2875
f 1064/1135/819 1003/3912/2875 1004/3859/2871
f 1005/3861/2873 1064/1135/819 1004/3859/2871
f 1065/3913/815 1006/3914/2891 1066/1130/814
f 996/3857/2869 1005/3861/2873 995/3860/2872
f 997/3855/2867 1006/3915/2891 996/3857/2869
f 998/3853/2865 1007/3916/813 997/3855/2867
f 941/1210/891 1000/3917/807 940/1206/888
f 999/1122/806 1008/3918/811 998/3853/2865
f 1000/1123/807 939/1200/882 940/3852/888
f 999/1122/806 938/3854/2866 939/1200/882
f 1010/3919/805 1069/1126/810 1009/1125/809
f 1999/3845/2862 1035/1120/804 1001/1209/890
f 1035/1120/804 1000/3917/807 1001/1209/890
f 1035/1120/804 2159/3920/2892 1037/1116/800
f 2160/1117/801 2135/1265/938 2137/1264/937
f 2126/1267/940 2159/3920/2892 2158/3921/2893
f 1012/1119/803 1039/1118/802 1014/1113/797
f 1014/1111/797 1069/3922/810 1012/3923/803
f 1068/3924/808 1076/1109/795 1075/1107/793
f 1067/3925/812 1075/1107/793 1074/3926/2894
f 1066/3927/814 1074/3926/2894 1073/1132/816
f 1080/1102/788 1074/3926/2894 1081/1106/792
f 1079/1103/789 1073/1132/816 1080/1102/788
f 1078/1100/786 1072/1133/817 1079/1103/789
f 1077/1098/784 1071/1134/818 1078/1100/786
f 1013/1137/821 1077/1098/784 1015/1096/782
f 1040/1095/780 1013/1137/821 1015/1096/782
f 1903/3928/778 1038/1140/824 1040/1095/780
f 1865/3894/2887 1903/3929/778 1867/1088/776
f 1927/1150/833 1867/1088/776 1934/1086/774
f 1933/1084/772 1927/1150/833 1934/1086/774
f 1932/3930/2895 1926/1152/835 1933/1084/772
f 1931/1081/769 1925/1154/837 1932/3930/2895
f 1923/1158/841 1931/1081/769 1930/1079/767
f 1922/3931/2896 1930/1079/767 1929/1077/765
f 1928/3932/2897 1922/3931/2896 1929/1077/765
f 1915/1159/842 1921/1074/762 1914/1161/844
f 1914/1161/844 1864/1073/761 1862/1072/760
f 1853/3893/2886 1914/1161/844 1862/1072/760
f 1885/1068/758 1862/1072/760 1898/3933/2898
f 1886/3934/2899 1853/3893/2886 1885/1068/758
f 2018/1070/757 1886/3934/2899 1885/1068/758
f 2035/1064/754 1974/3804/983 2018/1067/757
f 2034/1062/752 1994/3803/2845 2035/1064/754
f 2033/1060/750 1992/3806/2846 2034/1062/752
f 2032/1061/751 1990/3813/2848 2033/1060/750
f 1986/3935/2900 2032/3936/751 2031/1294/966
f 2032/1061/751 2071/1059/749 2031/3937/966
f 2031/3937/966 2070/1292/964 2030/3938/967
f 2077/1054/744 2071/1059/749 2078/1058/748
f 2076/1290/962 2070/1292/964 2077/1054/744
f 2076/1290/962 2084/1056/746 2083/1052/742
f 2075/1288/960 2083/1052/742 2082/1050/740
f 2040/1048/738 2075/1288/960 2082/1050/740
f 2062/1047/735 2038/1286/958 2040/1048/738
f 2120/3939/733 2061/1284/956 2062/1047/735
f 2120/3940/733 2138/1281/954 2119/1280/953
f 2140/3941/2901 2180/1252/925 2138/1281/954
f 2186/1035/727 2180/1252/925 2187/1037/729
f 2178/1255/928 2186/1035/727 2185/1036/728
f 2177/1258/931 2185/1036/728 2184/1031/723
f 2176/1259/932 2184/1031/723 2183/1029/721
f 2175/1261/934 2183/1029/721 2182/1027/719
f 2174/1262/935 2182/1027/719 2181/1025/717
f 2137/1264/937 2181/1025/717 2139/1022/715
f 1039/1118/802 2161/1024/716 1041/1114/799
f 2137/1264/937 2161/1024/716 2160/1117/801
f 1043/3942/2902 2161/3943/716 2162/1020/713
f 1016/3944/798 1043/3942/2902 1018/1017/710
f 1090/3945/708 1016/1112/798 1018/3946/710
f 1082/1108/794 1090/3945/708 1089/3947/2903
f 1081/1106/792 1089/3947/2903 1088/1104/790
f 1095/1013/706 1089/3948/2903 1096/1014/707
f 1094/1009/702 1088/3949/790 1095/1013/706
f 1094/1009/702 1086/3950/787 1087/3951/791
f 1085/3952/785 1093/1007/700 1092/1005/698
f 1084/3953/783 1092/1005/698 1091/1003/696
f 1017/3954/781 1091/1003/696 1019/1002/695
f 1044/1001/694 1017/3954/781 1019/1002/695
f 1044/1001/694 1909/996/689 1907/995/688
f 1905/1092/779 1044/1001/694 1907/995/688
f 1869/1090/777 1907/995/688 1871/993/686
f 1871/993/686 1941/3955/775 1869/1090/777
f 1948/3956/2904 1940/3957/773 1941/3955/775
f 1939/3958/771 1947/991/684 1946/988/681
f 1946/988/681 1938/3959/770 1939/3958/771
f 1945/986/679 1937/3960/768 1938/3959/770
f 1943/983/676 1937/3960/768 1944/984/677
f 1935/3961/764 1943/983/676 1942/980/673
f 1935/3961/764 1870/977/670 1868/979/672
f 1935/1076/764 1866/1075/763 1928/3932/2897
f 1868/3962/672 1902/3963/668 1866/1075/763
f 1902/3963/668 1864/1073/761 1866/1075/763
f 1900/1071/759 2021/972/666 2020/3964/2905
f 1898/3933/2898 2020/3964/2905 2019/1069/756
f 2037/3965/2906 2020/3966/2905 2039/970/665
f 2074/1065/755 2039/970/665 2081/968/663
f 2073/1063/753 2081/968/663 2080/3967/2907
f 2072/1057/747 2080/3967/2907 2079/3968/2908
f 2086/964/660 2080/3967/2907 2087/967/662
f 2085/1055/745 2079/3968/2908 2086/964/660
f 2085/1055/745 2093/966/657 2092/3969/659
f 2085/1055/745 2091/1053/743 2084/1056/746
f 2092/963/659 2098/958/654 2091/3970/743
f 2097/956/652 2091/3970/743 2098/958/654
f 2096/954/650 2090/3971/741 2097/956/652
f 2089/3972/739 2044/953/649 2042/3973/737
f 2042/3973/737 2064/952/648 2063/1045/736
f 2123/947/643 2064/952/648 2065/949/645
f 2122/946/642 2063/1045/736 2064/952/648
f 2122/946/642 2142/1041/731 2121/1043/734
f 2142/1041/731 2201/943/639 2194/3974/732
f 2193/3975/730 2201/943/639 2200/940/636
f 2193/3975/730 2199/3976/2909 2192/3977/725
f 2192/3977/725 2198/938/634 2191/3978/726
f 2197/936/632 2191/3978/726 2198/938/634
f 2189/3979/722 2197/936/632 2196/932/628
f 2188/3980/720 2196/932/628 2195/929/625
f 2141/3981/718 2195/929/625 2143/931/627
f 2162/1020/713 2143/931/627 2163/1021/714
f 1047/3982/2910 2163/1021/714 2164/926/622
f 2163/1021/714 2145/930/626 2164/926/622
f 2202/933/629 2210/921/619 2209/920/618
f 2209/920/618 2145/930/626 2202/933/629
f 1149/924/162 2152/919/617 1150/916/162
f 1148/922/162 1149/924/162 1150/916/162
f 2153/917/616 2210/921/619 2211/914/614
f 2204/934/630 2212/915/615 2211/914/614
f 2203/935/631 2211/914/614 2210/921/619
f 2154/913/613 1151/918/162 2153/917/616
f 1150/916/162 1151/918/162 1152/912/162
f 2155/910/611 2212/915/615 2213/911/612
f 2206/939/635 2214/909/610 2213/911/612
f 2205/937/633 2213/911/612 2212/915/615
f 1154/3983/162 2155/910/611 2156/907/608
f 1150/916/162 1152/912/162 1154/3983/162
f 1152/912/162 1153/3984/162 1154/3983/162
f 2148/905/607 2123/947/643 2124/948/644
f 2157/908/609 2214/909/610 2215/904/606
f 2146/945/641 2215/904/606 2208/942/638
f 2207/941/637 2215/904/606 2214/909/610
f 1156/3985/162 2157/908/609 2150/903/605
f 1154/3983/162 1155/906/162 1156/3985/162
f 1154/3983/162 1156/3985/162 1120/902/604
f 2125/901/603 2148/905/607 2124/948/644
f 1121/900/602 1120/902/604 2125/901/603
f 2125/901/603 2066/950/646 2067/899/601
f 2067/899/601 1126/897/162 1121/900/602
f 1126/897/162 1127/3986/2911 1128/3987/1668
f 1128/3987/1668 1123/3988/2912 1124/3989/2912
f 1123/3988/2912 1679/3990/2913 1654/3991/1356
f 1744/3992/2914 1679/3990/2913 1686/3993/2915
f 1163/3994/162 1686/3993/2915 1164/3995/162
f 1686/3993/2915 1165/3996/162 1164/3995/162
f 1128/3987/1668 1165/3996/162 1123/3988/2912
f 1128/3987/1668 1164/3995/162 1165/3996/162
f 1128/3987/1668 1163/3994/162 1164/3995/162
f 1128/3987/1668 1162/3997/162 1163/3994/162
f 2051/3998/2916 1127/3986/2911 1183/3999/162
f 2049/4000/2917 2058/4001/2918 2116/4002/2919
f 2057/4003/2920 1182/4004/162 1181/4005/162
f 2058/4001/2918 1183/3999/162 1182/4004/162
f 1181/4005/162 1182/4004/162 1183/3999/162
f 1181/4005/162 1183/3999/162 1127/3986/2911
f 1126/897/162 1181/4005/162 1127/3986/2911
f 2050/896/600 2066/950/646 2048/895/599
f 2110/4006/2921 2046/951/647 2103/955/651
f 2048/895/599 2065/949/645 2046/951/647
f 2052/894/598 1175/898/162 2050/896/600
f 1126/897/162 1177/4007/162 1181/4005/162
f 1126/897/162 1175/898/162 1177/4007/162
f 1175/898/162 1176/893/162 1177/4007/162
f 2052/894/598 2111/4008/2922 2053/891/596
f 2104/957/653 2112/892/597 2111/4008/2922
f 2103/955/651 2111/4008/2922 2110/4006/2921
f 2054/890/595 1177/4007/162 2053/891/596
f 1177/4007/162 1179/4009/162 1181/4005/162
f 1177/4007/162 1178/889/162 1179/4009/162
f 1179/4009/162 1180/4010/162 1181/4005/162
f 1181/4005/162 2056/886/592 2057/4003/2920
f 1180/4010/162 2055/888/594 2056/886/592
f 2054/890/595 2113/887/593 2055/888/594
f 2105/959/655 2113/887/593 2112/892/597
f 2057/4003/2920 2116/4002/2919 2058/4001/2918
f 2056/886/592 2115/885/591 2057/4003/2920
f 2107/4011/2923 2113/887/593 2106/960/656
f 2099/962/658 2107/4011/2923 2106/960/656
f 2115/885/591 2109/4012/2924 2116/4002/2919
f 2107/4011/2923 2101/883/589 2108/882/588
f 2094/4013/661 2100/4014/2925 2093/961/657
f 2043/879/585 2021/976/666 2022/975/669
f 2094/4013/661 2102/880/586 2101/883/589
f 2043/4015/585 2088/969/664 2041/4016/667
f 2087/967/662 2095/4017/587 2094/965/661
f 2116/4002/2919 2047/877/583 2049/4000/2917
f 2102/880/586 2047/877/583 2109/4012/2924
f 2045/4018/2926 2022/975/669 2023/878/584
f 1904/978/671 2023/878/584 2022/975/669
f 2051/3998/2916 2025/876/582 2026/4019/1647
f 2049/4000/2917 2024/875/581 2025/876/582
f 1908/4020/2927 2023/878/584 1906/4021/2928
f 1906/4021/2928 1872/981/674 1908/4020/2927
f 1874/874/580 1908/4020/2927 1872/981/674
f 2026/4019/1647 1128/3987/1668 1127/3986/2911
f 1910/873/579 2026/4019/1647 2025/876/582
f 1128/3987/1668 1876/872/578 1184/870/162
f 1874/874/580 1878/867/575 1876/872/578
f 1956/4022/2929 1950/982/675 1957/868/576
f 1872/981/674 1956/4022/2929 1874/874/580
f 1185/871/162 1879/869/577 1186/865/162
f 1128/3987/1668 1184/870/162 1186/865/162
f 1184/870/162 1185/871/162 1186/865/162
f 1880/863/573 1957/868/576 1958/4023/2930
f 1959/864/574 1951/985/678 1952/987/680
f 1957/868/576 1951/985/678 1958/4023/2930
f 1187/866/162 1881/860/572 1188/862/162
f 1186/865/162 1187/866/162 1188/862/162
f 1882/4024/2931 1959/864/574 1960/858/570
f 1960/858/570 1954/990/683 1961/859/571
f 1959/864/574 1953/989/682 1960/858/570
f 1882/4024/2931 1190/857/162 1189/861/162
f 1128/3987/1668 1186/865/162 1190/857/162
f 1186/865/162 1188/862/162 1190/857/162
f 1188/862/162 1189/861/162 1190/857/162
f 1909/996/689 1875/852/566 1873/994/687
f 1884/853/567 1961/859/571 1962/854/568
f 1962/854/568 1873/994/687 1875/852/566
f 1961/859/571 1955/992/685 1962/854/568
f 1192/851/162 1884/853/567 1877/849/564
f 1190/857/162 1191/856/162 1192/851/162
f 1128/3987/1668 1190/857/162 1129/850/565
f 1190/857/162 1192/851/162 1129/850/565
f 1877/849/564 1911/997/690 1913/848/563
f 1118/847/562 1129/850/565 1913/848/563
f 1911/997/690 1050/846/561 1913/848/563
f 1050/846/561 1053/845/134 1118/847/562
f 1025/843/559 1048/999/692 1023/844/560
f 1021/1000/693 1105/842/558 1023/844/560
f 1023/844/560 1046/998/691 1021/1000/693
f 1027/841/557 1052/4025/162 1025/843/559
f 1053/845/134 1052/4025/162 1055/4026/162
f 1052/4025/162 1054/840/162 1055/4026/162
f 1105/842/558 1028/839/556 1027/841/557
f 1106/837/554 1100/1008/701 1107/838/555
f 1105/842/558 1099/1006/699 1106/837/554
f 1029/836/553 1055/4026/162 1028/839/556
f 1055/4026/162 1056/4027/162 1057/835/162
f 1029/836/553 1108/4028/2932 1030/833/551
f 1109/834/552 1101/1010/703 1102/1011/704
f 1107/838/555 1101/1010/703 1108/4028/2932
f 1031/832/550 1057/835/162 1030/833/551
f 1053/845/134 1055/4026/162 1059/831/162
f 1055/4026/162 1057/835/162 1059/831/162
f 1059/831/162 1060/4029/162 1061/4030/162
f 1057/835/162 1058/4031/162 1059/831/162
f 1032/829/548 1060/4029/162 1059/831/162
f 1031/832/550 1110/4032/2933 1032/829/548
f 1110/4032/2933 1102/1011/704 1103/1012/705
f 1022/828/547 1045/1019/712 1047/3982/2910
f 1110/4032/2933 1104/4033/2934 1111/827/546
f 1022/828/547 1097/1016/709 1020/1018/711
f 1104/4033/2934 1096/1014/707 1097/1016/709
f 1033/830/549 1061/4030/162 1060/4029/162
f 1111/827/546 1026/826/545 1033/830/549
f 1049/4034/2935 2164/926/622 2165/928/624
f 1047/3982/2910 1024/825/544 1022/828/547
f 1053/845/134 1059/831/162 1062/4035/2936
f 1059/831/162 1061/4030/162 1062/4035/2936
f 1026/826/545 1062/4035/2936 1061/4030/162
f 1051/823/542 2165/928/624 2166/824/543
f 2149/925/621 2165/928/624 2147/927/623
f 2149/925/621 1119/821/541 2166/824/543
f 1119/821/541 1114/4036/2937 1115/4037/2937
f 1114/4036/2937 1217/4038/1667 1252/4039/2792
f 1217/4038/1667 1301/4040/1669 1215/4041/1670
f 1224/4042/2938 1136/4043/162 1223/4044/2939
f 1224/4042/2938 1138/4045/162 1137/4046/162
f 1119/821/541 1138/4045/162 1114/4036/2937
f 1119/821/541 1137/4046/162 1138/4045/162
f 1119/821/541 1136/4043/162 1137/4046/162
f 1119/821/541 1135/4047/162 1136/4043/162
f 1053/845/134 1062/4035/2936 1119/821/541
f 1119/821/541 1154/3983/162 1120/902/604
f 1119/821/541 1150/916/162 1154/3983/162
f 1119/821/541 1148/922/162 1150/916/162
f 1119/821/541 1132/819/162 1133/817/162
f 1119/821/541 1134/4048/162 1135/4047/162
f 1119/821/541 1133/817/162 1134/4048/162
f 1136/4043/162 1222/813/535 1223/4044/2939
f 1135/4047/162 1221/816/538 1222/813/535
f 1221/816/538 1297/4049/2940 1298/814/536
f 1223/4044/2939 1301/4040/1669 1224/4042/2938
f 1223/4044/2939 1299/815/537 1300/811/533
f 1291/4050/2174 1299/815/537 1298/814/536
f 1293/809/531 1301/4040/1669 1300/811/533
f 1293/809/531 1285/4051/2175 1286/4052/1386
f 1209/4053/1385 1242/2579/2034 1244/4054/1655
f 1286/4052/1386 1280/806/528 1287/808/530
f 1273/4055/2941 1209/4053/1385 1280/4056/528
f 1215/4041/1670 1294/810/532 1213/804/526
f 1294/810/532 1211/807/529 1213/804/526
f 1244/2634/1655 1800/4057/2184 1246/805/527
f 1211/807/529 1244/2634/1655 1246/805/527
f 1215/4041/1670 1252/4039/2792 1217/4038/1667
f 1215/4041/1670 1248/802/524 1250/803/525
f 1246/805/527 1801/4058/2942 1248/802/524
f 1773/1971/1520 1800/4057/2184 1771/1969/1518
f 1775/799/521 1801/4058/2942 1773/1971/1520
f 1252/4039/2792 1115/4037/2937 1114/4036/2937
f 1803/800/522 1250/803/525 1802/801/523
f 1115/4037/2937 1777/798/520 1139/797/162
f 1053/845/134 1119/821/541 1139/797/162
f 1119/821/541 1115/4037/2937 1139/797/162
f 1053/845/134 1139/797/162 1140/4059/162
f 1846/795/518 1777/798/520 1775/799/521
f 1846/795/518 1840/1967/1516 1847/4060/1378
f 1775/799/521 1839/1970/1519 1846/795/518
f 1141/793/162 1779/796/519 1780/794/517
f 1053/845/134 1140/4059/162 1141/793/162
f 1053/845/134 1141/793/162 1142/4061/162
f 1847/4060/1378 1781/791/515 1780/794/517
f 1848/4062/2943 1842/1964/1513 1849/792/516
f 1847/4060/1378 1841/1965/1514 1848/4062/2943
f 1143/4063/162 1781/791/515 1782/790/514
f 1053/845/134 1142/4061/162 1143/4063/162
f 1053/845/134 1143/4063/162 1144/789/162
f 1782/790/514 1850/4064/1374 1783/787/512
f 1843/1961/1510 1851/788/513 1850/4064/1374
f 1850/4064/1374 1842/1964/1513 1843/1961/1510
f 1784/786/511 1144/789/162 1783/787/512
f 1053/845/134 1144/789/162 1145/4065/162
f 1053/845/134 1145/4065/162 1146/785/162
f 1776/784/510 1751/2654/2090 1752/2660/2093
f 1851/788/513 1785/783/509 1784/786/511
f 1774/2644/2085 1852/4066/2795 1845/2641/2082
f 1851/788/513 1845/2641/2082 1852/4066/2795
f 1785/783/509 1147/4067/162 1146/785/162
f 1147/4067/162 1118/847/562 1053/845/134
f 1053/845/134 1146/785/162 1147/4067/162
f 1147/4067/162 1116/781/507 1118/847/562
f 1776/784/510 1753/780/506 1778/782/508
f 1117/779/505 1116/781/507 1753/780/506
f 1116/781/507 1117/779/505 1118/847/562
f 1752/2660/2093 1695/778/504 1753/780/506
f 1695/778/504 1122/776/503 1117/779/505
f 1118/847/562 1117/779/505 1122/776/503
f 1128/3987/1668 1129/850/565 1157/777/162
f 1129/850/565 1118/847/562 1157/777/162
f 1118/847/562 1122/776/503 1157/777/162
f 1676/773/500 1695/778/504 1694/2659/2092
f 1731/1946/1496 1676/773/500 1674/1947/1497
f 1676/773/500 1693/2661/1642 1674/1947/1497
f 1678/775/502 1158/771/162 1157/777/162
f 1128/3987/1668 1157/777/162 1158/771/162
f 1128/3987/1668 1158/771/162 1159/772/162
f 1681/768/497 1738/4068/2797 1739/4069/2944
f 1740/769/498 1732/2663/2095 1733/2429/1938
f 1731/1946/1496 1739/4069/2944 1738/4068/2797
f 1159/772/162 1682/770/499 1160/766/162
f 1128/3987/1668 1159/772/162 1160/766/162
f 1128/3987/1668 1161/767/162 1162/3997/162
f 1128/3987/1668 1160/766/162 1161/767/162
f 1163/3994/162 1684/765/496 1685/4070/2945
f 1162/3997/162 1683/764/495 1684/765/496
f 1682/770/499 1741/4071/2946 1683/764/495
f 1740/769/498 1734/2428/1937 1741/4071/2946
f 1685/4070/2945 1744/3992/2914 1686/3993/2915
f 1742/763/494 1685/4070/2945 1684/765/496
f 1741/4071/2946 1735/761/492 1742/763/494
f 1735/761/492 1727/2424/1933 1728/2426/1935
f 1744/3992/2914 1736/4072/2947 1737/759/490
f 1728/2426/1935 1736/4072/2947 1735/761/492
f 1728/2426/1935 1722/4073/1931 1729/760/491
f 1671/4074/488 1649/2430/1939 1650/4075/1958
f 1730/756/487 1722/4073/1931 1723/4076/2948
f 1671/4074/488 1716/2421/1930 1669/2431/1940
f 1722/2422/1931 1716/2421/1930 1723/4077/2948
f 1744/3992/2914 1675/754/485 1677/4078/1357
f 1737/759/490 1673/758/489 1675/754/485
f 1671/757/488 1651/755/486 1673/758/489
f 1592/2275/1348 1651/755/486 1650/2453/1958
f 1677/4078/1357 1654/3991/1356 1679/3990/2913
f 1677/4078/1357 1652/753/484 1653/752/483
f 1593/2274/1418 1652/753/484 1651/755/486
f 1575/2272/1351 1593/2274/1418 1573/2271/1794
f 1577/748/479 1594/751/482 1575/2272/1351
f 1654/3991/1356 1124/3989/2912 1123/3988/2912
f 1595/750/481 1654/3991/1356 1653/752/483
f 1579/747/478 1124/3989/2912 1596/749/480
f 1126/897/162 1128/3987/1668 1166/746/162
f 1128/3987/1668 1124/3989/2912 1166/746/162
f 1126/897/162 1166/746/162 1167/4079/162
f 1577/748/479 1581/745/477 1579/747/478
f 1640/4080/2164 1632/2269/1792 1633/2267/1790
f 1575/2272/1351 1639/744/476 1577/748/479
f 1581/745/477 1168/742/162 1167/4079/162
f 1126/897/162 1167/4079/162 1168/742/162
f 1126/897/162 1168/742/162 1169/4081/162
f 1641/740/473 1582/743/475 1640/4080/2164
f 1642/4082/1406 1634/2265/1788 1635/2263/1786
f 1634/2265/1788 1640/4080/2164 1633/2267/1790
f 1584/739/472 1169/4081/162 1583/741/474
f 1126/897/162 1169/4081/162 1170/738/162
f 1126/897/162 1170/738/162 1171/4083/162
f 1642/4082/1406 1585/737/471 1584/739/472
f 1643/736/470 1637/2464/1964 1644/4084/2949
f 1643/736/470 1635/2263/1786 1636/2264/1787
f 1172/735/162 1585/737/471 1586/733/469
f 1126/897/162 1171/4083/162 1172/735/162
f 1126/897/162 1172/735/162 1173/734/162
f 1578/730/466 1309/2470/1968 1310/2473/692
f 1586/733/469 1645/732/468 1587/731/467
f 1638/2460/1960 1578/730/466 1645/732/468
f 1644/4084/2949 1638/2460/1960 1645/732/468
f 1173/734/162 1580/729/465 1174/4085/162
f 1174/4085/162 1121/900/602 1126/897/162
f 1126/897/162 1173/734/162 1174/4085/162
f 1174/4085/162 1125/728/464 1121/900/602
f 1578/730/466 1311/727/462 1580/729/465
f 1112/726/463 1125/728/464 1311/727/462
f 1125/728/464 1112/726/463 1121/900/602
f 1310/2473/692 1251/725/462 1311/727/462
f 1251/725/462 1113/724/461 1112/726/463
f 1121/900/602 1112/726/463 1113/724/461
f 1119/821/541 1130/4086/162 1131/822/134
f 1119/821/541 1120/902/604 1130/4086/162
f 1120/902/604 1121/900/602 1130/4086/162
f 1121/900/602 1113/724/461 1130/4086/162
f 1219/820/540 1131/822/134 1218/722/459
f 1218/722/459 1130/4086/162 1216/723/460
f 1249/4087/2168 1216/723/460 1251/725/462
f 1247/2248/1672 1214/721/458 1249/4087/2168
f 1219/820/540 1297/4049/2940 1220/818/539
f 1219/820/540 1295/718/455 1296/720/457
f 1288/4088/2170 1214/721/458 1212/2247/1773
f 1288/4088/2170 1210/2243/1769 1281/2245/1771
f 1297/4049/2940 1291/4050/2174 1298/814/536
f 1296/720/457 1290/716/453 1297/4049/2940
f 1281/2245/1771 1289/719/456 1288/4088/2170
f 1281/2245/1771 1275/4089/1767 1282/717/454
f 1291/4050/2174 1285/4051/2175 1292/812/534
f 1283/715/452 1291/4050/2174 1290/716/453
f 1283/715/452 1275/4089/1767 1276/713/450
f 1268/2239/1765 1276/4090/450 1275/2241/1767
f 1286/4052/1386 1278/4091/449 1279/4092/2950
f 1285/4051/2175 1277/4093/448 1278/4091/449
f 1276/4090/450 1270/4094/2494 1277/711/448
f 1262/2237/1763 1270/4094/2494 1269/2240/1766
f 1279/4095/2950 1273/4055/2941 1280/4056/528
f 1271/710/447 1279/4095/2950 1278/712/449
f 1271/710/447 1263/2238/1764 1264/708/445
f 1263/2238/1764 1257/2235/1761 1264/708/445
f 1273/4055/2941 1205/2580/2035 1207/2581/2036
f 1272/709/446 1266/707/444 1273/4055/2941
f 1264/708/445 1258/4096/2951 1265/706/443
f 1257/2235/1761 1199/2232/1758 1258/4096/2951
f 1203/4097/2502 1240/2577/1596 1205/2580/2035
f 1266/707/444 1203/4097/2502 1205/2580/2035
f 1199/2232/1758 1259/704/441 1258/4096/2951
f 1200/705/442 1233/2231/1757 1234/2230/1756
f 1796/4098/2032 1236/703/440 1786/4099/2066
f 1238/2582/2037 1201/701/439 1236/703/440
f 3155/2187/1713 1235/4100/2952 1234/2230/1756
f 1201/701/439 1234/2230/1756 1235/4100/2952
f 423/702/438 1786/4099/2066 1236/703/440
f 1787/2568/2024 1786/2612/2066 422/4101/437
f 3246/2566/2022 422/4101/437 421/4102/437
f 3246/2566/2022 421/4102/437 3230/2565/2021
f 421/4102/437 3237/2563/2019 3230/2565/2021
f 421/4102/437 3236/2561/2017 3237/2563/2019
f 421/700/437 3235/4103/2016 3236/4104/2017
f 421/700/437 3234/4105/2014 3235/4103/2016
f 421/700/437 3233/4106/2010 3234/4105/2014
f 421/700/437 3232/4107/2011 3233/4106/2010
f 421/700/437 3231/2052/1591 3232/4107/2011
f 421/700/437 3229/2050/1590 3231/2052/1591
f 421/700/437 424/2053/1592 3229/2050/1590
f 1235/4100/2952 420/699/438 423/702/438
f 420/699/438 3139/2189/1715 425/2552/440
f 425/2552/440 421/700/437 420/699/438
f 88/217/191 85/4108/243 64/218/192
f 82/271/241 77/268/238 20/9/9
f 6/517/5 88/217/191 52/13/13
f 23/12/12 19/4109/8 24/291/253
f 93/279/247 96/19/19 8/211/185
f 109/290/31 107/29/29 30/519/392
f 87/286/251 72/259/231 77/268/238
f 8/211/185 4/210/184 7/520/6
f 104/27/27 113/570/35 35/233/205
f 64/218/192 85/4108/243 21/10/10
f 117/521/39 100/567/23 97/522/20
f 112/34/34 110/32/32 25/219/193
f 78/265/236 75/262/233 45/238/210
f 108/281/30 111/562/33 114/524/36
f 52/13/13 115/37/37 94/526/17
f 101/527/24 116/38/38 54/246/218
f 63/253/225 34/230/203 44/236/208
f 25/219/193 18/554/7 78/265/236
f 99/22/22 45/238/210 9/214/188
f 102/528/25 64/218/192 29/293/254
f 11/213/187 12/212/186 13/573/190
f 14/297/256 15/296/255 16/295/250
f 41/232/204 42/234/206 40/531/200
f 36/225/199 37/224/198 42/4110/206
f 40/226/200 42/4110/206 37/224/198
f 43/537/252 48/235/207 49/237/209
f 50/240/212 51/239/211 49/4111/209
f 47/540/395 49/4111/209 51/239/211
f 60/542/217 61/4112/219 59/241/213
f 55/15/15 56/14/14 61/247/219
f 59/4113/213 61/247/219 56/14/14
f 68/545/224 69/4114/226 67/248/220
f 70/546/228 71/4115/227 69/254/226
f 67/4116/220 69/4117/226 71/4118/227
f 10/215/189 1/551/1 3/549/3
f 11/213/187 3/208/3 4/210/184
f 4/552/184 2/2/2 5/4/4
f 6/553/5 14/297/256 17/530/249
f 18/554/7 27/221/195 24/533/253
f 31/535/394 21/10/10 23/12/12
f 19/8/8 23/4119/12 22/287/11
f 81/263/234 18/554/7 20/556/9
f 91/276/245 6/5/5 5/4/4
f 45/238/210 50/240/212 38/227/201
f 39/228/202 38/227/201 50/240/212
f 64/218/192 70/256/228 57/543/214
f 58/243/215 57/242/214 70/546/228
f 1/1/1 75/516/233 73/257/229
f 76/260/232 75/262/233 78/265/236
f 76/4120/232 80/266/235 77/268/238
f 21/559/10 85/273/243 83/269/239
f 88/217/191 90/274/244 86/4121/242
f 86/272/242 90/278/244 87/286/251
f 43/537/252 60/542/217 53/244/216
f 34/532/203 68/545/224 62/251/223
f 93/4122/247 95/523/18 97/522/20
f 97/561/20 100/23/23 99/22/22
f 103/525/26 102/4123/25 106/282/248
f 111/562/33 108/281/30 107/563/29
f 114/36/36 111/33/33 110/32/32
f 117/521/39 95/523/18 94/565/17
f 100/567/23 117/521/39 116/568/38
f 113/570/35 104/27/27 103/26/26
f 28/220/194 110/32/32 109/31/31
f 105/28/28 29/293/254 30/519/392
f 101/24/24 47/540/395 46/541/396
f 55/15/15 54/246/218 116/38/38
f 12/212/186 96/19/19 98/21/21
f 102/25/25 104/27/27 66/250/222
f 36/536/199 35/233/205 113/570/35
f 92/16/16 16/295/250 15/296/255
f 75/262/233 1/551/1 9/214/188
f 234/574/303 238/4124/401 225/575/373
f 286/70/70 285/59/59 292/142/136
f 286/583/70 289/612/64 287/584/402
f 282/336/287 274/331/285 279/586/403
f 283/332/286 278/4125/405 279/588/403
f 287/584/402 280/4126/2953 278/589/405
f 281/590/404 280/4127/2953 287/591/402
f 287/591/402 289/64/64 297/338/66
f 297/338/66 289/64/64 291/63/63
f 245/75/75 271/353/295 266/72/72
f 244/593/406 268/596/291 270/594/290
f 268/596/291 244/593/406 252/597/407
f 250/599/409 251/4128/411 252/600/407
f 249/602/293 250/599/409 244/601/406
f 250/603/409 262/346/292 253/604/410
f 253/606/410 262/351/292 268/345/291
f 270/594/290 271/4129/295 245/608/75
f 249/602/293 246/81/80 247/80/74
f 291/438/63 288/140/134 295/163/156
f 137/141/135 300/58/58 302/433/131
f 344/423/340 324/45/45 323/613/341
f 240/614/273 239/623/272 232/111/109
f 176/615/319 177/617/318 182/453/359
f 169/43/43 167/378/310 201/616/326
f 178/373/305 177/389/318 157/115/113
f 156/100/98 175/392/321 160/621/363
f 229/394/323 232/111/109 239/623/272
f 231/119/117 229/394/323 238/624/401
f 187/387/316 374/309/267 205/302/261
f 341/625/332 336/121/119 335/125/123
f 331/122/120 336/121/119 341/625/332
f 333/124/122 338/634/413 343/419/337
f 347/421/339 328/444/353 338/633/413
f 5/4/4 2/2/2 72/259/231
f 311/639/129 143/4130/103 144/640/102
f 155/128/125 299/138/132 305/425/342
f 308/643/345 311/639/129 303/641/126
f 146/645/106 142/4131/104 315/637/130
f 314/434/347 316/642/414 311/134/129
f 316/638/414 317/4132/348 302/646/131
f 364/321/279 366/440/349 128/49/49
f 329/417/281 349/649/351 350/158/151
f 203/403/327 206/380/312 319/44/44
f 184/377/309 161/154/147 324/45/45
f 326/414/333 164/449/357 184/377/309
f 345/448/356 183/450/304 164/449/357
f 163/451/358 183/450/304 345/448/356
f 163/455/358 327/628/355 346/445/354
f 325/443/352 170/459/362 181/457/361
f 162/456/360 182/453/359 346/445/354
f 181/457/361 162/456/360 328/444/353
f 166/319/277 160/460/363 170/459/362
f 221/462/299 233/4133/302 236/476/372
f 217/366/300 195/157/150 190/120/118
f 369/468/366 371/470/368 358/651/415
f 355/471/369 353/472/370 119/494/263
f 196/655/418 195/580/150 217/461/300
f 120/653/416 375/308/266 196/655/418
f 216/581/400 223/463/364 355/471/369
f 359/654/417 355/471/369 223/463/364
f 224/475/371 371/470/368 359/654/417
f 358/651/415 371/470/368 224/475/371
f 373/656/377 358/651/415 241/576/397
f 242/479/374 357/486/378 373/485/377
f 372/579/399 185/488/379 226/313/271
f 226/313/271 185/488/379 357/486/378
f 240/315/273 235/481/328 243/480/375
f 168/318/276 170/459/362 325/443/352
f 168/318/276 330/415/334 350/158/151
f 356/42/42 372/579/399 243/480/375
f 358/651/415 373/656/377 367/657/398
f 360/153/146 367/578/398 368/658/376
f 207/660/259 377/305/152 318/73/73
f 125/662/419 139/4134/2954 154/663/420
f 124/664/421 154/663/420 153/665/422
f 152/667/424 133/4135/426 132/666/423
f 152/668/424 151/501/384 134/669/425
f 136/165/158 135/500/383 150/499/382
f 140/671/427 121/4136/427 123/672/427
f 252/674/162 251/4137/162 253/675/162
f 279/677/162 278/4138/162 280/678/162
f 393/194/174 384/682/430 385/680/428
f 416/206/182 417/4139/2955 383/681/429
f 410/508/388 403/507/169 408/510/180
f 396/686/173 418/691/433 415/187/167
f 392/688/431 385/4140/431 386/689/431
f 412/186/432 413/185/166 415/187/167
f 417/692/434 414/4141/434 386/693/434
f 391/502/385 390/513/390 399/509/389
f 409/196/176 398/195/175 389/695/435
f 410/508/388 390/513/390 389/695/435
f 387/514/391 405/515/178 406/683/177
f 404/506/387 387/514/391 384/682/430
f 422/698/437 423/702/438 420/699/438
f 1201/701/439 1235/4100/2952 423/702/438
f 1201/701/439 1203/4097/2502 1259/704/441
f 1265/706/443 1258/4096/2951 1259/704/441
f 1264/708/445 1265/706/443 1272/709/446
f 1277/711/448 1270/4094/2494 1271/710/447
f 1276/713/450 1277/4093/448 1284/714/451
f 1290/716/453 1289/719/456 1282/717/454
f 1295/718/455 1288/4088/2170 1289/719/456
f 1214/721/458 1295/718/455 1218/722/459
f 1216/723/460 1130/4086/162 1113/724/461
f 1125/728/464 1174/4085/162 1580/729/465
f 1578/730/466 1580/729/465 1587/731/467
f 1586/733/469 1587/731/467 1173/734/162
f 1643/736/470 1644/4084/2949 1586/733/469
f 1585/737/471 1171/4083/162 1170/738/162
f 1641/740/473 1642/4082/1406 1584/739/472
f 1583/741/474 1169/4081/162 1168/742/162
f 1639/744/476 1640/4080/2164 1582/743/475
f 1581/745/477 1167/4079/162 1166/746/162
f 1577/748/479 1579/747/478 1596/749/480
f 1594/751/482 1595/750/481 1653/752/483
f 1675/754/485 1673/758/489 1651/755/486
f 1730/756/487 1723/4076/2948 1671/757/488
f 1737/759/490 1736/4072/2947 1729/760/491
f 1735/761/492 1736/4072/2947 1743/762/493
f 1683/764/495 1741/4071/2946 1742/763/494
f 1160/766/162 1682/770/499 1683/764/495
f 1681/768/497 1739/4069/2944 1740/769/498
f 1158/771/162 1680/774/501 1681/768/497
f 1676/773/500 1738/4068/2797 1680/774/501
f 1122/776/503 1695/778/504 1678/775/502
f 1116/781/507 1147/4067/162 1778/782/508
f 1785/783/509 1852/4066/2795 1776/784/510
f 1146/785/162 1145/4065/162 1784/786/511
f 1783/787/512 1850/4064/1374 1851/788/513
f 1144/789/162 1143/4063/162 1782/790/514
f 1781/791/515 1848/4062/2943 1849/792/516
f 1781/791/515 1142/4061/162 1141/793/162
f 1846/795/518 1847/4060/1378 1780/794/517
f 1779/796/519 1140/4059/162 1139/797/162
f 1775/799/521 1777/798/520 1803/800/522
f 1248/802/524 1801/4058/2942 1802/801/523
f 1213/804/526 1211/807/529 1246/805/527
f 1280/806/528 1209/4142/1385 1211/807/529
f 1293/809/531 1286/4052/1386 1287/808/530
f 1300/811/533 1299/815/537 1292/812/534
f 1222/813/535 1221/816/538 1298/814/536
f 1221/816/538 1134/4048/162 1133/817/162
f 1220/818/539 1133/817/162 1132/819/162
f 1119/821/541 1062/4035/2936 1051/823/542
f 1024/825/544 1049/4034/2935 1051/823/542
f 1111/827/546 1104/4033/2934 1022/828/547
f 1032/829/548 1110/4032/2933 1111/827/546
f 1059/831/162 1058/4031/162 1031/832/550
f 1030/833/551 1108/4028/2932 1109/834/552
f 1057/835/162 1056/4027/162 1029/836/553
f 1029/836/553 1028/839/556 1106/837/554
f 1028/839/556 1055/4026/162 1054/840/162
f 1105/842/558 1027/841/557 1025/843/559
f 1025/843/559 1052/4025/162 1053/845/134
f 1877/849/564 1913/848/563 1129/850/565
f 1875/852/566 1877/849/564 1884/853/567
f 1883/855/569 1884/853/567 1191/856/162
f 1883/855/569 1882/4024/2931 1960/858/570
f 1881/860/572 1882/4024/2931 1189/861/162
f 1880/863/573 1958/4023/2930 1959/864/574
f 1186/865/162 1879/869/577 1880/863/573
f 1878/867/575 1956/4022/2929 1957/868/576
f 1184/870/162 1876/872/578 1878/867/575
f 1876/872/578 1912/4143/1661 1910/873/579
f 2024/875/581 1908/4020/2927 1910/873/579
f 2047/877/583 2045/4018/2926 2023/878/584
f 2043/879/585 2045/4018/2926 2102/880/586
f 2102/880/586 2109/4012/2924 2108/882/588
f 2114/884/590 2107/4011/2923 2108/882/588
f 2056/886/592 2055/888/594 2113/887/593
f 2055/888/594 1179/4009/162 1178/889/162
f 2053/891/596 2111/4008/2922 2112/892/597
f 2053/891/596 1177/4007/162 1176/893/162
f 2048/895/599 2110/4006/2921 2052/894/598
f 1126/897/162 2067/899/601 2050/896/600
f 1120/902/604 1156/3985/162 2150/903/605
f 2150/903/605 2157/908/609 2215/904/606
f 1155/906/162 1154/3983/162 2156/907/608
f 2214/909/610 2156/907/608 2155/910/611
f 2155/910/611 1153/3984/162 1152/912/162
f 2154/913/613 2153/917/616 2211/914/614
f 1150/916/162 2152/919/617 2153/917/616
f 2152/919/617 2151/923/620 2209/920/618
f 1148/922/162 2149/925/621 2151/923/620
f 2149/925/621 2147/927/623 2209/920/618
f 2164/926/622 2145/930/626 2147/927/623
f 2195/929/625 2202/933/629 2145/930/626
f 2196/932/628 2203/935/631 2202/933/629
f 2196/932/628 2197/936/632 2204/934/630
f 2197/936/632 2198/938/634 2205/937/633
f 2198/938/634 2199/3976/2909 2206/939/635
f 2206/939/635 2199/3976/2909 2200/940/636
f 2208/942/638 2207/941/637 2200/940/636
f 2144/944/640 2146/945/641 2208/942/638
f 2146/945/641 2144/944/640 2122/946/642
f 2124/948/644 2123/947/643 2065/949/645
f 2046/951/647 2065/949/645 2064/952/648
f 2046/951/647 2044/953/649 2096/954/650
f 2097/956/652 2104/957/653 2103/955/651
f 2104/957/653 2097/956/652 2098/958/654
f 2098/958/654 2099/962/658 2106/960/656
f 2093/961/657 2100/4014/2925 2099/962/658
f 2086/964/660 2087/967/662 2094/965/661
f 2087/967/662 2080/3967/2907 2081/968/663
f 2039/970/665 2041/4016/667 2088/969/664
f 2039/971/665 2020/3964/2905 2021/972/666
f 1902/3963/668 1904/4144/671 2022/4145/669
f 1870/977/670 1906/4021/2928 1904/978/671
f 1942/980/673 1949/4146/2956 1872/981/674
f 1950/982/675 1949/4146/2956 1942/980/673
f 1950/982/675 1943/983/676 1944/984/677
f 1951/985/678 1944/984/677 1945/986/679
f 1952/987/680 1945/986/679 1946/988/681
f 1954/990/683 1953/989/682 1946/988/681
f 1947/991/684 1948/3956/2904 1955/992/685
f 1955/992/685 1948/3956/2904 1871/993/686
f 1873/994/687 1871/993/686 1907/995/688
f 1911/997/690 1909/996/689 1046/998/691
f 1021/1000/693 1046/998/691 1044/1001/694
f 1091/1003/696 1098/1004/697 1021/1000/693
f 1098/1004/697 1091/1003/696 1092/1005/698
f 1099/1006/699 1092/1005/698 1093/1007/700
f 1100/1008/701 1093/1007/700 1094/1009/702
f 1094/1009/702 1095/1013/706 1102/1011/704
f 1103/1012/705 1102/1011/704 1095/1013/706
f 1096/1014/707 1089/3948/2903 1090/1015/708
f 1097/1016/709 1090/1015/708 1018/1017/710
f 1018/1017/710 1043/3942/2902 1045/1019/712
f 1045/1019/712 1043/3942/2902 2162/1020/713
f 2139/1022/715 2141/1026/718 2162/1023/713
f 2181/1025/717 2188/1028/720 2141/1026/718
f 2182/1027/719 2189/1030/722 2188/1028/720
f 2183/1029/721 2190/1032/724 2189/1030/722
f 2184/1031/723 2191/1034/726 2190/1032/724
f 2184/1031/723 2185/1036/728 2192/1033/725
f 2186/1035/727 2193/1038/730 2192/1033/725
f 2187/1037/729 2194/1040/732 2193/1038/730
f 2187/1037/729 2140/3941/2901 2142/1039/731
f 2142/1041/731 2140/4147/2901 2120/1042/733
f 2121/1043/734 2120/1042/733 2062/1044/735
f 2042/1046/737 2063/4148/736 2062/1047/735
f 2089/1049/739 2042/1046/737 2040/1048/738
f 2082/1050/740 2083/1052/742 2090/1051/741
f 2083/1052/742 2084/1056/746 2091/1053/743
f 2077/1054/744 2078/1058/748 2085/1055/745
f 2072/1057/747 2079/3968/2908 2078/1058/748
f 2033/1060/750 2073/1063/753 2072/1057/747
f 2034/1062/752 2074/1065/755 2073/1063/753
f 2035/1064/754 2037/3965/2906 2074/1065/755
f 2019/1066/756 2037/3965/2906 2035/1064/754
f 1885/1068/758 1898/3933/2898 2019/1069/756
f 1900/1071/759 1898/3933/2898 1862/1072/760
f 1921/1074/762 1928/3932/2897 1866/1075/763
f 1935/1076/764 1928/3932/2897 1929/1077/765
f 1936/1078/766 1929/1077/765 1930/1079/767
f 1937/1080/768 1930/1079/767 1931/1081/769
f 1931/1081/769 1932/3930/2895 1939/1083/771
f 1939/1083/771 1932/3930/2895 1933/1084/772
f 1940/1085/773 1933/1084/772 1934/1086/774
f 1941/1087/775 1934/1086/774 1867/1088/776
f 1869/1090/777 1867/4149/776 1903/1091/778
f 1040/1093/780 1042/4150/2957 1905/1092/779
f 1017/1094/781 1042/4151/2957 1040/1095/780
f 1084/1097/783 1017/1094/781 1015/1096/782
f 1077/1098/784 1078/1100/786 1085/1099/785
f 1078/1100/786 1079/1103/789 1086/1101/787
f 1080/1102/788 1087/1105/791 1086/1101/787
f 1080/1102/788 1081/1106/792 1088/1104/790
f 1081/1106/792 1074/3926/2894 1075/1107/793
f 1082/1108/794 1075/1107/793 1076/1109/795
f 1083/1110/796 1076/1109/795 1014/1111/797
f 1014/1113/797 1039/1118/802 1041/1114/799
f 1037/1116/800 2159/3920/2892 2160/1117/801
f 1012/1119/803 1010/4152/805 1035/1120/804
f 1010/1121/805 1009/4153/809 999/1122/806
f 1068/1124/808 1008/1127/811 1009/1125/809
f 1008/1127/811 1068/1124/808 1067/1128/812
f 1066/1130/814 1006/3914/2891 1007/1129/813
f 1065/1131/815 1066/3927/814 1073/1132/816
f 1065/1131/815 1072/1133/817 1071/1134/818
f 1070/1136/820 1063/1138/822 1064/1135/819
f 1013/1137/821 1011/1139/823 1063/1138/822
f 1011/1139/823 1013/1137/821 1038/1140/824
f 1897/1142/826 1034/3911/2890 1036/1141/825
f 1897/1144/826 1861/3902/831 1895/1145/828
f 1920/1147/830 1860/3896/2888 1861/1148/831
f 1927/1150/833 1926/1152/835 1919/1151/834
f 1926/1152/835 1925/1154/837 1918/1153/836
f 1925/1154/837 1924/1156/839 1917/1155/838
f 1924/1156/839 1923/1158/841 1916/1157/840
f 1923/1158/841 1922/3931/2896 1915/1159/842
f 1854/1160/843 1855/1164/847 1915/1159/842
f 1889/1162/845 1890/3891/2885 1856/1163/846
f 1891/1165/848 1890/3891/2885 1967/1166/849
f 1891/4154/848 1892/3884/853 1858/3886/851
f 1892/1170/853 1969/3883/2882 1970/1171/854
f 1971/1173/856 1970/1171/854 2453/1174/857
f 2445/1176/859 2447/4155/861 2454/1177/858
f 2447/1179/861 2463/3871/2880 1973/1180/862
f 1973/1180/862 2463/3871/2880 929/1182/864
f 932/1183/865 931/1187/869 991/1184/866
f 906/1186/868 933/3867/2878 931/1187/869
f 984/1189/871 985/3865/2877 907/1190/872
f 908/1191/873 935/3858/2870 934/1192/874
f 987/1193/875 909/3856/2868 908/1191/873
f 936/1195/877 909/3856/2868 910/1196/878
f 989/1198/880 911/1201/883 910/1196/878
f 939/1200/882 938/3854/2866 911/1201/883
f 912/1202/884 990/3851/2864 903/1203/885
f 930/3846/887 941/3847/891 940/4156/888
f 2000/1208/889 1999/3845/2862 1001/1209/890
f 2248/1211/892 2001/3842/2861 2000/1212/889
f 2248/1214/892 2246/3841/2860 2308/1215/894
f 2002/1217/896 2250/3843/895 2251/1218/897
f 2310/1220/899 2252/4157/903 2251/1221/897
f 2253/1223/901 2008/3836/2859 2006/1224/902
f 2312/1226/904 2254/3835/2858 2253/1227/901
f 2010/1229/906 2254/3837/2858 2255/1230/907
f 2314/1232/909 2256/3832/913 2255/1233/907
f 2249/1235/911 2016/4158/2857 2014/1236/912
f 2249/1238/911 2247/3828/2856 2264/1239/914
f 2323/1241/916 1978/1244/918 1996/1242/917
f 1978/1244/918 1977/3826/2855 1997/1245/919
f 2134/1246/920 2017/3825/2854 1997/1247/919
f 2173/1249/922 2133/3822/2852 2134/1246/920
f 2172/1251/924 2173/1249/922 2180/1252/925
f 2171/1254/927 2172/1251/924 2179/1253/926
f 2178/1255/928 2177/1258/931 2170/1256/929
f 2169/1257/930 2170/1256/929 2177/1258/931
f 2168/1260/933 2169/1257/930 2176/1259/932
f 2174/1262/935 2167/1263/936 2168/1260/933
f 2167/1263/936 2174/1262/935 2137/1264/937
f 2127/1266/939 2167/1263/936 2135/1265/938
f 2003/1268/941 2005/1270/943 2128/1269/942
f 2005/1270/943 2007/1273/946 2129/1271/944
f 2130/1272/945 2129/1271/944 2007/1273/946
f 2131/1275/948 2130/1272/945 2009/1274/947
f 2013/1277/950 2132/1279/952 2131/1275/948
f 1998/1278/951 2003/1268/941 2127/1266/939
f 2168/1260/933 2167/1263/936 2127/1266/939
f 2129/1271/944 2169/1257/930 2168/1260/933
f 2130/1272/945 2170/1256/929 2169/1257/930
f 2131/1275/948 2171/1254/927 2170/1256/929
f 2132/1279/952 2172/1251/924 2171/1254/927
f 2136/1250/923 2118/4159/2958 2119/1280/953
f 2119/1282/953 2118/4160/2958 2060/1283/955
f 2061/1284/956 2060/1283/955 2036/1285/957
f 2068/1287/959 2075/1288/960 2038/1286/958
f 2075/1288/960 2068/1287/959 2069/1289/961
f 2029/1291/963 2030/3938/967 2070/1292/964
f 1984/1293/965 1986/3935/2900 2031/1294/966
f 1988/1296/968 1986/4161/2900 1987/1297/969
f 1991/4162/971 1989/1298/970 2353/3810/972
f 2355/1302/974 2354/3809/973 2412/1303/975
f 1995/4163/977 1993/3811/2847 2355/3812/974
f 2346/1308/979 2363/3795/2844 2364/1309/980
f 2364/1311/980 2422/3792/2842 1963/1312/981
f 1963/1312/981 1886/3934/2899 1974/1314/983
f 1887/1315/984 1886/3934/2899 1963/1312/981
f 2448/1317/986 1965/3791/2840 1964/1316/985
f 2507/1319/988 2449/4164/990 2448/1320/986
f 2449/4164/990 2507/1319/988 2508/3779/991
f 2509/4165/993 2451/1326/994 2450/3889/992
f 2451/1326/994 2509/4165/993 2510/1327/995
f 2510/1329/995 2503/3777/2839 2504/1330/997
f 2497/1332/999 2498/1335/1002 2505/1333/1000
f 2443/1334/1001 2505/1333/1000 2498/1335/1002
f 2443/1334/1001 2441/1336/1003 2460/4166/1004
f 2462/1340/1006 2461/3769/1005 925/1341/1007
f 925/1341/1007 900/1345/1011 902/1343/1009
f 970/1344/1010 977/1348/1014 900/1345/1011
f 970/1344/1010 971/1349/1015 978/1347/1013
f 971/1349/1015 972/1351/1017 979/1350/1016
f 972/1351/1017 973/1354/1020 980/1352/1018
f 974/1353/1019 981/1356/1022 980/1352/1018
f 974/1353/1019 975/1357/1023 982/1355/1021
f 975/1357/1023 976/1360/1026 983/1358/1024
f 899/1359/1025 901/3850/1028 983/1358/1024
f 924/1361/1027 926/1365/1030 901/1362/1028
f 2223/1364/1029 928/3848/2863 926/1365/1030
f 2221/1367/1032 2242/1370/1035 2244/1368/1033
f 2294/1369/1034 2301/1372/1037 2244/1368/1033
f 2295/1371/1036 2302/1374/1039 2301/1372/1037
f 2296/1373/1038 2303/1376/1041 2302/1374/1039
f 2296/1373/1038 2297/1377/1042 2304/1375/1040
f 2297/1377/1042 2298/3748/2835 2305/1378/1043
f 2305/1378/1043 2298/3748/2835 2299/1379/1044
f 2306/1380/1045 2299/1379/1044 2300/1381/1046
f 2243/1383/1048 2245/1384/1049 2307/1382/1047
f 2245/1384/1049 2243/1383/1048 2262/1385/1050
f 2263/1387/1051 2262/4167/1050 2320/1388/1052
f 2321/1389/1053 2343/3740/2834 2345/1390/1054
f 2407/1392/1056 2349/1396/1060 2347/1393/1057
f 2350/1394/1058 1983/3738/2832 1981/1395/1059
f 2351/1397/1061 2350/1394/1058 2408/1398/1062
f 2352/1400/1064 2351/1397/1061 2409/1399/1063
f 2403/1402/1066 2404/1406/1070 2411/1403/1067
f 2397/1404/1068 2398/1407/1071 2405/1405/1069
f 2398/1407/1071 2399/1410/1074 2406/1408/1072
f 2344/1409/1073 2406/1408/1072 2399/1410/1074
f 2344/1409/1073 2342/1411/1075 2361/1412/1076
f 2420/1414/1078 2362/3797/1077 2361/1415/1076
f 2444/1417/1080 2421/3796/2843 2420/1414/1078
f 2440/1419/1082 2492/4168/1085 2499/1420/1083
f 2500/3782/1084 2499/1420/1083 2492/4168/1085
f 2493/1423/1086 2494/1426/1089 2501/1424/1087
f 2502/1425/1088 2501/1424/1087 2494/1426/1089
f 2496/1428/1091 2495/3721/1090 2488/1429/1092
f 2483/1431/1094 2490/1434/1096 2489/1432/1093
f 2490/1434/1096 2483/1431/1094 2484/1435/1097
f 2491/1436/1098 2484/1435/1097 2437/1437/1099
f 2439/1438/1100 2437/1437/1099 2458/1439/1101
f 2459/1440/1102 2458/1439/1101 919/1441/1103
f 894/1443/1105 896/1444/1106 921/1442/1104
f 896/1444/1106 894/1443/1105 956/1445/1107
f 956/1445/1107 957/1449/1111 964/1447/1109
f 965/1448/1110 964/1447/1109 957/1449/1111
f 958/1450/1112 959/1453/1115 966/1451/1113
f 960/1452/1114 967/1455/1117 966/1451/1113
f 960/1452/1114 961/1457/1119 968/1454/1116
f 962/1456/1118 969/1459/1121 968/1454/1116
f 895/1458/1120 897/3756/2837 969/1459/1121
f 922/1460/1122 897/3756/2837 895/1458/1120
f 922/1460/1122 920/1461/1123 2219/1462/1124
f 2238/1464/1126 2240/3753/2836 2220/1463/1125
f 2287/1465/1127 2240/3753/2836 2238/1464/1126
f 2288/1467/1129 2287/1465/1127 2280/1466/1128
f 2282/1469/1131 2289/1471/1133 2288/1467/1129
f 2282/1469/1131 2283/1472/1134 2290/1470/1132
f 2283/1472/1134 2284/1474/1136 2291/1473/1135
f 2284/1474/1136 2285/1476/1138 2292/1475/1137
f 2285/1476/1138 2286/1478/1140 2293/1477/1139
f 2286/1478/1140 2239/1481/1143 2241/1479/1141
f 2261/1480/1142 2241/1479/1141 2239/1481/1143
f 2261/1480/1142 2260/1482/1144 2318/1483/1145
f 2339/1485/1147 2319/1484/1146 2318/1483/1145
f 2386/1487/1149 2393/4169/1151 2341/1488/1150
f 2393/1489/1151 2394/1493/1155 2401/1490/1152
f 2395/1492/1154 2402/3733/2827 2401/1490/1152
f 2388/1494/1156 2389/4170/1160 2396/1495/1157
f 2382/1496/1158 2383/1500/1162 2390/1497/1159
f 2384/1499/1161 2391/1502/1164 2390/1497/1159
f 2385/1501/1163 2392/1504/1166 2391/1502/1164
f 2385/1501/1163 2338/1506/1168 2340/1503/1165
f 2360/1505/1167 2340/1503/1165 2338/1506/1168
f 2418/1508/1170 2360/1505/1167 2359/1507/1169
f 2418/1508/1170 2417/1509/1171 2436/1510/1172
f 2478/1512/1174 2485/1514/1176 2438/1511/1173
f 2479/1513/1175 2486/1515/1177 2485/1514/1176
f 2486/1515/1177 2479/1513/1175 2480/1516/1178
f 2473/1518/1180 2474/1522/1184 2481/1519/1181
f 2467/1520/1182 2468/1524/1186 2475/1521/1183
f 2476/1523/1185 2475/1521/1183 2468/1524/1186
f 2469/1525/1187 2470/1528/1190 2477/1526/1188
f 2435/1527/1189 2477/1526/1188 2470/1528/1190
f 2433/1529/1191 2456/3711/2822 2457/1530/1192
f 2457/1530/1192 2456/3711/2822 915/1531/1193
f 917/1532/1194 915/1531/1193 890/1533/1195
f 949/1535/1197 892/1534/1196 890/1533/1195
f 943/1537/1199 950/1539/1201 949/1535/1197
f 944/1538/1200 951/1541/1203 950/1539/1201
f 944/1538/1200 945/1542/1204 952/1540/1202
f 945/1542/1204 946/1544/1206 953/1543/1205
f 946/1544/1206 947/3710/2821 954/1545/1207
f 954/1545/1207 947/3710/2821 948/1546/1208
f 891/1548/1210 893/3718/2826 955/1547/1209
f 918/1549/1211 893/3718/2826 891/1548/1210
f 2217/1551/1213 2218/1552/1214 918/1549/1211
f 2218/1552/1214 2217/1551/1213 2234/1553/1215
f 2266/1555/1217 2273/1557/1219 2236/1554/1216
f 2266/1555/1217 2267/3708/2819 2274/1556/1218
f 2274/1556/1218 2267/3708/2819 2268/1558/1220
f 2275/1559/1221 2268/1558/1220 2269/1560/1222
f 2269/1560/1222 2270/1564/1226 2277/1562/1224
f 2278/1563/1225 2277/1562/1224 2270/1564/1226
f 2271/1565/1227 2272/1568/1230 2279/1566/1228
f 2235/1567/1229 2237/3717/2825 2279/1566/1228
f 2259/1569/1231 2237/3717/2825 2235/1567/1229
f 2317/1571/1233 2259/1569/1231 2258/1570/1232
f 2333/1573/1235 2335/1575/1237 2317/1571/1233
f 2365/1574/1236 2372/1576/1238 2335/1575/1237
f 2372/1576/1238 2373/1579/1241 2380/1577/1239
f 2373/1579/1241 2374/1581/1243 2381/1580/1242
f 2374/1581/1243 2367/3706/2817 2368/1582/1244
f 2368/1582/1244 2369/1585/1247 2376/1584/1246
f 2369/1585/1247 2370/3705/2816 2377/1586/1248
f 2377/1586/1248 2370/3705/2816 2371/1587/1249
f 2371/1587/1249 2334/1590/1252 2336/1589/1251
f 2334/1590/1252 2357/1592/1254 2358/1591/1253
f 2357/1592/1254 2415/3704/2815 2416/1593/1255
f 2416/1593/1255 2415/3704/2815 2432/1594/1256
f 2464/1596/1258 2471/3712/2823 2434/1595/1257
f 2472/1597/1259 2471/3712/2823 2464/1596/1258
f 2466/1599/1261 2465/1598/1260 2425/1600/1262
f 859/1602/1264 858/1605/1264 2427/1603/1265
f 857/1604/1264 2428/1607/1266 2427/1603/1265
f 856/1606/1264 2429/1609/1267 2428/1607/1266
f 855/1608/1264 2430/1611/1268 2429/1609/1267
f 854/1610/1264 2431/1612/1269 2430/1611/1268
f 2431/1612/1269 854/1610/1264 817/1613/1270
f 807/1617/1270 835/1619/1264 881/1618/1274
f 835/1619/1264 834/1622/1264 882/1620/1275
f 883/1621/1276 882/1620/1275 834/1622/1264
f 833/1623/1264 832/1626/1264 884/1624/1277
f 885/1625/1278 884/1624/1277 832/1626/1264
f 885/1625/1278 831/1627/1264 830/1628/1264
f 829/1630/1264 887/1631/1280 886/1629/1279
f 887/1631/1280 829/1630/1264 828/1632/1264
f 888/1633/1281 828/1632/1264 827/1634/1264
f 808/1636/1264 914/3709/2820 889/1635/1282
f 2216/1637/1283 914/3709/2820 808/1636/1264
f 809/1638/1264 826/1640/1264 2225/1639/1284
f 826/1640/1264 825/1643/1264 2226/1641/1285
f 2227/1642/1286 2226/1641/1285 825/1643/1264
f 824/1644/1264 823/1647/1264 2228/1645/1287
f 822/1646/1264 2229/1648/1288 2228/1645/1287
f 2229/1648/1288 822/1646/1264 821/1649/1264
f 2230/1650/1289 821/1649/1264 820/1651/1264
f 2231/1652/1290 820/1651/1264 819/1653/1264
f 2232/1654/1291 819/1653/1264 818/1655/1264
f 2233/1656/1292 818/1655/1264 810/1657/1264
f 814/1661/1296 871/1663/1264 2324/1662/1297
f 871/1663/1264 870/1665/1264 2325/1664/1298
f 870/1665/1264 869/1667/1264 2326/1666/1299
f 869/1667/1264 868/1670/1264 2327/1668/1300
f 2328/1669/1301 2327/1668/1300 868/1670/1264
f 2328/1669/1301 867/1671/1264 866/1672/1264
f 2329/1673/1302 866/1672/1264 865/1674/1264
f 864/1676/1264 2331/1677/1304 2330/1675/1303
f 2331/1677/1304 864/1676/1264 863/1678/1264
f 815/1680/1264 2356/1682/1307 2332/1679/1305
f 815/1680/1264 816/1684/1264 2414/1681/1306
f 2423/1683/1308 2414/1681/1306 816/1684/1264
f 862/1685/1264 861/1688/1264 2424/1686/1309
f 741/1691/1264 740/1690/1296 705/1692/1310
f 712/1694/1312 790/3702/2814 703/1695/1313
f 703/1695/1313 701/3701/2813 726/1696/1314
f 699/1698/1316 701/3701/2813 783/1699/1317
f 722/1701/1319 724/3698/2811 699/1698/1316
f 695/1703/1321 697/1702/1320 769/1704/1322
f 693/1706/1324 718/3693/2809 720/1707/1325
f 748/1709/1326 691/3691/1329 693/1710/1324
f 714/1712/1328 716/3690/2807 691/1713/1329
f 689/1715/1330 688/3692/2808 663/1716/1331
f 659/1718/1333 662/4171/1332 661/1719/1334
f 2842/1721/1336 2900/3686/2804 658/1722/1337
f 2819/1723/1338 2843/3685/1429 2842/1721/1336
f 2851/1725/1340 2858/3683/2803 2821/1726/1341
f 2821/1728/1341 2823/4172/1345 2845/1729/1342
f 2872/1731/1344 2825/4173/1349 2823/1732/1345
f 2827/1734/1347 2847/3679/2802 2846/1735/1348
f 2879/1737/1350 2886/4174/1792 2829/1738/1351
f 2848/1739/1352 2829/1738/1351 2831/1740/479
f 2831/1740/479 2893/3677/2800 2835/1742/1354
f 454/1744/541 2850/3678/2801 2833/1743/1355
f 2908/1746/1356 2850/3678/2801 454/1744/541
f 2908/1746/1356 2933/3676/2799 2931/1748/1357
f 2929/1750/485 2931/1748/1357 2998/1751/1358
f 2940/1753/1359 2939/1755/1361 2997/1754/1360
f 2939/1755/1361 482/3673/162 481/1756/162
f 2938/1757/1362 2937/1760/1364 2995/1758/1363
f 2937/1760/1364 480/3672/162 479/1761/162
f 2994/1763/498 2936/1762/1365 2935/1764/1366
f 2935/1764/1366 478/3671/162 477/1766/134
f 2930/1768/500 2992/3670/2797 2934/1767/1368
f 452/1770/124 2949/1772/504 2932/1769/1369
f 448/1775/1371 475/3668/162 3032/1776/508
f 3039/1777/1372 3097/3667/2795 3030/1778/510
f 474/1779/162 473/3666/162 3038/1780/1373
f 3038/1780/1373 3037/1785/1375 3095/1781/1374
f 472/1783/162 471/3665/162 3036/1784/514
f 3036/1784/514 3035/3663/2793 3093/1786/1376
f 3034/1788/1377 3035/3663/2793 470/1789/162
f 3034/1788/1377 3033/1794/1379 3091/1791/518
f 467/1793/162 3031/3662/520 3033/1794/1379
f 3029/1796/521 3031/3662/520 3048/1797/522
f 3047/1798/523 552/3661/525 550/1799/1380
f 514/1801/526 512/1803/1383 548/1802/1382
f 512/1803/1383 589/3658/530 582/1804/1384
f 588/1806/1386 589/3658/530 596/1807/532
f 594/1809/1387 595/1808/531 602/1810/533
f 601/1811/1388 523/3654/2791 522/1812/1389
f 521/1814/1390 522/1812/1389 462/1815/162
f 599/1817/1391 521/1814/1390 520/1818/1392
f 459/1820/1394 519/1823/1395 520/1818/1392
f 515/1822/458 597/3653/455 519/1823/1395
f 517/1824/1396 458/3652/162 445/1825/1397
f 455/1829/1399 493/3651/162 2834/1830/1400
f 2832/1831/466 2834/1830/1400 2841/1832/1401
f 492/1834/1394 491/3650/162 2840/1835/469
f 2898/1836/1402 2840/1835/469 2839/1837/1403
f 490/1839/162 489/3649/162 2838/1840/1405
f 2838/1840/1405 2837/1845/1408 2895/1841/473
f 488/1843/162 487/1847/162 2836/1844/1407
f 457/1849/1410 456/1848/1409 1498/1850/1411
f 1482/1852/1413 1499/2784/2163 1498/1850/1411
f 1550/1854/1415 1483/1856/1417 1482/1852/1413
f 1483/1856/1417 1484/2781/2161 1501/1857/1418
f 1485/1859/1419 1484/2781/2161 1551/1860/1420
f 1486/1862/1422 1503/2774/2160 1502/1863/1423
f 1487/1864/1424 1486/2777/1422 1553/1865/1425
f 1504/1867/1427 1487/4175/1424 1488/1868/1428
f 1479/1870/1430 1481/2771/2159 1488/1871/1428
f 1506/2772/1432 1481/2773/2159 1331/4176/1433
f 1399/1876/1435 1506/4177/1432 1333/1877/1434
f 1365/1879/1437 1398/2763/2154 1399/1880/1435
f 1413/1882/1439 1364/2759/2152 1365/1879/1437
f 1419/1884/1441 1412/2755/2150 1413/1882/1439
f 1425/1886/1443 1418/2752/2149 1419/1884/1441
f 1431/1888/1445 1424/2748/2147 1425/1886/1443
f 1437/1890/1447 1430/2745/2146 1431/1888/1445
f 1444/1892/1449 1443/1895/1452 1436/1893/1450
f 1379/1894/1451 1377/2741/2143 1443/1895/1452
f 1379/1897/1451 1381/1901/1457 1407/1898/1454
f 1382/1905/1460 1389/2728/2138 1456/1906/1461
f 1380/1907/1462 1378/1911/1466 1349/1908/1463
f 1442/1910/1465 1376/1914/1469 1378/1911/1466
f 1345/1913/1468 1347/2726/2136 1376/1914/1469
f 1374/1916/1470 1435/2724/2115 1428/1917/1471
f 1370/1924/1473 1341/1923/1476 1343/4178/1474
f 1368/1922/1475 1339/2762/1477 1341/1923/1476
f 1339/1925/1477 1336/2766/2155 1337/1926/1478
f 1662/1928/1480 1661/2684/1481 1340/1929/1481
f 1701/1931/1482 1700/1935/1486 1660/1932/1483
f 1706/1934/1485 1699/2674/2100 1700/1935/1486
f 1713/1937/1488 1712/1940/1491 1705/1938/1489
f 1718/1939/1490 1711/2669/2098 1712/1940/1491
f 1725/1942/1493 1724/2664/2096 1717/1943/1494
f 1672/1945/1495 1724/2664/2096 1731/1946/1496
f 1674/1947/1497 1693/2661/1642 1692/1948/1498
f 1749/1949/1499 1691/2656/2091 1692/1948/1498
f 1768/1951/1501 1748/2652/2089 1749/1952/1499
f 1824/1954/1503 1817/2650/2088 1766/1955/1504
f 1831/1956/1505 1830/2649/1508 1823/1957/1506
f 1836/1958/1507 1829/2646/2087 1830/1959/1508
f 1843/1961/1510 1842/1964/1513 1835/1962/1511
f 1834/1963/1512 1835/1962/1511 1842/1964/1513
f 1833/1966/1515 1834/1963/1512 1841/1965/1514
f 1840/1967/1516 1839/1970/1519 1832/1968/1517
f 1771/1969/1518 1832/1968/1517 1839/1970/1519
f 1771/1969/1518 1800/4057/2184 1799/1972/1521
f 1818/1974/1523 1825/4179/2081 1769/1975/1522
f 1826/1977/1525 1825/4179/2081 1818/1974/1523
f 1826/1977/1525 1819/1978/1526 1820/1979/1527
f 1827/1980/1528 1820/1979/1527 1821/1981/1529
f 1814/1983/1531 1815/1985/1533 1822/1984/1532
f 1815/1985/1533 1808/2631/2080 1809/1986/1534
f 1809/1986/1534 1760/2630/2079 1761/1988/1536
f 1761/1988/1536 1762/1991/1539 1764/1990/1538
f 1762/1991/1539 1745/2022/1564 1746/1992/1540
f 1746/1992/1540 1688/2023/1563 1689/1993/1541
f 1666/1995/1543 1668/1998/1545 1690/1996/1544
f 1668/1998/1545 1666/1995/1543 1703/1999/1546
f 1704/2001/1548 1703/1999/1546 1696/2002/1549
f 1698/2004/1551 1697/2018/1550 1657/2005/1552
f 1344/2007/1554 1659/2682/2101 1658/2008/1553
f 1346/2009/1555 1658/2008/1553 1657/2010/1552
f 1348/2011/1556 1657/2010/1552 1656/2012/1557
f 1352/2014/1559 1350/2013/1558 1656/2012/1557
f 1352/2014/1559 1655/2015/1560 1687/2016/1561
f 1697/2018/1550 1696/4180/1549 1656/2019/1557
f 1655/2015/1560 1656/2012/1557 1696/2002/1549
f 1664/2020/1562 1696/2002/1549 1703/1999/1546
f 1664/2020/1562 1666/1995/1543 1689/1997/1541
f 1664/2020/1562 1688/2021/1563 1687/2016/1561
f 1745/2022/1564 1687/4181/1561 1688/2023/1563
f 1354/2024/1456 1687/4181/1561 1745/2022/1564
f 1795/2026/1566 3238/2028/1568 1356/2027/1567
f 3238/2028/1568 1795/2026/1566 1794/2029/1569
f 3216/2031/1571 3239/2030/1570 3240/2032/1572
f 3214/2034/1574 3216/2031/1571 3253/2035/1575
f 3259/2037/1577 3252/2626/2076 3253/2035/1575
f 3265/2039/1579 3258/2625/2075 3259/2037/1577
f 3271/2041/1581 3264/2624/2074 3265/2039/1579
f 3277/2043/1583 3270/2622/2072 3271/2041/1581
f 3283/2045/1585 3276/2619/2070 3277/2043/1583
f 3282/2047/1587 3283/2045/1585 3290/2048/1588
f 3229/2050/1590 3227/2054/1593 3289/2051/1589
f 424/2053/1592 427/2553/2009 3227/2054/1593
f 429/2055/1594 427/2553/2009 426/2056/1595
f 431/2058/1597 3223/4182/1601 3225/2059/1598
f 3221/2060/1599 3268/2620/2006 3275/2061/1600
f 3269/2063/1602 3268/2620/2006 3261/2064/1603
f 3263/2066/1605 3262/2065/1604 3255/2067/1606
f 3257/2069/1608 3256/2068/1607 3249/2070/1609
f 3251/2072/1611 3250/2071/1610 3210/2073/1612
f 3212/2075/1614 3211/2074/1613 3110/2076/1615
f 1404/2078/1617 3110/4183/1615 3111/2079/1618
f 1375/2081/1619 1404/2078/1617 1403/2080/1618
f 1422/2083/1621 1429/4184/2145 1373/2082/1620
f 1423/2085/1623 1422/2083/1621 1415/2086/1624
f 1409/2088/1626 1410/2090/1628 1417/2089/1627
f 1410/2090/1628 1361/2096/1634 1362/2091/1629
f 1363/2093/1631 1362/4185/1629 1395/2094/1632
f 1361/2096/1634 1394/2099/1636 1395/2097/1632
f 1360/2098/1635 1393/2101/1638 1394/2099/1636
f 1359/2100/1637 1392/2783/2162 1393/2101/1638
f 1408/2102/1639 1367/2104/1641 1358/2103/1640
f 1367/2104/1641 1369/2536/2005 1401/2105/1642
f 1390/2107/1644 1400/2106/1643 3114/2108/1645
f 441/2110/1647 443/2531/162 3115/2109/1646
f 3206/2111/1648 3207/2526/1998 3247/2112/1649
f 437/2114/1651 439/2524/1996 3215/2113/1650
f 435/2116/1653 437/2114/1651 3217/2115/1652
f 435/2116/1653 433/2548/2007 432/2118/1655
f 3146/2120/1656 436/2521/1993 434/2119/1382
f 3147/2122/1658 3146/2120/1656 3204/2123/1659
f 3147/2122/1658 3140/2516/1992 440/2125/1661
f 3106/2127/1663 3140/2516/1992 3138/2128/1664
f 518/2135/1667 554/3660/2792 446/2136/1668
f 518/2135/1667 525/4186/2959 603/2137/1669
f 465/2133/162 525/4186/2959 518/2135/1667
f 524/2139/1671 525/4186/2959 465/2133/162
f 3104/2142/1672 3105/2129/1665 3138/2128/1664
f 3134/2144/1674 3136/2143/1673 3198/2145/1675
f 3103/2147/1677 3134/2144/1674 3132/2148/1678
f 3177/2150/1680 3130/4187/1990 3132/2151/1678
f 3101/2153/1682 3130/4188/1990 3128/2154/1683
f 3126/2156/1685 3128/2508/1683 3170/2157/1686
f 3126/2159/1685 3124/2163/1691 3098/2160/1688
f 1313/2162/1690 3148/2505/1988 1227/2165/1693
f 3116/2492/1694 3125/2491/1984 3149/2495/1695
f 3164/2170/1697 3127/2487/1980 3125/2171/1698
f 3150/2173/1700 3127/2494/1987 3129/2174/1701
f 3178/2176/1702 3131/2179/1705 3129/2177/1703
f 3131/2179/1705 3133/2183/1709 3153/2180/1706
f 3192/2182/1708 3135/2482/1975 3133/2183/1709
f 3154/2185/1711 3135/2482/1975 3137/2186/1712
f 3199/2188/1714 3141/2551/2008 3139/2189/1715
f 3142/2190/1716 3141/2551/2008 3199/2188/1714
f 3201/2192/1718 3143/2523/1995 3142/2190/1716
f 3144/2193/1719 3143/2523/1995 3201/2192/1718
f 3203/2195/1721 3202/2194/1720 3195/2196/1722
f 3197/2198/1724 3196/2197/1723 3189/2199/1725
f 3190/2200/1726 3189/2199/1725 3182/2201/1727
f 3176/2203/1729 3183/2202/1728 3182/2201/1727
f 3169/2205/1731 3176/2203/1729 3175/2204/1730
f 3169/2205/1731 3168/2206/1732 3161/2207/1733
f 3162/2208/1734 3161/2207/1733 3121/2209/1735
f 3161/2207/1733 3160/2212/1738 3120/2211/1737
f 3160/2212/1738 3167/2225/1751 3166/2213/1739
f 3173/2215/1741 3172/2224/1750 3165/2216/1742
f 3181/2217/1743 3180/2219/1745 3173/2215/1741
f 3180/2219/1745 3187/2222/1748 3186/2220/1746
f 3187/2222/1748 3194/2229/1755 3193/2223/1749
f 3181/2217/1743 3188/2228/1754 3187/2222/1748
f 3180/2219/1745 3179/2221/1747 3172/2224/1750
f 3174/2218/1744 3173/2215/1741 3166/2213/1739
f 3166/2213/1739 3165/2216/1742 3158/2226/1752
f 3158/2226/1752 3118/2489/1982 3119/2227/1753
f 3160/2212/1738 3159/2214/1740 3119/2227/1753
f 3161/2207/1733 3168/2206/1732 3167/2225/1751
f 3168/2206/1732 3175/2204/1730 3174/2218/1744
f 3175/2204/1730 3182/2201/1727 3181/2217/1743
f 3189/2199/1725 3188/2228/1754 3181/2217/1743
f 3196/2197/1723 3195/2196/1722 3188/2228/1754
f 3188/2228/1754 3195/2196/1722 3194/2229/1755
f 3202/2194/1720 3201/2192/1718 3194/2229/1755
f 3201/2192/1718 3200/2191/1717 3193/2223/1749
f 3154/2185/1711 3155/2187/1713 1234/2230/1756
f 1199/2232/1758 1198/2480/1973 1232/2233/1759
f 1197/2234/1760 1198/2480/1973 1257/2235/1761
f 1262/2237/1763 1255/2478/1971 1256/2236/1762
f 1268/2239/1765 1261/2477/1970 1262/2237/1763
f 1275/2241/1767 1274/4189/1770 1267/2242/1768
f 1210/2243/1769 1208/2475/1969 1274/2244/1770
f 1245/2246/1772 1210/2243/1769 1212/2247/1773
f 1243/2249/1774 1245/2246/1772 1308/2250/1775
f 1570/2252/1777 1306/2469/1967 1307/2253/1776
f 1570/2252/1777 1617/2467/1966 1610/2255/1779
f 1616/2257/1781 1617/2467/1966 1624/2258/1782
f 1629/2260/1784 1622/4190/1965 1623/2261/1783
f 1635/2263/1786 1628/2266/1789 1629/2260/1784
f 1634/2265/1788 1627/2268/1791 1628/2266/1789
f 1633/2267/1790 1626/2270/1793 1627/2268/1791
f 1632/2269/1792 1625/2456/1959 1626/2270/1793
f 1573/2271/1794 1625/2456/1959 1632/2269/1792
f 1571/2273/1795 1573/2271/1794 1593/2274/1418
f 1611/2276/1796 1618/2280/1799 1571/2277/1795
f 1611/2276/1796 1612/2448/1955 1619/2279/1798
f 1619/2279/1798 1612/2448/1955 1613/2281/1800
f 1621/2283/1802 1620/2282/1801 1613/2281/1800
f 1614/2284/1803 1607/2447/1954 1608/2285/1804
f 1601/2287/1806 1602/2291/1810 1609/2288/1807
f 1562/2289/1808 1563/2292/1811 1603/2290/1809
f 1563/2292/1811 1564/4191/2666 1566/2293/1812
f 1566/2293/1812 1564/4191/2666 1302/2294/1813
f 1237/2296/1815 1239/2310/1829 1305/2297/1816
f 1241/2298/1817 1239/4192/1829 1204/2299/1818
f 1202/2301/1820 1253/2305/1824 1260/2302/1821
f 1194/2303/1822 1195/2306/1825 1254/2304/1823
f 1195/2306/1825 1229/2309/1828 1230/2307/1826
f 1194/2303/1822 1228/2493/1986 1229/2309/1828
f 1202/2301/1820 1193/2497/1830 1194/2303/1822
f 1239/2310/1829 1237/2296/1815 1202/2311/1820
f 1237/2296/1815 1225/2314/1831 1193/2313/1830
f 1304/2295/1814 1302/2294/1813 1225/2314/1831
f 1302/2294/1813 1564/4191/2666 1315/2315/1832
f 1317/2317/1834 1314/2320/1836 1315/2315/1832
f 1465/2321/1837 1467/2443/1950 1513/2322/1838
f 1512/2324/1840 1513/2322/1838 1520/2325/1841
f 1526/2327/1843 1525/2330/1846 1518/2328/1844
f 1531/2329/1845 1524/2441/1948 1525/2330/1846
f 1538/2332/1848 1537/2335/1851 1530/2333/1849
f 1543/2334/1850 1536/2372/1883 1537/2335/1851
f 1535/2337/1853 1536/4193/1883 1543/2338/1850
f 1535/2337/1853 1542/2339/1854 1476/2340/1855
f 1478/2342/1857 1496/2515/1991 1495/2343/1858
f 1476/2340/1855 1495/2343/1858 1494/2344/1677
f 1494/2344/1677 1493/2511/1679 1472/2345/1859
f 1528/2346/1860 1472/4194/1859 1470/2347/1861
f 1528/2346/1860 1521/2348/1862 1522/2349/1863
f 1522/2349/1863 1515/2369/1881 1516/2351/1865
f 1516/2351/1865 1509/2358/1872 1510/2353/1867
f 1461/2355/1869 1462/2444/1951 1511/2356/1870
f 1460/2357/1871 1461/2355/1869 1510/2353/1867
f 1508/2359/1873 1459/2445/1952 1460/2357/1871
f 1458/2360/1874 1459/2445/1952 1508/2359/1873
f 1466/2362/1876 1507/2361/1875 1514/2363/1877
f 1466/2362/1876 1468/2364/1878 1491/2365/1816
f 1466/2362/1876 1490/2366/1879 1489/2367/1813
f 1466/2362/1876 1457/2368/1880 1458/2360/1874
f 1515/2369/1881 1508/2359/1873 1509/2358/1872
f 1514/2363/1877 1507/2361/1875 1508/2359/1873
f 1521/2348/1862 1514/2363/1877 1515/2369/1881
f 1468/2364/1878 1514/2363/1877 1521/2348/1862
f 1468/2364/1878 1470/2347/1861 1492/2370/1882
f 1470/2347/1861 1472/4194/1859 1493/2371/1679
f 1472/2345/1859 1528/4195/1860 1535/2337/1853
f 1536/2372/1883 1535/4196/1853 1528/2346/1860
f 1539/2373/1884 1546/2375/1886 1545/2374/1885
f 1546/2375/1886 1539/2373/1884 1540/2376/1887
f 1541/2378/1889 1548/2379/1890 1547/2377/1888
f 1548/2379/1890 1541/2378/1889 1475/2380/1891
f 1477/2381/1892 1475/2380/1891 1325/2382/1893
f 1327/2383/1894 1326/2438/1945 1328/2384/1895
f 1557/2386/1897 1556/4197/1899 1330/2387/1898
f 1556/2388/1899 1565/2435/1338 1589/2389/1900
f 1604/2391/1902 1567/2449/1956 1565/2392/1338
f 1605/2394/1904 1604/2391/1902 1597/2393/1903
f 1598/2395/1905 1599/2399/1909 1606/2396/1906
f 1559/2397/1907 1560/2402/1912 1600/2398/1908
f 1322/2400/1910 1320/2404/1914 1561/2401/1911
f 1319/2403/1913 1318/2446/1953 1320/2404/1914
f 1471/2406/1916 1321/2405/1915 1323/2407/1917
f 1473/2408/1918 1534/2439/1946 1527/2409/1919
f 1469/2410/1920 1319/2403/1913 1321/2405/1915
f 1321/2405/1915 1320/2404/1914 1322/2400/1910
f 1559/2397/1907 1324/2437/1944 1322/2400/1910
f 1599/2399/1909 1598/2395/1905 1558/2411/1921
f 1332/2412/1922 1588/4198/1922 1646/2413/1923
f 1663/2415/1924 1646/2434/1943 1647/2416/1925
f 1709/2418/1927 1702/2677/2102 1665/2417/1926
f 1715/2420/1929 1708/2673/2099 1709/2418/1927
f 1722/2422/1931 1721/2671/1934 1714/2423/1932
f 1727/2424/1933 1720/2666/2097 1721/2425/1934
f 1726/2427/1936 1727/2424/1933 1734/2428/1937
f 1667/2419/1928 1648/2433/1942 1649/2430/1939
f 1590/2432/1941 1591/2451/1957 1649/2430/1939
f 1669/2431/1940 1716/2421/1930 1709/2418/1927
f 1665/2417/1926 1647/2416/1925 1648/2433/1942
f 1589/2389/1900 1590/2432/1941 1648/2433/1942
f 1588/2390/1901 1589/2389/1900 1647/2416/1925
f 1565/2435/1338 1567/2450/1956 1590/2432/1941
f 1597/2393/1903 1557/2386/1897 1558/2411/1921
f 1565/2392/1338 1556/4197/1899 1557/2386/1897
f 1588/4198/1901 1332/2412/2158 1330/4199/1898
f 1324/2437/1944 1559/2397/1907 1558/2411/1921
f 1557/2386/1897 1328/2384/1895 1326/2438/1945
f 1325/2382/1893 1324/2437/1944 1326/2438/1945
f 1323/2407/1917 1322/2400/1910 1324/2437/1944
f 1473/2408/1918 1323/2407/1917 1325/2382/1893
f 1475/2380/1891 1541/2378/1889 1534/2439/1946
f 1533/2440/1947 1534/2439/1946 1541/2378/1889
f 1544/2336/1852 1537/2335/1851 1538/2332/1848
f 1536/2372/1883 1529/2350/1864 1530/2333/1849
f 1522/2349/1863 1523/2352/1866 1530/2333/1849
f 1539/2373/1884 1532/2331/1847 1533/2440/1947
f 1531/2329/1845 1532/2331/1847 1539/2373/1884
f 1530/2333/1849 1523/2352/1866 1524/2441/1948
f 1523/2352/1866 1516/2351/1865 1517/2354/1868
f 1533/2440/1947 1526/2327/1843 1527/2409/1919
f 1532/2331/1847 1525/2330/1846 1526/2327/1843
f 1524/2441/1948 1517/2354/1868 1518/2328/1844
f 1518/2328/1844 1517/2354/1868 1510/2353/1867
f 1469/2410/1920 1471/2406/1916 1527/2409/1919
f 1526/2327/1843 1519/2326/1842 1520/2325/1841
f 1519/2326/1842 1518/2328/1844 1511/2356/1870
f 1511/2356/1870 1462/2444/1951 1463/2442/1949
f 1467/2443/1950 1469/2410/1920 1520/2325/1841
f 1512/2324/1840 1463/2442/1949 1464/2323/1839
f 1467/2443/1950 1317/2317/1834 1319/2403/1913
f 1314/2320/1836 1317/2317/1834 1467/2443/1950
f 1317/2317/1834 1316/2318/1835 1318/2446/1953
f 1303/2316/1833 1315/2315/1832 1314/2320/1836
f 1315/2315/1832 1564/4191/2666 1563/2292/1811
f 1563/2292/1811 1562/2289/1808 1318/2446/1953
f 1562/2289/1808 1561/2401/1911 1320/2404/1914
f 1561/2401/1911 1562/2289/1808 1602/2291/1810
f 1600/2398/1908 1560/2402/1912 1561/2401/1911
f 1608/2285/1804 1607/2447/1954 1600/2398/1908
f 1599/2399/1909 1600/2398/1908 1607/2447/1954
f 1613/2281/1800 1606/2396/1906 1607/2447/1954
f 1612/2448/1955 1605/2394/1904 1606/2396/1906
f 1604/2391/1902 1605/2394/1904 1612/2448/1955
f 1604/2391/1902 1611/2276/1796 1569/2278/1797
f 1567/2450/1956 1569/4200/1797 1591/2451/1957
f 1591/2452/1957 1592/2275/1348 1650/2453/1958
f 1571/2273/1795 1592/2275/1348 1591/2452/1957
f 1571/2273/1795 1618/4201/1799 1625/2456/1959
f 1625/2456/1959 1618/4201/1799 1619/2457/1798
f 1627/2268/1791 1626/2270/1793 1619/2457/1798
f 1628/2266/1789 1627/2268/1791 1620/2458/1801
f 1638/2460/1960 1637/2464/1964 1630/2262/1785
f 1576/2462/1962 1638/2460/1960 1631/2461/1961
f 1636/2264/1787 1629/2260/1784 1630/2262/1785
f 1621/2459/1802 1622/4190/1965 1629/2260/1784
f 1614/2284/1803 1615/2286/1805 1622/2465/1965
f 1630/2262/1785 1623/2261/1783 1624/2466/1782
f 1622/2465/1965 1615/2286/1805 1616/2257/1781
f 1615/2286/1805 1608/2285/1804 1609/2288/1807
f 1566/2293/1812 1304/2295/1814 1305/2297/1816
f 1617/2467/1966 1616/2257/1781 1609/2288/1807
f 1566/2293/1812 1568/2256/1780 1610/2255/1779
f 1610/2255/1779 1609/2288/1807 1602/2291/1810
f 1574/2463/1963 1631/2461/1961 1624/2466/1782
f 1624/2258/1782 1617/2467/1966 1570/2252/1777
f 1568/2256/1780 1305/2297/1816 1306/2469/1967
f 1239/2310/1829 1241/4202/1817 1306/2469/1967
f 1576/2462/1962 1574/2463/1963 1308/2250/1775
f 1572/2468/1778 1307/2251/1776 1308/2250/1775
f 1241/2471/1817 1243/2249/1774 1307/2251/1776
f 1247/2248/1672 1249/4087/2168 1310/2473/692
f 1245/2246/1772 1247/2248/1672 1309/2470/1968
f 1243/2249/1774 1208/2475/1969 1210/2243/1769
f 1243/2249/1774 1241/2471/1817 1206/2474/1819
f 1267/2242/1768 1274/4189/1770 1208/2476/1969
f 1260/2302/1821 1267/2242/1768 1206/2300/1819
f 1267/2242/1768 1260/2302/1821 1261/2477/1970
f 1260/2302/1821 1253/2305/1824 1254/2304/1823
f 1262/2237/1763 1261/2477/1970 1254/2304/1823
f 1195/2306/1825 1196/2308/1827 1255/2478/1971
f 1196/2308/1827 1197/2234/1760 1256/2236/1762
f 1196/2308/1827 1230/2307/1826 1231/2479/1972
f 1197/2234/1760 1231/2479/1972 1232/2233/1759
f 3137/2186/1712 3139/2189/1715 3156/2481/1974
f 3193/2223/1749 3200/2191/1717 3199/2188/1714
f 3199/2188/1714 3137/2186/1712 3135/2482/1975
f 3193/2223/1749 3192/2182/1708 3185/2184/1710
f 3152/2181/1707 3153/2180/1706 1232/2233/1759
f 1233/2231/1757 1232/2233/1759 3153/2180/1706
f 3153/2180/1706 3133/2183/1709 3135/2482/1975
f 3186/2220/1746 3185/2184/1710 3178/2176/1702
f 3185/2184/1710 3133/2183/1709 3131/2179/1705
f 3172/2224/1750 3179/2221/1747 3178/2176/1702
f 3150/2483/1976 3151/4203/2960 1230/2307/1826
f 1230/4204/1977 3151/2484/1977 3152/2486/1977
f 3151/2175/1979 3129/2174/2961 3131/4205/1979
f 3165/2216/1742 3172/2224/1750 3171/2178/1704
f 3171/2178/1704 3129/2177/1703 3127/2487/1980
f 3158/2226/1752 3165/2216/1742 3164/2170/1697
f 3158/2226/1752 3157/2172/1699 3117/2488/1981
f 3117/2488/1983 3157/2172/2962 3125/2171/1984
f 3149/2168/1985 3150/2483/1976 1229/2309/1828
f 3127/2494/1987 3150/2173/1700 3149/2495/1695
f 1225/2314/1831 1302/2294/1813 1303/2316/1833
f 3148/2169/1988 3149/2168/1985 1228/2493/1986
f 1193/2497/1830 1227/2496/1693 1228/2493/1986
f 1226/2166/1690 1227/2165/1693 1193/2313/1830
f 1226/2166/1690 1303/2316/1833 1312/2319/1833
f 1490/2366/1879 3099/2161/1689 3098/2160/1688
f 1312/2319/1833 1489/2367/1813 3098/2160/1688
f 3170/2157/1686 3169/2205/1731 3162/2208/1734
f 3163/2506/1687 3123/2164/1692 3124/2163/1691
f 3123/2507/1692 3163/2158/1687 3162/2208/1734
f 3100/2155/1684 3128/2154/1683 3126/2159/1685
f 1492/2370/1882 3101/2153/1682 3100/2155/1684
f 1491/2365/1816 3100/2155/1684 3099/2161/1689
f 3184/2152/1681 3183/2202/1728 3176/2203/1729
f 3128/2508/1683 3130/4187/1990 3177/2150/1680
f 3170/2157/1686 3177/2150/1680 3176/2203/1729
f 3102/2149/1679 3132/2148/1678 3130/2509/1990
f 1493/2511/1679 1494/2344/1677 3103/2147/1677
f 3101/2510/1682 1492/4206/1882 1493/2511/1679
f 3191/2146/1676 3198/2145/1675 3197/2512/1724
f 3184/2514/1681 3132/2148/1678 3134/2144/1674
f 3184/2152/1681 3191/4207/1676 3190/2200/1726
f 3136/2143/1673 3134/2144/1674 3103/2147/1677
f 1494/2344/1677 1495/2343/1858 3104/2142/1672
f 1496/2515/1991 1497/2130/462 3106/2127/1663
f 1495/2343/1858 1496/2515/1991 3105/2129/1665
f 442/2132/134 440/2125/1661 3140/2516/1992
f 3140/2516/1992 3147/2122/1658 3205/2124/1660
f 3198/2145/1675 3136/2143/1673 3138/2128/1664
f 3198/2145/1675 3205/2124/1660 3204/2123/1659
f 3197/2512/1724 3204/2123/1659 3203/2517/1721
f 3204/2123/1659 3146/2120/1656 3145/2121/1657
f 3202/2519/1720 3203/2517/1721 3145/2121/1657
f 3147/2122/1658 438/2126/1662 436/2521/1993
f 3145/2121/1657 434/2119/1382 432/2118/1655
f 3144/2193/1719 432/2550/1655 430/2522/1994
f 439/2524/1996 437/2114/1651 436/2521/1993
f 437/2114/1651 435/2116/1653 434/2119/1382
f 3215/2113/1650 3247/2112/1649 3254/2525/1997
f 3207/2526/1998 3208/2528/2000 3248/2527/1999
f 3208/2528/2000 3113/2534/2003 3112/2529/2001
f 3206/2111/1648 3215/2113/1650 439/2524/1996
f 443/2531/162 441/2110/1647 440/2125/1661
f 441/2110/1647 439/2524/1996 438/2126/1662
f 3207/2526/1998 3114/2108/1645 3113/2534/2003
f 3206/2111/1648 3115/2109/1646 3114/2108/1645
f 1401/2105/1642 3113/2534/2003 3114/2108/1645
f 1402/2535/2004 3112/2529/2001 3113/2534/2003
f 1390/2107/1644 1358/2103/1640 1367/2104/1641
f 1360/2098/1635 1361/2096/1634 1410/2090/1628
f 1359/2100/1637 1360/2098/1635 1409/2088/1626
f 1408/2102/1639 1409/2088/1626 1416/2087/1625
f 1367/2104/1641 1408/2102/1639 1415/2086/1624
f 1369/2536/2005 1415/2086/1624 1422/2083/1621
f 1369/2536/2005 1371/2084/1622 1402/2535/2004
f 1373/2082/1620 1403/2080/1618 1402/2535/2004
f 3111/2079/1618 3112/2529/2001 1402/2535/2004
f 1405/2537/1541 3109/2077/1616 3110/2076/1615
f 3210/2073/1612 3111/4208/1618 3110/2076/1615
f 3111/2079/1618 3210/2540/1612 3209/2530/2002
f 3249/2539/1609 3209/2530/2002 3210/2540/1612
f 3248/2527/1999 3208/2528/2000 3209/2530/2002
f 3256/2542/1607 3255/2543/1606 3248/2527/1999
f 3254/2525/1997 3247/2112/1649 3248/2527/1999
f 3262/2544/1604 3261/4209/1603 3254/2525/1997
f 3254/2525/1997 3261/4209/1603 3219/2117/1654
f 3219/2117/1654 3261/4209/1603 3268/2545/2006
f 3221/2546/1599 433/2548/2007 435/2116/1653
f 3223/2547/1601 431/4210/1597 433/2548/2007
f 433/2549/2007 431/2058/1597 430/2522/1994
f 430/2522/1994 428/2057/1596 3142/2190/1716
f 431/2058/1597 429/2055/1594 428/2057/1596
f 3141/2551/2008 3142/2190/1716 428/2057/1596
f 425/2552/440 3139/2189/1715 3141/2551/2008
f 424/2053/1592 425/2552/440 426/2056/1595
f 3227/2054/1593 427/2553/2009 429/2055/1594
f 3290/2048/1588 3291/2557/2013 3233/2554/2010
f 3292/2556/2012 3234/2558/2014 3233/2554/2010
f 3234/2558/2014 3292/2556/2012 3293/2559/2015
f 3236/2561/2017 3235/2560/2016 3293/2559/2015
f 3294/2562/2018 3295/2615/2069 3237/2563/2019
f 3237/2563/2019 3295/2615/2069 3228/2564/2020
f 3246/2566/2022 3230/2565/2021 3228/2564/2020
f 1787/2568/2024 3246/2566/2022 3245/2567/2023
f 1755/2570/2026 1788/2569/2025 1789/2571/2027
f 1763/2573/2029 1754/2614/2068 1755/2570/2026
f 1763/4211/2029 1765/2632/2065 1797/2583/2031
f 1240/2577/1596 1797/2583/2031 1798/2578/2033
f 1205/2580/2035 1240/2577/1596 1242/2579/2034
f 1238/2582/2037 1796/4098/2032 1797/2583/2031
f 1812/2584/2038 1811/2610/2064 1804/2574/2030
f 1805/2585/2039 1806/2613/2067 1813/2586/2040
f 1807/2587/2041 1806/2613/2067 1757/2588/2042
f 1791/2590/2044 1792/2609/2063 1759/2591/2045
f 3243/2592/2046 3242/2594/2048 1791/2590/2044
f 3242/2594/2048 3222/2597/2051 3220/2595/2049
f 3222/2597/2051 3224/2605/2059 3281/2598/2052
f 3280/2600/2054 3281/2598/2052 3288/2601/2055
f 3286/2603/2057 3279/2623/2073 3280/2600/2054
f 3226/2604/2058 3288/2601/2055 3281/2598/2052
f 3281/2598/2052 3280/2600/2054 3273/2606/2060
f 3220/2595/2049 3222/2597/2051 3274/2599/2053
f 3226/2604/2058 3224/2605/2059 3243/2592/2046
f 3243/2592/2046 3224/2605/2059 3222/2597/2051
f 1792/2609/2063 1791/2590/2044 3242/2594/2048
f 1757/2588/2042 1790/2593/2047 1791/2590/2044
f 1763/2573/2029 1804/2574/2030 1811/2610/2064
f 1786/2612/2066 1754/2614/2068 1763/2573/2029
f 1805/2585/2039 1756/2572/2028 1757/2588/2042
f 1804/2574/2030 1755/2570/2026 1756/2572/2028
f 1789/2571/2027 3244/2608/2062 3243/2592/2046
f 1756/2572/2028 1789/2571/2027 1790/2593/2047
f 1754/2614/2068 1787/2568/2024 1788/2569/2025
f 3245/2567/2023 3244/2608/2062 1789/2571/2027
f 3244/2608/2062 3245/2567/2023 3228/2564/2020
f 3228/2564/2020 3295/2615/2069 3288/2601/2055
f 3294/2562/2018 3287/2602/2056 3288/2601/2055
f 3293/2559/2015 3286/2603/2057 3287/2602/2056
f 3292/2556/2012 3285/2621/2071 3286/2603/2057
f 3290/2048/1588 3232/2555/2011 3231/2616/1591
f 3282/2047/1587 3289/2049/1589 3227/2617/1593
f 3223/2062/1601 3275/2061/1600 3282/2047/1587
f 3284/2046/1586 3285/2621/2071 3292/2556/2012
f 3283/2045/1585 3284/2046/1586 3291/2557/2013
f 3276/2619/2070 3283/2045/1585 3282/2047/1587
f 3276/2619/2070 3275/2061/1600 3268/2620/2006
f 3278/2044/1584 3279/2623/2073 3286/2603/2057
f 3277/2043/1583 3278/2044/1584 3285/2621/2071
f 3276/2619/2070 3269/2063/1602 3270/2622/2072
f 3270/2622/2072 3269/2063/1602 3262/2065/1604
f 3280/2600/2054 3279/2623/2073 3272/2042/1582
f 3279/2623/2073 3278/2044/1584 3271/2041/1581
f 3270/2622/2072 3263/2066/1605 3264/2624/2074
f 3264/2624/2074 3263/2066/1605 3256/2068/1607
f 3274/2599/2053 3273/2606/2060 3266/2040/1580
f 3273/2606/2060 3272/2042/1582 3265/2039/1579
f 3264/2624/2074 3257/2069/1608 3258/2625/2075
f 3258/2625/2075 3257/2069/1608 3250/2071/1610
f 3267/2607/2061 3266/2040/1580 3259/2037/1577
f 3258/2625/2075 3251/2072/1611 3252/2626/2076
f 3211/2074/1613 3212/2075/1614 3252/2626/2076
f 3253/2035/1575 3252/2626/2076 3212/2075/1614
f 3213/2036/1576 3108/2628/2077 3107/2627/1564
f 3213/2036/1576 3212/2075/1614 3109/2077/1616
f 3220/2595/2049 3267/2607/2061 3260/2038/1578
f 3218/2033/1573 3260/2038/1578 3253/2035/1575
f 1792/2609/2063 3241/2596/2050 3240/2032/1572
f 3241/2596/2050 3220/2595/2049 3218/2033/1573
f 1794/2029/1569 1793/2629/2078 3240/2032/1572
f 3238/2028/1568 3239/2030/1570 3216/2031/1571
f 3238/2028/1568 3214/2034/1574 3107/2627/1564
f 1357/2025/1565 1745/2022/1564 1762/1991/1539
f 1761/1988/1536 1794/2029/1569 1795/2026/1566
f 1793/2629/2078 1794/2029/1569 1761/1988/1536
f 1792/2609/2063 1793/2629/2078 1760/2630/2079
f 1808/2631/2080 1759/2591/2045 1760/2630/2079
f 1807/2587/2041 1758/2589/2043 1759/2591/2045
f 1807/2587/2041 1808/2631/2080 1815/1985/1533
f 1814/1983/1531 1813/2586/2040 1806/2613/2067
f 1820/1979/1527 1813/2586/2040 1814/1983/1531
f 1819/1978/1526 1812/2584/2038 1813/2586/2040
f 1819/1978/1526 1818/1974/1523 1811/2610/2064
f 1811/2610/2064 1818/1974/1523 1767/1976/1524
f 1765/2632/2065 1767/4212/1524 1798/2578/2033
f 1242/2633/2034 1798/2635/2033 1799/1972/1521
f 1769/1973/1522 1799/1972/1521 1798/2635/2033
f 1825/2637/2081 1832/1968/1517 1771/1969/1518
f 1833/1966/1515 1832/1968/1517 1825/2637/2081
f 1833/1966/1515 1826/2638/1525 1827/2639/1528
f 1834/1963/1512 1827/2639/1528 1828/2640/1530
f 1845/2641/2082 1844/2645/2086 1837/1960/1509
f 1845/2641/2082 1838/2642/2083 1772/2643/2084
f 1836/1958/1507 1837/1960/1509 1844/2645/2086
f 1835/1962/1511 1828/2640/1530 1829/2646/2087
f 1828/1982/1530 1821/1981/1529 1822/1984/1532
f 1837/1960/1509 1830/1959/1508 1831/2648/1505
f 1829/2647/2087 1822/1984/1532 1823/1957/1506
f 1823/1957/1506 1822/1984/1532 1815/1985/1533
f 1764/1990/1538 1746/1992/1540 1747/1994/1542
f 1823/1957/1506 1816/1987/1535 1817/2650/2088
f 1817/2650/2088 1810/1989/1537 1764/1990/1538
f 1816/1987/1535 1809/1986/1534 1810/1989/1537
f 1772/2643/2084 1838/2642/2083 1831/2648/1505
f 1770/1953/1502 1831/1956/1505 1824/1954/1503
f 1766/1955/1504 1747/1994/1542 1748/2652/2089
f 1747/1994/1542 1689/1993/1541 1690/2653/1544
f 1774/2644/2085 1772/2643/2084 1750/1950/1500
f 1770/2651/1502 1749/1949/1499 1750/1950/1500
f 1748/2655/2089 1690/2658/1544 1691/2656/2091
f 1668/2657/1545 1670/2662/2094 1691/2656/2091
f 1751/2654/2090 1693/2661/1642 1694/2659/2092
f 1750/1950/1500 1692/1948/1498 1693/2661/1642
f 1670/2662/2094 1672/1945/1495 1692/1948/1498
f 1725/1942/1493 1726/2427/1936 1733/2429/1938
f 1732/2663/2095 1731/1946/1496 1724/2664/2096
f 1670/2662/2094 1717/1943/1494 1724/2664/2096
f 1710/2000/1547 1717/2668/1494 1670/2665/2094
f 1726/2427/1936 1719/2667/1492 1720/2666/2097
f 1725/1942/1493 1718/1944/1490 1719/2667/1492
f 1717/2668/1494 1710/2000/1547 1711/2669/2098
f 1711/2669/2098 1710/2000/1547 1703/1999/1546
f 1720/2670/2097 1713/1937/1488 1714/2423/1932
f 1720/2670/2097 1719/1941/1492 1712/1940/1491
f 1704/2001/1548 1705/1938/1489 1712/1940/1491
f 1704/2001/1548 1697/2003/1550 1698/2672/1551
f 1715/2420/1929 1714/2423/1932 1707/1936/1487
f 1706/1934/1485 1707/1936/1487 1714/2423/1932
f 1705/1938/1489 1698/2672/1551 1699/2674/2100
f 1699/2675/2100 1698/2004/1551 1658/2006/1553
f 1708/2673/2099 1701/1931/1482 1702/2677/2102
f 1707/1936/1487 1700/1935/1486 1701/1931/1482
f 1700/4213/2103 1699/2675/2963 1659/2676/2104
f 1342/2685/2106 1660/4214/2105 1659/4215/2104
f 1665/2417/1926 1702/2677/2102 1662/2683/2108
f 1702/2677/2102 1701/1931/1482 1661/1933/1484
f 1661/2684/1481 1660/4214/2964 1342/2685/2109
f 1646/4216/2110 1663/2689/2110 1337/2690/2110
f 1663/2689/2111 1662/1928/1480 1338/1930/1480
f 1342/2681/2112 1343/2718/1474 1341/2691/1476
f 1340/2692/2113 1341/2691/1476 1339/1925/1477
f 1434/2693/2114 1427/2751/2148 1428/2694/1471
f 1433/2696/2116 1434/2693/2114 1441/2697/2117
f 1447/2699/2119 1446/2703/2123 1439/2700/2120
f 1453/2701/2121 1452/2740/2144 1445/2702/2122
f 1384/2704/2124 1451/2734/2142 1452/2705/2125
f 1386/4217/2127 1453/2680/2121 1454/4218/2128
f 1454/2708/2128 1455/2727/2137 1388/2710/2130
f 1385/2706/2126 1452/2705/2125 1453/2711/2131
f 1454/2713/2133 1447/4219/2134 1448/2714/2134
f 1447/4220/2119 1454/4221/2128 1453/4222/2121
f 1447/2699/2119 1440/2698/2118 1441/2697/2117
f 1428/2694/1471 1421/2758/2151 1370/2756/1473
f 1343/2718/1474 1345/1913/1468 1374/1915/1470
f 1346/2009/1555 1347/2726/2136 1345/1913/1468
f 1344/2007/1554 1345/1913/1468 1343/2718/1474
f 1449/2720/1467 1448/4223/2135 1441/2721/2117
f 1376/4224/1469 1442/4225/1465 1435/4226/2115
f 1441/2697/2117 1434/2693/2114 1435/2695/2115
f 1347/2726/2136 1349/1908/1463 1378/1911/1466
f 1349/1908/1463 1348/2011/1556 1350/2013/1558
f 1347/2726/2136 1346/2009/1555 1348/2011/1556
f 1455/2727/2137 1456/1906/1461 1389/2728/2138
f 1456/1906/1461 1449/1912/1467 1378/1911/1466
f 1455/4227/2137 1448/4223/2135 1449/2720/1467
f 1380/1907/1462 1351/1909/1464 1353/1903/1459
f 1351/1909/1464 1350/2013/1558 1352/2014/1559
f 1354/2024/1456 1357/2025/1565 1356/2027/1567
f 1353/1903/1459 1352/2014/1559 1354/2017/1456
f 1406/1899/1455 3108/2628/2077 3109/2077/1616
f 1406/1899/1455 1407/1898/1454 3107/2627/1564
f 1356/2027/1567 3107/2627/1564 1407/1898/1454
f 1383/2733/2141 1450/4228/2965 1451/2734/2142
f 1450/2735/1453 1383/4229/1458 1381/2736/1457
f 1379/1897/1451 1406/1899/1455 1405/2537/1541
f 1377/2738/2143 1405/2537/1541 1404/2538/1617
f 1452/2740/2144 1451/4230/2966 1444/1892/1449
f 1444/1892/1449 1451/4230/2966 1450/1896/1453
f 1377/2741/2143 1375/2743/1619 1436/1893/1450
f 1429/2742/2145 1436/1893/1450 1375/2743/1619
f 1445/2702/2122 1438/1891/1448 1439/2700/2120
f 1445/2702/2122 1444/1892/1449 1437/1890/1447
f 1429/2742/2145 1430/2745/2146 1437/1890/1447
f 1430/2745/2146 1429/2742/2145 1422/2746/1621
f 1440/2698/2118 1439/2700/2120 1432/1889/1446
f 1438/1891/1448 1431/1888/1445 1432/1889/1446
f 1431/1888/1445 1430/2745/2146 1423/2747/1623
f 1424/2748/2147 1423/2747/1623 1416/2749/1625
f 1433/2696/2116 1426/1887/1444 1427/2751/2148
f 1432/1889/1446 1425/1886/1443 1426/1887/1444
f 1425/1886/1443 1424/2748/2147 1417/2750/1627
f 1410/2753/1628 1411/2754/1630 1418/2752/2149
f 1420/1885/1442 1421/2758/2151 1428/2694/1471
f 1419/1884/1441 1420/1885/1442 1427/2751/2148
f 1419/1884/1441 1418/2752/2149 1411/2754/1630
f 1411/2754/1630 1362/4185/1629 1363/2093/1631
f 1370/2756/1473 1421/2758/2151 1414/1883/1440
f 1421/2758/2151 1420/1885/1442 1413/1882/1439
f 1412/2755/2150 1363/2093/1631 1364/2759/2152
f 1364/2759/2152 1363/2093/1631 1396/2095/1633
f 1366/2761/1438 1336/2764/2155 1339/2762/1477
f 1365/1879/1437 1366/1881/1438 1368/2757/1475
f 1365/1879/1437 1364/2759/2152 1397/2760/2153
f 1336/2764/2155 1366/2761/1438 1399/1876/1435
f 1335/4231/2156 1334/4232/2157 1337/4233/2157
f 1335/2767/427 1333/4234/427 1332/2768/427
f 1331/1874/1433 1330/2387/1898 1332/2770/2158
f 1330/2387/1898 1331/1874/1433 1329/2385/1896
f 1481/2771/2159 1479/1870/1430 1329/2385/1896
f 1479/1870/1430 1477/2381/1892 1327/2383/1894
f 1477/2381/1892 1479/1870/1430 1555/1872/1431
f 1397/2760/2153 1504/1867/1427 1505/1869/1429
f 1506/2772/1432 1399/1880/1435 1398/2763/2154
f 1506/2772/1432 1505/1869/1429 1488/1868/1428
f 1554/1866/1426 1555/1872/1431 1488/1871/1428
f 1554/1866/1426 1547/2377/1888 1548/2379/1890
f 1553/1865/1425 1546/2375/1886 1547/2377/1888
f 1503/2774/2160 1396/4235/1633 1395/2097/1632
f 1504/1867/1427 1397/2760/2153 1396/2095/1633
f 1487/1864/1424 1504/4236/1427 1503/2776/2160
f 1552/2778/1421 1553/1865/1425 1486/2777/1422
f 1552/2778/1421 1545/2374/1885 1546/2375/1886
f 1551/2780/1420 1544/2336/1852 1545/2374/1885
f 1501/1857/1418 1394/2099/1636 1393/2101/1638
f 1502/1863/1423 1395/2097/1632 1394/2099/1636
f 1484/2781/2161 1485/1859/1419 1502/1863/1423
f 1483/1856/1417 1550/1854/1415 1551/1860/1420
f 1550/1854/1415 1543/2338/1850 1544/2782/1852
f 1543/2338/1850 1550/1854/1415 1549/1855/1416
f 1542/2339/1854 1549/1855/1416 1478/2342/1857
f 1549/1855/1416 1482/1852/1413 1480/1853/1414
f 1478/2342/1857 1480/1853/1414 1497/2130/462
f 1500/1858/1352 1393/2101/1638 1392/2783/2162
f 1500/1858/1352 1499/2784/2163 1482/1852/1413
f 1391/1851/1412 1498/1850/1411 1499/2784/2163
f 1359/2100/1637 1358/2103/1640 1391/1851/1412
f 1390/2107/1644 457/1849/1410 1391/1851/1412
f 1480/1853/1414 1498/1850/1411 456/1848/1409
f 2894/2787/2164 2895/1841/473 2837/1845/1408
f 2888/2788/2165 2889/2789/1786 2896/1842/1406
f 2889/2789/1786 2882/3645/1789 2883/2790/1784
f 2884/2792/1785 2891/2793/1964 2890/2791/2166
f 2891/2793/1964 2884/2792/1785 2885/2794/1961
f 2892/2795/1960 2885/2794/1961 2828/2796/2167
f 2830/2797/1962 2828/2796/2167 2806/2798/1775
f 2808/2800/692 2807/2799/1858 549/2801/1672
f 547/2803/2169 511/2805/1769 513/2804/1773
f 511/2805/1769 583/2808/2171 590/2806/2170
f 591/2807/456 590/2806/2170 583/2808/2171
f 591/2807/456 584/2809/2172 585/2810/452
f 593/2812/2174 592/2811/2173 585/2810/452
f 579/2814/448 580/4237/449 587/2815/2175
f 580/2816/449 573/3636/2789 574/2817/2176
f 575/2819/2178 574/2817/2176 567/2820/2179
f 568/2821/2180 506/2823/2035 508/2822/2181
f 506/2823/2035 542/3635/1596 544/2824/2182
f 544/2825/2182 3043/3632/2788 3044/2826/2183
f 3023/2828/1522 3025/2832/2185 3045/2829/2184
f 3077/2830/1517 3084/2834/1519 3027/2831/1520
f 3078/2833/1515 3085/2836/1516 3084/2834/1519
f 3079/2835/1512 3086/3664/2794 3085/2836/1516
f 3087/2837/1513 3086/3664/2794 3079/2835/1512
f 3081/2839/1507 3088/2841/2186 3087/2837/1513
f 3082/2840/1509 3089/2843/2086 3088/2841/2186
f 3083/2842/2083 3090/2845/2082 3089/2843/2086
f 3026/2844/2187 3028/2846/2085 3090/2845/2082
f 3028/2846/2085 3026/2844/2187 3004/2847/1500
f 2947/2849/1642 2948/3669/2796 3006/2850/2093
f 2928/2851/1497 2947/2849/1642 2946/2852/1498
f 2926/2853/1495 2978/2856/2188 2985/2854/1496
f 2986/2855/2095 2985/2854/1496 2978/2856/2188
f 2979/2857/1493 2980/3618/2785 2987/2858/2189
f 2987/2858/2189 2980/3618/2785 2981/2859/1933
f 2988/2860/2190 2981/2859/1933 2982/2861/1935
f 2989/2862/2191 2982/2861/1935 2983/2863/2192
f 2983/2863/2192 2976/4238/1931 2977/2865/2194
f 2927/2867/2196 2984/2866/2195 2977/2865/2194
f 2904/2869/2198 2905/3674/2798 2927/2867/2196
f 2925/2870/2197 2923/2873/2200 2903/2871/2199
f 2923/2873/2200 2970/3612/2784 2963/2874/2201
f 2902/2876/2203 2921/2875/2202 2919/2877/2204
f 2917/2879/2206 2919/2877/2204 2956/2880/2207
f 2956/2880/2207 2955/2884/2210 2915/2882/2209
f 2961/2883/1487 2954/3610/2782 2955/2884/2210
f 2967/2886/2212 2960/3608/2780 2961/2883/1487
f 2973/2888/1492 2966/2891/1491 2967/2886/2212
f 2972/2890/2214 2965/2893/2215 2966/2891/1491
f 2971/2892/1494 2964/2894/2216 2965/2893/2215
f 2964/2894/2216 2971/2892/1494 2924/2895/2217
f 2922/2897/1545 2924/3620/2217 2945/2898/2091
f 3002/2900/1615 3001/2903/2219 2943/2901/1541
f 3001/2903/2219 3020/3600/2777 3018/2904/2220
f 3016/2906/2222 3018/2904/2220 3055/2907/1537
f 3055/2907/1537 3062/3599/2776 3061/2909/2224
f 3068/2911/2226 3067/2913/1532 3060/2912/2227
f 3067/2913/1532 3074/3597/2774 3073/2914/1530
f 3066/2915/1529 3073/2914/1530 3072/2916/2228
f 3065/2917/2229 3072/2916/2228 3071/2918/2230
f 3064/2919/2231 3071/2918/2230 3070/2920/2081
f 3063/2921/2232 3021/3630/2787 3019/2922/2233
f 3050/2924/2235 3057/2927/2238 3056/2923/2234
f 3051/2926/2237 3058/2929/2240 3057/2927/2238
f 3052/2928/2239 3059/3593/2770 3058/2929/2240
f 3013/2930/2241 3053/3598/2775 3052/2928/2239
f 3013/2930/2241 628/3589/2768 630/2932/2243
f 630/2932/2243 629/3588/2767 631/2934/2245
f 633/2936/2247 631/2934/2245 2622/2937/2248
f 2612/2939/2250 2621/2938/2249 2630/2940/2251
f 2669/2942/2253 2632/2944/2255 2630/2940/2251
f 2632/2944/2255 2634/3583/2260 2615/2945/2256
f 2676/2947/2258 2683/3578/2765 2636/2948/2259
f 2638/2950/2261 2617/3577/2764 2616/2951/2262
f 2690/2952/2263 2697/3576/2763 2640/2953/2264
f 2618/2954/2265 2640/2953/2264 2642/2955/2266
f 2646/2957/2268 2644/2959/2270 2642/2955/2266
f 2644/2959/2270 836/3575/1264 804/2960/1296
f 812/2964/1264 880/3123/1264 2546/2965/2274
f 2546/2965/2274 2553/3122/2408 2611/2966/2275
f 2552/2968/2277 2553/3122/2408 879/2969/1296
f 2552/2968/2277 2551/3120/2406 2609/2971/2278
f 2550/2973/2280 2551/3120/2406 877/2974/1264
f 2608/2976/2281 2550/2973/2280 2549/2977/2282
f 875/2979/1264 874/3119/1264 2548/2980/2284
f 2606/2981/2285 2548/2980/2284 2547/2982/2286
f 2545/2984/2288 2547/2982/2286 873/2985/1264
f 2521/2987/2289 2520/3700/2812 2543/2988/2290
f 2543/2988/2290 2520/3700/2812 2519/2989/2291
f 2598/2991/2293 2541/2990/2292 2539/2992/2294
f 2598/2991/2293 2591/2993/2295 2592/2994/2296
f 2599/2995/2297 2592/2994/2296 2593/2996/2298
f 2600/2997/2299 2593/2996/2298 2594/2998/2300
f 2594/2998/2300 2595/3002/2304 2602/3000/2302
f 2603/3001/2303 2602/3000/2302 2595/3002/2304
f 2597/3004/2306 2604/3006/2308 2603/3001/2303
f 2540/3005/2307 2542/3008/2310 2604/3006/2308
f 2559/3007/2309 2560/3121/2407 2542/3008/2310
f 2558/3009/2311 2559/3007/2309 2540/3005/2307
f 2538/3010/2312 2590/3109/2403 2583/3011/2313
f 2534/3013/2315 2556/3107/2402 2557/3014/2316
f 2576/3016/2317 2569/3106/2401 2532/3017/2318
f 2532/3017/2318 2530/3022/2323 2554/3018/2319
f 2529/3020/2321 641/3105/2400 640/3021/2322
f 638/3023/2324 640/3021/2322 639/3024/2325
f 637/3026/2326 2941/3601/2330 2999/3027/1564
f 2909/3029/2328 2918/3032/2331 2942/3030/2329
f 2918/3032/2331 2950/3101/2397 2957/3033/2332
f 2957/3033/2332 2950/3101/2397 2951/3035/2334
f 2958/3036/2335 2951/3035/2334 2952/3037/2336
f 2912/3039/2338 2913/3100/2396 2953/3040/2339
f 2914/3041/2340 2913/3100/2396 648/3042/2341
f 650/3043/2342 649/3099/2395 651/3044/2343
f 653/3046/2345 651/3044/2343 2524/3047/2346
f 2523/3048/2347 2563/3092/2388 2531/3049/2348
f 2515/3051/2350 2514/3689/2806 2531/3049/2348
f 2533/3052/2351 2570/3090/2387 2577/3053/2352
f 2516/3055/2354 2535/3089/2353 2537/3056/2355
f 2584/3058/2357 2577/3053/2352 2578/3059/2358
f 2585/3060/2359 2578/3059/2358 2579/3061/2360
f 2579/3061/2360 2580/3065/2364 2587/3063/2362
f 2588/3064/2363 2587/3063/2362 2580/3065/2364
f 2581/3066/2365 2582/3069/2368 2589/3067/2366
f 2581/3066/2365 2574/3087/2386 2575/3068/2367
f 2575/3068/2367 2574/3087/2386 2567/3070/2369
f 2527/3072/2371 2528/3104/2399 2568/3071/2370
f 643/3073/2372 2528/3104/2399 2527/3072/2371
f 644/3075/2374 643/3073/2372 645/3074/2373
f 642/3077/2376 644/3075/2374 2911/3078/2377
f 2526/3080/2379 647/3098/2394 645/3074/2373
f 2525/3081/2380 2526/3080/2379 2566/3082/2381
f 2571/3084/2383 2564/3095/2391 2565/3083/2382
f 2565/3083/2382 2566/3082/2381 2573/3086/2385
f 2567/3070/2369 2566/3082/2381 2526/3080/2379
f 2566/3082/2381 2567/3070/2369 2574/3087/2386
f 2580/3065/2364 2573/3086/2385 2574/3087/2386
f 2572/3085/2384 2573/3086/2385 2580/3065/2364
f 2578/3059/2358 2571/3084/2383 2572/3085/2384
f 2577/3088/2352 2584/3116/2357 2537/3056/2355
f 2578/3059/2358 2577/3053/2352 2570/3090/2387
f 2516/3091/2354 2515/3051/2350 2533/3052/2351
f 2563/3092/2388 2564/3095/2391 2571/3084/2383
f 2563/3092/2388 2570/3090/2387 2533/3052/2351
f 2531/3049/2348 2514/3689/2806 2513/3093/2389
f 657/3094/2390 655/3096/2392 2522/3050/2349
f 2525/3081/2380 2565/3083/2382 2564/3095/2391
f 2563/3092/2388 2523/3048/2347 2524/3047/2346
f 2523/3048/2347 2522/3050/2349 655/3096/2392
f 655/3096/2392 656/3611/2783 654/3097/2393
f 653/3046/2345 654/3097/2393 652/3045/2344
f 647/3098/2394 2526/3080/2379 2525/3081/2380
f 2525/3081/2380 2524/3047/2346 651/3044/2343
f 649/3099/2395 650/3043/2342 648/3042/2341
f 647/3098/2394 648/3042/2341 646/3076/2375
f 2913/3100/2396 2912/3039/2338 646/3076/2375
f 644/3075/2374 646/3076/2375 2912/3039/2338
f 2912/3039/2338 2952/3037/2336 2951/3035/2334
f 2950/3101/2397 2910/3079/2378 2911/3078/2377
f 2910/3079/2378 2950/3101/2397 2918/3032/2331
f 638/3102/2324 637/3026/2326 636/3028/2327
f 642/3077/2376 2910/3079/2378 2909/3029/2328
f 2909/3029/2328 2941/3031/2330 637/3025/2326
f 2528/3104/2399 643/3073/2372 641/3105/2400
f 641/3105/2400 643/3073/2372 644/3075/2374
f 642/3077/2376 639/3024/2325 640/3021/2322
f 2530/3022/2323 640/3021/2322 638/3023/2324
f 2576/3016/2317 2575/3068/2367 2568/3071/2370
f 2529/3020/2321 2530/3022/2323 2532/3017/2318
f 2569/3106/2401 2568/3071/2370 2528/3104/2399
f 2532/3017/2318 2555/3019/2320 2556/3107/2402
f 2582/3108/2368 2583/3011/2313 2590/3109/2403
f 2536/3015/2314 2583/3111/2313 2576/3016/2317
f 2582/3069/2368 2575/3068/2367 2576/3016/2317
f 2538/3010/2312 2536/3012/2314 2557/3112/2316
f 2540/3005/2307 2597/3004/2306 2590/3109/2403
f 2589/3110/2366 2590/3109/2403 2597/3004/2306
f 2588/3113/2363 2589/3110/2366 2596/3003/2305
f 2594/2998/2300 2587/3114/2362 2588/3113/2363
f 2593/2996/2298 2586/4239/2361 2587/3114/2362
f 2585/3115/2359 2586/4239/2361 2593/2996/2298
f 2584/3116/2357 2585/3115/2359 2592/2994/2296
f 2584/3116/2357 2591/2993/2295 2539/2992/2294
f 2539/2992/2294 2518/3117/2404 2517/3057/2356
f 2541/2990/2292 2519/2989/2291 2518/3117/2404
f 2545/2984/2288 872/2986/1264 813/3118/2405
f 2543/2988/2290 2605/2983/2287 2547/2982/2286
f 2606/2981/2285 2605/2983/2287 2598/2991/2293
f 2605/2983/2287 2543/2988/2290 2541/2990/2292
f 873/2985/1264 2547/2982/2286 2548/2980/2284
f 2607/2978/2283 2549/2977/2282 2548/2980/2284
f 2601/2999/2301 2608/2976/2281 2607/2978/2283
f 2600/2997/2299 2607/2978/2283 2606/2981/2285
f 875/2979/1264 2549/2977/2282 2550/2973/2280
f 2608/2976/2281 2609/2971/2278 2551/3120/2406
f 2610/2972/2279 2609/2971/2278 2602/3000/2302
f 2609/2971/2278 2608/2976/2281 2601/2999/2301
f 2551/3120/2406 2552/2968/2277 878/2970/1264
f 2560/3121/2407 2561/3124/2409 2544/2967/2276
f 2553/3122/2408 2552/2968/2277 2610/2972/2279
f 2542/3008/2310 2544/2967/2276 2611/2966/2275
f 2604/3006/2308 2611/2966/2275 2610/2972/2279
f 2553/3122/2408 2546/2965/2274 880/3123/1264
f 2561/3124/2409 2562/2963/2273 2546/2965/2274
f 837/3125/1264 2646/2957/2268 2647/3126/2410
f 2706/3128/2411 2648/3130/2413 2647/3126/2410
f 2648/3130/2413 2649/3134/2415 840/3131/1264
f 2708/3133/2414 2650/3136/2417 2649/3134/2415
f 2650/3136/2417 2651/3573/2761 842/3137/1264
f 2652/3139/2418 2651/3573/2761 2709/3140/2419
f 843/3142/1264 2652/3139/2418 2645/3143/2421
f 2643/3145/2422 2660/3572/2760 2661/3146/2423
f 2661/3146/2423 2719/3150/2424 802/3147/1264
f 845/3149/1264 802/3147/1264 2719/3150/2424
f 2745/3152/2426 2743/3151/2425 2741/3153/2427
f 846/3155/1264 2745/3152/2426 2746/3156/2429
f 2747/3158/2430 2746/3156/2429 2795/3159/2431
f 849/3161/1264 848/3570/1264 2747/3158/2430
f 2748/3162/2433 2797/3568/2757 2798/3163/2434
f 851/3165/1296 850/3703/1264 2749/3164/2435
f 2751/3167/2437 2750/3166/2436 2799/3168/2438
f 2751/3167/2437 2744/3172/2440 853/3170/1264
f 2744/3172/2440 2742/3566/2755 798/3173/2441
f 704/3178/2444 731/3564/1264 732/3177/1264
f 784/3179/2445 706/3561/2752 704/3178/2444
f 733/3181/1264 706/3561/2752 707/3182/2447
f 786/3184/2448 708/3560/2751 707/3182/2447
f 735/3186/1264 708/3560/2751 709/3187/2450
f 710/3189/2451 709/3187/2450 787/3190/2452
f 738/3192/1264 737/3559/1264 710/3189/2451
f 711/3193/2454 710/3189/2451 788/3191/2453
f 781/3195/2456 782/3197/2458 789/3194/2455
f 774/3196/2457 775/3199/2460 782/3197/2458
f 774/3196/2457 767/4240/2462 768/3198/2459
f 760/3200/2461 761/3697/2810 768/3201/2459
f 754/3203/2463 761/3697/2810 760/3200/2461
f 753/3204/2464 746/4241/2967 747/3205/2465
f 747/3205/2465 746/4241/2967 686/3206/2466
f 667/3208/2468 665/3555/2748 687/3207/2467
f 669/3209/2469 670/3554/2747 668/3210/2470
f 668/3210/2470 2813/3214/1907 2812/3211/1921
f 2854/3213/2472 2853/3552/2746 2813/3214/1907
f 2852/3216/2474 2853/3552/2746 2860/3217/2475
f 2860/3217/2475 2861/3550/2744 2868/3219/2477
f 2866/3221/2478 2867/3220/1800 2874/3222/2479
f 2874/3224/2479 2881/3647/1791 2880/3225/2480
f 2868/3219/2477 2869/3230/2483 2876/3227/1965
f 2877/3229/2482 2876/3227/1965 2869/3230/2483
f 2870/3231/2484 2871/3234/2487 2878/3232/2485
f 2826/3233/2486 2878/3232/2485 2871/3234/2487
f 2824/3235/2488 2804/3549/2490 2805/3236/2489
f 543/3237/1817 545/3640/1774 2805/3238/2489
f 509/3240/2491 545/3640/1774 543/3237/1817
f 576/3242/2493 509/4242/2491 507/3243/2492
f 576/3242/2493 569/3244/1768 570/3245/1765
f 570/3245/1765 571/3546/2743 578/3247/450
f 572/3248/2494 571/3546/2743 564/3249/2495
f 558/3251/1762 559/3254/1761 566/3252/2497
f 500/3253/2498 560/3257/2500 559/3254/1761
f 501/3256/2499 561/3258/2501 560/3257/2500
f 561/3258/2501 501/3256/2499 502/3259/439
f 538/3261/440 540/3263/2504 504/3260/2502
f 538/3261/440 3040/4243/2506 3041/3262/2503
f 3017/3264/2505 3041/4244/2503 3040/3265/2506
f 617/3267/2507 620/3269/2509 3009/3268/2508
f 620/3269/2509 622/3272/2512 3010/3270/2510
f 624/3271/2511 3011/3590/2769 3010/3270/2510
f 624/3271/2511 623/3542/2740 625/3273/2513
f 627/3275/2515 625/3273/2513 2625/3276/2516
f 2664/3278/2518 2663/3541/2739 2623/3279/2519
f 2672/3280/2520 2671/3282/2522 2664/3278/2518
f 2671/3282/2522 2678/3286/2526 2677/3283/2523
f 2686/3285/2525 2685/3540/2528 2678/3286/2526
f 2685/3288/2528 2692/3293/2533 2691/3289/2529
f 2693/3291/2531 2700/3295/2535 2699/3292/2532
f 2694/3294/2534 2701/3574/2762 2700/3295/2535
f 2702/3296/2536 2701/3574/2762 2694/3294/2534
f 2703/3298/2538 2702/3296/2536 2695/3297/2537
f 2696/3299/2539 2639/3536/2737 2641/3300/2540
f 2641/3300/2540 2639/3536/2737 2658/3301/2541
f 2659/3302/2542 2658/3301/2541 2716/3303/2543
f 2716/3303/2543 2737/3307/2547 2739/3305/2545
f 2780/3306/2546 2787/3309/2549 2739/3305/2545
f 2781/3308/2548 2788/3311/2551 2787/3309/2549
f 2782/3310/2550 2789/3569/2758 2788/3311/2551
f 2790/3312/2552 2789/3569/2758 2782/3310/2550
f 2784/3314/2554 2791/3567/2756 2790/3312/2552
f 2792/3315/2555 2791/3567/2756 2784/3314/2554
f 2786/3317/2557 2793/3319/2559 2792/3315/2555
f 2738/3318/2558 2740/3320/2560 2793/3319/2559
f 2740/3320/2560 2738/3318/2558 796/3321/2561
f 723/3323/2563 725/3562/2753 797/3322/2562
f 700/3324/2564 725/3562/2753 723/3323/2563
f 777/3326/2566 700/3324/2564 698/3325/2565
f 770/3327/2567 771/3330/2570 778/3328/2568
f 772/3329/2569 779/3332/2572 778/3328/2568
f 773/3331/2571 780/3558/2750 779/3332/2572
f 765/3333/2573 766/3557/2749 773/3331/2571
f 759/3334/2574 766/3556/2749 765/3335/2573
f 751/3337/2576 752/3339/2578 759/3334/2574
f 751/3337/2576 744/3530/2734 745/3338/2577
f 745/3338/2577 744/3530/2734 684/3340/2579
f 673/3342/2581 671/3529/2733 684/3340/2579
f 683/3343/2582 743/3528/2732 742/3344/2583
f 742/3344/2583 749/3526/2731 692/3346/2585
f 719/3348/2587 717/3358/2596 692/3346/2585
f 696/3350/2589 694/3524/2588 756/3351/2590
f 763/3353/2591 756/3527/2590 757/3354/2592
f 793/3356/2594 792/3359/2597 715/3357/2595
f 792/3359/2597 2730/3520/2726 2728/3360/2598
f 605/3362/2600 2728/3516/2598 2727/3363/2601
f 2758/3365/2603 2757/3369/2607 2726/3366/2604
f 2764/3367/2605 2763/3370/2608 2756/3368/2606
f 2763/3370/2608 2770/3509/2716 2769/3371/2609
f 2769/3371/2609 2776/3510/2723 2775/3373/2611
f 2775/3373/2611 2774/4245/2614 2767/3375/2613
f 2774/3376/2614 2773/3379/2616 2766/3377/2615
f 2773/3379/2616 2735/3381/2618 2733/3380/2617
f 2735/3381/2618 2715/3494/2712 2714/3382/2619
f 2714/3383/2619 2656/4246/2711 2655/3384/2620
f 2655/3386/2620 2633/3488/2708 2631/3387/2622
f 2668/3389/2624 2628/3486/2706 2629/3390/2625
f 2675/3391/2626 2674/3393/2628 2667/3392/2627
f 2674/3393/2628 2681/3401/2633 2680/3394/2629
f 2682/3396/2631 2689/3400/2635 2688/3397/2632
f 2635/3399/2634 2637/3492/2710 2689/3400/2635
f 2681/3401/2633 2688/4247/2632 2687/3402/2636
f 2675/3391/2626 2682/3489/2631 2681/3401/2633
f 2674/3393/2628 2673/3395/2630 2666/3403/2637
f 2627/3404/2638 2667/3392/2627 2666/3403/2637
f 2653/3406/2640 2629/3390/2625 618/3407/2641
f 616/3409/2642 614/3483/2703 2711/3410/2643
f 2711/3410/2643 2720/3481/2701 2729/3412/2644
f 2752/3414/2646 2759/3417/2649 2731/3415/2647
f 2753/3416/2648 2760/3419/2651 2759/3417/2649
f 2754/3418/2650 2761/3497/2713 2760/3419/2651
f 2755/3420/2652 2754/3418/2650 2723/3421/2653
f 608/3423/2655 2725/3512/2724 2724/3422/2654
f 607/3425/2657 608/3423/2655 531/3426/2658
f 495/3428/1822 529/3469/2689 530/3427/2659
f 495/3428/1822 555/3462/2685 503/3430/2661
f 541/3432/1829 539/3460/2683 503/3433/2661
f 526/3435/2663 539/3460/2683 2802/3436/2664
f 680/3438/2665 2801/3437/1813 2818/3439/2666
f 2820/3441/1812 2857/3451/2674 2817/3442/1811
f 2856/3443/1810 2857/3451/2674 2864/3444/2668
f 2863/3445/2669 2862/3551/2745 2855/3446/2670
f 2816/3447/2671 2856/3443/1810 2855/3446/2670
f 674/3449/2672 2816/3447/2671 2815/3448/1911
f 2857/3451/2674 2820/3441/1812 2822/3452/2675
f 2857/3451/2674 2856/3443/1810 2816/3447/2671
f 674/3449/2672 676/3457/2680 2817/3442/1811
f 679/3453/2676 604/3513/2725 527/3454/2677
f 681/3455/2678 713/3521/2729 679/3453/2676
f 2818/3439/2666 2817/3442/1811 676/3457/2680
f 679/3453/2676 680/3438/2665 678/3440/2667
f 677/3456/2679 678/3440/2667 676/3457/2680
f 2803/3459/2682 2822/3452/2675 2820/3441/1812
f 2802/3436/2664 2820/3441/1812 2818/3439/2666
f 2801/3437/1813 680/3438/2665 527/3454/2677
f 541/3432/1829 2803/3459/2682 2802/3436/2664
f 563/3461/2684 562/3465/2687 555/3462/2685
f 505/3464/2662 503/3430/2661 555/3462/2685
f 503/3433/2661 539/3460/2683 526/3435/2663
f 527/3454/2677 528/3514/2688 494/3466/1830
f 496/3429/2660 497/3545/2742 557/3467/1971
f 556/3463/2686 555/3462/2685 495/3428/1822
f 495/3428/1822 494/3431/1830 528/3468/2688
f 498/3470/2690 497/3545/2742 531/3426/2658
f 531/3426/2658 497/3545/2742 496/3429/2660
f 609/3424/2656 610/3473/2693 533/3472/2692
f 610/3473/2693 611/3475/2695 534/3474/2694
f 611/3475/2695 2722/3480/2700 2721/3476/2696
f 612/3477/2697 613/3482/2702 536/3478/2698
f 611/3475/2695 612/3477/2697 535/3479/2699
f 608/3423/2655 609/3424/2656 532/3471/2691
f 609/3424/2656 2724/3422/2654 2723/3421/2653
f 610/3473/2693 2723/3421/2653 2722/3480/2700
f 2754/3418/2650 2753/3416/2648 2722/3480/2700
f 2753/3416/2648 2752/3414/2646 2721/3476/2696
f 2752/3414/2646 2729/3412/2644 2720/3481/2701
f 612/3477/2697 2721/3476/2696 2720/3481/2701
f 613/3482/2702 2720/3481/2701 2711/3410/2643
f 613/3482/2702 614/3483/2703 537/3484/2704
f 614/3483/2703 616/3409/2642 615/3485/2705
f 2628/3486/2706 2668/3389/2624 2667/3392/2627
f 2628/3486/2706 619/3487/2707 618/3407/2641
f 2627/3404/2638 621/3543/2741 619/3487/2707
f 2633/3488/2708 2635/4248/2634 2682/3489/2631
f 2668/3389/2624 2631/3387/2622 2633/3488/2708
f 2654/3490/2623 2653/3411/2640 2711/3410/2643
f 2629/3390/2625 2653/3406/2640 2654/3388/2623
f 2635/3399/2634 2656/4249/2711 2657/3491/2709
f 2656/3493/2711 2635/4248/2634 2633/3488/2708
f 2729/3412/2644 2731/3415/2647 2713/3385/2621
f 2655/3384/2620 2654/3490/2623 2712/3413/2645
f 2657/3491/2709 2656/4249/2711 2714/3382/2619
f 2714/3383/2619 2713/3385/2621 2731/3415/2647
f 2759/3417/2649 2766/3496/2615 2733/3495/2617
f 2760/3419/2651 2767/3375/2613 2766/3496/2615
f 2768/3374/2612 2767/3375/2613 2760/3419/2651
f 2771/3498/2714 2778/3533/2736 2777/3499/2715
f 2779/3501/2717 2778/3533/2736 2771/3498/2714
f 2772/3502/2718 2734/3504/2720 2736/3503/2719
f 2734/3504/2720 794/3522/2727 795/3505/2721
f 2765/3506/2722 2732/4250/2728 2734/3507/2720
f 2770/3509/2716 2777/4251/2715 2776/3510/2723
f 2762/3372/2610 2769/3371/2609 2768/3374/2612
f 2755/3420/2652 2762/3372/2610 2761/3497/2713
f 2765/3506/2722 2772/3508/2718 2771/3511/2714
f 2764/3367/2605 2771/3511/2714 2770/3509/2716
f 2756/3368/2606 2763/3370/2608 2762/3372/2610
f 2756/3368/2606 2755/3420/2652 2724/3422/2654
f 2758/3365/2603 2765/3506/2722 2764/3367/2605
f 2726/3366/2604 2757/3369/2607 2756/3368/2606
f 2726/3366/2604 2725/3512/2724 608/3423/2655
f 604/3513/2725 605/3517/2600 528/3514/2688
f 2726/3366/2604 607/3425/2657 606/3364/2602
f 607/3425/2657 530/3427/2659 529/3469/2689
f 606/3364/2602 529/3469/2689 528/3468/2688
f 2730/3515/2726 2732/4250/2728 2765/3506/2722
f 2758/3365/2603 2727/3363/2601 2728/3516/2598
f 605/3517/2600 604/3513/2725 791/3361/2599
f 679/3453/2676 713/3521/2729 791/3361/2599
f 794/3518/2727 2734/4252/2720 2732/3519/2728
f 793/3356/2594 2732/3519/2728 2730/3520/2726
f 713/3521/2729 715/3357/2595 792/3359/2597
f 794/3522/2727 719/3525/2587 721/3523/2730
f 794/3518/2727 793/3356/2594 717/3358/2596
f 694/3524/2588 696/3350/2589 721/3523/2730
f 749/3526/2731 750/3531/2735 757/3354/2592
f 749/3526/2731 756/3527/2590 694/3349/2588
f 717/3358/2596 715/3357/2595 690/3347/2586
f 713/3521/2729 681/3455/2678 690/3347/2586
f 743/3528/2732 750/3531/2735 749/3526/2731
f 682/3345/2584 742/3344/2583 690/3347/2586
f 677/3456/2679 675/3458/2681 682/3345/2584
f 675/3458/2681 673/3342/2581 683/3343/2582
f 675/3458/2681 676/3457/2680 674/3449/2672
f 673/3342/2581 674/3449/2672 672/3450/2673
f 744/3530/2734 743/3528/2732 683/3343/2582
f 744/3530/2734 751/3337/2576 750/3531/2735
f 750/3531/2735 751/3337/2576 758/3336/2575
f 765/3335/2573 764/3355/2593 757/3354/2592
f 764/3532/2593 765/3333/2573 772/3329/2569
f 764/3532/2593 771/3330/2570 770/3327/2567
f 763/3352/2591 770/3327/2567 698/3325/2565
f 721/3523/2730 696/3350/2589 698/3325/2565
f 796/3321/2561 795/3505/2721 721/3523/2730
f 2738/3318/2558 2736/3503/2719 795/3505/2721
f 2736/3503/2719 2738/3318/2558 2786/3317/2557
f 2786/3317/2557 2785/3316/2556 2778/3533/2736
f 2785/3316/2556 2784/3314/2554 2777/3499/2715
f 2777/3499/2715 2784/3314/2554 2783/3313/2553
f 2783/3313/2553 2782/3310/2550 2775/3535/2611
f 2782/3310/2550 2781/3308/2548 2774/3376/2614
f 2781/3308/2548 2780/3306/2546 2773/3379/2616
f 2780/3306/2546 2737/3307/2547 2735/3381/2618
f 2715/3494/2712 2735/3381/2618 2737/3307/2547
f 2657/3491/2709 2715/3494/2712 2716/3303/2543
f 2637/3492/2710 2657/3491/2709 2658/3301/2541
f 2689/3400/2635 2637/3492/2710 2639/3536/2737
f 2689/3400/2635 2696/3299/2539 2695/3297/2537
f 2688/3397/2632 2695/3297/2537 2694/3294/2534
f 2692/3293/2533 2699/3292/2532 2698/3538/2738
f 2694/3294/2534 2693/3291/2531 2686/3539/2525
f 2693/3291/2531 2692/3293/2533 2685/3288/2528
f 2687/3402/2636 2686/3285/2525 2679/3287/2527
f 2685/3540/2528 2684/4253/2530 2677/3283/2523
f 2673/3395/2630 2680/3394/2629 2679/3287/2527
f 2679/3287/2527 2678/3286/2526 2671/3282/2522
f 2673/3395/2630 2672/3280/2520 2665/3281/2521
f 2664/3278/2518 2671/3282/2522 2670/3284/2524
f 2626/3405/2639 2666/3403/2637 2665/3281/2521
f 2625/3276/2516 2665/3281/2521 2664/3278/2518
f 623/3542/2740 621/3543/2741 2627/3404/2638
f 625/3273/2513 623/3542/2740 2626/3405/2639
f 622/3272/2512 621/3543/2741 623/3542/2740
f 620/3269/2509 619/3487/2707 621/3543/2741
f 620/3269/2509 617/3267/2507 618/3407/2641
f 615/3544/2705 616/3408/2642 618/3407/2641
f 3008/3266/2068 3040/3265/2506 615/3544/2705
f 615/3485/2705 3040/4243/2506 538/3261/440
f 537/3484/2704 538/3261/440 502/3259/439
f 535/3479/2699 536/3478/2698 502/3259/439
f 534/3474/2694 535/3479/2699 501/3256/2499
f 533/3472/2692 534/3474/2694 500/3253/2498
f 532/3471/2691 533/3472/2692 499/3255/1973
f 558/3251/1762 498/3470/2690 499/3255/1973
f 498/3470/2690 558/3251/1762 557/3467/1971
f 557/3467/1971 558/3251/1762 565/3250/2496
f 557/3467/1971 564/3249/2495 563/3461/2684
f 571/3546/2743 570/3245/1765 563/3461/2684
f 562/3465/2687 563/3461/2684 570/3245/1765
f 562/3465/2687 569/3244/1768 507/3243/2492
f 543/3547/1817 541/4254/1829 505/3464/2662
f 543/3548/1817 2804/3549/2490 2803/3459/2682
f 2804/3549/2490 2824/3235/2488 2822/3452/2675
f 2822/3452/2675 2824/3235/2488 2871/3234/2487
f 2864/3444/2668 2871/3234/2487 2870/3231/2484
f 2869/3230/2483 2862/3551/2745 2863/3445/2669
f 2868/3219/2477 2875/3228/2481 2874/3222/2479
f 2869/3230/2483 2868/3219/2477 2861/3550/2744
f 2867/3220/1800 2866/3221/2478 2859/3218/2476
f 2855/3446/2670 2862/3551/2745 2861/3550/2744
f 2861/3550/2744 2860/3217/2475 2853/3552/2746
f 2815/3448/1911 2855/3446/2670 2854/3213/2472
f 2813/3214/1907 2853/3552/2746 2852/3216/2474
f 2811/3553/1897 664/3687/2805 666/3212/2471
f 672/3450/2673 2815/3448/1911 2814/3215/2473
f 2814/3215/2473 2813/3214/1907 668/3210/2470
f 685/3341/2580 684/3340/2579 671/3529/2733
f 670/3554/2747 669/3209/2469 671/3529/2733
f 667/3208/2468 668/3210/2470 666/3212/2471
f 669/3209/2469 667/3208/2468 686/3206/2466
f 686/3206/2466 746/4241/2967 745/3338/2577
f 745/3338/2577 746/4241/2967 753/3204/2464
f 753/3204/2464 760/3200/2461 759/3334/2574
f 760/3200/2461 767/3202/2462 766/3556/2749
f 766/3557/2749 767/4240/2462 774/3196/2457
f 773/3331/2571 774/3196/2457 781/3195/2456
f 781/3195/2456 788/3191/2453 787/3190/2452
f 737/3559/1264 736/3188/1264 709/3187/2450
f 709/3187/2450 708/3560/2751 786/3184/2448
f 779/3332/2572 780/3558/2750 787/3190/2452
f 779/3332/2572 786/3184/2448 785/3185/2449
f 708/3560/2751 735/3186/1264 734/3183/1264
f 785/3185/2449 707/3182/2447 706/3561/2752
f 785/3185/2449 784/3179/2445 777/3326/2566
f 700/3324/2564 777/3326/2566 784/3179/2445
f 725/3562/2753 700/3324/2564 702/3180/2446
f 706/3561/2752 733/3181/1264 731/3564/1264
f 727/3563/2754 702/3180/2446 704/3178/2444
f 2742/3566/2755 2740/3320/2560 797/3322/2562
f 799/3174/2442 798/3173/2441 727/3563/2754
f 798/3173/2441 797/3322/2562 725/3562/2753
f 2744/3172/2440 799/3174/2442 800/3565/1264
f 2751/3167/2437 2800/3169/2439 2742/3566/2755
f 2740/3320/2560 2742/3566/2755 2800/3169/2439
f 2793/3319/2559 2800/3169/2439 2799/3168/2438
f 852/3171/1264 851/3165/1296 2750/3166/2436
f 2799/3168/2438 2750/3166/2436 2749/3164/2435
f 2792/3315/2555 2799/3168/2438 2798/3163/2434
f 2791/3567/2756 2798/3163/2434 2797/3568/2757
f 2749/3164/2435 850/3703/1264 849/3161/1264
f 2797/3568/2757 2748/3162/2433 2747/3158/2430
f 2797/3568/2757 2796/3160/2432 2789/3569/2758
f 2789/3569/2758 2796/3160/2432 2795/3159/2431
f 847/3157/1264 2746/3156/2429 2747/3158/2430
f 2746/3156/2429 2745/3152/2426 2794/3154/2428
f 2788/3311/2551 2795/3159/2431 2794/3154/2428
f 2794/3154/2428 2741/3153/2427 2739/3305/2545
f 2717/3304/2544 2739/3305/2545 2741/3153/2427
f 846/3155/1264 845/3149/1264 2743/3151/2425
f 2719/3150/2424 2718/3571/2759 2741/3153/2427
f 2661/3146/2423 2660/3572/2760 2718/3571/2759
f 2660/3572/2760 2659/3302/2542 2717/3304/2544
f 2643/3145/2422 2641/3300/2540 2659/3302/2542
f 803/3148/107 844/3144/1264 2645/3143/2421
f 2643/3145/2422 2645/3143/2421 2652/3139/2418
f 2641/3300/2540 2643/3145/2422 2710/3141/2420
f 2710/3141/2420 2709/3140/2419 2702/3296/2536
f 2651/3573/2761 2652/3139/2418 843/3142/1264
f 2650/3136/2417 2708/3133/2414 2709/3140/2419
f 2709/3140/2419 2708/3133/2414 2701/3574/2762
f 2708/3133/2414 2707/3135/2416 2700/3295/2535
f 2649/3134/2415 2650/3136/2417 841/3138/1264
f 2707/3135/2416 2649/3134/2415 2648/3130/2413
f 2707/3135/2416 2706/3128/2411 2699/3292/2532
f 2706/3128/2411 2705/3129/2412 2698/3538/2738
f 2647/3126/2410 2648/3130/2413 839/3132/1264
f 836/3575/1264 2644/2959/2270 2646/2957/2268
f 2705/3129/2412 2647/3126/2410 2646/2957/2268
f 2619/2956/2267 2642/2955/2266 2644/2959/2270
f 2562/2963/2273 2561/3124/2409 2619/2956/2267
f 2619/2956/2267 2561/3124/2409 2560/3121/2407
f 2698/3538/2738 2705/3129/2412 2704/2958/2269
f 2704/2958/2269 2642/2955/2266 2640/2953/2264
f 2698/3538/2738 2697/3576/2763 2690/2952/2263
f 2617/3577/2764 2638/2950/2261 2640/2953/2264
f 2618/2954/2265 2560/3121/2407 2559/3007/2309
f 2617/3577/2764 2559/3007/2309 2558/3009/2311
f 2684/3290/2530 2691/3289/2529 2690/2952/2263
f 2638/2950/2261 2636/2948/2259 2683/3578/2765
f 2677/3283/2523 2684/4253/2530 2683/3579/2765
f 2616/2951/2262 2615/3581/2256 2634/2949/2260
f 2615/3581/2256 2616/2951/2262 2558/3009/2311
f 2557/3582/2316 2556/3585/2402 2614/2946/2257
f 2677/3283/2523 2676/3580/2258 2669/2942/2253
f 2669/2942/2253 2676/3580/2258 2634/3583/2260
f 2670/3284/2524 2669/2942/2253 2662/2943/2254
f 638/3102/2324 635/3103/2398 2612/2939/2250
f 2630/2940/2251 2632/2944/2255 2614/2946/2257
f 2556/3585/2402 2555/3586/2320 2613/2941/2252
f 2555/3586/2320 2554/3584/2319 2612/2939/2250
f 2662/2943/2254 2622/2937/2248 2623/3279/2519
f 2622/2937/2248 2662/2943/2254 2630/2940/2251
f 633/2936/2247 2621/2938/2249 2612/2939/2250
f 635/3103/2398 636/3028/2327 634/3587/2766
f 632/2935/2246 631/2934/2245 633/2936/2247
f 629/3588/2767 627/3275/2515 2624/3277/2517
f 629/3588/2767 2623/3279/2519 2622/2937/2248
f 628/3589/2768 627/3275/2515 629/3588/2767
f 627/3275/2515 628/3589/2768 626/3274/2514
f 628/3589/2768 3013/2930/2241 3012/2931/2242
f 626/3274/2514 3012/2931/2242 3011/3590/2769
f 3052/2928/2239 3051/2926/2237 3011/3590/2769
f 3051/2926/2237 3050/2924/2235 3010/3270/2510
f 3050/2924/2235 3049/2925/2236 3009/3268/2508
f 3049/2925/2236 3017/3264/2505 3008/3266/2068
f 3056/2923/2234 3019/2922/2233 3017/3264/2505
f 3017/3591/2505 3019/3633/2233 3042/3592/2031
f 3057/2927/2238 3064/2919/2231 3063/2921/2232
f 3065/2917/2229 3064/2919/2231 3057/2927/2238
f 3066/2915/1529 3065/2917/2229 3058/2929/2240
f 3076/3594/2771 3075/4255/1508 3068/2911/2226
f 3022/3596/2773 3024/4256/2786 3076/3594/2771
f 3068/2911/2226 3075/4255/1508 3074/3597/2774
f 3060/2912/2227 3067/2913/1532 3066/2915/1529
f 3060/2912/2227 3059/3593/2770 3052/2928/2239
f 3062/3599/2776 3069/3595/2772 3068/2911/2226
f 3054/2910/2225 3061/2909/2224 3060/2912/2227
f 3013/2930/2241 3014/2933/2244 3054/2910/2225
f 636/3028/2327 2999/3027/1564 3016/2906/2222
f 3015/2908/2223 3055/2907/1537 3054/2910/2225
f 632/2935/2246 634/3587/2766 3016/2906/2222
f 3015/2908/2223 3014/2933/2244 630/2932/2243
f 3020/3600/2777 3022/3596/2773 3069/3595/2772
f 3018/2904/2220 3020/3600/2777 3062/3599/2776
f 2999/3027/1564 3000/2905/2221 3018/2904/2220
f 3000/2905/2221 2999/3027/1564 2941/3601/2330
f 3003/3603/2778 3024/4256/2786 3022/3596/2773
f 3002/2900/1615 3022/3596/2773 3020/3600/2777
f 3001/2903/2219 3000/2905/2221 2942/3602/2329
f 2918/3032/2331 2920/3034/2333 2943/3604/1541
f 3003/3605/2778 3002/4257/1615 2944/2899/2218
f 2920/3034/2333 2922/2896/1545 2944/3606/2218
f 2957/3033/2332 2964/2894/2216 2922/2896/1545
f 2957/3033/2332 2958/3036/2335 2965/2893/2215
f 2966/2891/1491 2965/2893/2215 2958/3036/2335
f 2974/2889/2213 2967/2886/2212 2968/2887/1932
f 2967/2886/2212 2966/2891/1491 2959/3038/2337
f 2959/3038/2337 2952/3037/2336 2953/3040/2339
f 2968/2887/1932 2961/2883/1487 2962/2885/2211
f 2961/2883/1487 2960/3608/2780 2953/3040/2339
f 2914/3041/2340 2954/3610/2782 2953/3040/2339
f 2914/3041/2340 2915/2882/2209 2955/2884/2210
f 2914/3041/2340 650/3043/2342 652/3045/2344
f 2916/2881/2208 654/3097/2393 656/3611/2783
f 654/3097/2393 2916/2881/2208 2915/2882/2209
f 2969/3609/2781 2962/2885/2211 2963/2874/2201
f 2921/2875/2202 2963/2874/2201 2956/2880/2207
f 2962/2885/2211 2955/2884/2210 2956/2880/2207
f 2921/2875/2202 2902/2876/2203 2903/2871/2199
f 2925/2870/2197 2977/3613/2194 2970/3612/2784
f 2977/3613/2194 2976/3614/1931 2969/3609/2781
f 2976/3614/1931 2975/3607/2779 2968/2887/1932
f 2975/3615/2779 2976/4238/1931 2983/2863/2192
f 2982/2861/1935 2981/2859/1933 2974/3616/2213
f 2973/3617/1492 2974/3616/2213 2981/2859/1933
f 2972/3619/2214 2973/3617/1492 2980/3618/2785
f 2978/2856/2188 2971/4258/1494 2972/3619/2214
f 2924/3620/2217 2971/4258/1494 2978/2856/2188
f 2926/2853/1495 2946/2852/1498 2945/2898/2091
f 3005/2848/2090 3004/2847/1500 2946/2852/1498
f 3004/2847/1500 3003/3605/2778 2945/2898/2091
f 3004/2847/1500 3026/2844/2187 3024/3621/2786
f 3076/3622/2771 3024/3621/2786 3026/2844/2187
f 3083/2842/2083 3082/2840/1509 3075/3623/1508
f 3075/3623/1508 3082/2840/1509 3081/2839/1507
f 3081/2839/1507 3080/2838/1511 3073/3625/1530
f 3080/2838/1511 3079/2835/1512 3072/3626/2228
f 3079/2835/1512 3078/2833/1515 3071/3627/2230
f 3078/2833/1515 3077/2830/1517 3070/3628/2081
f 3070/3628/2081 3077/2830/1517 3025/2832/2185
f 3063/2921/2232 3070/2920/2081 3023/3629/1522
f 3021/3631/2787 3023/2828/1522 3044/2826/2183
f 3019/3633/2233 3021/4259/2787 3043/3634/2788
f 542/3635/1596 3042/3592/2031 3043/3634/2788
f 540/3263/2504 3041/3262/2503 3042/3592/2031
f 504/3260/2502 540/3263/2504 542/3635/1596
f 561/3258/2501 504/3260/2502 506/2823/2035
f 560/3257/2500 561/3258/2501 568/2821/2180
f 567/2820/2179 566/3252/2497 559/3254/1761
f 573/3636/2789 566/3252/2497 567/2820/2179
f 573/3636/2789 572/3248/2494 565/3250/2496
f 580/2816/449 579/3637/448 572/3248/2494
f 571/3546/2743 572/3248/2494 579/3637/448
f 578/3638/450 579/2814/448 586/2813/451
f 584/2809/2172 577/3639/1767 578/3638/450
f 583/2808/2171 576/4260/2493 577/3639/1767
f 509/3240/2491 576/4260/2493 583/2808/2171
f 545/3640/1774 509/3240/2491 511/2805/1769
f 2807/2799/1858 2806/2798/1775 547/2803/2169
f 545/3640/1774 547/2803/2169 2806/2798/1775
f 2828/2796/2167 2826/3642/2486 2805/3238/2489
f 2828/2796/2167 2885/2794/1961 2878/3641/2485
f 2885/2794/1961 2884/2792/1785 2877/3643/2482
f 2883/2790/1784 2876/3644/1965 2877/3643/2482
f 2876/3644/1965 2883/2790/1784 2882/3645/1789
f 2881/3647/1791 2874/3224/2479 2875/3646/2481
f 2889/2789/1786 2888/2788/2165 2881/3647/1791
f 2880/3225/2480 2881/3647/1791 2888/2788/2165
f 2888/2788/2165 2895/1841/473 2894/2787/2164
f 488/1843/162 2837/1845/1408 2838/1840/1405
f 2838/1840/1405 2896/1842/1406 2897/1838/1404
f 2890/2791/2166 2891/2793/1964 2898/1836/1402
f 2890/2791/2166 2897/1838/1404 2896/1842/1406
f 2839/1837/1403 2840/1835/469 491/3650/162
f 2832/1831/466 2830/2797/1962 2807/2799/1858
f 2898/1836/1402 2899/1833/468 2841/1832/1401
f 2899/1833/468 2892/2795/1960 2830/2797/1962
f 2892/2795/1960 2899/1833/468 2898/1836/1402
f 2841/1832/1401 2834/1830/1400 493/3651/162
f 2834/1830/1400 2832/1831/466 2808/2800/692
f 2809/1828/462 2808/2800/692 551/2802/2168
f 551/2802/2168 515/1822/458 517/1824/1396
f 590/2806/2170 597/3653/455 515/1822/458
f 549/2801/1672 513/2804/1773 515/1822/458
f 458/3652/162 517/1824/1396 519/1823/1395
f 598/1819/1393 520/1818/1392 519/1823/1395
f 591/2807/456 592/2811/2173 599/1817/1391
f 590/2806/2170 591/2807/456 598/1819/1393
f 460/1821/162 520/1818/1392 521/1814/1390
f 463/2141/162 523/3654/2791 524/2139/1671
f 522/1812/1389 523/3654/2791 463/2141/162
f 600/1813/536 522/1812/1389 521/1814/1390
f 600/1813/536 599/1817/1391 592/2811/2173
f 603/2137/1669 525/4186/2959 524/2139/1671
f 602/1810/533 524/2139/1671 523/3654/2791
f 600/1813/536 593/2812/2174 594/1809/1387
f 593/2812/2174 586/2813/451 587/2815/2175
f 595/1808/531 596/1807/532 603/2137/1669
f 595/1808/531 594/1809/1387 587/2815/2175
f 587/2815/2175 580/4237/449 581/3655/2177
f 510/3656/1385 508/2822/2181 544/2824/2182
f 588/1806/1386 581/3655/2177 582/1804/1384
f 582/3659/1384 575/2819/2178 508/2822/2181
f 581/2818/2177 574/2817/2176 575/2819/2178
f 516/2138/1670 603/2137/1669 596/1807/532
f 514/1801/526 596/1807/532 589/3658/530
f 3045/2829/2184 548/1802/1382 546/2827/1655
f 548/1802/1382 512/1803/1383 510/1805/1385
f 554/3660/2792 518/2135/1667 516/2138/1670
f 516/2138/1670 514/1801/526 550/1799/1380
f 3046/1800/1381 550/1799/1380 548/1802/1382
f 3045/2829/2184 3025/2832/2185 3027/2831/1520
f 3029/1796/521 3047/1798/523 3046/1800/1381
f 447/2532/1668 446/2136/1668 554/3660/2792
f 554/3660/2792 552/3661/525 3047/1798/523
f 447/2532/1668 3048/1797/522 3031/3662/520
f 3029/1796/521 3091/1791/518 3033/1794/1379
f 3085/2836/1516 3092/1792/1378 3091/1791/518
f 3091/1791/518 3029/1796/521 3027/2831/1520
f 468/1795/162 3033/1794/1379 3034/1788/1377
f 3035/3663/2793 3034/1788/1377 3092/1792/1378
f 3087/2837/1513 3094/1787/516 3093/1786/1376
f 3086/3664/2794 3093/1786/1376 3092/1792/1378
f 3035/3663/2793 3036/1784/514 471/3665/162
f 3037/1785/1375 3036/1784/514 3094/1787/516
f 3089/2843/2086 3096/1782/513 3095/1781/1374
f 3088/2841/2186 3095/1781/1374 3094/1787/516
f 472/1783/162 3037/1785/1375 3038/1780/1373
f 3030/1778/510 3028/2846/2085 3005/2848/2090
f 3039/1777/1372 3038/1780/1373 3096/1782/513
f 3028/2846/2085 3030/1778/510 3097/3667/2795
f 3090/2845/2082 3097/3667/2795 3096/1782/513
f 475/3668/162 474/1779/162 3039/1777/1372
f 3006/2850/2093 3007/1774/504 3032/1776/508
f 2948/3669/2796 2949/1772/504 3007/1774/504
f 2932/1769/1369 2949/1772/504 2948/3669/2796
f 2930/1768/500 2928/2851/1497 2985/2854/1496
f 2930/1768/500 2948/3669/2796 2947/2849/1642
f 476/1771/162 2932/1769/1369 2934/1767/1368
f 2992/3670/2797 2993/1765/1367 2935/1764/1366
f 2987/2858/2189 2994/1763/498 2993/1765/1367
f 2992/3670/2797 2985/2854/1496 2986/2855/2095
f 478/3671/162 2935/1764/1366 2936/1762/1365
f 2937/1760/1364 2936/1762/1365 2994/1763/498
f 2996/1759/494 2995/1758/1363 2988/2860/2190
f 2988/2860/2190 2995/1758/1363 2994/1763/498
f 481/1756/162 480/3672/162 2937/1760/1364
f 2939/1755/1361 2940/1753/1359 483/2785/162
f 2939/1755/1361 2938/1757/1362 2996/1759/494
f 2997/1754/1360 2996/1759/494 2989/2862/2191
f 2929/1750/485 2927/2867/2196 2905/3674/2798
f 2991/1752/490 2998/1751/1358 2997/1754/1360
f 2927/2867/2196 2929/1750/485 2991/1752/490
f 2983/2863/2192 2984/2866/2195 2991/1752/490
f 483/2785/162 2940/1753/1359 2933/3676/2799
f 2940/1753/1359 2998/1751/1358 2931/1748/1357
f 2906/3675/1638 2907/1749/483 2931/1748/1357
f 2933/3676/2799 2908/1746/1356 453/1747/541
f 486/1846/162 2835/1742/1354 2836/1844/1407
f 486/1846/162 485/1745/162 2833/1743/1355
f 2836/1844/1407 2835/1742/1354 2893/3677/2800
f 2850/3678/2801 2908/1746/1356 2907/1749/483
f 2906/3675/1638 2848/1739/1352 2849/1741/1353
f 2831/1740/479 2833/1743/1355 2850/3678/2801
f 2893/3677/2800 2886/4174/1792 2887/3648/2790
f 2829/1738/1351 2886/4174/1792 2893/3677/2800
f 2887/3648/2790 2886/4174/1792 2879/1737/1350
f 2847/3679/2802 2848/1739/1352 2906/3675/1638
f 2846/1735/1348 2847/3679/2802 2905/3674/2798
f 2829/1738/1351 2848/1739/1352 2847/3679/2802
f 2872/3680/1344 2873/3226/1798 2880/3225/2480
f 2825/1736/1349 2872/3680/1344 2879/1737/1350
f 2873/3223/1798 2872/1731/1344 2865/1733/1346
f 2846/1735/1348 2904/2869/2198 2903/3681/2199
f 2902/2876/2203 2844/1730/1343 2845/1729/1342
f 2845/3682/1342 2823/4261/1345 2825/1736/1349
f 2865/1733/1346 2858/3683/2803 2859/3218/2476
f 2858/3683/2803 2865/1733/1346 2823/1732/1345
f 2858/3683/2803 2851/1725/1340 2852/3216/2474
f 2851/1725/1340 2811/3553/1897 2812/3211/1921
f 2851/1725/1340 2819/1727/1338 2810/3684/1339
f 2844/1730/1343 2902/2876/2203 2901/2878/2205
f 2819/1723/1338 2821/1728/1341 2844/1730/1343
f 657/3094/2390 658/1722/1337 656/3611/2783
f 2900/3686/2804 2901/2878/2205 2919/2877/2204
f 658/1722/1337 2900/3686/2804 2917/2879/2206
f 2900/3686/2804 2842/1721/1336 2843/3685/1429
f 659/1718/1333 660/1720/1335 658/1722/1337
f 664/3687/2805 2811/3553/1897 2810/3684/1339
f 2842/1721/1336 660/1720/1335 661/1719/1334
f 663/1716/1331 688/3692/2808 687/3207/2467
f 665/3555/2748 666/3212/2471 664/3687/2805
f 664/3687/2805 661/3688/1334 662/1717/1332
f 714/1712/1328 2513/3093/2389 2514/3689/2806
f 714/1712/1328 659/1718/1333 657/3094/2390
f 689/1714/1330 662/4171/1332 659/1718/1333
f 755/1711/1327 754/3203/2463 747/3205/2465
f 748/1709/1326 688/3692/2808 689/1715/1330
f 688/3692/2808 748/1709/1326 747/3205/2465
f 2516/3091/2354 720/1707/1325 718/3693/2809
f 718/3693/2809 716/3690/2807 2514/3689/2806
f 718/3693/2809 693/1706/1324 691/1713/1329
f 762/1705/1323 769/1704/1322 768/3198/2459
f 755/1711/1327 693/1710/1324 695/3695/1321
f 754/3203/2463 755/1711/1327 762/3696/1323
f 2517/3057/2356 2518/3117/2404 724/3698/2811
f 722/1701/1319 720/3699/1325 2516/3055/2354
f 720/3699/1325 722/1701/1319 697/1702/1320
f 775/3199/2460 776/1700/1318 783/1699/1317
f 769/1704/1322 697/1702/1320 699/1698/1316
f 769/1704/1322 776/1700/1318 775/3199/2460
f 726/1696/1314 2519/2989/2291 2520/3700/2812
f 724/3698/2811 2518/3117/2404 2519/2989/2291
f 724/3698/2811 726/1696/1314 701/3701/2813
f 790/3702/2814 712/1694/1312 711/3193/2454
f 701/3701/2813 703/1695/1313 790/3702/2814
f 782/3197/2458 783/1699/1317 790/3702/2814
f 741/1691/1264 730/1693/1311 2521/2987/2289
f 730/1693/1311 728/1697/1315 2520/3700/2812
f 703/1695/1313 728/1697/1315 730/1693/1311
f 705/1692/1310 740/1690/1296 739/1689/1264
f 739/1689/1264 738/3192/1264 711/3193/2454
f 860/1687/1264 859/1602/1264 2426/1601/1263
f 861/1688/1264 860/1687/1264 2425/1600/1262
f 2425/1600/1262 2465/1598/1260 2464/1596/1258
f 2432/1594/1256 2423/1683/1308 2424/1686/1309
f 2414/1681/1306 2423/1683/1308 2432/1594/1256
f 2357/1592/1254 2356/1682/1307 2414/1681/1306
f 2357/1592/1254 2334/1590/1252 2332/1679/1305
f 2331/1677/1304 2332/1679/1305 2334/1590/1252
f 2331/1677/1304 2371/1587/1249 2370/3705/2816
f 2370/3705/2816 2369/1585/1247 2329/1673/1302
f 2329/1673/1302 2369/1585/1247 2368/1582/1244
f 2368/1582/1244 2367/3706/2817 2327/1668/1300
f 2367/3706/2817 2366/3707/2818 2326/1666/1299
f 2367/3706/2817 2374/1581/1243 2373/1579/1241
f 2366/3707/2818 2373/1579/1241 2372/1576/1238
f 2366/3707/2818 2365/1574/1236 2325/1664/1298
f 2325/1664/1298 2365/1574/1236 2333/1573/1235
f 2316/1572/1234 2315/1660/1295 2324/1662/1297
f 2257/1658/1293 2315/1660/1295 2316/1572/1234
f 2233/1656/1292 2257/1658/1293 2258/1570/1232
f 2232/1654/1291 2233/1656/1292 2235/1567/1229
f 2272/1568/1230 2271/1565/1227 2231/1652/1290
f 2271/1565/1227 2270/1564/1226 2230/1650/1289
f 2270/1564/1226 2269/1560/1222 2229/1648/1288
f 2269/1560/1222 2268/1558/1220 2228/1645/1287
f 2228/1645/1287 2268/1558/1220 2267/3708/2819
f 2227/1642/1286 2267/3708/2819 2266/1555/1217
f 2226/1641/1285 2266/1555/1217 2234/1553/1215
f 2217/1551/1213 2216/1637/1283 2225/1639/1284
f 914/3709/2820 2216/1637/1283 2217/1551/1213
f 889/1635/1282 914/3709/2820 916/1550/1212
f 948/1546/1208 888/1633/1281 889/1635/1282
f 948/1546/1208 947/3710/2821 887/1631/1280
f 947/3710/2821 946/1544/1206 886/1629/1279
f 886/1629/1279 946/1544/1206 945/1542/1204
f 945/1542/1204 944/1538/1200 884/1624/1277
f 884/1624/1277 944/1538/1200 943/1537/1199
f 883/1621/1276 943/1537/1199 942/1536/1198
f 882/1620/1275 942/1536/1198 890/1533/1195
f 881/1618/1274 890/1533/1195 915/1531/1193
f 913/1616/1273 915/1531/1193 2456/3711/2822
f 2431/1612/1269 2455/1614/1271 2456/3711/2822
f 2430/1611/1268 2431/1612/1269 2433/1529/1191
f 2469/1525/1187 2429/1609/1267 2430/1611/1268
f 2429/1609/1267 2469/1525/1187 2468/1524/1186
f 2467/1520/1182 2427/1603/1265 2428/1607/1266
f 2426/1601/1263 2427/1603/1265 2467/1520/1182
f 2474/1522/1184 2473/1518/1180 2466/1599/1261
f 2472/1597/1259 2465/1598/1260 2466/1599/1261
f 2473/1518/1180 2480/1516/1178 2479/1513/1175
f 2478/1512/1174 2471/3712/2823 2472/1597/1259
f 2471/3712/2823 2478/1512/1174 2436/1510/1172
f 2417/1509/1171 2416/1593/1255 2434/1595/1257
f 2417/1509/1171 2359/1507/1169 2358/1591/1253
f 2336/1589/1251 2358/1591/1253 2359/1507/1169
f 2336/1589/1251 2338/1506/1168 2385/1501/1163
f 2377/1586/1248 2378/1588/1250 2385/1501/1163
f 2376/1584/1246 2377/1586/1248 2384/1499/1161
f 2376/1584/1246 2383/1500/1162 2382/1496/1158
f 2374/1581/1243 2375/1583/1245 2382/1496/1158
f 2381/1580/1242 2382/1496/1158 2389/1498/1160
f 2388/3713/1156 2387/3716/2824 2380/1577/1239
f 2394/1493/1155 2387/3714/2824 2388/1494/1156
f 2387/3714/2824 2394/1493/1155 2393/1489/1151
f 2379/1578/1240 2380/1577/1239 2387/3716/2824
f 2386/1487/1149 2339/1485/1147 2337/1486/1148
f 2379/1578/1240 2337/1486/1148 2335/1575/1237
f 2318/1483/1145 2317/1571/1233 2335/1575/1237
f 2318/1483/1145 2260/1482/1144 2259/1569/1231
f 2237/3717/2825 2259/1569/1231 2260/1482/1144
f 2237/3717/2825 2239/1481/1143 2286/1478/1140
f 2285/1476/1138 2278/1563/1225 2279/1566/1228
f 2284/1474/1136 2277/1562/1224 2278/1563/1225
f 2276/1561/1223 2277/1562/1224 2284/1474/1136
f 2275/1559/1221 2276/1561/1223 2283/1472/1134
f 2275/1559/1221 2282/1469/1131 2281/1468/1130
f 2274/1556/1218 2281/1468/1130 2280/1466/1128
f 2236/1554/1216 2273/1557/1219 2280/1466/1128
f 2236/1554/1216 2238/1464/1126 2219/1462/1124
f 920/1461/1123 918/1549/1211 2218/1552/1214
f 893/3718/2826 918/1549/1211 920/1461/1123
f 893/3718/2826 895/1458/1120 962/1456/1118
f 954/1545/1207 955/1547/1209 962/1456/1118
f 953/1543/1205 954/1545/1207 961/1457/1119
f 953/1543/1205 960/1452/1114 959/1453/1115
f 951/1541/1203 952/1540/1202 959/1453/1115
f 950/1539/1201 951/1541/1203 958/1450/1112
f 949/1535/1197 950/1539/1201 957/1449/1111
f 956/1445/1107 894/1443/1105 892/1534/1196
f 919/1441/1103 917/1532/1194 892/1534/1196
f 2458/1439/1101 2457/1530/1192 917/1532/1194
f 2458/1439/1101 2437/1437/1099 2435/1527/1189
f 2484/1435/1097 2477/1526/1188 2435/1527/1189
f 2477/1526/1188 2484/1435/1097 2483/1431/1094
f 2482/1433/1095 2475/1521/1183 2476/1523/1185
f 2475/1521/1183 2482/1433/1095 2481/1519/1181
f 2488/3719/1092 2481/1519/1181 2482/1433/1095
f 2481/1519/1181 2488/3719/1092 2487/1517/1179
f 2487/3720/1179 2488/1429/1092 2495/3721/1090
f 2494/3722/1089 2493/4262/1086 2486/3723/1177
f 2485/1514/1176 2486/1515/1177 2493/3724/1086
f 2485/1514/1176 2492/3725/1085 2440/3726/1082
f 2442/1418/1081 2420/1414/1078 2419/1416/1079
f 2440/3726/1082 2419/3727/1079 2418/1508/1170
f 2419/3727/1079 2361/3728/1076 2360/1505/1167
f 2361/3728/1076 2342/4263/1075 2340/1503/1165
f 2340/1503/1165 2342/4263/1075 2399/3729/1074
f 2392/1504/1166 2399/3729/1074 2398/3730/1071
f 2397/1404/1068 2390/3732/1159 2391/3731/1164
f 2396/1495/1157 2389/4170/1160 2390/3732/1159
f 2397/1404/1068 2404/1406/1070 2403/1402/1066
f 2396/1495/1157 2403/1402/1066 2402/3733/2827
f 2402/3733/2827 2403/1402/1066 2410/1401/1065
f 2401/1490/1152 2402/3733/2827 2409/1399/1063
f 1976/3734/2828 1979/3739/2833 1981/1395/1059
f 1976/3734/2828 1980/3735/2829 2028/3736/2830
f 2351/1397/1061 1985/3815/2849 1983/3738/2832
f 1983/3738/2832 1982/3816/2850 1980/3735/2829
f 2349/1396/1060 1981/1395/1059 1979/3739/2833
f 2407/1392/1056 2408/1398/1062 2350/1394/1058
f 2408/1398/1062 2407/1392/1056 2400/1491/1153
f 2343/3740/2834 2400/1491/1153 2407/1392/1056
f 2400/1491/1153 2343/3740/2834 2341/3741/1150
f 2320/1388/1052 2341/3741/1150 2343/3740/2834
f 2339/1485/1147 2341/1488/1150 2320/3742/1052
f 2262/3743/1050 2261/1480/1142 2319/1484/1146
f 2243/3744/1048 2241/1479/1141 2261/1480/1142
f 2241/1479/1141 2243/3744/1048 2300/3745/1046
f 2292/1475/1137 2293/1477/1139 2300/3745/1046
f 2291/3747/1135 2292/4264/1137 2299/1379/1044
f 2297/1377/1042 2290/3749/1132 2291/3747/1135
f 2296/1373/1038 2289/4265/1133 2290/3749/1132
f 2288/3750/1129 2289/4265/1133 2296/1373/1038
f 2287/3751/1127 2288/3750/1129 2295/1371/1036
f 2287/1465/1127 2294/4266/1034 2242/3752/1035
f 2240/3753/2836 2242/3752/1035 2221/3754/1032
f 926/1365/1030 924/1361/1027 2221/1367/1032
f 924/3755/1027 922/1460/1122 2220/1463/1125
f 924/3755/1027 899/3757/1025 897/3756/2837
f 969/1459/1121 897/3756/2837 899/3757/1025
f 969/1459/1121 976/3758/1026 975/3759/1023
f 974/1353/1019 967/3761/1117 968/3760/1116
f 973/1354/1020 966/4267/1113 967/3761/1117
f 965/3762/1110 966/4267/1113 973/1354/1020
f 971/1349/1015 964/3763/1109 965/3762/1110
f 964/3763/1109 971/1349/1015 970/1344/1010
f 970/3765/1010 898/3766/1012 896/1444/1106
f 921/1442/1104 896/1444/1106 898/3766/1012
f 900/1345/1011 925/1341/1007 923/3768/2838
f 923/3768/2838 925/1341/1007 2461/3769/1005
f 2460/3771/1004 2459/1440/1102 921/1442/1104
f 2439/1438/1100 2459/1440/1102 2460/3771/1004
f 2441/3772/1003 2498/3773/1002 2491/1436/1098
f 2498/3773/1002 2497/3774/999 2490/1434/1096
f 2489/1432/1093 2490/1434/1096 2497/3774/999
f 2504/1330/997 2503/3777/2839 2496/3776/1091
f 2495/1427/1090 2496/3776/1091 2503/3777/2839
f 2503/3777/2839 2510/1329/995 2509/3778/993
f 2508/3779/991 2501/1424/1087 2502/1425/1088
f 2501/1424/1087 2508/3779/991 2507/1319/988
f 2499/1420/1083 2500/3782/1084 2507/3781/988
f 2442/1418/1081 2499/1420/1083 2506/3784/989
f 2506/1321/989 2448/1320/986 2446/3785/987
f 2449/3787/990 1966/3890/2884 1965/3788/2840
f 1888/3790/2841 1887/1315/984 1964/1316/985
f 2446/1318/987 1964/1316/985 1963/1312/981
f 2444/3786/1080 2446/3785/987 2422/3793/2842
f 2422/3793/2842 2364/1309/980 2363/3795/2844
f 2421/3796/2843 2363/4268/2844 2362/3797/1077
f 2346/3798/979 2344/1409/1073 2362/1413/1077
f 1975/3800/982 1995/3805/977 2348/3801/978
f 1994/3803/2845 1995/3805/977 1975/3800/982
f 1995/3805/977 1994/3803/2845 1992/3806/2846
f 2413/4269/976 2346/1308/979 2348/1310/978
f 2344/1409/1073 2346/3798/979 2413/1304/976
f 2406/1408/1072 2413/1304/976 2412/1303/975
f 2404/1406/1070 2405/1405/1069 2412/1303/975
f 2354/3809/973 2353/3810/972 2411/1403/1067
f 2353/3810/972 2352/1400/1064 2410/1401/1065
f 1993/3811/2847 1991/1299/971 2354/1301/973
f 1990/3813/2848 1991/4162/971 1993/3807/2847
f 1989/1298/970 1987/1297/969 2352/1400/1064
f 1987/1297/969 1985/3815/2849 2351/1397/1061
f 1989/1298/970 1991/4162/971 1990/3813/2848
f 1987/1297/969 1986/4161/2900 1984/3814/965
f 1985/3815/2849 1984/3814/965 1982/3816/2850
f 1982/3817/2850 1984/1293/965 2030/1295/967
f 1980/3819/2829 1982/3817/2850 2029/3818/963
f 2029/1291/963 2069/1289/961 2068/1287/959
f 2068/1287/959 2036/1285/957 2027/3737/2831
f 2059/3821/2851 2027/3737/2831 2036/1285/957
f 2138/1281/954 2180/1252/925 2173/1249/922
f 2133/3822/2852 2173/1249/922 2172/1251/924
f 2015/3823/2853 2133/3822/2852 2132/1279/952
f 2117/1248/921 2118/4159/2958 2136/1250/923
f 2060/1283/955 2118/4160/2958 2117/3824/921
f 2017/3825/2854 2134/1246/920 2133/3822/2852
f 1997/1245/919 1977/3826/2855 2059/3821/2851
f 2027/3737/2831 2059/3821/2851 1977/3826/2855
f 1978/1244/918 1979/3739/2833 1976/3734/2828
f 2347/1393/1057 1979/3739/2833 1978/1244/918
f 2323/1241/916 2322/1391/1055 2345/1390/1054
f 2265/1243/915 2264/3827/914 2322/1391/1055
f 2264/3827/914 2263/1387/1051 2321/1389/1053
f 2247/3828/2856 2245/1384/1049 2263/1386/1051
f 2016/3829/2857 2249/1238/911 2265/1240/915
f 1996/3830/917 1997/1247/919 2017/3825/2854
f 2016/3829/2857 2017/3825/2854 2015/3823/2853
f 2256/3832/913 2314/1232/909 2247/3828/2856
f 2307/1382/1047 2245/1384/1049 2247/3828/2856
f 2307/1382/1047 2314/1232/909 2313/1234/910
f 2012/1231/908 2255/1230/907 2256/1237/913
f 2013/1277/950 2012/3833/908 2014/3831/912
f 2012/3833/908 2013/1277/950 2011/1276/949
f 2313/1234/910 2255/1233/907 2254/3835/2858
f 2306/1380/1045 2313/1234/910 2312/1226/904
f 2305/1378/1043 2312/1226/904 2311/1228/905
f 2008/3836/2859 2253/1223/901 2254/3837/2858
f 2010/3834/906 2011/1276/949 2009/1274/947
f 2007/1273/946 2006/4270/902 2008/3838/2859
f 2253/1227/901 2252/4157/903 2310/1220/899
f 2304/1375/1040 2311/1228/905 2310/1220/899
f 2303/1376/1041 2310/1220/899 2309/1222/900
f 2004/1219/898 2251/1218/897 2252/1225/903
f 2004/3839/898 2006/4270/902 2007/1273/946
f 2004/3839/898 2005/1270/943 2003/1268/941
f 2309/1222/900 2251/1221/897 2250/1216/895
f 2301/1372/1037 2302/1374/1039 2309/1222/900
f 2301/1372/1037 2308/1215/894 2246/3841/2860
f 2222/1366/1031 2244/1368/1033 2246/3841/2860
f 2248/1214/892 2224/4271/893 2223/1364/1029
f 2001/3842/2861 2248/1211/892 2250/3843/895
f 2002/3840/896 2003/1268/941 1998/1278/951
f 2126/1267/940 2158/3921/2893 1999/3845/2862
f 2000/1208/889 2001/3844/2861 1998/1278/951
f 930/3846/887 2224/1213/893 2000/1212/889
f 2223/1364/1029 2224/4271/893 930/1205/887
f 905/1207/886 903/3849/885 928/3848/2863
f 903/3849/885 901/1362/1028 926/1365/1030
f 901/3850/1028 903/1203/885 990/3851/2864
f 912/1202/884 905/1204/886 940/3852/888
f 912/1202/884 911/1201/883 989/1198/880
f 983/1358/1024 990/3851/2864 989/1198/880
f 981/1356/1022 982/1355/1021 989/1198/880
f 998/3853/2865 997/3855/2867 937/1197/879
f 997/3855/2867 996/3857/2869 936/1195/877
f 938/3854/2866 937/1197/879 910/1196/878
f 988/1199/881 910/1196/878 909/3856/2868
f 980/1352/1018 981/1356/1022 988/1199/881
f 979/1350/1016 980/1352/1018 987/1193/875
f 996/3857/2869 995/3860/2872 935/3858/2870
f 1004/4272/2871 994/3862/2874 995/4273/2872
f 994/3862/2874 1004/4272/2871 1003/3863/2875
f 995/3860/2872 994/3866/2874 934/1192/874
f 935/3858/2870 908/1191/873 909/3856/2868
f 908/1191/873 907/1190/872 985/3865/2877
f 978/1347/1013 979/1350/1016 986/1194/876
f 984/1189/871 977/1348/1014 978/1347/1013
f 977/1348/1014 984/1189/871 902/1343/1009
f 984/1189/871 906/1186/868 904/1188/870
f 994/3866/2874 993/3870/2876 933/3867/2878
f 933/3867/2878 906/1186/868 907/1190/872
f 993/3864/2876 1003/3863/2875 1002/3868/2879
f 993/3870/2876 991/1184/866 931/1187/869
f 904/1188/870 931/1187/869 932/1183/865
f 927/1342/1008 902/1343/1009 904/1188/870
f 2463/3871/2880 2462/1340/1006 927/1342/1008
f 2447/4155/861 2445/1176/859 2462/4274/1006
f 2445/3872/859 2443/4275/1001 2461/3873/1005
f 2512/3875/860 2505/4276/1000 2443/3876/1001
f 2505/1333/1000 2512/4277/860 2511/1331/998
f 2453/3878/857 2511/3879/998 2512/1178/860
f 2511/3879/998 2453/3878/857 2452/1328/996
f 1972/3880/863 1971/1173/856 2454/1175/858
f 1970/1171/854 1971/1173/856 1894/3882/2881
f 1969/3883/2882 2452/4278/996 2453/1174/857
f 1892/3884/853 1893/3897/855 1859/3885/2883
f 2451/3887/994 2452/4278/996 1969/3883/2882
f 1892/1170/853 1891/1165/848 1968/1167/850
f 2451/3887/994 1968/1167/850 1967/1166/849
f 2450/3889/992 1967/3888/849 1966/3890/2884
f 1890/3891/2885 1891/1165/848 1857/1169/852
f 1890/3891/2885 1889/1162/845 1966/3892/2884
f 1889/1162/845 1888/3790/2841 1965/3791/2840
f 1888/3790/2841 1889/1162/845 1855/1164/847
f 1887/1315/984 1888/3790/2841 1854/1160/843
f 1855/1164/847 1856/1163/846 1916/1157/840
f 1856/1163/846 1857/1169/852 1917/1155/838
f 1857/1169/852 1858/1168/851 1918/1153/836
f 1858/1168/851 1859/3895/2883 1919/1151/834
f 1865/3894/2887 1927/1150/833 1920/1147/830
f 1920/1147/830 1919/1151/834 1859/3895/2883
f 1893/3897/855 1894/3903/2881 1860/3898/2888
f 992/1185/867 1896/3900/829 1973/1180/862
f 1895/3899/828 1972/1181/863 1973/1180/862
f 1894/3882/2881 1971/1173/856 1972/3880/863
f 1861/3902/831 1860/3898/2888 1894/3903/2881
f 1863/3904/832 1899/1143/827 1901/3905/2889
f 1897/1142/826 1899/1143/827 1863/3904/832
f 1896/1146/829 992/3909/867 1034/3908/2890
f 991/3869/866 1002/3868/2879 1034/3908/2890
f 1899/1143/827 1036/1141/825 1038/1140/824
f 1002/3910/2879 1011/1139/823 1036/1141/825
f 1063/1138/822 1011/1139/823 1002/3910/2879
f 1064/1135/819 1063/1138/822 1003/3912/2875
f 1005/4279/2873 1065/3913/815 1064/4280/819
f 1065/3913/815 1005/4279/2873 1006/3914/2891
f 996/3857/2869 1006/3915/2891 1005/3861/2873
f 997/3855/2867 1007/3916/813 1006/3915/2891
f 998/3853/2865 1008/3918/811 1007/3916/813
f 941/1210/891 1001/1209/890 1000/3917/807
f 999/1122/806 1009/4153/809 1008/3918/811
f 1000/1123/807 999/1122/806 939/1200/882
f 999/1122/806 998/3853/2865 938/3854/2866
f 1010/3919/805 1012/4281/803 1069/1126/810
f 1999/3845/2862 2158/3921/2893 1035/1120/804
f 1035/1120/804 1010/4152/805 1000/3917/807
f 1035/1120/804 2158/3921/2893 2159/3920/2892
f 2160/1117/801 2159/3920/2892 2135/1265/938
f 2126/1267/940 2135/1265/938 2159/3920/2892
f 1012/1119/803 1037/1116/800 1039/1118/802
f 1014/1111/797 1076/1109/795 1069/3922/810
f 1068/3924/808 1069/3922/810 1076/1109/795
f 1067/3925/812 1068/3924/808 1075/1107/793
f 1066/3927/814 1067/3925/812 1074/3926/2894
f 1080/1102/788 1073/1132/816 1074/3926/2894
f 1079/1103/789 1072/1133/817 1073/1132/816
f 1078/1100/786 1071/1134/818 1072/1133/817
f 1077/1098/784 1070/1136/820 1071/1134/818
f 1013/1137/821 1070/1136/820 1077/1098/784
f 1040/1095/780 1038/1140/824 1013/1137/821
f 1903/3928/778 1901/3905/2889 1038/1140/824
f 1865/3894/2887 1901/4282/2889 1903/3929/778
f 1927/1150/833 1865/3894/2887 1867/1088/776
f 1933/1084/772 1926/1152/835 1927/1150/833
f 1932/3930/2895 1925/1154/837 1926/1152/835
f 1931/1081/769 1924/1156/839 1925/1154/837
f 1923/1158/841 1924/1156/839 1931/1081/769
f 1922/3931/2896 1923/1158/841 1930/1079/767
f 1928/3932/2897 1921/1074/762 1922/3931/2896
f 1915/1159/842 1922/3931/2896 1921/1074/762
f 1914/1161/844 1921/1074/762 1864/1073/761
f 1853/3893/2886 1854/1160/843 1914/1161/844
f 1885/1068/758 1853/3893/2886 1862/1072/760
f 1886/3934/2899 1887/1315/984 1853/3893/2886
f 2018/1070/757 1974/1314/983 1886/3934/2899
f 2035/1064/754 1994/3803/2845 1974/3804/983
f 2034/1062/752 1992/3806/2846 1994/3803/2845
f 2033/1060/750 1990/3813/2848 1992/3806/2846
f 2032/1061/751 1988/1296/968 1990/3813/2848
f 1986/4161/2900 1988/1296/968 2032/1061/751
f 2032/1061/751 2072/1057/747 2071/1059/749
f 2031/3937/966 2071/1059/749 2070/1292/964
f 2077/1054/744 2070/1292/964 2071/1059/749
f 2076/1290/962 2069/1289/961 2070/1292/964
f 2076/1290/962 2077/1054/744 2084/1056/746
f 2075/1288/960 2076/1290/962 2083/1052/742
f 2040/1048/738 2038/1286/958 2075/1288/960
f 2062/1047/735 2061/1284/956 2038/1286/958
f 2120/3939/733 2119/1282/953 2061/1284/956
f 2120/3940/733 2140/3941/2901 2138/1281/954
f 2140/3941/2901 2187/1037/729 2180/1252/925
f 2186/1035/727 2179/1253/926 2180/1252/925
f 2178/1255/928 2179/1253/926 2186/1035/727
f 2177/1258/931 2178/1255/928 2185/1036/728
f 2176/1259/932 2177/1258/931 2184/1031/723
f 2175/1261/934 2176/1259/932 2183/1029/721
f 2174/1262/935 2175/1261/934 2182/1027/719
f 2137/1264/937 2174/1262/935 2181/1025/717
f 1039/1118/802 2160/1117/801 2161/1024/716
f 2137/1264/937 2139/1022/715 2161/1024/716
f 1043/3942/2902 1041/4283/799 2161/3943/716
f 1016/3944/798 1041/4283/799 1043/3942/2902
f 1090/3945/708 1083/1110/796 1016/1112/798
f 1082/1108/794 1083/1110/796 1090/3945/708
f 1081/1106/792 1082/1108/794 1089/3947/2903
f 1095/1013/706 1088/3949/790 1089/3948/2903
f 1094/1009/702 1087/3951/791 1088/3949/790
f 1094/1009/702 1093/1007/700 1086/3950/787
f 1085/3952/785 1086/3950/787 1093/1007/700
f 1084/3953/783 1085/3952/785 1092/1005/698
f 1017/3954/781 1084/3953/783 1091/1003/696
f 1044/1001/694 1042/4150/2957 1017/3954/781
f 1044/1001/694 1046/998/691 1909/996/689
f 1905/1092/779 1042/4150/2957 1044/1001/694
f 1869/1090/777 1905/1092/779 1907/995/688
f 1871/993/686 1948/3956/2904 1941/3955/775
f 1948/3956/2904 1947/991/684 1940/3957/773
f 1939/3958/771 1940/3957/773 1947/991/684
f 1946/988/681 1945/986/679 1938/3959/770
f 1945/986/679 1944/984/677 1937/3960/768
f 1943/983/676 1936/4284/766 1937/3960/768
f 1935/3961/764 1936/4284/766 1943/983/676
f 1935/3961/764 1942/980/673 1870/977/670
f 1935/1076/764 1868/3962/672 1866/1075/763
f 1868/3962/672 1904/4144/671 1902/3963/668
f 1902/3963/668 1900/1071/759 1864/1073/761
f 1900/1071/759 1902/3963/668 2021/972/666
f 1898/3933/2898 1900/1071/759 2020/3964/2905
f 2037/3965/2906 2019/1066/756 2020/3966/2905
f 2074/1065/755 2037/3965/2906 2039/970/665
f 2073/1063/753 2074/1065/755 2081/968/663
f 2072/1057/747 2073/1063/753 2080/3967/2907
f 2086/964/660 2079/3968/2908 2080/3967/2907
f 2085/1055/745 2078/1058/748 2079/3968/2908
f 2085/1055/745 2086/964/660 2093/966/657
f 2085/1055/745 2092/3969/659 2091/1053/743
f 2092/963/659 2099/962/658 2098/958/654
f 2097/956/652 2090/3971/741 2091/3970/743
f 2096/954/650 2089/3972/739 2090/3971/741
f 2089/3972/739 2096/954/650 2044/953/649
f 2042/3973/737 2044/953/649 2064/952/648
f 2123/947/643 2122/946/642 2064/952/648
f 2122/946/642 2121/1043/734 2063/1045/736
f 2122/946/642 2144/944/640 2142/1041/731
f 2142/1041/731 2144/944/640 2201/943/639
f 2193/3975/730 2194/3974/732 2201/943/639
f 2193/3975/730 2200/940/636 2199/3976/2909
f 2192/3977/725 2199/3976/2909 2198/938/634
f 2197/936/632 2190/4285/724 2191/3978/726
f 2189/3979/722 2190/4285/724 2197/936/632
f 2188/3980/720 2189/3979/722 2196/932/628
f 2141/3981/718 2188/3980/720 2195/929/625
f 2162/1020/713 2141/3981/718 2143/931/627
f 1047/3982/2910 1045/1019/712 2163/1021/714
f 2163/1021/714 2143/931/627 2145/930/626
f 2202/933/629 2203/935/631 2210/921/619
f 2209/920/618 2147/927/623 2145/930/626
f 1149/924/162 2151/923/620 2152/919/617
f 2153/917/616 2152/919/617 2210/921/619
f 2204/934/630 2205/937/633 2212/915/615
f 2203/935/631 2204/934/630 2211/914/614
f 2154/913/613 1152/912/162 1151/918/162
f 2155/910/611 2154/913/613 2212/915/615
f 2206/939/635 2207/941/637 2214/909/610
f 2205/937/633 2206/939/635 2213/911/612
f 1154/3983/162 1153/3984/162 2155/910/611
f 2148/905/607 2146/945/641 2123/947/643
f 2157/908/609 2156/907/608 2214/909/610
f 2146/945/641 2148/905/607 2215/904/606
f 2207/941/637 2208/942/638 2215/904/606
f 1156/3985/162 1155/906/162 2157/908/609
f 2125/901/603 2150/903/605 2148/905/607
f 2125/901/603 2124/948/644 2066/950/646
f 1123/3988/2912 1165/3996/162 1679/3990/2913
f 1744/3992/2914 1677/4078/1357 1679/3990/2913
f 1163/3994/162 1685/4070/2945 1686/3993/2915
f 1686/3993/2915 1679/3990/2913 1165/3996/162
f 2051/3998/2916 2026/4019/1647 1127/3986/2911
f 2049/4000/2917 2051/3998/2916 2058/4001/2918
f 2057/4003/2920 2058/4001/2918 1182/4004/162
f 2058/4001/2918 2051/3998/2916 1183/3999/162
f 2050/896/600 2067/899/601 2066/950/646
f 2110/4006/2921 2048/895/599 2046/951/647
f 2048/895/599 2066/950/646 2065/949/645
f 2052/894/598 1176/893/162 1175/898/162
f 2052/894/598 2110/4006/2921 2111/4008/2922
f 2104/957/653 2105/959/655 2112/892/597
f 2103/955/651 2104/957/653 2111/4008/2922
f 2054/890/595 1178/889/162 1177/4007/162
f 1181/4005/162 1180/4010/162 2056/886/592
f 1180/4010/162 1179/4009/162 2055/888/594
f 2054/890/595 2112/892/597 2113/887/593
f 2105/959/655 2106/960/656 2113/887/593
f 2057/4003/2920 2115/885/591 2116/4002/2919
f 2056/886/592 2114/884/590 2115/885/591
f 2107/4011/2923 2114/884/590 2113/887/593
f 2099/962/658 2100/4014/2925 2107/4011/2923
f 2115/885/591 2108/882/588 2109/4012/2924
f 2107/4011/2923 2100/4014/2925 2101/883/589
f 2094/4013/661 2101/883/589 2100/4014/2925
f 2043/879/585 2041/4286/667 2021/976/666
f 2094/4013/661 2095/881/587 2102/880/586
f 2043/4015/585 2095/4017/587 2088/969/664
f 2087/967/662 2088/969/664 2095/4017/587
f 2116/4002/2919 2109/4012/2924 2047/877/583
f 2102/880/586 2045/4018/2926 2047/877/583
f 2045/4018/2926 2043/879/585 2022/975/669
f 1904/978/671 1906/4021/2928 2023/878/584
f 2051/3998/2916 2049/4000/2917 2025/876/582
f 2049/4000/2917 2047/877/583 2024/875/581
f 1908/4020/2927 2024/875/581 2023/878/584
f 1906/4021/2928 1870/977/670 1872/981/674
f 1874/874/580 1910/873/579 1908/4020/2927
f 2026/4019/1647 1912/4143/1661 1128/3987/1668
f 1910/873/579 1912/4143/1661 2026/4019/1647
f 1128/3987/1668 1912/4143/1661 1876/872/578
f 1874/874/580 1956/4022/2929 1878/867/575
f 1956/4022/2929 1949/4146/2956 1950/982/675
f 1872/981/674 1949/4146/2956 1956/4022/2929
f 1185/871/162 1878/867/575 1879/869/577
f 1880/863/573 1879/869/577 1957/868/576
f 1959/864/574 1958/4023/2930 1951/985/678
f 1957/868/576 1950/982/675 1951/985/678
f 1187/866/162 1880/863/573 1881/860/572
f 1882/4024/2931 1881/860/572 1959/864/574
f 1960/858/570 1953/989/682 1954/990/683
f 1959/864/574 1952/987/680 1953/989/682
f 1882/4024/2931 1883/855/569 1190/857/162
f 1909/996/689 1911/997/690 1875/852/566
f 1884/853/567 1883/855/569 1961/859/571
f 1962/854/568 1955/992/685 1873/994/687
f 1961/859/571 1954/990/683 1955/992/685
f 1192/851/162 1191/856/162 1884/853/567
f 1877/849/564 1875/852/566 1911/997/690
f 1911/997/690 1048/999/692 1050/846/561
f 1025/843/559 1050/846/561 1048/999/692
f 1021/1000/693 1098/1004/697 1105/842/558
f 1023/844/560 1048/999/692 1046/998/691
f 1027/841/557 1054/840/162 1052/4025/162
f 1105/842/558 1106/837/554 1028/839/556
f 1106/837/554 1099/1006/699 1100/1008/701
f 1105/842/558 1098/1004/697 1099/1006/699
f 1029/836/553 1056/4027/162 1055/4026/162
f 1029/836/553 1107/838/555 1108/4028/2932
f 1109/834/552 1108/4028/2932 1101/1010/703
f 1107/838/555 1100/1008/701 1101/1010/703
f 1031/832/550 1058/4031/162 1057/835/162
f 1032/829/548 1033/830/549 1060/4029/162
f 1031/832/550 1109/834/552 1110/4032/2933
f 1110/4032/2933 1109/834/552 1102/1011/704
f 1022/828/547 1020/1018/711 1045/1019/712
f 1110/4032/2933 1103/1012/705 1104/4033/2934
f 1022/828/547 1104/4033/2934 1097/1016/709
f 1104/4033/2934 1103/1012/705 1096/1014/707
f 1033/830/549 1026/826/545 1061/4030/162
f 1111/827/546 1024/825/544 1026/826/545
f 1049/4034/2935 1047/3982/2910 2164/926/622
f 1047/3982/2910 1049/4034/2935 1024/825/544
f 1026/826/545 1051/823/542 1062/4035/2936
f 1051/823/542 1049/4034/2935 2165/928/624
f 2149/925/621 2166/824/543 2165/928/624
f 2149/925/621 1148/922/162 1119/821/541
f 1114/4036/2937 1138/4045/162 1217/4038/1667
f 1217/4038/1667 1224/4042/2938 1301/4040/1669
f 1224/4042/2938 1137/4046/162 1136/4043/162
f 1224/4042/2938 1217/4038/1667 1138/4045/162
f 1136/4043/162 1135/4047/162 1222/813/535
f 1135/4047/162 1134/4048/162 1221/816/538
f 1221/816/538 1220/818/539 1297/4049/2940
f 1223/4044/2939 1300/811/533 1301/4040/1669
f 1223/4044/2939 1222/813/535 1299/815/537
f 1291/4050/2174 1292/812/534 1299/815/537
f 1293/809/531 1294/810/532 1301/4040/1669
f 1293/809/531 1292/812/534 1285/4051/2175
f 1209/4053/1385 1207/2581/2036 1242/2579/2034
f 1286/4052/1386 1279/4092/2950 1280/806/528
f 1273/4055/2941 1207/2581/2036 1209/4053/1385
f 1215/4041/1670 1301/4040/1669 1294/810/532
f 1294/810/532 1287/808/530 1211/807/529
f 1244/2634/1655 1799/1972/1521 1800/4057/2184
f 1211/807/529 1209/4142/1385 1244/2634/1655
f 1215/4041/1670 1250/803/525 1252/4039/2792
f 1215/4041/1670 1213/804/526 1248/802/524
f 1246/805/527 1800/4057/2184 1801/4058/2942
f 1773/1971/1520 1801/4058/2942 1800/4057/2184
f 1775/799/521 1802/801/523 1801/4058/2942
f 1252/4039/2792 1803/800/522 1115/4037/2937
f 1803/800/522 1252/4039/2792 1250/803/525
f 1115/4037/2937 1803/800/522 1777/798/520
f 1846/795/518 1779/796/519 1777/798/520
f 1846/795/518 1839/1970/1519 1840/1967/1516
f 1775/799/521 1773/1971/1520 1839/1970/1519
f 1141/793/162 1140/4059/162 1779/796/519
f 1847/4060/1378 1848/4062/2943 1781/791/515
f 1848/4062/2943 1841/1965/1514 1842/1964/1513
f 1847/4060/1378 1840/1967/1516 1841/1965/1514
f 1143/4063/162 1142/4061/162 1781/791/515
f 1782/790/514 1849/792/516 1850/4064/1374
f 1843/1961/1510 1844/2645/2086 1851/788/513
f 1850/4064/1374 1849/792/516 1842/1964/1513
f 1784/786/511 1145/4065/162 1144/789/162
f 1776/784/510 1774/2644/2085 1751/2654/2090
f 1851/788/513 1852/4066/2795 1785/783/509
f 1774/2644/2085 1776/784/510 1852/4066/2795
f 1851/788/513 1844/2645/2086 1845/2641/2082
f 1785/783/509 1778/782/508 1147/4067/162
f 1776/784/510 1752/2660/2093 1753/780/506
f 1752/2660/2093 1694/2659/2092 1695/778/504
f 1676/773/500 1678/775/502 1695/778/504
f 1731/1946/1496 1738/4068/2797 1676/773/500
f 1676/773/500 1694/2659/2092 1693/2661/1642
f 1678/775/502 1680/774/501 1158/771/162
f 1681/768/497 1680/774/501 1738/4068/2797
f 1740/769/498 1739/4069/2944 1732/2663/2095
f 1731/1946/1496 1732/2663/2095 1739/4069/2944
f 1159/772/162 1681/768/497 1682/770/499
f 1163/3994/162 1162/3997/162 1684/765/496
f 1162/3997/162 1161/767/162 1683/764/495
f 1682/770/499 1740/769/498 1741/4071/2946
f 1740/769/498 1733/2429/1938 1734/2428/1937
f 1685/4070/2945 1743/762/493 1744/3992/2914
f 1742/763/494 1743/762/493 1685/4070/2945
f 1741/4071/2946 1734/2428/1937 1735/761/492
f 1735/761/492 1734/2428/1937 1727/2424/1933
f 1744/3992/2914 1743/762/493 1736/4072/2947
f 1728/2426/1935 1729/760/491 1736/4072/2947
f 1728/2426/1935 1721/2425/1934 1722/4073/1931
f 1671/4074/488 1669/2431/1940 1649/2430/1939
f 1730/756/487 1729/760/491 1722/4073/1931
f 1671/4074/488 1723/4077/2948 1716/2421/1930
f 1722/2422/1931 1715/2420/1929 1716/2421/1930
f 1744/3992/2914 1737/759/490 1675/754/485
f 1737/759/490 1730/756/487 1673/758/489
f 1671/757/488 1650/2453/1958 1651/755/486
f 1592/2275/1348 1593/2274/1418 1651/755/486
f 1677/4078/1357 1653/752/483 1654/3991/1356
f 1677/4078/1357 1675/754/485 1652/753/484
f 1593/2274/1418 1594/751/482 1652/753/484
f 1575/2272/1351 1594/751/482 1593/2274/1418
f 1577/748/479 1595/750/481 1594/751/482
f 1654/3991/1356 1596/749/480 1124/3989/2912
f 1595/750/481 1596/749/480 1654/3991/1356
f 1579/747/478 1166/746/162 1124/3989/2912
f 1577/748/479 1639/744/476 1581/745/477
f 1640/4080/2164 1639/744/476 1632/2269/1792
f 1575/2272/1351 1632/2269/1792 1639/744/476
f 1581/745/477 1582/743/475 1168/742/162
f 1641/740/473 1583/741/474 1582/743/475
f 1642/4082/1406 1641/740/473 1634/2265/1788
f 1634/2265/1788 1641/740/473 1640/4080/2164
f 1584/739/472 1170/738/162 1169/4081/162
f 1642/4082/1406 1643/736/470 1585/737/471
f 1643/736/470 1636/2264/1787 1637/2464/1964
f 1643/736/470 1642/4082/1406 1635/2263/1786
f 1172/735/162 1171/4083/162 1585/737/471
f 1578/730/466 1576/2462/1962 1309/2470/1968
f 1586/733/469 1644/4084/2949 1645/732/468
f 1638/2460/1960 1576/2462/1962 1578/730/466
f 1644/4084/2949 1637/2464/1964 1638/2460/1960
f 1173/734/162 1587/731/467 1580/729/465
f 1578/730/466 1310/2473/692 1311/727/462
f 1310/2473/692 1249/4087/2168 1251/725/462
f 1219/820/540 1132/819/162 1131/822/134
f 1218/722/459 1131/822/134 1130/4086/162
f 1249/4087/2168 1214/721/458 1216/723/460
f 1247/2248/1672 1212/2247/1773 1214/721/458
f 1219/820/540 1296/720/457 1297/4049/2940
f 1219/820/540 1218/722/459 1295/718/455
f 1288/4088/2170 1295/718/455 1214/721/458
f 1288/4088/2170 1212/2247/1773 1210/2243/1769
f 1297/4049/2940 1290/716/453 1291/4050/2174
f 1296/720/457 1289/719/456 1290/716/453
f 1281/2245/1771 1282/717/454 1289/719/456
f 1281/2245/1771 1274/2244/1770 1275/4089/1767
f 1291/4050/2174 1284/714/451 1285/4051/2175
f 1283/715/452 1284/714/451 1291/4050/2174
f 1283/715/452 1282/717/454 1275/4089/1767
f 1268/2239/1765 1269/2240/1766 1276/4090/450
f 1286/4052/1386 1285/4051/2175 1278/4091/449
f 1285/4051/2175 1284/714/451 1277/4093/448
f 1276/4090/450 1269/2240/1766 1270/4094/2494
f 1262/2237/1763 1263/2238/1764 1270/4094/2494
f 1279/4095/2950 1272/709/446 1273/4055/2941
f 1271/710/447 1272/709/446 1279/4095/2950
f 1271/710/447 1270/4094/2494 1263/2238/1764
f 1263/2238/1764 1256/2236/1762 1257/2235/1761
f 1273/4055/2941 1266/707/444 1205/2580/2035
f 1272/709/446 1265/706/443 1266/707/444
f 1264/708/445 1257/2235/1761 1258/4096/2951
f 1257/2235/1761 1198/2480/1973 1199/2232/1758
f 1203/4097/2502 1238/2582/2037 1240/2577/1596
f 1266/707/444 1259/704/441 1203/4097/2502
f 1199/2232/1758 1200/705/442 1259/704/441
f 1200/705/442 1199/2232/1758 1233/2231/1757
f 1796/4098/2032 1238/2582/2037 1236/703/440
f 1238/2582/2037 1203/4097/2502 1201/701/439
f 3155/2187/1713 3156/2481/1974 1235/4100/2952
f 1201/701/439 1200/705/442 1234/2230/1756
f 423/702/438 422/698/437 1786/4099/2066
f 1787/2568/2024 1754/2614/2068 1786/2612/2066
f 3246/2566/2022 1787/2568/2024 422/4101/437
f 1235/4100/2952 3156/2481/1974 420/699/438
f 420/699/438 3156/2481/1974 3139/2189/1715
f 425/2552/440 424/2053/1592 421/700/437
